ISO-10303-21;
HEADER;
/* Generated by software containing ST-Developer
 * from STEP Tools, Inc. (www.steptools.com) 
 */
/* OPTION: using custom renumber hook */

FILE_DESCRIPTION(
/* description */ ('STEP AP242 Edition 2',
'CAx-IF Rec.Pracs.---Representation and Presentation of Product Manufa
cturing Information (PMI)---4.0---2014-10-13',
'CAx-IF Rec.Pracs.---3D Tessellated Geometry---0.4---2014-09-14','2;1',
'CAx-IF Rec.Pracs.---User Defined Attributes---1.5---2016-08-15'),
/* implementation_level */ '2;1');

FILE_NAME(
/* name */ 'KEEBY 60+20 - Part 8',
/* time_stamp */ '2026-06-06T03:52:48Z',
/* author */ (''),
/* organization */ (''),
/* preprocessor_version */ 'ST-DEVELOPER v20',
/* originating_system */ 'ONSHAPE BY PTC INC, 1.216',
/* authorisation */ '  ');

FILE_SCHEMA (('AP242_MANAGED_MODEL_BASED_3D_ENGINEERING_MIM_LF { 1 0 10303 442 3 1 4 }'));
ENDSEC;

DATA;
#10=SHAPE_REPRESENTATION_RELATIONSHIP('','',#1040,#11);
#11=ADVANCED_BREP_SHAPE_REPRESENTATION('',(#1038),#2481);
#12=CONICAL_SURFACE('',#1123,0.00168994949366116,1.22173047639603);
#13=CONICAL_SURFACE('',#1126,0.00168994949366116,1.22173047639603);
#14=CONICAL_SURFACE('',#1127,0.00168994949366116,1.22173047639603);
#15=CONICAL_SURFACE('',#1130,0.00168994949366119,1.22173047639603);
#16=CONICAL_SURFACE('',#1133,0.0036,1.0471975511966);
#17=B_SPLINE_SURFACE_WITH_KNOTS('',3,3,((#1603,#1604,#1605,#1606,#1607,
#1608,#1609),(#1610,#1611,#1612,#1613,#1614,#1615,#1616),(#1617,#1618,#1619,
#1620,#1621,#1622,#1623),(#1624,#1625,#1626,#1627,#1628,#1629,#1630),(#1631,
#1632,#1633,#1634,#1635,#1636,#1637),(#1638,#1639,#1640,#1641,#1642,#1643,
#1644),(#1645,#1646,#1647,#1648,#1649,#1650,#1651),(#1652,#1653,#1654,#1655,
#1656,#1657,#1658),(#1659,#1660,#1661,#1662,#1663,#1664,#1665),(#1666,#1667,
#1668,#1669,#1670,#1671,#1672),(#1673,#1674,#1675,#1676,#1677,#1678,#1679),
(#1680,#1681,#1682,#1683,#1684,#1685,#1686),(#1687,#1688,#1689,#1690,#1691,
#1692,#1693),(#1694,#1695,#1696,#1697,#1698,#1699,#1700),(#1701,#1702,#1703,
#1704,#1705,#1706,#1707),(#1708,#1709,#1710,#1711,#1712,#1713,#1714),(#1715,
#1716,#1717,#1718,#1719,#1720,#1721),(#1722,#1723,#1724,#1725,#1726,#1727,
#1728),(#1729,#1730,#1731,#1732,#1733,#1734,#1735),(#1736,#1737,#1738,#1739,
#1740,#1741,#1742),(#1743,#1744,#1745,#1746,#1747,#1748,#1749),(#1750,#1751,
#1752,#1753,#1754,#1755,#1756)),.UNSPECIFIED.,.F.,.F.,.F.,(4,2,2,2,2,2,
2,2,2,2,4),(4,1,1,1,4),(0.,0.0625,0.125,0.25,0.375,0.5,0.625,0.75,0.875,
0.9375,1.),(0.,0.392699081698724,0.785398163397448,1.17809724509617,1.5707963267949),
 .UNSPECIFIED.);
#18=B_SPLINE_SURFACE_WITH_KNOTS('',5,1,((#1771,#1772),(#1773,#1774),(#1775,
#1776),(#1777,#1778),(#1779,#1780),(#1781,#1782),(#1783,#1784),(#1785,#1786)),
 .SURF_OF_LINEAR_EXTRUSION.,.F.,.F.,.F.,(6,2,6),(2,2),(0.,0.5,1.),(0.,1.),
 .UNSPECIFIED.);
#19=B_SPLINE_SURFACE_WITH_KNOTS('',5,1,((#1794,#1795),(#1796,#1797),(#1798,
#1799),(#1800,#1801),(#1802,#1803),(#1804,#1805),(#1806,#1807),(#1808,#1809)),
 .SURF_OF_LINEAR_EXTRUSION.,.F.,.F.,.F.,(6,2,6),(2,2),(0.,0.5,1.),(0.,1.),
 .UNSPECIFIED.);
#20=B_SPLINE_SURFACE_WITH_KNOTS('',3,3,((#1817,#1818,#1819,#1820,#1821,
#1822,#1823),(#1824,#1825,#1826,#1827,#1828,#1829,#1830),(#1831,#1832,#1833,
#1834,#1835,#1836,#1837),(#1838,#1839,#1840,#1841,#1842,#1843,#1844),(#1845,
#1846,#1847,#1848,#1849,#1850,#1851),(#1852,#1853,#1854,#1855,#1856,#1857,
#1858),(#1859,#1860,#1861,#1862,#1863,#1864,#1865),(#1866,#1867,#1868,#1869,
#1870,#1871,#1872),(#1873,#1874,#1875,#1876,#1877,#1878,#1879),(#1880,#1881,
#1882,#1883,#1884,#1885,#1886),(#1887,#1888,#1889,#1890,#1891,#1892,#1893),
(#1894,#1895,#1896,#1897,#1898,#1899,#1900),(#1901,#1902,#1903,#1904,#1905,
#1906,#1907),(#1908,#1909,#1910,#1911,#1912,#1913,#1914),(#1915,#1916,#1917,
#1918,#1919,#1920,#1921),(#1922,#1923,#1924,#1925,#1926,#1927,#1928),(#1929,
#1930,#1931,#1932,#1933,#1934,#1935),(#1936,#1937,#1938,#1939,#1940,#1941,
#1942),(#1943,#1944,#1945,#1946,#1947,#1948,#1949),(#1950,#1951,#1952,#1953,
#1954,#1955,#1956),(#1957,#1958,#1959,#1960,#1961,#1962,#1963),(#1964,#1965,
#1966,#1967,#1968,#1969,#1970)),.UNSPECIFIED.,.F.,.F.,.F.,(4,2,2,2,2,2,
2,2,2,2,4),(4,1,1,1,4),(0.,0.0625,0.125,0.25,0.375,0.5,0.625,0.75,0.875,
0.9375,1.),(1.5707963267949,1.96349540849362,2.35619449019235,2.74889357189107,
3.1415926535898),.UNSPECIFIED.);
#21=B_SPLINE_SURFACE_WITH_KNOTS('',3,3,((#1978,#1979,#1980,#1981,#1982,
#1983,#1984),(#1985,#1986,#1987,#1988,#1989,#1990,#1991),(#1992,#1993,#1994,
#1995,#1996,#1997,#1998),(#1999,#2000,#2001,#2002,#2003,#2004,#2005),(#2006,
#2007,#2008,#2009,#2010,#2011,#2012),(#2013,#2014,#2015,#2016,#2017,#2018,
#2019),(#2020,#2021,#2022,#2023,#2024,#2025,#2026),(#2027,#2028,#2029,#2030,
#2031,#2032,#2033),(#2034,#2035,#2036,#2037,#2038,#2039,#2040),(#2041,#2042,
#2043,#2044,#2045,#2046,#2047),(#2048,#2049,#2050,#2051,#2052,#2053,#2054),
(#2055,#2056,#2057,#2058,#2059,#2060,#2061),(#2062,#2063,#2064,#2065,#2066,
#2067,#2068),(#2069,#2070,#2071,#2072,#2073,#2074,#2075),(#2076,#2077,#2078,
#2079,#2080,#2081,#2082),(#2083,#2084,#2085,#2086,#2087,#2088,#2089),(#2090,
#2091,#2092,#2093,#2094,#2095,#2096),(#2097,#2098,#2099,#2100,#2101,#2102,
#2103),(#2104,#2105,#2106,#2107,#2108,#2109,#2110),(#2111,#2112,#2113,#2114,
#2115,#2116,#2117),(#2118,#2119,#2120,#2121,#2122,#2123,#2124),(#2125,#2126,
#2127,#2128,#2129,#2130,#2131)),.UNSPECIFIED.,.F.,.F.,.F.,(4,2,2,2,2,2,
2,2,2,2,4),(4,1,1,1,4),(0.,0.0625,0.125,0.25,0.375,0.5,0.625,0.75,0.875,
0.9375,1.),(4.71238898038469,5.10508806208342,5.49778714378214,5.89048622548087,
6.28318530717959),.UNSPECIFIED.);
#22=B_SPLINE_SURFACE_WITH_KNOTS('',5,1,((#2139,#2140),(#2141,#2142),(#2143,
#2144),(#2145,#2146),(#2147,#2148),(#2149,#2150),(#2151,#2152),(#2153,#2154)),
 .SURF_OF_LINEAR_EXTRUSION.,.F.,.F.,.F.,(6,2,6),(2,2),(0.,0.5,1.),(0.,1.),
 .UNSPECIFIED.);
#23=B_SPLINE_SURFACE_WITH_KNOTS('',5,1,((#2162,#2163),(#2164,#2165),(#2166,
#2167),(#2168,#2169),(#2170,#2171),(#2172,#2173),(#2174,#2175),(#2176,#2177)),
 .SURF_OF_LINEAR_EXTRUSION.,.F.,.F.,.F.,(6,2,6),(2,2),(0.,0.5,1.),(0.,1.),
 .UNSPECIFIED.);
#24=B_SPLINE_SURFACE_WITH_KNOTS('',3,3,((#2185,#2186,#2187,#2188,#2189,
#2190,#2191),(#2192,#2193,#2194,#2195,#2196,#2197,#2198),(#2199,#2200,#2201,
#2202,#2203,#2204,#2205),(#2206,#2207,#2208,#2209,#2210,#2211,#2212),(#2213,
#2214,#2215,#2216,#2217,#2218,#2219),(#2220,#2221,#2222,#2223,#2224,#2225,
#2226),(#2227,#2228,#2229,#2230,#2231,#2232,#2233),(#2234,#2235,#2236,#2237,
#2238,#2239,#2240),(#2241,#2242,#2243,#2244,#2245,#2246,#2247),(#2248,#2249,
#2250,#2251,#2252,#2253,#2254),(#2255,#2256,#2257,#2258,#2259,#2260,#2261),
(#2262,#2263,#2264,#2265,#2266,#2267,#2268),(#2269,#2270,#2271,#2272,#2273,
#2274,#2275),(#2276,#2277,#2278,#2279,#2280,#2281,#2282),(#2283,#2284,#2285,
#2286,#2287,#2288,#2289),(#2290,#2291,#2292,#2293,#2294,#2295,#2296),(#2297,
#2298,#2299,#2300,#2301,#2302,#2303),(#2304,#2305,#2306,#2307,#2308,#2309,
#2310),(#2311,#2312,#2313,#2314,#2315,#2316,#2317),(#2318,#2319,#2320,#2321,
#2322,#2323,#2324),(#2325,#2326,#2327,#2328,#2329,#2330,#2331),(#2332,#2333,
#2334,#2335,#2336,#2337,#2338)),.UNSPECIFIED.,.F.,.F.,.F.,(4,2,2,2,2,2,
2,2,2,2,4),(4,1,1,1,4),(0.,0.0625,0.125,0.25,0.375,0.5,0.625,0.75,0.875,
0.9375,1.),(3.14159265358979,3.53429173528852,3.92699081698724,4.31968989868597,
4.71238898038469),.UNSPECIFIED.);
#25=CYLINDRICAL_SURFACE('',#1063,0.01182965);
#26=CYLINDRICAL_SURFACE('',#1065,0.01182965);
#27=CYLINDRICAL_SURFACE('',#1067,0.01182965);
#28=CYLINDRICAL_SURFACE('',#1073,0.01182965);
#29=CYLINDRICAL_SURFACE('',#1074,0.001535);
#30=CYLINDRICAL_SURFACE('',#1077,0.001535);
#31=CYLINDRICAL_SURFACE('',#1080,0.001535);
#32=CYLINDRICAL_SURFACE('',#1083,0.001535);
#33=CYLINDRICAL_SURFACE('',#1086,0.001535);
#34=CYLINDRICAL_SURFACE('',#1089,0.001535);
#35=CYLINDRICAL_SURFACE('',#1092,0.001535);
#36=CYLINDRICAL_SURFACE('',#1095,0.001535);
#37=CYLINDRICAL_SURFACE('',#1099,0.00168994949366116);
#38=CYLINDRICAL_SURFACE('',#1103,0.00168994949366116);
#39=CYLINDRICAL_SURFACE('',#1107,0.00168994949366119);
#40=CYLINDRICAL_SURFACE('',#1111,0.00168994949366116);
#41=CYLINDRICAL_SURFACE('',#1131,0.0036);
#42=B_SPLINE_CURVE_WITH_KNOTS('',3,(#1467,#1468,#1469,#1470),
 .UNSPECIFIED.,.F.,.F.,(4,4),(0.,1.),.UNSPECIFIED.);
#43=B_SPLINE_CURVE_WITH_KNOTS('',3,(#1473,#1474,#1475,#1476,#1477,#1478,
#1479),.UNSPECIFIED.,.F.,.F.,(4,1,1,1,4),(0.,0.25,0.5,0.75,1.),
 .UNSPECIFIED.);
#44=B_SPLINE_CURVE_WITH_KNOTS('',3,(#1481,#1482,#1483,#1484),
 .UNSPECIFIED.,.F.,.F.,(4,4),(0.,1.),.UNSPECIFIED.);
#45=B_SPLINE_CURVE_WITH_KNOTS('',3,(#1486,#1487,#1488,#1489,#1490,#1491,
#1492),.UNSPECIFIED.,.F.,.F.,(4,1,1,1,4),(0.,0.25,0.5,0.75,1.),
 .UNSPECIFIED.);
#46=B_SPLINE_CURVE_WITH_KNOTS('',3,(#1494,#1495,#1496,#1497),
 .UNSPECIFIED.,.F.,.F.,(4,4),(0.,1.),.UNSPECIFIED.);
#47=B_SPLINE_CURVE_WITH_KNOTS('',3,(#1499,#1500,#1501,#1502,#1503,#1504,
#1505),.UNSPECIFIED.,.F.,.F.,(4,1,1,1,4),(0.,0.25,0.5,0.75,1.),
 .UNSPECIFIED.);
#48=B_SPLINE_CURVE_WITH_KNOTS('',3,(#1507,#1508,#1509,#1510),
 .UNSPECIFIED.,.F.,.F.,(4,4),(0.,1.),.UNSPECIFIED.);
#49=B_SPLINE_CURVE_WITH_KNOTS('',3,(#1512,#1513,#1514,#1515,#1516,#1517,
#1518),.UNSPECIFIED.,.F.,.F.,(4,1,1,1,4),(0.,0.25,0.5,0.75,1.),
 .UNSPECIFIED.);
#50=B_SPLINE_CURVE_WITH_KNOTS('',3,(#1530,#1531,#1532,#1533),
 .UNSPECIFIED.,.F.,.F.,(4,4),(0.,1.),.UNSPECIFIED.);
#51=B_SPLINE_CURVE_WITH_KNOTS('',3,(#1539,#1540,#1541,#1542,#1543,#1544,
#1545),.UNSPECIFIED.,.F.,.F.,(4,1,1,1,4),(0.,0.25,0.5,0.75,1.),
 .UNSPECIFIED.);
#52=B_SPLINE_CURVE_WITH_KNOTS('',3,(#1549,#1550,#1551,#1552),
 .UNSPECIFIED.,.F.,.F.,(4,4),(0.,1.),.UNSPECIFIED.);
#53=B_SPLINE_CURVE_WITH_KNOTS('',3,(#1556,#1557,#1558,#1559,#1560,#1561,
#1562),.UNSPECIFIED.,.F.,.F.,(4,1,1,1,4),(0.,0.25,0.5,0.75,1.),
 .UNSPECIFIED.);
#54=B_SPLINE_CURVE_WITH_KNOTS('',3,(#1566,#1567,#1568,#1569),
 .UNSPECIFIED.,.F.,.F.,(4,4),(0.,1.),.UNSPECIFIED.);
#55=B_SPLINE_CURVE_WITH_KNOTS('',3,(#1573,#1574,#1575,#1576,#1577,#1578,
#1579),.UNSPECIFIED.,.F.,.F.,(4,1,1,1,4),(0.,0.25,0.5,0.75,1.),
 .UNSPECIFIED.);
#56=B_SPLINE_CURVE_WITH_KNOTS('',3,(#1583,#1584,#1585,#1586),
 .UNSPECIFIED.,.F.,.F.,(4,4),(0.,1.),.UNSPECIFIED.);
#57=B_SPLINE_CURVE_WITH_KNOTS('',3,(#1596,#1597,#1598,#1599,#1600,#1601,
#1602),.UNSPECIFIED.,.F.,.F.,(4,1,1,1,4),(0.,0.25,0.5,0.75,1.),
 .UNSPECIFIED.);
#58=B_SPLINE_CURVE_WITH_KNOTS('',3,(#1757,#1758,#1759,#1760,#1761,#1762,
#1763),.UNSPECIFIED.,.F.,.F.,(4,1,1,1,4),(0.,0.25,0.5,0.75,1.),
 .UNSPECIFIED.);
#59=B_SPLINE_CURVE_WITH_KNOTS('',3,(#1764,#1765,#1766,#1767,#1768,#1769,
#1770),.UNSPECIFIED.,.F.,.F.,(4,1,1,1,4),(0.,0.25,0.5,0.75,1.),
 .UNSPECIFIED.);
#60=B_SPLINE_CURVE_WITH_KNOTS('',3,(#1787,#1788,#1789,#1790,#1791,#1792,
#1793),.UNSPECIFIED.,.F.,.F.,(4,1,1,1,4),(0.,0.25,0.5,0.75,1.),
 .UNSPECIFIED.);
#61=B_SPLINE_CURVE_WITH_KNOTS('',3,(#1810,#1811,#1812,#1813,#1814,#1815,
#1816),.UNSPECIFIED.,.F.,.F.,(4,1,1,1,4),(0.,0.25,0.5,0.75,1.),
 .UNSPECIFIED.);
#62=B_SPLINE_CURVE_WITH_KNOTS('',3,(#1971,#1972,#1973,#1974,#1975,#1976,
#1977),.UNSPECIFIED.,.F.,.F.,(4,1,1,1,4),(0.,0.25,0.5,0.75,1.),
 .UNSPECIFIED.);
#63=B_SPLINE_CURVE_WITH_KNOTS('',3,(#2132,#2133,#2134,#2135,#2136,#2137,
#2138),.UNSPECIFIED.,.F.,.F.,(4,1,1,1,4),(0.,0.25,0.5,0.75,1.),
 .UNSPECIFIED.);
#64=B_SPLINE_CURVE_WITH_KNOTS('',3,(#2155,#2156,#2157,#2158,#2159,#2160,
#2161),.UNSPECIFIED.,.F.,.F.,(4,1,1,1,4),(0.,0.25,0.5,0.75,1.),
 .UNSPECIFIED.);
#65=B_SPLINE_CURVE_WITH_KNOTS('',3,(#2178,#2179,#2180,#2181,#2182,#2183,
#2184),.UNSPECIFIED.,.F.,.F.,(4,1,1,1,4),(0.,0.25,0.5,0.75,1.),
 .UNSPECIFIED.);
#66=LINE('',#1416,#142);
#67=LINE('',#1419,#143);
#68=LINE('',#1421,#144);
#69=LINE('',#1423,#145);
#70=LINE('',#1424,#146);
#71=LINE('',#1429,#147);
#72=LINE('',#1433,#148);
#73=LINE('',#1437,#149);
#74=LINE('',#1440,#150);
#75=LINE('',#1443,#151);
#76=LINE('',#1445,#152);
#77=LINE('',#1447,#153);
#78=LINE('',#1451,#154);
#79=LINE('',#1456,#155);
#80=LINE('',#1460,#156);
#81=LINE('',#1464,#157);
#82=LINE('',#1519,#158);
#83=LINE('',#1522,#159);
#84=LINE('',#1524,#160);
#85=LINE('',#1526,#161);
#86=LINE('',#1528,#162);
#87=LINE('',#1535,#163);
#88=LINE('',#1537,#164);
#89=LINE('',#1547,#165);
#90=LINE('',#1554,#166);
#91=LINE('',#1564,#167);
#92=LINE('',#1571,#168);
#93=LINE('',#1581,#169);
#94=LINE('',#1588,#170);
#95=LINE('',#1589,#171);
#96=LINE('',#1591,#172);
#97=LINE('',#1593,#173);
#98=LINE('',#2372,#174);
#99=LINE('',#2375,#175);
#100=LINE('',#2377,#176);
#101=LINE('',#2379,#177);
#102=LINE('',#2383,#178);
#103=LINE('',#2387,#179);
#104=LINE('',#2389,#180);
#105=LINE('',#2391,#181);
#106=LINE('',#2395,#182);
#107=LINE('',#2399,#183);
#108=LINE('',#2401,#184);
#109=LINE('',#2403,#185);
#110=LINE('',#2407,#186);
#111=LINE('',#2411,#187);
#112=LINE('',#2413,#188);
#113=LINE('',#2415,#189);
#114=LINE('',#2420,#190);
#115=LINE('',#2423,#191);
#116=LINE('',#2425,#192);
#117=LINE('',#2427,#193);
#118=LINE('',#2429,#194);
#119=LINE('',#2431,#195);
#120=LINE('',#2432,#196);
#121=LINE('',#2434,#197);
#122=LINE('',#2436,#198);
#123=LINE('',#2438,#199);
#124=LINE('',#2440,#200);
#125=LINE('',#2443,#201);
#126=LINE('',#2444,#202);
#127=LINE('',#2446,#203);
#128=LINE('',#2447,#204);
#129=LINE('',#2450,#205);
#130=LINE('',#2452,#206);
#131=LINE('',#2454,#207);
#132=LINE('',#2456,#208);
#133=LINE('',#2458,#209);
#134=LINE('',#2461,#210);
#135=LINE('',#2462,#211);
#136=LINE('',#2464,#212);
#137=LINE('',#2466,#213);
#138=LINE('',#2468,#214);
#139=LINE('',#2470,#215);
#140=LINE('',#2472,#216);
#141=LINE('',#2474,#217);
#142=VECTOR('',#1156,1.);
#143=VECTOR('',#1157,1.);
#144=VECTOR('',#1158,1.);
#145=VECTOR('',#1159,1.);
#146=VECTOR('',#1160,1.);
#147=VECTOR('',#1163,1.);
#148=VECTOR('',#1166,1.);
#149=VECTOR('',#1169,1.);
#150=VECTOR('',#1172,1.);
#151=VECTOR('',#1173,1.);
#152=VECTOR('',#1174,1.);
#153=VECTOR('',#1175,1.);
#154=VECTOR('',#1180,1.);
#155=VECTOR('',#1183,1.);
#156=VECTOR('',#1186,1.);
#157=VECTOR('',#1189,1.);
#158=VECTOR('',#1192,1.);
#159=VECTOR('',#1193,1.);
#160=VECTOR('',#1194,1.);
#161=VECTOR('',#1195,1.);
#162=VECTOR('',#1198,1.);
#163=VECTOR('',#1199,1.);
#164=VECTOR('',#1202,1.);
#165=VECTOR('',#1205,1.);
#166=VECTOR('',#1208,1.);
#167=VECTOR('',#1211,1.);
#168=VECTOR('',#1214,1.);
#169=VECTOR('',#1217,1.);
#170=VECTOR('',#1220,1.);
#171=VECTOR('',#1221,1.);
#172=VECTOR('',#1224,1.);
#173=VECTOR('',#1227,1.);
#174=VECTOR('',#1282,1.);
#175=VECTOR('',#1283,1.);
#176=VECTOR('',#1284,1.);
#177=VECTOR('',#1285,1.);
#178=VECTOR('',#1290,1.);
#179=VECTOR('',#1295,1.);
#180=VECTOR('',#1296,1.);
#181=VECTOR('',#1297,1.);
#182=VECTOR('',#1302,1.);
#183=VECTOR('',#1307,1.);
#184=VECTOR('',#1308,1.);
#185=VECTOR('',#1309,1.);
#186=VECTOR('',#1314,1.);
#187=VECTOR('',#1319,1.);
#188=VECTOR('',#1320,1.);
#189=VECTOR('',#1321,1.);
#190=VECTOR('',#1330,1.);
#191=VECTOR('',#1331,1.);
#192=VECTOR('',#1332,1.);
#193=VECTOR('',#1333,1.);
#194=VECTOR('',#1336,1.);
#195=VECTOR('',#1337,1.);
#196=VECTOR('',#1338,1.);
#197=VECTOR('',#1339,1.);
#198=VECTOR('',#1340,1.);
#199=VECTOR('',#1341,1.);
#200=VECTOR('',#1344,1.);
#201=VECTOR('',#1345,1.);
#202=VECTOR('',#1346,1.);
#203=VECTOR('',#1349,1.);
#204=VECTOR('',#1350,1.);
#205=VECTOR('',#1355,1.);
#206=VECTOR('',#1356,1.);
#207=VECTOR('',#1359,1.);
#208=VECTOR('',#1360,1.);
#209=VECTOR('',#1363,1.);
#210=VECTOR('',#1368,1.);
#211=VECTOR('',#1369,1.);
#212=VECTOR('',#1372,1.);
#213=VECTOR('',#1375,1.);
#214=VECTOR('',#1378,1.);
#215=VECTOR('',#1381,1.);
#216=VECTOR('',#1384,1.);
#217=VECTOR('',#1387,1.);
#218=ORIENTED_EDGE('',*,*,#488,.T.);
#219=ORIENTED_EDGE('',*,*,#489,.F.);
#220=ORIENTED_EDGE('',*,*,#490,.F.);
#221=ORIENTED_EDGE('',*,*,#491,.F.);
#222=ORIENTED_EDGE('',*,*,#492,.F.);
#223=ORIENTED_EDGE('',*,*,#493,.F.);
#224=ORIENTED_EDGE('',*,*,#494,.F.);
#225=ORIENTED_EDGE('',*,*,#495,.F.);
#226=ORIENTED_EDGE('',*,*,#496,.F.);
#227=ORIENTED_EDGE('',*,*,#497,.T.);
#228=ORIENTED_EDGE('',*,*,#498,.T.);
#229=ORIENTED_EDGE('',*,*,#499,.F.);
#230=ORIENTED_EDGE('',*,*,#500,.F.);
#231=ORIENTED_EDGE('',*,*,#501,.T.);
#232=ORIENTED_EDGE('',*,*,#502,.F.);
#233=ORIENTED_EDGE('',*,*,#503,.F.);
#234=ORIENTED_EDGE('',*,*,#504,.F.);
#235=ORIENTED_EDGE('',*,*,#505,.F.);
#236=ORIENTED_EDGE('',*,*,#506,.F.);
#237=ORIENTED_EDGE('',*,*,#507,.T.);
#238=ORIENTED_EDGE('',*,*,#508,.F.);
#239=ORIENTED_EDGE('',*,*,#509,.T.);
#240=ORIENTED_EDGE('',*,*,#510,.T.);
#241=ORIENTED_EDGE('',*,*,#511,.F.);
#242=ORIENTED_EDGE('',*,*,#512,.F.);
#243=ORIENTED_EDGE('',*,*,#513,.T.);
#244=ORIENTED_EDGE('',*,*,#514,.T.);
#245=ORIENTED_EDGE('',*,*,#515,.T.);
#246=ORIENTED_EDGE('',*,*,#516,.T.);
#247=ORIENTED_EDGE('',*,*,#517,.T.);
#248=ORIENTED_EDGE('',*,*,#518,.T.);
#249=ORIENTED_EDGE('',*,*,#519,.T.);
#250=ORIENTED_EDGE('',*,*,#520,.T.);
#251=ORIENTED_EDGE('',*,*,#521,.T.);
#252=ORIENTED_EDGE('',*,*,#522,.T.);
#253=ORIENTED_EDGE('',*,*,#523,.T.);
#254=ORIENTED_EDGE('',*,*,#524,.T.);
#255=ORIENTED_EDGE('',*,*,#525,.T.);
#256=ORIENTED_EDGE('',*,*,#526,.T.);
#257=ORIENTED_EDGE('',*,*,#527,.T.);
#258=ORIENTED_EDGE('',*,*,#528,.T.);
#259=ORIENTED_EDGE('',*,*,#529,.T.);
#260=ORIENTED_EDGE('',*,*,#530,.F.);
#261=ORIENTED_EDGE('',*,*,#531,.T.);
#262=ORIENTED_EDGE('',*,*,#532,.T.);
#263=ORIENTED_EDGE('',*,*,#533,.F.);
#264=ORIENTED_EDGE('',*,*,#534,.F.);
#265=ORIENTED_EDGE('',*,*,#535,.T.);
#266=ORIENTED_EDGE('',*,*,#536,.T.);
#267=ORIENTED_EDGE('',*,*,#501,.F.);
#268=ORIENTED_EDGE('',*,*,#537,.F.);
#269=ORIENTED_EDGE('',*,*,#538,.T.);
#270=ORIENTED_EDGE('',*,*,#534,.T.);
#271=ORIENTED_EDGE('',*,*,#508,.T.);
#272=ORIENTED_EDGE('',*,*,#539,.F.);
#273=ORIENTED_EDGE('',*,*,#540,.T.);
#274=ORIENTED_EDGE('',*,*,#537,.T.);
#275=ORIENTED_EDGE('',*,*,#507,.F.);
#276=ORIENTED_EDGE('',*,*,#541,.F.);
#277=ORIENTED_EDGE('',*,*,#542,.T.);
#278=ORIENTED_EDGE('',*,*,#539,.T.);
#279=ORIENTED_EDGE('',*,*,#506,.T.);
#280=ORIENTED_EDGE('',*,*,#543,.F.);
#281=ORIENTED_EDGE('',*,*,#544,.T.);
#282=ORIENTED_EDGE('',*,*,#541,.T.);
#283=ORIENTED_EDGE('',*,*,#505,.T.);
#284=ORIENTED_EDGE('',*,*,#545,.F.);
#285=ORIENTED_EDGE('',*,*,#546,.T.);
#286=ORIENTED_EDGE('',*,*,#543,.T.);
#287=ORIENTED_EDGE('',*,*,#504,.T.);
#288=ORIENTED_EDGE('',*,*,#547,.F.);
#289=ORIENTED_EDGE('',*,*,#548,.T.);
#290=ORIENTED_EDGE('',*,*,#545,.T.);
#291=ORIENTED_EDGE('',*,*,#503,.T.);
#292=ORIENTED_EDGE('',*,*,#497,.F.);
#293=ORIENTED_EDGE('',*,*,#549,.F.);
#294=ORIENTED_EDGE('',*,*,#530,.T.);
#295=ORIENTED_EDGE('',*,*,#550,.T.);
#296=ORIENTED_EDGE('',*,*,#500,.T.);
#297=ORIENTED_EDGE('',*,*,#551,.F.);
#298=ORIENTED_EDGE('',*,*,#531,.F.);
#299=ORIENTED_EDGE('',*,*,#549,.T.);
#300=ORIENTED_EDGE('',*,*,#499,.T.);
#301=ORIENTED_EDGE('',*,*,#552,.F.);
#302=ORIENTED_EDGE('',*,*,#532,.F.);
#303=ORIENTED_EDGE('',*,*,#551,.T.);
#304=ORIENTED_EDGE('',*,*,#498,.F.);
#305=ORIENTED_EDGE('',*,*,#550,.F.);
#306=ORIENTED_EDGE('',*,*,#533,.T.);
#307=ORIENTED_EDGE('',*,*,#552,.T.);
#308=ORIENTED_EDGE('',*,*,#536,.F.);
#309=ORIENTED_EDGE('',*,*,#553,.T.);
#310=ORIENTED_EDGE('',*,*,#547,.T.);
#311=ORIENTED_EDGE('',*,*,#502,.T.);
#312=ORIENTED_EDGE('',*,*,#554,.F.);
#313=ORIENTED_EDGE('',*,*,#538,.F.);
#314=ORIENTED_EDGE('',*,*,#555,.F.);
#315=ORIENTED_EDGE('',*,*,#527,.F.);
#316=ORIENTED_EDGE('',*,*,#555,.T.);
#317=ORIENTED_EDGE('',*,*,#540,.F.);
#318=ORIENTED_EDGE('',*,*,#556,.F.);
#319=ORIENTED_EDGE('',*,*,#528,.F.);
#320=ORIENTED_EDGE('',*,*,#554,.T.);
#321=ORIENTED_EDGE('',*,*,#526,.F.);
#322=ORIENTED_EDGE('',*,*,#557,.F.);
#323=ORIENTED_EDGE('',*,*,#535,.F.);
#324=ORIENTED_EDGE('',*,*,#556,.T.);
#325=ORIENTED_EDGE('',*,*,#542,.F.);
#326=ORIENTED_EDGE('',*,*,#558,.F.);
#327=ORIENTED_EDGE('',*,*,#529,.F.);
#328=ORIENTED_EDGE('',*,*,#557,.T.);
#329=ORIENTED_EDGE('',*,*,#525,.F.);
#330=ORIENTED_EDGE('',*,*,#559,.F.);
#331=ORIENTED_EDGE('',*,*,#553,.F.);
#332=ORIENTED_EDGE('',*,*,#558,.T.);
#333=ORIENTED_EDGE('',*,*,#544,.F.);
#334=ORIENTED_EDGE('',*,*,#560,.F.);
#335=ORIENTED_EDGE('',*,*,#522,.F.);
#336=ORIENTED_EDGE('',*,*,#559,.T.);
#337=ORIENTED_EDGE('',*,*,#524,.F.);
#338=ORIENTED_EDGE('',*,*,#561,.F.);
#339=ORIENTED_EDGE('',*,*,#548,.F.);
#340=ORIENTED_EDGE('',*,*,#560,.T.);
#341=ORIENTED_EDGE('',*,*,#546,.F.);
#342=ORIENTED_EDGE('',*,*,#561,.T.);
#343=ORIENTED_EDGE('',*,*,#523,.F.);
#344=ORIENTED_EDGE('',*,*,#562,.T.);
#345=ORIENTED_EDGE('',*,*,#496,.T.);
#346=ORIENTED_EDGE('',*,*,#562,.F.);
#347=ORIENTED_EDGE('',*,*,#563,.T.);
#348=ORIENTED_EDGE('',*,*,#495,.T.);
#349=ORIENTED_EDGE('',*,*,#563,.F.);
#350=ORIENTED_EDGE('',*,*,#564,.T.);
#351=ORIENTED_EDGE('',*,*,#494,.T.);
#352=ORIENTED_EDGE('',*,*,#564,.F.);
#353=ORIENTED_EDGE('',*,*,#565,.T.);
#354=ORIENTED_EDGE('',*,*,#493,.T.);
#355=ORIENTED_EDGE('',*,*,#565,.F.);
#356=ORIENTED_EDGE('',*,*,#566,.T.);
#357=ORIENTED_EDGE('',*,*,#492,.T.);
#358=ORIENTED_EDGE('',*,*,#566,.F.);
#359=ORIENTED_EDGE('',*,*,#567,.T.);
#360=ORIENTED_EDGE('',*,*,#491,.T.);
#361=ORIENTED_EDGE('',*,*,#567,.F.);
#362=ORIENTED_EDGE('',*,*,#568,.T.);
#363=ORIENTED_EDGE('',*,*,#490,.T.);
#364=ORIENTED_EDGE('',*,*,#568,.F.);
#365=ORIENTED_EDGE('',*,*,#569,.T.);
#366=ORIENTED_EDGE('',*,*,#489,.T.);
#367=ORIENTED_EDGE('',*,*,#569,.F.);
#368=ORIENTED_EDGE('',*,*,#570,.T.);
#369=ORIENTED_EDGE('',*,*,#571,.T.);
#370=ORIENTED_EDGE('',*,*,#572,.F.);
#371=ORIENTED_EDGE('',*,*,#573,.T.);
#372=ORIENTED_EDGE('',*,*,#572,.T.);
#373=ORIENTED_EDGE('',*,*,#574,.T.);
#374=ORIENTED_EDGE('',*,*,#575,.F.);
#375=ORIENTED_EDGE('',*,*,#576,.F.);
#376=ORIENTED_EDGE('',*,*,#575,.T.);
#377=ORIENTED_EDGE('',*,*,#577,.T.);
#378=ORIENTED_EDGE('',*,*,#578,.F.);
#379=ORIENTED_EDGE('',*,*,#579,.T.);
#380=ORIENTED_EDGE('',*,*,#578,.T.);
#381=ORIENTED_EDGE('',*,*,#580,.T.);
#382=ORIENTED_EDGE('',*,*,#581,.F.);
#383=ORIENTED_EDGE('',*,*,#582,.F.);
#384=ORIENTED_EDGE('',*,*,#581,.T.);
#385=ORIENTED_EDGE('',*,*,#583,.T.);
#386=ORIENTED_EDGE('',*,*,#584,.F.);
#387=ORIENTED_EDGE('',*,*,#585,.F.);
#388=ORIENTED_EDGE('',*,*,#584,.T.);
#389=ORIENTED_EDGE('',*,*,#586,.T.);
#390=ORIENTED_EDGE('',*,*,#587,.F.);
#391=ORIENTED_EDGE('',*,*,#588,.F.);
#392=ORIENTED_EDGE('',*,*,#587,.T.);
#393=ORIENTED_EDGE('',*,*,#589,.T.);
#394=ORIENTED_EDGE('',*,*,#590,.F.);
#395=ORIENTED_EDGE('',*,*,#591,.F.);
#396=ORIENTED_EDGE('',*,*,#590,.T.);
#397=ORIENTED_EDGE('',*,*,#592,.T.);
#398=ORIENTED_EDGE('',*,*,#570,.F.);
#399=ORIENTED_EDGE('',*,*,#593,.F.);
#400=ORIENTED_EDGE('',*,*,#594,.F.);
#401=ORIENTED_EDGE('',*,*,#595,.F.);
#402=ORIENTED_EDGE('',*,*,#596,.T.);
#403=ORIENTED_EDGE('',*,*,#597,.T.);
#404=ORIENTED_EDGE('',*,*,#510,.F.);
#405=ORIENTED_EDGE('',*,*,#598,.F.);
#406=ORIENTED_EDGE('',*,*,#599,.T.);
#407=ORIENTED_EDGE('',*,*,#597,.F.);
#408=ORIENTED_EDGE('',*,*,#600,.T.);
#409=ORIENTED_EDGE('',*,*,#601,.T.);
#410=ORIENTED_EDGE('',*,*,#602,.T.);
#411=ORIENTED_EDGE('',*,*,#603,.T.);
#412=ORIENTED_EDGE('',*,*,#604,.T.);
#413=ORIENTED_EDGE('',*,*,#605,.T.);
#414=ORIENTED_EDGE('',*,*,#601,.F.);
#415=ORIENTED_EDGE('',*,*,#606,.F.);
#416=ORIENTED_EDGE('',*,*,#595,.T.);
#417=ORIENTED_EDGE('',*,*,#607,.T.);
#418=ORIENTED_EDGE('',*,*,#604,.F.);
#419=ORIENTED_EDGE('',*,*,#608,.F.);
#420=ORIENTED_EDGE('',*,*,#576,.T.);
#421=ORIENTED_EDGE('',*,*,#579,.F.);
#422=ORIENTED_EDGE('',*,*,#582,.T.);
#423=ORIENTED_EDGE('',*,*,#585,.T.);
#424=ORIENTED_EDGE('',*,*,#588,.T.);
#425=ORIENTED_EDGE('',*,*,#591,.T.);
#426=ORIENTED_EDGE('',*,*,#593,.T.);
#427=ORIENTED_EDGE('',*,*,#573,.F.);
#428=ORIENTED_EDGE('',*,*,#596,.F.);
#429=ORIENTED_EDGE('',*,*,#608,.T.);
#430=ORIENTED_EDGE('',*,*,#606,.T.);
#431=ORIENTED_EDGE('',*,*,#600,.F.);
#432=ORIENTED_EDGE('',*,*,#511,.T.);
#433=ORIENTED_EDGE('',*,*,#603,.F.);
#434=ORIENTED_EDGE('',*,*,#609,.F.);
#435=ORIENTED_EDGE('',*,*,#610,.T.);
#436=ORIENTED_EDGE('',*,*,#512,.T.);
#437=ORIENTED_EDGE('',*,*,#610,.F.);
#438=ORIENTED_EDGE('',*,*,#611,.F.);
#439=ORIENTED_EDGE('',*,*,#612,.T.);
#440=ORIENTED_EDGE('',*,*,#509,.F.);
#441=ORIENTED_EDGE('',*,*,#612,.F.);
#442=ORIENTED_EDGE('',*,*,#613,.T.);
#443=ORIENTED_EDGE('',*,*,#598,.T.);
#444=ORIENTED_EDGE('',*,*,#594,.T.);
#445=ORIENTED_EDGE('',*,*,#599,.F.);
#446=ORIENTED_EDGE('',*,*,#613,.F.);
#447=ORIENTED_EDGE('',*,*,#611,.T.);
#448=ORIENTED_EDGE('',*,*,#609,.T.);
#449=ORIENTED_EDGE('',*,*,#602,.F.);
#450=ORIENTED_EDGE('',*,*,#605,.F.);
#451=ORIENTED_EDGE('',*,*,#607,.F.);
#452=ORIENTED_EDGE('',*,*,#614,.F.);
#453=ORIENTED_EDGE('',*,*,#519,.F.);
#454=ORIENTED_EDGE('',*,*,#615,.F.);
#455=ORIENTED_EDGE('',*,*,#574,.F.);
#456=ORIENTED_EDGE('',*,*,#615,.T.);
#457=ORIENTED_EDGE('',*,*,#518,.F.);
#458=ORIENTED_EDGE('',*,*,#616,.F.);
#459=ORIENTED_EDGE('',*,*,#577,.F.);
#460=ORIENTED_EDGE('',*,*,#614,.T.);
#461=ORIENTED_EDGE('',*,*,#571,.F.);
#462=ORIENTED_EDGE('',*,*,#617,.F.);
#463=ORIENTED_EDGE('',*,*,#520,.F.);
#464=ORIENTED_EDGE('',*,*,#616,.T.);
#465=ORIENTED_EDGE('',*,*,#517,.F.);
#466=ORIENTED_EDGE('',*,*,#618,.F.);
#467=ORIENTED_EDGE('',*,*,#580,.F.);
#468=ORIENTED_EDGE('',*,*,#617,.T.);
#469=ORIENTED_EDGE('',*,*,#592,.F.);
#470=ORIENTED_EDGE('',*,*,#619,.F.);
#471=ORIENTED_EDGE('',*,*,#521,.F.);
#472=ORIENTED_EDGE('',*,*,#618,.T.);
#473=ORIENTED_EDGE('',*,*,#516,.F.);
#474=ORIENTED_EDGE('',*,*,#620,.F.);
#475=ORIENTED_EDGE('',*,*,#583,.F.);
#476=ORIENTED_EDGE('',*,*,#619,.T.);
#477=ORIENTED_EDGE('',*,*,#589,.F.);
#478=ORIENTED_EDGE('',*,*,#621,.F.);
#479=ORIENTED_EDGE('',*,*,#514,.F.);
#480=ORIENTED_EDGE('',*,*,#620,.T.);
#481=ORIENTED_EDGE('',*,*,#515,.F.);
#482=ORIENTED_EDGE('',*,*,#621,.T.);
#483=ORIENTED_EDGE('',*,*,#586,.F.);
#484=ORIENTED_EDGE('',*,*,#622,.T.);
#485=ORIENTED_EDGE('',*,*,#488,.F.);
#486=ORIENTED_EDGE('',*,*,#513,.F.);
#487=ORIENTED_EDGE('',*,*,#622,.F.);
#488=EDGE_CURVE('',#623,#623,#714,.T.);
#489=EDGE_CURVE('',#624,#624,#715,.F.);
#490=EDGE_CURVE('',#625,#625,#716,.F.);
#491=EDGE_CURVE('',#626,#626,#717,.F.);
#492=EDGE_CURVE('',#627,#627,#718,.F.);
#493=EDGE_CURVE('',#628,#628,#719,.F.);
#494=EDGE_CURVE('',#629,#629,#720,.F.);
#495=EDGE_CURVE('',#630,#630,#721,.F.);
#496=EDGE_CURVE('',#631,#631,#722,.F.);
#497=EDGE_CURVE('',#632,#633,#66,.T.);
#498=EDGE_CURVE('',#633,#634,#67,.T.);
#499=EDGE_CURVE('',#635,#634,#68,.T.);
#500=EDGE_CURVE('',#632,#635,#69,.T.);
#501=EDGE_CURVE('',#636,#637,#70,.T.);
#502=EDGE_CURVE('',#638,#637,#723,.T.);
#503=EDGE_CURVE('',#639,#638,#71,.T.);
#504=EDGE_CURVE('',#640,#639,#724,.T.);
#505=EDGE_CURVE('',#641,#640,#72,.T.);
#506=EDGE_CURVE('',#642,#641,#725,.T.);
#507=EDGE_CURVE('',#642,#643,#73,.T.);
#508=EDGE_CURVE('',#636,#643,#726,.T.);
#509=EDGE_CURVE('',#644,#645,#74,.T.);
#510=EDGE_CURVE('',#645,#646,#75,.T.);
#511=EDGE_CURVE('',#647,#646,#76,.T.);
#512=EDGE_CURVE('',#644,#647,#77,.T.);
#513=EDGE_CURVE('',#648,#648,#727,.F.);
#514=EDGE_CURVE('',#649,#650,#78,.T.);
#515=EDGE_CURVE('',#650,#651,#728,.F.);
#516=EDGE_CURVE('',#651,#652,#79,.T.);
#517=EDGE_CURVE('',#652,#653,#729,.F.);
#518=EDGE_CURVE('',#653,#654,#80,.T.);
#519=EDGE_CURVE('',#654,#655,#730,.F.);
#520=EDGE_CURVE('',#655,#656,#81,.T.);
#521=EDGE_CURVE('',#656,#649,#731,.F.);
#522=EDGE_CURVE('',#657,#658,#42,.T.);
#523=EDGE_CURVE('',#658,#659,#43,.T.);
#524=EDGE_CURVE('',#659,#660,#44,.T.);
#525=EDGE_CURVE('',#660,#661,#45,.T.);
#526=EDGE_CURVE('',#661,#662,#46,.T.);
#527=EDGE_CURVE('',#662,#663,#47,.T.);
#528=EDGE_CURVE('',#663,#664,#48,.T.);
#529=EDGE_CURVE('',#664,#657,#49,.T.);
#530=EDGE_CURVE('',#665,#666,#82,.T.);
#531=EDGE_CURVE('',#665,#667,#83,.T.);
#532=EDGE_CURVE('',#667,#668,#84,.T.);
#533=EDGE_CURVE('',#666,#668,#85,.T.);
#534=EDGE_CURVE('',#669,#636,#86,.T.);
#535=EDGE_CURVE('',#669,#670,#50,.T.);
#536=EDGE_CURVE('',#670,#637,#87,.T.);
#537=EDGE_CURVE('',#671,#643,#88,.T.);
#538=EDGE_CURVE('',#671,#669,#51,.T.);
#539=EDGE_CURVE('',#672,#642,#89,.T.);
#540=EDGE_CURVE('',#672,#671,#52,.T.);
#541=EDGE_CURVE('',#673,#641,#90,.T.);
#542=EDGE_CURVE('',#673,#672,#53,.T.);
#543=EDGE_CURVE('',#674,#640,#91,.T.);
#544=EDGE_CURVE('',#674,#673,#54,.T.);
#545=EDGE_CURVE('',#675,#639,#92,.T.);
#546=EDGE_CURVE('',#675,#674,#55,.T.);
#547=EDGE_CURVE('',#676,#638,#93,.T.);
#548=EDGE_CURVE('',#676,#675,#56,.T.);
#549=EDGE_CURVE('',#665,#632,#94,.T.);
#550=EDGE_CURVE('',#666,#633,#95,.T.);
#551=EDGE_CURVE('',#667,#635,#96,.T.);
#552=EDGE_CURVE('',#668,#634,#97,.T.);
#553=EDGE_CURVE('',#670,#676,#57,.T.);
#554=EDGE_CURVE('',#669,#662,#58,.T.);
#555=EDGE_CURVE('',#663,#671,#59,.T.);
#556=EDGE_CURVE('',#664,#672,#60,.F.);
#557=EDGE_CURVE('',#670,#661,#61,.F.);
#558=EDGE_CURVE('',#657,#673,#62,.T.);
#559=EDGE_CURVE('',#676,#660,#63,.T.);
#560=EDGE_CURVE('',#658,#674,#64,.F.);
#561=EDGE_CURVE('',#675,#659,#65,.F.);
#562=EDGE_CURVE('',#677,#677,#732,.T.);
#563=EDGE_CURVE('',#678,#678,#733,.T.);
#564=EDGE_CURVE('',#679,#679,#734,.T.);
#565=EDGE_CURVE('',#680,#680,#735,.T.);
#566=EDGE_CURVE('',#681,#681,#736,.T.);
#567=EDGE_CURVE('',#682,#682,#737,.T.);
#568=EDGE_CURVE('',#683,#683,#738,.T.);
#569=EDGE_CURVE('',#684,#684,#739,.T.);
#570=EDGE_CURVE('',#685,#686,#98,.T.);
#571=EDGE_CURVE('',#686,#687,#99,.T.);
#572=EDGE_CURVE('',#688,#687,#100,.T.);
#573=EDGE_CURVE('',#688,#685,#101,.T.);
#574=EDGE_CURVE('',#687,#689,#740,.T.);
#575=EDGE_CURVE('',#690,#689,#102,.T.);
#576=EDGE_CURVE('',#688,#690,#741,.T.);
#577=EDGE_CURVE('',#689,#691,#103,.T.);
#578=EDGE_CURVE('',#692,#691,#104,.T.);
#579=EDGE_CURVE('',#692,#690,#105,.T.);
#580=EDGE_CURVE('',#691,#693,#742,.T.);
#581=EDGE_CURVE('',#694,#693,#106,.T.);
#582=EDGE_CURVE('',#692,#694,#743,.T.);
#583=EDGE_CURVE('',#693,#695,#107,.T.);
#584=EDGE_CURVE('',#696,#695,#108,.T.);
#585=EDGE_CURVE('',#694,#696,#109,.T.);
#586=EDGE_CURVE('',#695,#697,#744,.T.);
#587=EDGE_CURVE('',#698,#697,#110,.T.);
#588=EDGE_CURVE('',#696,#698,#745,.T.);
#589=EDGE_CURVE('',#697,#699,#111,.T.);
#590=EDGE_CURVE('',#700,#699,#112,.T.);
#591=EDGE_CURVE('',#698,#700,#113,.T.);
#592=EDGE_CURVE('',#699,#686,#746,.T.);
#593=EDGE_CURVE('',#700,#685,#747,.T.);
#594=EDGE_CURVE('',#701,#702,#114,.T.);
#595=EDGE_CURVE('',#703,#701,#115,.T.);
#596=EDGE_CURVE('',#703,#704,#116,.T.);
#597=EDGE_CURVE('',#704,#702,#117,.T.);
#598=EDGE_CURVE('',#705,#645,#118,.T.);
#599=EDGE_CURVE('',#705,#702,#119,.T.);
#600=EDGE_CURVE('',#704,#706,#120,.T.);
#601=EDGE_CURVE('',#706,#707,#121,.T.);
#602=EDGE_CURVE('',#707,#708,#122,.T.);
#603=EDGE_CURVE('',#708,#646,#123,.T.);
#604=EDGE_CURVE('',#709,#710,#124,.T.);
#605=EDGE_CURVE('',#710,#707,#125,.T.);
#606=EDGE_CURVE('',#709,#706,#126,.T.);
#607=EDGE_CURVE('',#701,#710,#127,.T.);
#608=EDGE_CURVE('',#703,#709,#128,.T.);
#609=EDGE_CURVE('',#711,#708,#129,.T.);
#610=EDGE_CURVE('',#711,#647,#130,.T.);
#611=EDGE_CURVE('',#712,#711,#131,.T.);
#612=EDGE_CURVE('',#712,#644,#132,.T.);
#613=EDGE_CURVE('',#712,#705,#133,.T.);
#614=EDGE_CURVE('',#655,#687,#134,.T.);
#615=EDGE_CURVE('',#689,#654,#135,.T.);
#616=EDGE_CURVE('',#691,#653,#136,.T.);
#617=EDGE_CURVE('',#656,#686,#137,.T.);
#618=EDGE_CURVE('',#693,#652,#138,.T.);
#619=EDGE_CURVE('',#649,#699,#139,.T.);
#620=EDGE_CURVE('',#695,#651,#140,.T.);
#621=EDGE_CURVE('',#650,#697,#141,.T.);
#622=EDGE_CURVE('',#713,#713,#748,.T.);
#623=VERTEX_POINT('',#1399);
#624=VERTEX_POINT('',#1401);
#625=VERTEX_POINT('',#1403);
#626=VERTEX_POINT('',#1405);
#627=VERTEX_POINT('',#1407);
#628=VERTEX_POINT('',#1409);
#629=VERTEX_POINT('',#1411);
#630=VERTEX_POINT('',#1413);
#631=VERTEX_POINT('',#1415);
#632=VERTEX_POINT('',#1417);
#633=VERTEX_POINT('',#1418);
#634=VERTEX_POINT('',#1420);
#635=VERTEX_POINT('',#1422);
#636=VERTEX_POINT('',#1425);
#637=VERTEX_POINT('',#1426);
#638=VERTEX_POINT('',#1428);
#639=VERTEX_POINT('',#1430);
#640=VERTEX_POINT('',#1432);
#641=VERTEX_POINT('',#1434);
#642=VERTEX_POINT('',#1436);
#643=VERTEX_POINT('',#1438);
#644=VERTEX_POINT('',#1441);
#645=VERTEX_POINT('',#1442);
#646=VERTEX_POINT('',#1444);
#647=VERTEX_POINT('',#1446);
#648=VERTEX_POINT('',#1450);
#649=VERTEX_POINT('',#1452);
#650=VERTEX_POINT('',#1453);
#651=VERTEX_POINT('',#1455);
#652=VERTEX_POINT('',#1457);
#653=VERTEX_POINT('',#1459);
#654=VERTEX_POINT('',#1461);
#655=VERTEX_POINT('',#1463);
#656=VERTEX_POINT('',#1465);
#657=VERTEX_POINT('',#1471);
#658=VERTEX_POINT('',#1472);
#659=VERTEX_POINT('',#1480);
#660=VERTEX_POINT('',#1485);
#661=VERTEX_POINT('',#1493);
#662=VERTEX_POINT('',#1498);
#663=VERTEX_POINT('',#1506);
#664=VERTEX_POINT('',#1511);
#665=VERTEX_POINT('',#1520);
#666=VERTEX_POINT('',#1521);
#667=VERTEX_POINT('',#1523);
#668=VERTEX_POINT('',#1525);
#669=VERTEX_POINT('',#1529);
#670=VERTEX_POINT('',#1534);
#671=VERTEX_POINT('',#1538);
#672=VERTEX_POINT('',#1548);
#673=VERTEX_POINT('',#1555);
#674=VERTEX_POINT('',#1565);
#675=VERTEX_POINT('',#1572);
#676=VERTEX_POINT('',#1582);
#677=VERTEX_POINT('',#2341);
#678=VERTEX_POINT('',#2345);
#679=VERTEX_POINT('',#2349);
#680=VERTEX_POINT('',#2353);
#681=VERTEX_POINT('',#2357);
#682=VERTEX_POINT('',#2361);
#683=VERTEX_POINT('',#2365);
#684=VERTEX_POINT('',#2369);
#685=VERTEX_POINT('',#2373);
#686=VERTEX_POINT('',#2374);
#687=VERTEX_POINT('',#2376);
#688=VERTEX_POINT('',#2378);
#689=VERTEX_POINT('',#2382);
#690=VERTEX_POINT('',#2384);
#691=VERTEX_POINT('',#2388);
#692=VERTEX_POINT('',#2390);
#693=VERTEX_POINT('',#2394);
#694=VERTEX_POINT('',#2396);
#695=VERTEX_POINT('',#2400);
#696=VERTEX_POINT('',#2402);
#697=VERTEX_POINT('',#2406);
#698=VERTEX_POINT('',#2408);
#699=VERTEX_POINT('',#2412);
#700=VERTEX_POINT('',#2414);
#701=VERTEX_POINT('',#2421);
#702=VERTEX_POINT('',#2422);
#703=VERTEX_POINT('',#2424);
#704=VERTEX_POINT('',#2426);
#705=VERTEX_POINT('',#2430);
#706=VERTEX_POINT('',#2433);
#707=VERTEX_POINT('',#2435);
#708=VERTEX_POINT('',#2437);
#709=VERTEX_POINT('',#2441);
#710=VERTEX_POINT('',#2442);
#711=VERTEX_POINT('',#2451);
#712=VERTEX_POINT('',#2455);
#713=VERTEX_POINT('',#2478);
#714=CIRCLE('',#1043,0.0036);
#715=CIRCLE('',#1044,0.001535);
#716=CIRCLE('',#1045,0.001535);
#717=CIRCLE('',#1046,0.001535);
#718=CIRCLE('',#1047,0.001535);
#719=CIRCLE('',#1048,0.001535);
#720=CIRCLE('',#1049,0.001535);
#721=CIRCLE('',#1050,0.001535);
#722=CIRCLE('',#1051,0.001535);
#723=CIRCLE('',#1052,0.01182965);
#724=CIRCLE('',#1053,0.01182965);
#725=CIRCLE('',#1054,0.01182965);
#726=CIRCLE('',#1055,0.01182965);
#727=CIRCLE('',#1057,0.0066);
#728=CIRCLE('',#1058,0.00468994949366119);
#729=CIRCLE('',#1059,0.00468994949366117);
#730=CIRCLE('',#1060,0.00468994949366117);
#731=CIRCLE('',#1061,0.00468994949366117);
#732=CIRCLE('',#1075,0.001535);
#733=CIRCLE('',#1078,0.001535);
#734=CIRCLE('',#1081,0.001535);
#735=CIRCLE('',#1084,0.001535);
#736=CIRCLE('',#1087,0.001535);
#737=CIRCLE('',#1090,0.001535);
#738=CIRCLE('',#1093,0.001535);
#739=CIRCLE('',#1096,0.001535);
#740=CIRCLE('',#1100,0.00168994949366116);
#741=CIRCLE('',#1101,0.00168994949366116);
#742=CIRCLE('',#1104,0.00168994949366116);
#743=CIRCLE('',#1105,0.00168994949366116);
#744=CIRCLE('',#1108,0.00168994949366119);
#745=CIRCLE('',#1109,0.00168994949366119);
#746=CIRCLE('',#1112,0.00168994949366116);
#747=CIRCLE('',#1113,0.00168994949366116);
#748=CIRCLE('',#1132,0.0036);
#749=EDGE_LOOP('',(#218));
#750=EDGE_LOOP('',(#219));
#751=EDGE_LOOP('',(#220));
#752=EDGE_LOOP('',(#221));
#753=EDGE_LOOP('',(#222));
#754=EDGE_LOOP('',(#223));
#755=EDGE_LOOP('',(#224));
#756=EDGE_LOOP('',(#225));
#757=EDGE_LOOP('',(#226));
#758=EDGE_LOOP('',(#227,#228,#229,#230));
#759=EDGE_LOOP('',(#231,#232,#233,#234,#235,#236,#237,#238));
#760=EDGE_LOOP('',(#239,#240,#241,#242));
#761=EDGE_LOOP('',(#243));
#762=EDGE_LOOP('',(#244,#245,#246,#247,#248,#249,#250,#251));
#763=EDGE_LOOP('',(#252,#253,#254,#255,#256,#257,#258,#259));
#764=EDGE_LOOP('',(#260,#261,#262,#263));
#765=EDGE_LOOP('',(#264,#265,#266,#267));
#766=EDGE_LOOP('',(#268,#269,#270,#271));
#767=EDGE_LOOP('',(#272,#273,#274,#275));
#768=EDGE_LOOP('',(#276,#277,#278,#279));
#769=EDGE_LOOP('',(#280,#281,#282,#283));
#770=EDGE_LOOP('',(#284,#285,#286,#287));
#771=EDGE_LOOP('',(#288,#289,#290,#291));
#772=EDGE_LOOP('',(#292,#293,#294,#295));
#773=EDGE_LOOP('',(#296,#297,#298,#299));
#774=EDGE_LOOP('',(#300,#301,#302,#303));
#775=EDGE_LOOP('',(#304,#305,#306,#307));
#776=EDGE_LOOP('',(#308,#309,#310,#311));
#777=EDGE_LOOP('',(#312,#313,#314,#315));
#778=EDGE_LOOP('',(#316,#317,#318,#319));
#779=EDGE_LOOP('',(#320,#321,#322,#323));
#780=EDGE_LOOP('',(#324,#325,#326,#327));
#781=EDGE_LOOP('',(#328,#329,#330,#331));
#782=EDGE_LOOP('',(#332,#333,#334,#335));
#783=EDGE_LOOP('',(#336,#337,#338,#339));
#784=EDGE_LOOP('',(#340,#341,#342,#343));
#785=EDGE_LOOP('',(#344));
#786=EDGE_LOOP('',(#345));
#787=EDGE_LOOP('',(#346));
#788=EDGE_LOOP('',(#347));
#789=EDGE_LOOP('',(#348));
#790=EDGE_LOOP('',(#349));
#791=EDGE_LOOP('',(#350));
#792=EDGE_LOOP('',(#351));
#793=EDGE_LOOP('',(#352));
#794=EDGE_LOOP('',(#353));
#795=EDGE_LOOP('',(#354));
#796=EDGE_LOOP('',(#355));
#797=EDGE_LOOP('',(#356));
#798=EDGE_LOOP('',(#357));
#799=EDGE_LOOP('',(#358));
#800=EDGE_LOOP('',(#359));
#801=EDGE_LOOP('',(#360));
#802=EDGE_LOOP('',(#361));
#803=EDGE_LOOP('',(#362));
#804=EDGE_LOOP('',(#363));
#805=EDGE_LOOP('',(#364));
#806=EDGE_LOOP('',(#365));
#807=EDGE_LOOP('',(#366));
#808=EDGE_LOOP('',(#367));
#809=EDGE_LOOP('',(#368,#369,#370,#371));
#810=EDGE_LOOP('',(#372,#373,#374,#375));
#811=EDGE_LOOP('',(#376,#377,#378,#379));
#812=EDGE_LOOP('',(#380,#381,#382,#383));
#813=EDGE_LOOP('',(#384,#385,#386,#387));
#814=EDGE_LOOP('',(#388,#389,#390,#391));
#815=EDGE_LOOP('',(#392,#393,#394,#395));
#816=EDGE_LOOP('',(#396,#397,#398,#399));
#817=EDGE_LOOP('',(#400,#401,#402,#403));
#818=EDGE_LOOP('',(#404,#405,#406,#407,#408,#409,#410,#411));
#819=EDGE_LOOP('',(#412,#413,#414,#415));
#820=EDGE_LOOP('',(#416,#417,#418,#419));
#821=EDGE_LOOP('',(#420,#421,#422,#423,#424,#425,#426,#427));
#822=EDGE_LOOP('',(#428,#429,#430,#431));
#823=EDGE_LOOP('',(#432,#433,#434,#435));
#824=EDGE_LOOP('',(#436,#437,#438,#439));
#825=EDGE_LOOP('',(#440,#441,#442,#443));
#826=EDGE_LOOP('',(#444,#445,#446,#447,#448,#449,#450,#451));
#827=EDGE_LOOP('',(#452,#453,#454,#455));
#828=EDGE_LOOP('',(#456,#457,#458,#459));
#829=EDGE_LOOP('',(#460,#461,#462,#463));
#830=EDGE_LOOP('',(#464,#465,#466,#467));
#831=EDGE_LOOP('',(#468,#469,#470,#471));
#832=EDGE_LOOP('',(#472,#473,#474,#475));
#833=EDGE_LOOP('',(#476,#477,#478,#479));
#834=EDGE_LOOP('',(#480,#481,#482,#483));
#835=EDGE_LOOP('',(#484));
#836=EDGE_LOOP('',(#485));
#837=EDGE_LOOP('',(#486));
#838=EDGE_LOOP('',(#487));
#839=FACE_BOUND('',#749,.T.);
#840=FACE_BOUND('',#750,.T.);
#841=FACE_BOUND('',#751,.T.);
#842=FACE_BOUND('',#752,.T.);
#843=FACE_BOUND('',#753,.T.);
#844=FACE_BOUND('',#754,.T.);
#845=FACE_BOUND('',#755,.T.);
#846=FACE_BOUND('',#756,.T.);
#847=FACE_BOUND('',#757,.T.);
#848=FACE_BOUND('',#758,.T.);
#849=FACE_BOUND('',#759,.T.);
#850=FACE_BOUND('',#760,.T.);
#851=FACE_BOUND('',#761,.T.);
#852=FACE_BOUND('',#762,.T.);
#853=FACE_BOUND('',#763,.T.);
#854=FACE_BOUND('',#764,.T.);
#855=FACE_BOUND('',#765,.T.);
#856=FACE_BOUND('',#766,.T.);
#857=FACE_BOUND('',#767,.T.);
#858=FACE_BOUND('',#768,.T.);
#859=FACE_BOUND('',#769,.T.);
#860=FACE_BOUND('',#770,.T.);
#861=FACE_BOUND('',#771,.T.);
#862=FACE_BOUND('',#772,.T.);
#863=FACE_BOUND('',#773,.T.);
#864=FACE_BOUND('',#774,.T.);
#865=FACE_BOUND('',#775,.T.);
#866=FACE_BOUND('',#776,.T.);
#867=FACE_BOUND('',#777,.T.);
#868=FACE_BOUND('',#778,.T.);
#869=FACE_BOUND('',#779,.T.);
#870=FACE_BOUND('',#780,.T.);
#871=FACE_BOUND('',#781,.T.);
#872=FACE_BOUND('',#782,.T.);
#873=FACE_BOUND('',#783,.T.);
#874=FACE_BOUND('',#784,.T.);
#875=FACE_BOUND('',#785,.T.);
#876=FACE_BOUND('',#786,.T.);
#877=FACE_BOUND('',#787,.T.);
#878=FACE_BOUND('',#788,.T.);
#879=FACE_BOUND('',#789,.T.);
#880=FACE_BOUND('',#790,.T.);
#881=FACE_BOUND('',#791,.T.);
#882=FACE_BOUND('',#792,.T.);
#883=FACE_BOUND('',#793,.T.);
#884=FACE_BOUND('',#794,.T.);
#885=FACE_BOUND('',#795,.T.);
#886=FACE_BOUND('',#796,.T.);
#887=FACE_BOUND('',#797,.T.);
#888=FACE_BOUND('',#798,.T.);
#889=FACE_BOUND('',#799,.T.);
#890=FACE_BOUND('',#800,.T.);
#891=FACE_BOUND('',#801,.T.);
#892=FACE_BOUND('',#802,.T.);
#893=FACE_BOUND('',#803,.T.);
#894=FACE_BOUND('',#804,.T.);
#895=FACE_BOUND('',#805,.T.);
#896=FACE_BOUND('',#806,.T.);
#897=FACE_BOUND('',#807,.T.);
#898=FACE_BOUND('',#808,.T.);
#899=FACE_BOUND('',#809,.T.);
#900=FACE_BOUND('',#810,.T.);
#901=FACE_BOUND('',#811,.T.);
#902=FACE_BOUND('',#812,.T.);
#903=FACE_BOUND('',#813,.T.);
#904=FACE_BOUND('',#814,.T.);
#905=FACE_BOUND('',#815,.T.);
#906=FACE_BOUND('',#816,.T.);
#907=FACE_BOUND('',#817,.T.);
#908=FACE_BOUND('',#818,.T.);
#909=FACE_BOUND('',#819,.T.);
#910=FACE_BOUND('',#820,.T.);
#911=FACE_BOUND('',#821,.T.);
#912=FACE_BOUND('',#822,.T.);
#913=FACE_BOUND('',#823,.T.);
#914=FACE_BOUND('',#824,.T.);
#915=FACE_BOUND('',#825,.T.);
#916=FACE_BOUND('',#826,.T.);
#917=FACE_BOUND('',#827,.T.);
#918=FACE_BOUND('',#828,.T.);
#919=FACE_BOUND('',#829,.T.);
#920=FACE_BOUND('',#830,.T.);
#921=FACE_BOUND('',#831,.T.);
#922=FACE_BOUND('',#832,.T.);
#923=FACE_BOUND('',#833,.T.);
#924=FACE_BOUND('',#834,.T.);
#925=FACE_BOUND('',#835,.T.);
#926=FACE_BOUND('',#836,.T.);
#927=FACE_BOUND('',#837,.T.);
#928=FACE_BOUND('',#838,.T.);
#929=PLANE('',#1042);
#930=PLANE('',#1056);
#931=PLANE('',#1062);
#932=PLANE('',#1064);
#933=PLANE('',#1066);
#934=PLANE('',#1068);
#935=PLANE('',#1069);
#936=PLANE('',#1070);
#937=PLANE('',#1071);
#938=PLANE('',#1072);
#939=PLANE('',#1076);
#940=PLANE('',#1079);
#941=PLANE('',#1082);
#942=PLANE('',#1085);
#943=PLANE('',#1088);
#944=PLANE('',#1091);
#945=PLANE('',#1094);
#946=PLANE('',#1097);
#947=PLANE('',#1098);
#948=PLANE('',#1102);
#949=PLANE('',#1106);
#950=PLANE('',#1110);
#951=PLANE('',#1114);
#952=PLANE('',#1115);
#953=PLANE('',#1116);
#954=PLANE('',#1117);
#955=PLANE('',#1118);
#956=PLANE('',#1119);
#957=PLANE('',#1120);
#958=PLANE('',#1121);
#959=PLANE('',#1122);
#960=PLANE('',#1124);
#961=PLANE('',#1125);
#962=PLANE('',#1128);
#963=PLANE('',#1129);
#964=ADVANCED_FACE('',(#839,#840,#841,#842,#843,#844,#845,#846,#847,#848,
#849,#850),#929,.F.);
#965=ADVANCED_FACE('',(#851,#852,#853,#854),#930,.T.);
#966=ADVANCED_FACE('',(#855),#931,.T.);
#967=ADVANCED_FACE('',(#856),#25,.T.);
#968=ADVANCED_FACE('',(#857),#932,.T.);
#969=ADVANCED_FACE('',(#858),#26,.T.);
#970=ADVANCED_FACE('',(#859),#933,.F.);
#971=ADVANCED_FACE('',(#860),#27,.T.);
#972=ADVANCED_FACE('',(#861),#934,.F.);
#973=ADVANCED_FACE('',(#862),#935,.T.);
#974=ADVANCED_FACE('',(#863),#936,.F.);
#975=ADVANCED_FACE('',(#864),#937,.F.);
#976=ADVANCED_FACE('',(#865),#938,.T.);
#977=ADVANCED_FACE('',(#866),#28,.T.);
#978=ADVANCED_FACE('',(#867),#17,.T.);
#979=ADVANCED_FACE('',(#868),#18,.T.);
#980=ADVANCED_FACE('',(#869),#19,.T.);
#981=ADVANCED_FACE('',(#870),#20,.T.);
#982=ADVANCED_FACE('',(#871),#21,.T.);
#983=ADVANCED_FACE('',(#872),#22,.T.);
#984=ADVANCED_FACE('',(#873),#23,.T.);
#985=ADVANCED_FACE('',(#874),#24,.T.);
#986=ADVANCED_FACE('',(#875,#876),#29,.F.);
#987=ADVANCED_FACE('',(#877),#939,.F.);
#988=ADVANCED_FACE('',(#878,#879),#30,.F.);
#989=ADVANCED_FACE('',(#880),#940,.F.);
#990=ADVANCED_FACE('',(#881,#882),#31,.F.);
#991=ADVANCED_FACE('',(#883),#941,.F.);
#992=ADVANCED_FACE('',(#884,#885),#32,.F.);
#993=ADVANCED_FACE('',(#886),#942,.F.);
#994=ADVANCED_FACE('',(#887,#888),#33,.F.);
#995=ADVANCED_FACE('',(#889),#943,.F.);
#996=ADVANCED_FACE('',(#890,#891),#34,.F.);
#997=ADVANCED_FACE('',(#892),#944,.F.);
#998=ADVANCED_FACE('',(#893,#894),#35,.F.);
#999=ADVANCED_FACE('',(#895),#945,.F.);
#1000=ADVANCED_FACE('',(#896,#897),#36,.F.);
#1001=ADVANCED_FACE('',(#898),#946,.F.);
#1002=ADVANCED_FACE('',(#899),#947,.T.);
#1003=ADVANCED_FACE('',(#900),#37,.F.);
#1004=ADVANCED_FACE('',(#901),#948,.T.);
#1005=ADVANCED_FACE('',(#902),#38,.F.);
#1006=ADVANCED_FACE('',(#903),#949,.F.);
#1007=ADVANCED_FACE('',(#904),#39,.F.);
#1008=ADVANCED_FACE('',(#905),#950,.F.);
#1009=ADVANCED_FACE('',(#906),#40,.F.);
#1010=ADVANCED_FACE('',(#907),#951,.T.);
#1011=ADVANCED_FACE('',(#908),#952,.T.);
#1012=ADVANCED_FACE('',(#909),#953,.F.);
#1013=ADVANCED_FACE('',(#910),#954,.F.);
#1014=ADVANCED_FACE('',(#911,#912),#955,.F.);
#1015=ADVANCED_FACE('',(#913),#956,.F.);
#1016=ADVANCED_FACE('',(#914),#957,.F.);
#1017=ADVANCED_FACE('',(#915),#958,.T.);
#1018=ADVANCED_FACE('',(#916),#959,.F.);
#1019=ADVANCED_FACE('',(#917),#12,.F.);
#1020=ADVANCED_FACE('',(#918),#960,.F.);
#1021=ADVANCED_FACE('',(#919),#961,.F.);
#1022=ADVANCED_FACE('',(#920),#13,.F.);
#1023=ADVANCED_FACE('',(#921),#14,.F.);
#1024=ADVANCED_FACE('',(#922),#962,.T.);
#1025=ADVANCED_FACE('',(#923),#963,.T.);
#1026=ADVANCED_FACE('',(#924),#15,.F.);
#1027=ADVANCED_FACE('',(#925,#926),#41,.F.);
#1028=ADVANCED_FACE('',(#927,#928),#16,.F.);
#1029=CLOSED_SHELL('',(#964,#965,#966,#967,#968,#969,#970,#971,#972,#973,
#974,#975,#976,#977,#978,#979,#980,#981,#982,#983,#984,#985,#986,#987,#988,
#989,#990,#991,#992,#993,#994,#995,#996,#997,#998,#999,#1000,#1001,#1002,
#1003,#1004,#1005,#1006,#1007,#1008,#1009,#1010,#1011,#1012,#1013,#1014,
#1015,#1016,#1017,#1018,#1019,#1020,#1021,#1022,#1023,#1024,#1025,#1026,
#1027,#1028));
#1030=STYLED_ITEM('',(#1031),#1038);
#1031=PRESENTATION_STYLE_ASSIGNMENT((#1032));
#1032=SURFACE_STYLE_USAGE(.BOTH.,#1033);
#1033=SURFACE_SIDE_STYLE('',(#1034));
#1034=SURFACE_STYLE_FILL_AREA(#1035);
#1035=FILL_AREA_STYLE('',(#1036));
#1036=FILL_AREA_STYLE_COLOUR('',#1037);
#1037=COLOUR_RGB('',0.529411764705882,0.568627450980392,0.6);
#1038=MANIFOLD_SOLID_BREP('Part 8',#1029);
#1039=SHAPE_DEFINITION_REPRESENTATION(#2486,#1040);
#1040=SHAPE_REPRESENTATION('Part 8',(#1041),#2481);
#1041=AXIS2_PLACEMENT_3D('',#1396,#1134,#1135);
#1042=AXIS2_PLACEMENT_3D('',#1397,#1136,#1137);
#1043=AXIS2_PLACEMENT_3D('',#1398,#1138,#1139);
#1044=AXIS2_PLACEMENT_3D('',#1400,#1140,#1141);
#1045=AXIS2_PLACEMENT_3D('',#1402,#1142,#1143);
#1046=AXIS2_PLACEMENT_3D('',#1404,#1144,#1145);
#1047=AXIS2_PLACEMENT_3D('',#1406,#1146,#1147);
#1048=AXIS2_PLACEMENT_3D('',#1408,#1148,#1149);
#1049=AXIS2_PLACEMENT_3D('',#1410,#1150,#1151);
#1050=AXIS2_PLACEMENT_3D('',#1412,#1152,#1153);
#1051=AXIS2_PLACEMENT_3D('',#1414,#1154,#1155);
#1052=AXIS2_PLACEMENT_3D('',#1427,#1161,#1162);
#1053=AXIS2_PLACEMENT_3D('',#1431,#1164,#1165);
#1054=AXIS2_PLACEMENT_3D('',#1435,#1167,#1168);
#1055=AXIS2_PLACEMENT_3D('',#1439,#1170,#1171);
#1056=AXIS2_PLACEMENT_3D('',#1448,#1176,#1177);
#1057=AXIS2_PLACEMENT_3D('',#1449,#1178,#1179);
#1058=AXIS2_PLACEMENT_3D('',#1454,#1181,#1182);
#1059=AXIS2_PLACEMENT_3D('',#1458,#1184,#1185);
#1060=AXIS2_PLACEMENT_3D('',#1462,#1187,#1188);
#1061=AXIS2_PLACEMENT_3D('',#1466,#1190,#1191);
#1062=AXIS2_PLACEMENT_3D('',#1527,#1196,#1197);
#1063=AXIS2_PLACEMENT_3D('',#1536,#1200,#1201);
#1064=AXIS2_PLACEMENT_3D('',#1546,#1203,#1204);
#1065=AXIS2_PLACEMENT_3D('',#1553,#1206,#1207);
#1066=AXIS2_PLACEMENT_3D('',#1563,#1209,#1210);
#1067=AXIS2_PLACEMENT_3D('',#1570,#1212,#1213);
#1068=AXIS2_PLACEMENT_3D('',#1580,#1215,#1216);
#1069=AXIS2_PLACEMENT_3D('',#1587,#1218,#1219);
#1070=AXIS2_PLACEMENT_3D('',#1590,#1222,#1223);
#1071=AXIS2_PLACEMENT_3D('',#1592,#1225,#1226);
#1072=AXIS2_PLACEMENT_3D('',#1594,#1228,#1229);
#1073=AXIS2_PLACEMENT_3D('',#1595,#1230,#1231);
#1074=AXIS2_PLACEMENT_3D('',#2339,#1232,#1233);
#1075=AXIS2_PLACEMENT_3D('',#2340,#1234,#1235);
#1076=AXIS2_PLACEMENT_3D('',#2342,#1236,#1237);
#1077=AXIS2_PLACEMENT_3D('',#2343,#1238,#1239);
#1078=AXIS2_PLACEMENT_3D('',#2344,#1240,#1241);
#1079=AXIS2_PLACEMENT_3D('',#2346,#1242,#1243);
#1080=AXIS2_PLACEMENT_3D('',#2347,#1244,#1245);
#1081=AXIS2_PLACEMENT_3D('',#2348,#1246,#1247);
#1082=AXIS2_PLACEMENT_3D('',#2350,#1248,#1249);
#1083=AXIS2_PLACEMENT_3D('',#2351,#1250,#1251);
#1084=AXIS2_PLACEMENT_3D('',#2352,#1252,#1253);
#1085=AXIS2_PLACEMENT_3D('',#2354,#1254,#1255);
#1086=AXIS2_PLACEMENT_3D('',#2355,#1256,#1257);
#1087=AXIS2_PLACEMENT_3D('',#2356,#1258,#1259);
#1088=AXIS2_PLACEMENT_3D('',#2358,#1260,#1261);
#1089=AXIS2_PLACEMENT_3D('',#2359,#1262,#1263);
#1090=AXIS2_PLACEMENT_3D('',#2360,#1264,#1265);
#1091=AXIS2_PLACEMENT_3D('',#2362,#1266,#1267);
#1092=AXIS2_PLACEMENT_3D('',#2363,#1268,#1269);
#1093=AXIS2_PLACEMENT_3D('',#2364,#1270,#1271);
#1094=AXIS2_PLACEMENT_3D('',#2366,#1272,#1273);
#1095=AXIS2_PLACEMENT_3D('',#2367,#1274,#1275);
#1096=AXIS2_PLACEMENT_3D('',#2368,#1276,#1277);
#1097=AXIS2_PLACEMENT_3D('',#2370,#1278,#1279);
#1098=AXIS2_PLACEMENT_3D('',#2371,#1280,#1281);
#1099=AXIS2_PLACEMENT_3D('',#2380,#1286,#1287);
#1100=AXIS2_PLACEMENT_3D('',#2381,#1288,#1289);
#1101=AXIS2_PLACEMENT_3D('',#2385,#1291,#1292);
#1102=AXIS2_PLACEMENT_3D('',#2386,#1293,#1294);
#1103=AXIS2_PLACEMENT_3D('',#2392,#1298,#1299);
#1104=AXIS2_PLACEMENT_3D('',#2393,#1300,#1301);
#1105=AXIS2_PLACEMENT_3D('',#2397,#1303,#1304);
#1106=AXIS2_PLACEMENT_3D('',#2398,#1305,#1306);
#1107=AXIS2_PLACEMENT_3D('',#2404,#1310,#1311);
#1108=AXIS2_PLACEMENT_3D('',#2405,#1312,#1313);
#1109=AXIS2_PLACEMENT_3D('',#2409,#1315,#1316);
#1110=AXIS2_PLACEMENT_3D('',#2410,#1317,#1318);
#1111=AXIS2_PLACEMENT_3D('',#2416,#1322,#1323);
#1112=AXIS2_PLACEMENT_3D('',#2417,#1324,#1325);
#1113=AXIS2_PLACEMENT_3D('',#2418,#1326,#1327);
#1114=AXIS2_PLACEMENT_3D('',#2419,#1328,#1329);
#1115=AXIS2_PLACEMENT_3D('',#2428,#1334,#1335);
#1116=AXIS2_PLACEMENT_3D('',#2439,#1342,#1343);
#1117=AXIS2_PLACEMENT_3D('',#2445,#1347,#1348);
#1118=AXIS2_PLACEMENT_3D('',#2448,#1351,#1352);
#1119=AXIS2_PLACEMENT_3D('',#2449,#1353,#1354);
#1120=AXIS2_PLACEMENT_3D('',#2453,#1357,#1358);
#1121=AXIS2_PLACEMENT_3D('',#2457,#1361,#1362);
#1122=AXIS2_PLACEMENT_3D('',#2459,#1364,#1365);
#1123=AXIS2_PLACEMENT_3D('',#2460,#1366,#1367);
#1124=AXIS2_PLACEMENT_3D('',#2463,#1370,#1371);
#1125=AXIS2_PLACEMENT_3D('',#2465,#1373,#1374);
#1126=AXIS2_PLACEMENT_3D('',#2467,#1376,#1377);
#1127=AXIS2_PLACEMENT_3D('',#2469,#1379,#1380);
#1128=AXIS2_PLACEMENT_3D('',#2471,#1382,#1383);
#1129=AXIS2_PLACEMENT_3D('',#2473,#1385,#1386);
#1130=AXIS2_PLACEMENT_3D('',#2475,#1388,#1389);
#1131=AXIS2_PLACEMENT_3D('',#2476,#1390,#1391);
#1132=AXIS2_PLACEMENT_3D('',#2477,#1392,#1393);
#1133=AXIS2_PLACEMENT_3D('',#2479,#1394,#1395);
#1134=DIRECTION('',(0.,0.,1.));
#1135=DIRECTION('',(1.,0.,0.));
#1136=DIRECTION('',(0.,0.,1.));
#1137=DIRECTION('',(1.,0.,0.));
#1138=DIRECTION('',(0.,0.,1.));
#1139=DIRECTION('',(1.,0.,0.));
#1140=DIRECTION('',(0.,0.,1.));
#1141=DIRECTION('',(1.,0.,0.));
#1142=DIRECTION('',(0.,0.,1.));
#1143=DIRECTION('',(1.,0.,0.));
#1144=DIRECTION('',(0.,0.,1.));
#1145=DIRECTION('',(1.,0.,0.));
#1146=DIRECTION('',(0.,0.,1.));
#1147=DIRECTION('',(1.,0.,0.));
#1148=DIRECTION('',(0.,0.,1.));
#1149=DIRECTION('',(1.,0.,0.));
#1150=DIRECTION('',(0.,0.,1.));
#1151=DIRECTION('',(1.,0.,0.));
#1152=DIRECTION('',(0.,0.,1.));
#1153=DIRECTION('',(1.,0.,0.));
#1154=DIRECTION('',(0.,0.,1.));
#1155=DIRECTION('',(1.,0.,0.));
#1156=DIRECTION('',(0.,-1.,0.));
#1157=DIRECTION('',(1.,0.,0.));
#1158=DIRECTION('',(0.,-1.,0.));
#1159=DIRECTION('',(1.,0.,0.));
#1160=DIRECTION('',(0.,-1.,0.));
#1161=DIRECTION('',(0.,0.,1.));
#1162=DIRECTION('',(1.,0.,0.));
#1163=DIRECTION('',(1.,0.,0.));
#1164=DIRECTION('',(0.,0.,1.));
#1165=DIRECTION('',(1.,0.,0.));
#1166=DIRECTION('',(0.,-1.,0.));
#1167=DIRECTION('',(0.,0.,1.));
#1168=DIRECTION('',(1.,0.,0.));
#1169=DIRECTION('',(1.,0.,0.));
#1170=DIRECTION('',(0.,0.,1.));
#1171=DIRECTION('',(1.,0.,0.));
#1172=DIRECTION('',(0.,-1.,0.));
#1173=DIRECTION('',(1.,0.,0.));
#1174=DIRECTION('',(0.,-1.,0.));
#1175=DIRECTION('',(1.,0.,0.));
#1176=DIRECTION('',(0.,0.,1.));
#1177=DIRECTION('',(1.,0.,0.));
#1178=DIRECTION('',(0.,0.,1.));
#1179=DIRECTION('',(1.,0.,0.));
#1180=DIRECTION('',(-1.,0.,0.));
#1181=DIRECTION('',(0.,0.,1.));
#1182=DIRECTION('',(1.,0.,0.));
#1183=DIRECTION('',(0.,1.,0.));
#1184=DIRECTION('',(0.,0.,1.));
#1185=DIRECTION('',(1.,0.,0.));
#1186=DIRECTION('',(1.,0.,0.));
#1187=DIRECTION('',(0.,0.,1.));
#1188=DIRECTION('',(1.,0.,0.));
#1189=DIRECTION('',(0.,-1.,0.));
#1190=DIRECTION('',(0.,0.,1.));
#1191=DIRECTION('',(1.,0.,0.));
#1192=DIRECTION('',(0.,-1.,0.));
#1193=DIRECTION('',(1.,0.,0.));
#1194=DIRECTION('',(0.,-1.,0.));
#1195=DIRECTION('',(1.,0.,0.));
#1196=DIRECTION('',(1.,0.,0.));
#1197=DIRECTION('',(0.,0.,-1.));
#1198=DIRECTION('',(0.,0.,-1.));
#1199=DIRECTION('',(0.,0.,-1.));
#1200=DIRECTION('',(0.,0.,-1.));
#1201=DIRECTION('',(-1.,0.,0.));
#1202=DIRECTION('',(0.,0.,-1.));
#1203=DIRECTION('',(0.,1.,0.));
#1204=DIRECTION('',(0.,0.,1.));
#1205=DIRECTION('',(0.,0.,-1.));
#1206=DIRECTION('',(0.,0.,-1.));
#1207=DIRECTION('',(-1.,0.,0.));
#1208=DIRECTION('',(0.,0.,-1.));
#1209=DIRECTION('',(1.,0.,0.));
#1210=DIRECTION('',(0.,0.,-1.));
#1211=DIRECTION('',(0.,0.,-1.));
#1212=DIRECTION('',(0.,0.,-1.));
#1213=DIRECTION('',(-1.,0.,0.));
#1214=DIRECTION('',(0.,0.,-1.));
#1215=DIRECTION('',(0.,1.,0.));
#1216=DIRECTION('',(0.,0.,1.));
#1217=DIRECTION('',(0.,0.,-1.));
#1218=DIRECTION('',(1.,0.,0.));
#1219=DIRECTION('',(0.,0.,-1.));
#1220=DIRECTION('',(0.,0.,-1.));
#1221=DIRECTION('',(0.,0.,-1.));
#1222=DIRECTION('',(0.,1.,0.));
#1223=DIRECTION('',(0.,0.,1.));
#1224=DIRECTION('',(0.,0.,-1.));
#1225=DIRECTION('',(1.,0.,0.));
#1226=DIRECTION('',(0.,0.,-1.));
#1227=DIRECTION('',(0.,0.,-1.));
#1228=DIRECTION('',(0.,1.,0.));
#1229=DIRECTION('',(0.,0.,1.));
#1230=DIRECTION('',(0.,0.,-1.));
#1231=DIRECTION('',(-1.,0.,0.));
#1232=DIRECTION('',(0.,0.,-1.));
#1233=DIRECTION('',(-1.,0.,0.));
#1234=DIRECTION('',(0.,0.,1.));
#1235=DIRECTION('',(1.,0.,0.));
#1236=DIRECTION('',(0.,0.,1.));
#1237=DIRECTION('',(1.,0.,0.));
#1238=DIRECTION('',(0.,0.,-1.));
#1239=DIRECTION('',(-1.,0.,0.));
#1240=DIRECTION('',(0.,0.,1.));
#1241=DIRECTION('',(1.,0.,0.));
#1242=DIRECTION('',(0.,0.,1.));
#1243=DIRECTION('',(1.,0.,0.));
#1244=DIRECTION('',(0.,0.,-1.));
#1245=DIRECTION('',(-1.,0.,0.));
#1246=DIRECTION('',(0.,0.,1.));
#1247=DIRECTION('',(1.,0.,0.));
#1248=DIRECTION('',(0.,0.,1.));
#1249=DIRECTION('',(1.,0.,0.));
#1250=DIRECTION('',(0.,0.,-1.));
#1251=DIRECTION('',(-1.,0.,0.));
#1252=DIRECTION('',(0.,0.,1.));
#1253=DIRECTION('',(1.,0.,0.));
#1254=DIRECTION('',(0.,0.,1.));
#1255=DIRECTION('',(1.,0.,0.));
#1256=DIRECTION('',(0.,0.,-1.));
#1257=DIRECTION('',(-1.,0.,0.));
#1258=DIRECTION('',(0.,0.,1.));
#1259=DIRECTION('',(1.,0.,0.));
#1260=DIRECTION('',(0.,0.,1.));
#1261=DIRECTION('',(1.,0.,0.));
#1262=DIRECTION('',(0.,0.,-1.));
#1263=DIRECTION('',(-1.,0.,0.));
#1264=DIRECTION('',(0.,0.,1.));
#1265=DIRECTION('',(1.,0.,0.));
#1266=DIRECTION('',(0.,0.,1.));
#1267=DIRECTION('',(1.,0.,0.));
#1268=DIRECTION('',(0.,0.,-1.));
#1269=DIRECTION('',(-1.,0.,0.));
#1270=DIRECTION('',(0.,0.,1.));
#1271=DIRECTION('',(1.,0.,0.));
#1272=DIRECTION('',(0.,0.,1.));
#1273=DIRECTION('',(1.,0.,0.));
#1274=DIRECTION('',(0.,0.,-1.));
#1275=DIRECTION('',(-1.,0.,0.));
#1276=DIRECTION('',(0.,0.,1.));
#1277=DIRECTION('',(1.,0.,0.));
#1278=DIRECTION('',(0.,0.,1.));
#1279=DIRECTION('',(1.,0.,0.));
#1280=DIRECTION('',(-1.,0.,0.));
#1281=DIRECTION('',(0.,0.,1.));
#1282=DIRECTION('',(0.,0.,1.));
#1283=DIRECTION('',(0.,1.,0.));
#1284=DIRECTION('',(0.,0.,1.));
#1285=DIRECTION('',(0.,-1.,0.));
#1286=DIRECTION('',(0.,0.,1.));
#1287=DIRECTION('',(1.,0.,0.));
#1288=DIRECTION('',(0.,0.,1.));
#1289=DIRECTION('',(1.,0.,0.));
#1290=DIRECTION('',(0.,0.,1.));
#1291=DIRECTION('',(0.,0.,1.));
#1292=DIRECTION('',(1.,0.,0.));
#1293=DIRECTION('',(0.,-1.,0.));
#1294=DIRECTION('',(0.,0.,-1.));
#1295=DIRECTION('',(-1.,0.,0.));
#1296=DIRECTION('',(0.,0.,1.));
#1297=DIRECTION('',(1.,0.,0.));
#1298=DIRECTION('',(0.,0.,1.));
#1299=DIRECTION('',(1.,0.,0.));
#1300=DIRECTION('',(0.,0.,1.));
#1301=DIRECTION('',(1.,0.,0.));
#1302=DIRECTION('',(0.,0.,1.));
#1303=DIRECTION('',(0.,0.,1.));
#1304=DIRECTION('',(1.,0.,0.));
#1305=DIRECTION('',(-1.,0.,0.));
#1306=DIRECTION('',(0.,0.,1.));
#1307=DIRECTION('',(0.,-1.,0.));
#1308=DIRECTION('',(0.,0.,1.));
#1309=DIRECTION('',(0.,-1.,0.));
#1310=DIRECTION('',(0.,0.,1.));
#1311=DIRECTION('',(1.,0.,0.));
#1312=DIRECTION('',(0.,0.,1.));
#1313=DIRECTION('',(1.,0.,0.));
#1314=DIRECTION('',(0.,0.,1.));
#1315=DIRECTION('',(0.,0.,1.));
#1316=DIRECTION('',(1.,0.,0.));
#1317=DIRECTION('',(0.,-1.,0.));
#1318=DIRECTION('',(0.,0.,-1.));
#1319=DIRECTION('',(1.,0.,0.));
#1320=DIRECTION('',(0.,0.,1.));
#1321=DIRECTION('',(1.,0.,0.));
#1322=DIRECTION('',(0.,0.,1.));
#1323=DIRECTION('',(1.,0.,0.));
#1324=DIRECTION('',(0.,0.,1.));
#1325=DIRECTION('',(1.,0.,0.));
#1326=DIRECTION('',(0.,0.,1.));
#1327=DIRECTION('',(1.,0.,0.));
#1328=DIRECTION('',(1.,0.,0.));
#1329=DIRECTION('',(0.,0.,-1.));
#1330=DIRECTION('',(0.,-1.,0.));
#1331=DIRECTION('',(0.,0.,-1.));
#1332=DIRECTION('',(0.,-1.,0.));
#1333=DIRECTION('',(0.,0.,-1.));
#1334=DIRECTION('',(0.,1.,0.));
#1335=DIRECTION('',(0.,0.,1.));
#1336=DIRECTION('',(0.,0.,-1.));
#1337=DIRECTION('',(1.,0.,0.));
#1338=DIRECTION('',(1.,0.,0.));
#1339=DIRECTION('',(0.,0.,-1.));
#1340=DIRECTION('',(1.,0.,0.));
#1341=DIRECTION('',(0.,0.,-1.));
#1342=DIRECTION('',(1.,0.,0.));
#1343=DIRECTION('',(0.,0.,-1.));
#1344=DIRECTION('',(0.,0.,-1.));
#1345=DIRECTION('',(0.,-1.,0.));
#1346=DIRECTION('',(0.,-1.,0.));
#1347=DIRECTION('',(0.,1.,0.));
#1348=DIRECTION('',(0.,0.,1.));
#1349=DIRECTION('',(1.,0.,0.));
#1350=DIRECTION('',(1.,0.,0.));
#1351=DIRECTION('',(0.,0.,1.));
#1352=DIRECTION('',(1.,0.,0.));
#1353=DIRECTION('',(1.,0.,0.));
#1354=DIRECTION('',(0.,0.,-1.));
#1355=DIRECTION('',(0.,-1.,0.));
#1356=DIRECTION('',(0.,0.,-1.));
#1357=DIRECTION('',(0.,1.,0.));
#1358=DIRECTION('',(0.,0.,1.));
#1359=DIRECTION('',(1.,0.,0.));
#1360=DIRECTION('',(0.,0.,-1.));
#1361=DIRECTION('',(1.,0.,0.));
#1362=DIRECTION('',(0.,0.,-1.));
#1363=DIRECTION('',(0.,-1.,0.));
#1364=DIRECTION('',(0.,0.,1.));
#1365=DIRECTION('',(1.,0.,0.));
#1366=DIRECTION('',(0.,0.,1.));
#1367=DIRECTION('',(1.,0.,0.));
#1368=DIRECTION('',(-0.939692620785908,0.,-0.342020143325669));
#1369=DIRECTION('',(-1.73878063944479E-14,0.939692620785908,0.342020143325669));
#1370=DIRECTION('',(0.,0.342020143325669,-0.939692620785908));
#1371=DIRECTION('',(1.,0.,0.));
#1372=DIRECTION('',(0.,0.939692620785908,0.342020143325669));
#1373=DIRECTION('',(0.342020143325669,0.,-0.939692620785908));
#1374=DIRECTION('',(0.,-1.,0.));
#1375=DIRECTION('',(-0.939692620785908,0.,-0.342020143325669));
#1376=DIRECTION('',(0.,0.,1.));
#1377=DIRECTION('',(1.,0.,0.));
#1378=DIRECTION('',(-0.939692620785908,0.,0.342020143325669));
#1379=DIRECTION('',(0.,0.,1.));
#1380=DIRECTION('',(1.,0.,0.));
#1381=DIRECTION('',(0.,0.939692620785908,-0.342020143325669));
#1382=DIRECTION('',(0.342020143325669,0.,0.939692620785908));
#1383=DIRECTION('',(0.,1.,0.));
#1384=DIRECTION('',(-0.939692620785908,0.,0.342020143325669));
#1385=DIRECTION('',(0.,0.342020143325669,0.939692620785908));
#1386=DIRECTION('',(-1.,0.,0.));
#1387=DIRECTION('',(1.73878063944479E-14,0.939692620785908,-0.342020143325669));
#1388=DIRECTION('',(0.,0.,1.));
#1389=DIRECTION('',(1.,0.,0.));
#1390=DIRECTION('',(0.,0.,1.));
#1391=DIRECTION('',(1.,0.,0.));
#1392=DIRECTION('',(0.,0.,1.));
#1393=DIRECTION('',(1.,0.,0.));
#1394=DIRECTION('',(0.,0.,1.));
#1395=DIRECTION('',(1.,0.,0.));
#1396=CARTESIAN_POINT('',(0.,0.,0.));
#1397=CARTESIAN_POINT('',(-0.000343925000000106,0.008343625,0.0015));
#1398=CARTESIAN_POINT('',(0.18299795,0.05928225,0.0015));
#1399=CARTESIAN_POINT('',(0.18659795,0.05928225,0.0015));
#1400=CARTESIAN_POINT('',(0.13218240526217,0.07068425,0.0015));
#1401=CARTESIAN_POINT('',(0.13371740526217,0.07068425,0.0015));
#1402=CARTESIAN_POINT('',(0.11290545,-0.02,0.0015));
#1403=CARTESIAN_POINT('',(0.11444045,-0.02,0.0015));
#1404=CARTESIAN_POINT('',(0.11290545,0.035,0.0015));
#1405=CARTESIAN_POINT('',(0.11444045,0.035,0.0015));
#1406=CARTESIAN_POINT('',(0.20186795,-0.02,0.0015));
#1407=CARTESIAN_POINT('',(0.20340295,-0.02,0.0015));
#1408=CARTESIAN_POINT('',(0.18259099473783,-0.053997,0.0015));
#1409=CARTESIAN_POINT('',(0.18412599473783,-0.053997,0.0015));
#1410=CARTESIAN_POINT('',(0.13218240526217,-0.053997,0.0015));
#1411=CARTESIAN_POINT('',(0.13371740526217,-0.053997,0.0015));
#1412=CARTESIAN_POINT('',(0.18259099473783,0.07068425,0.0015));
#1413=CARTESIAN_POINT('',(0.18412599473783,0.07068425,0.0015));
#1414=CARTESIAN_POINT('',(0.20186795,0.035,0.0015));
#1415=CARTESIAN_POINT('',(0.20340295,0.035,0.0015));
#1416=CARTESIAN_POINT('',(0.119300007820129,1.39698386192322E-7,0.0015));
#1417=CARTESIAN_POINT('',(0.119300007820129,0.0476253926753998,0.0015));
#1418=CARTESIAN_POINT('',(0.119300007820129,-0.0476251132786274,0.0015));
#1419=CARTESIAN_POINT('',(0.157400071620941,-0.0476251132786274,0.0015));
#1420=CARTESIAN_POINT('',(0.195500135421753,-0.0476251132786274,0.0015));
#1421=CARTESIAN_POINT('',(0.195500135421753,1.39698386192322E-7,0.0015));
#1422=CARTESIAN_POINT('',(0.195500135421753,0.0476253926753998,0.0015));
#1423=CARTESIAN_POINT('',(0.157400071620941,0.0476253926753998,0.0015));
#1424=CARTESIAN_POINT('',(0.20486795,0.008343625,0.0015));
#1425=CARTESIAN_POINT('',(0.20486795,0.0618546,0.0015));
#1426=CARTESIAN_POINT('',(0.20486795,-0.04516735,0.0015));
#1427=CARTESIAN_POINT('',(0.1930383,-0.04516735,0.0015));
#1428=CARTESIAN_POINT('',(0.1930383,-0.056997,0.0015));
#1429=CARTESIAN_POINT('',(0.1573867,-0.056997,0.0015));
#1430=CARTESIAN_POINT('',(0.1217351,-0.056997,0.0015));
#1431=CARTESIAN_POINT('',(0.1217351,-0.04516735,0.0015));
#1432=CARTESIAN_POINT('',(0.10990545,-0.04516735,0.0015));
#1433=CARTESIAN_POINT('',(0.10990545,0.008343625,0.0015));
#1434=CARTESIAN_POINT('',(0.10990545,0.0618546,0.0015));
#1435=CARTESIAN_POINT('',(0.1217351,0.0618546,0.0015));
#1436=CARTESIAN_POINT('',(0.1217351,0.07368425,0.0015));
#1437=CARTESIAN_POINT('',(0.1573867,0.07368425,0.0015));
#1438=CARTESIAN_POINT('',(0.1930383,0.07368425,0.0015));
#1439=CARTESIAN_POINT('',(0.1930383,0.0618546,0.0015));
#1440=CARTESIAN_POINT('',(0.123304504871368,0.0601253107190132,0.0015));
#1441=CARTESIAN_POINT('',(0.123304504871368,0.0661253107190132,0.0015));
#1442=CARTESIAN_POINT('',(0.123304504871368,0.0541253107190132,0.0015));
#1443=CARTESIAN_POINT('',(0.143304504871368,0.0541253107190132,0.0015));
#1444=CARTESIAN_POINT('',(0.161304504871368,0.0541253107190132,0.0015));
#1445=CARTESIAN_POINT('',(0.161304504871368,0.0601253107190132,0.0015));
#1446=CARTESIAN_POINT('',(0.161304504871368,0.0661253107190132,0.0015));
#1447=CARTESIAN_POINT('',(0.142304504871368,0.0661253107190132,0.0015));
#1448=CARTESIAN_POINT('',(-0.000343925000000106,0.008343625,0.0065));
#1449=CARTESIAN_POINT('',(0.18299795,0.05928225,0.0065));
#1450=CARTESIAN_POINT('',(0.18959795,0.05928225,0.0065));
#1451=CARTESIAN_POINT('',(0.13049445436503,0.0516253107190132,0.0065));
#1452=CARTESIAN_POINT('',(0.153114555377708,0.0516253107190132,0.0065));
#1453=CARTESIAN_POINT('',(0.130494454365029,0.0516253107190132,0.0065));
#1454=CARTESIAN_POINT('',(0.13049445436503,0.0563152602126744,0.0065));
#1455=CARTESIAN_POINT('',(0.125804504871368,0.0563152602126744,0.0065));
#1456=CARTESIAN_POINT('',(0.125804504871368,0.0634353612253521,0.0065));
#1457=CARTESIAN_POINT('',(0.125804504871368,0.0634353612253521,0.0065));
#1458=CARTESIAN_POINT('',(0.13049445436503,0.0634353612253521,0.0065));
#1459=CARTESIAN_POINT('',(0.13049445436503,0.0681253107190132,0.0065));
#1460=CARTESIAN_POINT('',(-0.000343925000000106,0.0681253107190132,0.0065));
#1461=CARTESIAN_POINT('',(0.153114555377707,0.0681253107190132,0.0065));
#1462=CARTESIAN_POINT('',(0.153114555377708,0.063435361225352,0.0065));
#1463=CARTESIAN_POINT('',(0.157804504871368,0.0634353612253521,0.0065));
#1464=CARTESIAN_POINT('',(0.157804504871368,0.008343625,0.0065));
#1465=CARTESIAN_POINT('',(0.157804504871368,0.0563152602126744,0.0065));
#1466=CARTESIAN_POINT('',(0.153114555377708,0.0563152602126744,0.0065));
#1467=CARTESIAN_POINT('',(0.111836820849898,0.0618546,0.0065));
#1468=CARTESIAN_POINT('',(0.111836820849898,0.0261806166666667,0.0065));
#1469=CARTESIAN_POINT('',(0.111836820849898,-0.00949336666666667,0.0065));
#1470=CARTESIAN_POINT('',(0.111836820849898,-0.04516735,0.0065));
#1471=CARTESIAN_POINT('',(0.111836820849898,0.0618546,0.0065));
#1472=CARTESIAN_POINT('',(0.111836820849898,-0.04516735,0.0065));
#1473=CARTESIAN_POINT('',(0.111836820849898,-0.04516735,0.0065));
#1474=CARTESIAN_POINT('',(0.111836820849898,-0.0464797248726494,0.0065));
#1475=CARTESIAN_POINT('',(0.112352826574727,-0.0490460407177169,0.0065));
#1476=CARTESIAN_POINT('',(0.114551570630437,-0.0523508148170284,0.0065));
#1477=CARTESIAN_POINT('',(0.11785664904884,-0.0545496418688547,0.0065));
#1478=CARTESIAN_POINT('',(0.120422208707073,-0.0550656291501015,0.0065));
#1479=CARTESIAN_POINT('',(0.1217351,-0.0550656291501015,0.0065));
#1480=CARTESIAN_POINT('',(0.1217351,-0.0550656291501015,0.0065));
#1481=CARTESIAN_POINT('',(0.1217351,-0.0550656291501015,0.0065));
#1482=CARTESIAN_POINT('',(0.145502833333333,-0.0550656291501015,0.0065));
#1483=CARTESIAN_POINT('',(0.169270566666667,-0.0550656291501015,0.0065));
#1484=CARTESIAN_POINT('',(0.1930383,-0.0550656291501015,0.0065));
#1485=CARTESIAN_POINT('',(0.1930383,-0.0550656291501015,0.0065));
#1486=CARTESIAN_POINT('',(0.1930383,-0.0550656291501015,0.0065));
#1487=CARTESIAN_POINT('',(0.194350674872571,-0.0550656291501015,0.0065));
#1488=CARTESIAN_POINT('',(0.196916990717754,-0.0545496234252765,0.0065));
#1489=CARTESIAN_POINT('',(0.200221764817019,-0.0523508793695519,0.0065));
#1490=CARTESIAN_POINT('',(0.202420591868857,-0.0490458009512013,0.0065));
#1491=CARTESIAN_POINT('',(0.202936579150101,-0.0464802412928372,0.0065));
#1492=CARTESIAN_POINT('',(0.202936579150101,-0.04516735,0.0065));
#1493=CARTESIAN_POINT('',(0.202936579150101,-0.04516735,0.0065));
#1494=CARTESIAN_POINT('',(0.202936579150101,-0.04516735,0.0065));
#1495=CARTESIAN_POINT('',(0.202936579150101,-0.00949336666666667,0.0065));
#1496=CARTESIAN_POINT('',(0.202936579150101,0.0261806166666667,0.0065));
#1497=CARTESIAN_POINT('',(0.202936579150101,0.0618546,0.0065));
#1498=CARTESIAN_POINT('',(0.202936579150101,0.0618546,0.0065));
#1499=CARTESIAN_POINT('',(0.202936579150101,0.0618546,0.0065));
#1500=CARTESIAN_POINT('',(0.202936579150101,0.0631669748725485,0.0065));
#1501=CARTESIAN_POINT('',(0.202420573425274,0.0657332907177639,0.0065));
#1502=CARTESIAN_POINT('',(0.20022182936956,0.0690380648170158,0.0065));
#1503=CARTESIAN_POINT('',(0.196916750951171,0.0712368918688583,0.0065));
#1504=CARTESIAN_POINT('',(0.194351191292902,0.0717528791501015,0.0065));
#1505=CARTESIAN_POINT('',(0.1930383,0.0717528791501015,0.0065));
#1506=CARTESIAN_POINT('',(0.1930383,0.0717528791501015,0.0065));
#1507=CARTESIAN_POINT('',(0.1930383,0.0717528791501015,0.0065));
#1508=CARTESIAN_POINT('',(0.169270566666667,0.0717528791501015,0.0065));
#1509=CARTESIAN_POINT('',(0.145502833333333,0.0717528791501015,0.0065));
#1510=CARTESIAN_POINT('',(0.1217351,0.0717528791501015,0.0065));
#1511=CARTESIAN_POINT('',(0.1217351,0.0717528791501016,0.0065));
#1512=CARTESIAN_POINT('',(0.1217351,0.0717528791501016,0.0065));
#1513=CARTESIAN_POINT('',(0.120422725127429,0.0717528791501016,0.0065));
#1514=CARTESIAN_POINT('',(0.117856409282247,0.0712368734252746,0.0065));
#1515=CARTESIAN_POINT('',(0.114551635182981,0.0690381293695584,0.0065));
#1516=CARTESIAN_POINT('',(0.112352808131143,0.0657330509511769,0.0065));
#1517=CARTESIAN_POINT('',(0.111836820849898,0.0631674912928897,0.0065));
#1518=CARTESIAN_POINT('',(0.111836820849898,0.0618546,0.0065));
#1519=CARTESIAN_POINT('',(0.119300007820129,1.39698386192322E-7,0.0065));
#1520=CARTESIAN_POINT('',(0.119300007820129,0.0476253926753998,0.0065));
#1521=CARTESIAN_POINT('',(0.119300007820129,-0.0476251132786274,0.0065));
#1522=CARTESIAN_POINT('',(0.157400071620941,0.0476253926753998,0.0065));
#1523=CARTESIAN_POINT('',(0.195500135421753,0.0476253926753998,0.0065));
#1524=CARTESIAN_POINT('',(0.195500135421753,1.39698386192322E-7,0.0065));
#1525=CARTESIAN_POINT('',(0.195500135421753,-0.0476251132786274,0.0065));
#1526=CARTESIAN_POINT('',(0.157400071620941,-0.0476251132786274,0.0065));
#1527=CARTESIAN_POINT('',(0.20486795,0.008343625,0.0065));
#1528=CARTESIAN_POINT('',(0.20486795,0.0618546,0.0065));
#1529=CARTESIAN_POINT('',(0.20486795,0.0618546,0.00456862915010151));
#1530=CARTESIAN_POINT('',(0.20486795,0.0618546,0.00456862915010152));
#1531=CARTESIAN_POINT('',(0.20486795,0.0261806166666667,0.00456862915010152));
#1532=CARTESIAN_POINT('',(0.20486795,-0.00949336666666667,0.00456862915010152));
#1533=CARTESIAN_POINT('',(0.20486795,-0.04516735,0.00456862915010152));
#1534=CARTESIAN_POINT('',(0.20486795,-0.04516735,0.00456862915010152));
#1535=CARTESIAN_POINT('',(0.20486795,-0.04516735,0.0065));
#1536=CARTESIAN_POINT('',(0.1930383,0.0618546,0.0065));
#1537=CARTESIAN_POINT('',(0.1930383,0.07368425,0.0065));
#1538=CARTESIAN_POINT('',(0.1930383,0.07368425,0.00456862915010152));
#1539=CARTESIAN_POINT('',(0.1930383,0.07368425,0.00456862915010152));
#1540=CARTESIAN_POINT('',(0.194586797563939,0.07368425,0.00456862915010152));
#1541=CARTESIAN_POINT('',(0.197683070816223,0.0730682948226441,0.00456862915010152));
#1542=CARTESIAN_POINT('',(0.201620922191379,0.0704372221913785,0.00456862915010152));
#1543=CARTESIAN_POINT('',(0.204251994822644,0.0664993708162226,0.00456862915010153));
#1544=CARTESIAN_POINT('',(0.20486795,0.0634030975639391,0.00456862915010152));
#1545=CARTESIAN_POINT('',(0.20486795,0.0618546,0.00456862915010152));
#1546=CARTESIAN_POINT('',(0.1573867,0.07368425,0.0065));
#1547=CARTESIAN_POINT('',(0.1217351,0.07368425,0.0065));
#1548=CARTESIAN_POINT('',(0.1217351,0.07368425,0.00456862915010152));
#1549=CARTESIAN_POINT('',(0.1217351,0.07368425,0.00456862915010152));
#1550=CARTESIAN_POINT('',(0.145502833333333,0.07368425,0.00456862915010152));
#1551=CARTESIAN_POINT('',(0.169270566666667,0.07368425,0.00456862915010152));
#1552=CARTESIAN_POINT('',(0.1930383,0.07368425,0.00456862915010152));
#1553=CARTESIAN_POINT('',(0.1217351,0.0618546,0.0065));
#1554=CARTESIAN_POINT('',(0.10990545,0.0618546,0.0065));
#1555=CARTESIAN_POINT('',(0.10990545,0.0618546,0.00456862915010152));
#1556=CARTESIAN_POINT('',(0.10990545,0.0618546,0.00456862915010152));
#1557=CARTESIAN_POINT('',(0.10990545,0.0634030975639391,0.00456862915010152));
#1558=CARTESIAN_POINT('',(0.110521405177356,0.0664993708162226,0.00456862915010152));
#1559=CARTESIAN_POINT('',(0.113152477808622,0.0704372221913785,0.00456862915010152));
#1560=CARTESIAN_POINT('',(0.117090329183778,0.0730682948226441,0.00456862915010153));
#1561=CARTESIAN_POINT('',(0.120186602436061,0.07368425,0.00456862915010152));
#1562=CARTESIAN_POINT('',(0.1217351,0.07368425,0.00456862915010152));
#1563=CARTESIAN_POINT('',(0.10990545,0.008343625,0.0065));
#1564=CARTESIAN_POINT('',(0.10990545,-0.04516735,0.0065));
#1565=CARTESIAN_POINT('',(0.10990545,-0.04516735,0.00456862915010152));
#1566=CARTESIAN_POINT('',(0.10990545,-0.04516735,0.00456862915010152));
#1567=CARTESIAN_POINT('',(0.10990545,-0.00949336666666667,0.00456862915010152));
#1568=CARTESIAN_POINT('',(0.10990545,0.0261806166666667,0.00456862915010152));
#1569=CARTESIAN_POINT('',(0.10990545,0.0618546,0.00456862915010152));
#1570=CARTESIAN_POINT('',(0.1217351,-0.04516735,0.0065));
#1571=CARTESIAN_POINT('',(0.1217351,-0.056997,0.0065));
#1572=CARTESIAN_POINT('',(0.1217351,-0.056997,0.00456862915010152));
#1573=CARTESIAN_POINT('',(0.1217351,-0.056997,0.00456862915010152));
#1574=CARTESIAN_POINT('',(0.120186602436061,-0.056997,0.00456862915010152));
#1575=CARTESIAN_POINT('',(0.117090329183777,-0.0563810448226441,0.00456862915010152));
#1576=CARTESIAN_POINT('',(0.113152477808621,-0.0537499721913785,0.00456862915010152));
#1577=CARTESIAN_POINT('',(0.110521405177356,-0.0498121208162225,0.00456862915010153));
#1578=CARTESIAN_POINT('',(0.10990545,-0.0467158475639391,0.00456862915010152));
#1579=CARTESIAN_POINT('',(0.10990545,-0.04516735,0.00456862915010152));
#1580=CARTESIAN_POINT('',(0.1573867,-0.056997,0.0065));
#1581=CARTESIAN_POINT('',(0.1930383,-0.056997,0.0065));
#1582=CARTESIAN_POINT('',(0.1930383,-0.056997,0.00456862915010145));
#1583=CARTESIAN_POINT('',(0.1930383,-0.056997,0.00456862915010152));
#1584=CARTESIAN_POINT('',(0.169270566666667,-0.056997,0.00456862915010152));
#1585=CARTESIAN_POINT('',(0.145502833333333,-0.056997,0.00456862915010152));
#1586=CARTESIAN_POINT('',(0.1217351,-0.056997,0.00456862915010152));
#1587=CARTESIAN_POINT('',(0.119300007820129,1.39698386192322E-7,0.0065));
#1588=CARTESIAN_POINT('',(0.119300007820129,0.0476253926753998,0.0065));
#1589=CARTESIAN_POINT('',(0.119300007820129,-0.0476251132786274,0.0065));
#1590=CARTESIAN_POINT('',(0.157400071620941,0.0476253926753998,0.0065));
#1591=CARTESIAN_POINT('',(0.195500135421753,0.0476253926753998,0.0065));
#1592=CARTESIAN_POINT('',(0.195500135421753,1.39698386192322E-7,0.0065));
#1593=CARTESIAN_POINT('',(0.195500135421753,-0.0476251132786274,0.0065));
#1594=CARTESIAN_POINT('',(0.157400071620941,-0.0476251132786274,0.0065));
#1595=CARTESIAN_POINT('',(0.1930383,-0.04516735,0.0065));
#1596=CARTESIAN_POINT('',(0.20486795,-0.04516735,0.00456862915010152));
#1597=CARTESIAN_POINT('',(0.20486795,-0.0467158475639391,0.00456862915010152));
#1598=CARTESIAN_POINT('',(0.204251994822644,-0.0498121208162225,0.00456862915010152));
#1599=CARTESIAN_POINT('',(0.201620922191379,-0.0537499721913785,0.00456862915010152));
#1600=CARTESIAN_POINT('',(0.197683070816223,-0.0563810448226441,0.00456862915010153));
#1601=CARTESIAN_POINT('',(0.194586797563939,-0.056997,0.00456862915010152));
#1602=CARTESIAN_POINT('',(0.1930383,-0.056997,0.00456862915010152));
#1603=CARTESIAN_POINT('',(0.202936579150101,0.0618546,0.0065));
#1604=CARTESIAN_POINT('',(0.202936579150065,0.0631502817152965,0.0065));
#1605=CARTESIAN_POINT('',(0.202421188053062,0.0657410411122019,0.0065));
#1606=CARTESIAN_POINT('',(0.200219678172356,0.0690359781723604,0.0065));
#1607=CARTESIAN_POINT('',(0.196924741112199,0.0712374880530417,0.0065));
#1608=CARTESIAN_POINT('',(0.194333981715306,0.0717528791501105,0.0065));
#1609=CARTESIAN_POINT('',(0.1930383,0.0717528791501015,0.0065));
#1610=CARTESIAN_POINT('',(0.202996934489161,0.0618546,0.0065));
#1611=CARTESIAN_POINT('',(0.202996934489136,0.0631581822107312,0.00650000000000105));
#1612=CARTESIAN_POINT('',(0.202478400764601,0.0657647389153762,0.00649999999999951));
#1613=CARTESIAN_POINT('',(0.200263467047973,0.0690797670479751,0.00650000000000013));
#1614=CARTESIAN_POINT('',(0.196948438915371,0.0712947007645866,0.00649999999999996));
#1615=CARTESIAN_POINT('',(0.194341882210744,0.071813234489168,0.0065));
#1616=CARTESIAN_POINT('',(0.1930383,0.0718132344891608,0.0065));
#1617=CARTESIAN_POINT('',(0.203057361866928,0.0618546,0.00649995088269933));
#1618=CARTESIAN_POINT('',(0.203057361866914,0.0631660921360105,0.00649995088270136));
#1619=CARTESIAN_POINT('',(0.202535681763881,0.0657884650036889,0.00649995088269839));
#1620=CARTESIAN_POINT('',(0.200307308188957,0.0691236081889578,0.0064999508826996));
#1621=CARTESIAN_POINT('',(0.196972165003682,0.0713519817638732,0.0064999508826992));
#1622=CARTESIAN_POINT('',(0.194349792136026,0.0718736618669331,0.00649995088269945));
#1623=CARTESIAN_POINT('',(0.1930383,0.0718736618669278,0.00649995088269933));
#1624=CARTESIAN_POINT('',(0.203179991394259,0.0618546,0.00649658143587359));
#1625=CARTESIAN_POINT('',(0.203179991394265,0.0631821443036551,0.00649658143587703));
#1626=CARTESIAN_POINT('',(0.202651926124079,0.0658366140232677,0.00649658143587198));
#1627=CARTESIAN_POINT('',(0.200396278099539,0.0692125780995358,0.00649658143587408));
#1628=CARTESIAN_POINT('',(0.197020314023258,0.0714682261240807,0.00649658143587324));
#1629=CARTESIAN_POINT('',(0.194365844303676,0.0719962913942621,0.00649658143587408));
#1630=CARTESIAN_POINT('',(0.1930383,0.0719962913942592,0.00649658143587359));
#1631=CARTESIAN_POINT('',(0.203242180445877,0.0618546,0.00649326765532194));
#1632=CARTESIAN_POINT('',(0.20324218044589,0.0631902848315032,0.00649326765532581));
#1633=CARTESIAN_POINT('',(0.202710877069043,0.0658610318117814,0.00649326765532012));
#1634=CARTESIAN_POINT('',(0.200441397366341,0.0692576973663369,0.00649326765532252));
#1635=CARTESIAN_POINT('',(0.19704473181177,0.0715271770690487,0.00649326765532146));
#1636=CARTESIAN_POINT('',(0.194373984831527,0.0720584804458792,0.00649326765532268));
#1637=CARTESIAN_POINT('',(0.1930383,0.0720584804458767,0.00649326765532194));
#1638=CARTESIAN_POINT('',(0.203431576757248,0.0618546,0.00647527107635764));
#1639=CARTESIAN_POINT('',(0.203431576757279,0.0632150767507715,0.00647527107636201));
#1640=CARTESIAN_POINT('',(0.202890411749791,0.065935396011846,0.00647527107635554));
#1641=CARTESIAN_POINT('',(0.200578807770292,0.069395107770285,0.00647527107635838));
#1642=CARTESIAN_POINT('',(0.197119096011832,0.0717067117498051,0.00647527107635678));
#1643=CARTESIAN_POINT('',(0.1943987767508,0.0722478767572511,0.00647527107635915));
#1644=CARTESIAN_POINT('',(0.1930383,0.0722478767572478,0.00647527107635764));
#1645=CARTESIAN_POINT('',(0.203561927524244,0.0618546,0.00645221868991137));
#1646=CARTESIAN_POINT('',(0.203561927524279,0.0632321396263297,0.00645221868991498));
#1647=CARTESIAN_POINT('',(0.203013975314305,0.0659865766839784,0.00645221868990961));
#1648=CARTESIAN_POINT('',(0.200673379578044,0.0694896795780373,0.00645221868991208));
#1649=CARTESIAN_POINT('',(0.197170276683964,0.0718302753143185,0.00645221868991029));
#1650=CARTESIAN_POINT('',(0.194415839626359,0.0723782275242513,0.0064522186899134));
#1651=CARTESIAN_POINT('',(0.1930383,0.072378227524244,0.00645221868991137));
#1652=CARTESIAN_POINT('',(0.203820114252442,0.0618546,0.00637677451608721));
#1653=CARTESIAN_POINT('',(0.203820114252474,0.0632659361901375,0.00637677451608972));
#1654=CARTESIAN_POINT('',(0.203258718580355,0.0660879506197771,0.00637677451608594));
#1655=CARTESIAN_POINT('',(0.200860698657064,0.0696769986570585,0.00637677451608782));
#1656=CARTESIAN_POINT('',(0.197271650619764,0.072075018580363,0.00637677451608602));
#1657=CARTESIAN_POINT('',(0.194449636190165,0.0726364142524601,0.00637677451608956));
#1658=CARTESIAN_POINT('',(0.1930383,0.0726364142524423,0.00637677451608721));
#1659=CARTESIAN_POINT('',(0.203947531079345,0.0618546,0.00632459229585883));
#1660=CARTESIAN_POINT('',(0.203947531079372,0.0632826150138353,0.00632459229586115));
#1661=CARTESIAN_POINT('',(0.203379500971395,0.0661379793153658,0.00632459229585766));
#1662=CARTESIAN_POINT('',(0.200953141838917,0.0697694418389133,0.00632459229585939));
#1663=CARTESIAN_POINT('',(0.197321679315354,0.0721958009713974,0.00632459229585776));
#1664=CARTESIAN_POINT('',(0.19446631501386,0.0727638310793695,0.00632459229586096));
#1665=CARTESIAN_POINT('',(0.1930383,0.0727638310793453,0.00632459229585883));
#1666=CARTESIAN_POINT('',(0.204183294122546,0.0618546,0.00619162193949375));
#1667=CARTESIAN_POINT('',(0.204183294122566,0.0633134763241306,0.0061916219394986));
#1668=CARTESIAN_POINT('',(0.203602988125867,0.0662305488590131,0.00619162193949144));
#1669=CARTESIAN_POINT('',(0.201124192134287,0.0699404921342857,0.0061916219394945));
#1670=CARTESIAN_POINT('',(0.197414248859004,0.0724192881258624,0.00619162193949308));
#1671=CARTESIAN_POINT('',(0.19449717632415,0.0729995941225785,0.00619162193949483));
#1672=CARTESIAN_POINT('',(0.1930383,0.0729995941225458,0.00619162193949375));
#1673=CARTESIAN_POINT('',(0.204291221204544,0.0618546,0.00611104337050656));
#1674=CARTESIAN_POINT('',(0.204291221204565,0.0633276039461764,0.00611104337051427));
#1675=CARTESIAN_POINT('',(0.203705295578802,0.0662729251389942,0.00611104337050295));
#1676=CARTESIAN_POINT('',(0.20120249515839,0.0700187951583891,0.00611104337050756));
#1677=CARTESIAN_POINT('',(0.197456625138986,0.0725215955787962,0.00611104337050618));
#1678=CARTESIAN_POINT('',(0.194511303946194,0.0731075212045788,0.00611104337050679));
#1679=CARTESIAN_POINT('',(0.1930383,0.0731075212045442,0.00611104337050656));
#1680=CARTESIAN_POINT('',(0.204478993370506,0.0618546,0.00592327120454421));
#1681=CARTESIAN_POINT('',(0.204478993370531,0.0633521832653074,0.00592327120455812));
#1682=CARTESIAN_POINT('',(0.203883290681382,0.0663466516377581,0.00592327120453773));
#1683=CARTESIAN_POINT('',(0.201338727215858,0.0701550272158576,0.00592327120454592));
#1684=CARTESIAN_POINT('',(0.197530351637752,0.0726995906813785,0.00592327120454383));
#1685=CARTESIAN_POINT('',(0.194535883265322,0.0732952933705393,0.00592327120454397));
#1686=CARTESIAN_POINT('',(0.1930383,0.0732952933705066,0.00592327120454421));
#1687=CARTESIAN_POINT('',(0.204559571939494,0.0618546,0.00581534412254575));
#1688=CARTESIAN_POINT('',(0.20455957193952,0.0633627309753583,0.0058153441225624));
#1689=CARTESIAN_POINT('',(0.203959673624397,0.0663782898506765,0.00581534412253798));
#1690=CARTESIAN_POINT('',(0.201397188405698,0.0702134884056973,0.0058153441225479));
#1691=CARTESIAN_POINT('',(0.197561989850671,0.0727759736243963,0.00581534412254495));
#1692=CARTESIAN_POINT('',(0.19454643097537,0.0733758719395233,0.00581534412254622));
#1693=CARTESIAN_POINT('',(0.1930383,0.0733758719394938,0.00581534412254576));
#1694=CARTESIAN_POINT('',(0.204692542295859,0.0618546,0.00557958107934526));
#1695=CARTESIAN_POINT('',(0.204692542295883,0.0633801367543632,0.00557958107936345));
#1696=CARTESIAN_POINT('',(0.204085720379519,0.0664304990732948,0.00557958107933665));
#1697=CARTESIAN_POINT('',(0.201493660772286,0.0703099607722856,0.005579581079348));
#1698=CARTESIAN_POINT('',(0.197614199073292,0.0729020203795201,0.0055795810793429));
#1699=CARTESIAN_POINT('',(0.194563836754368,0.0735088422958815,0.00557958107934895));
#1700=CARTESIAN_POINT('',(0.1930383,0.0735088422958589,0.00557958107934526));
#1701=CARTESIAN_POINT('',(0.204744724516087,0.0618546,0.00545216425244223));
#1702=CARTESIAN_POINT('',(0.204744724516108,0.0633869673910414,0.00545216425245938));
#1703=CARTESIAN_POINT('',(0.204135185536377,0.0664509877989558,0.00545216425243403));
#1704=CARTESIAN_POINT('',(0.201531519904327,0.0703478199043272,0.00545216425244515));
#1705=CARTESIAN_POINT('',(0.197634687798956,0.0729514855363776,0.0054521642524388));
#1706=CARTESIAN_POINT('',(0.194570667391041,0.0735610245161061,0.0054521642524483));
#1707=CARTESIAN_POINT('',(0.1930383,0.0735610245160872,0.00545216425244223));
#1708=CARTESIAN_POINT('',(0.204820168689911,0.0618546,0.005193977524244));
#1709=CARTESIAN_POINT('',(0.204820168689923,0.0633968430103355,0.00519397752425694));
#1710=CARTESIAN_POINT('',(0.204206701425811,0.0664806100529234,0.00519397752423763));
#1711=CARTESIAN_POINT('',(0.201586255998844,0.0704025559988452,0.00519397752424678));
#1712=CARTESIAN_POINT('',(0.197664310052927,0.0730230014258105,0.00519397752423926));
#1713=CARTESIAN_POINT('',(0.194580543010327,0.0736364686899241,0.00519397752425321));
#1714=CARTESIAN_POINT('',(0.1930383,0.0736364686899114,0.005193977524244));
#1715=CARTESIAN_POINT('',(0.204843221076358,0.0618546,0.00506362675724781));
#1716=CARTESIAN_POINT('',(0.204843221076364,0.0633998605606755,0.00506362675725772));
#1717=CARTESIAN_POINT('',(0.20422855350314,0.0664896612971913,0.00506362675724284));
#1718=CARTESIAN_POINT('',(0.201602980916612,0.0704192809166145,0.00506362675725029));
#1719=CARTESIAN_POINT('',(0.197673361297197,0.0730448535031376,0.0050636267572429));
#1720=CARTESIAN_POINT('',(0.194583560560663,0.0736595210763679,0.00506362675725763));
#1721=CARTESIAN_POINT('',(0.1930383,0.0736595210763576,0.00506362675724781));
#1722=CARTESIAN_POINT('',(0.204861217655322,0.0618546,0.00487423044587674));
#1723=CARTESIAN_POINT('',(0.204861217655324,0.0634022163073615,0.00487423044588254));
#1724=CARTESIAN_POINT('',(0.2042456130226,0.0664967274390231,0.00487423044587376));
#1725=CARTESIAN_POINT('',(0.201616037755825,0.0704323377558275,0.00487423044587846));
#1726=CARTESIAN_POINT('',(0.19768042743903,0.0730619130225969,0.00487423044587291));
#1727=CARTESIAN_POINT('',(0.194585916307346,0.0736775176553288,0.00487423044588457));
#1728=CARTESIAN_POINT('',(0.1930383,0.073677517655322,0.00487423044587674));
#1729=CARTESIAN_POINT('',(0.204864531435874,0.0618546,0.00481204139425919));
#1730=CARTESIAN_POINT('',(0.204864531435875,0.0634026500802229,0.00481204139426369));
#1731=CARTESIAN_POINT('',(0.204248754258716,0.0664980285553866,0.00481204139425685));
#1732=CARTESIAN_POINT('',(0.201618441962754,0.0704347419627567,0.0048120413942606));
#1733=CARTESIAN_POINT('',(0.197681728555394,0.0730650542587129,0.00481204139425592));
#1734=CARTESIAN_POINT('',(0.194586350080207,0.0736808314358794,0.00481204139426589));
#1735=CARTESIAN_POINT('',(0.1930383,0.0736808314358736,0.00481204139425919));
#1736=CARTESIAN_POINT('',(0.204867900882699,0.0618546,0.00468941186692782));
#1737=CARTESIAN_POINT('',(0.204867900882699,0.0634030911397826,0.00468941186692994));
#1738=CARTESIAN_POINT('',(0.204251948262632,0.066499351528448,0.0046894118669267));
#1739=CARTESIAN_POINT('',(0.201620886556558,0.0704371865565611,0.00468941186692856));
#1740=CARTESIAN_POINT('',(0.197683051528456,0.07306824826263,0.00468941186692601));
#1741=CARTESIAN_POINT('',(0.194586791139766,0.0736842008827026,0.00468941186693155));
#1742=CARTESIAN_POINT('',(0.1930383,0.0736842008826993,0.00468941186692782));
#1743=CARTESIAN_POINT('',(0.20486795,0.0618546,0.00462898448916085));
#1744=CARTESIAN_POINT('',(0.20486795,0.0634030975692222,0.0046289844891619));
#1745=CARTESIAN_POINT('',(0.204251994822456,0.0664993708137696,0.00462898448916029));
#1746=CARTESIAN_POINT('',(0.201620922192037,0.0704372221920391,0.00462898448916122));
#1747=CARTESIAN_POINT('',(0.197683070813778,0.0730682948224546,0.00462898448915994));
#1748=CARTESIAN_POINT('',(0.194586797569205,0.0736842500000019,0.00462898448916272));
#1749=CARTESIAN_POINT('',(0.1930383,0.07368425,0.00462898448916085));
#1750=CARTESIAN_POINT('',(0.20486795,0.0618546,0.00456862915010152));
#1751=CARTESIAN_POINT('',(0.20486795,0.0634030975692222,0.00456862915010152));
#1752=CARTESIAN_POINT('',(0.204251994822456,0.0664993708137697,0.00456862915010152));
#1753=CARTESIAN_POINT('',(0.201620922192037,0.0704372221920389,0.00456862915010152));
#1754=CARTESIAN_POINT('',(0.197683070813778,0.0730682948224554,0.00456862915010152));
#1755=CARTESIAN_POINT('',(0.194586797569205,0.07368425,0.00456862915010152));
#1756=CARTESIAN_POINT('',(0.1930383,0.07368425,0.00456862915010152));
#1757=CARTESIAN_POINT('',(0.20486795,0.0618546,0.00456862915010152));
#1758=CARTESIAN_POINT('',(0.20486795,0.0618546,0.00481005050635817));
#1759=CARTESIAN_POINT('',(0.204842801942059,0.0618546,0.00532810049996927));
#1760=CARTESIAN_POINT('',(0.20444294782079,0.0618546,0.00607499782080085));
#1761=CARTESIAN_POINT('',(0.203696050499931,0.0618546,0.00647485194208406));
#1762=CARTESIAN_POINT('',(0.203178000506339,0.0618546,0.00650000000001934));
#1763=CARTESIAN_POINT('',(0.202936579150101,0.0618546,0.0065));
#1764=CARTESIAN_POINT('',(0.1930383,0.0717528791501015,0.0065));
#1765=CARTESIAN_POINT('',(0.1930383,0.0719943005063388,0.0065));
#1766=CARTESIAN_POINT('',(0.1930383,0.0725123504999315,0.0064748519420586));
#1767=CARTESIAN_POINT('',(0.1930383,0.0732592478207906,0.00607499782079056));
#1768=CARTESIAN_POINT('',(0.1930383,0.0736591019420587,0.00532810049993139));
#1769=CARTESIAN_POINT('',(0.1930383,0.07368425,0.00481005050633883));
#1770=CARTESIAN_POINT('',(0.1930383,0.07368425,0.00456862915010152));
#1771=CARTESIAN_POINT('',(0.1217351,0.07368425,0.00456862915010152));
#1772=CARTESIAN_POINT('',(0.1930383,0.07368425,0.00456862915010152));
#1773=CARTESIAN_POINT('',(0.1217351,0.07368425,0.00485833477758629));
#1774=CARTESIAN_POINT('',(0.1930383,0.07368425,0.00485833477758629));
#1775=CARTESIAN_POINT('',(0.1217351,0.07368425,0.00514804040507107));
#1776=CARTESIAN_POINT('',(0.1930383,0.07368425,0.00514804040507107));
#1777=CARTESIAN_POINT('',(0.1217351,0.0734911129150102,0.00585620971670051));
#1778=CARTESIAN_POINT('',(0.1930383,0.0734911129150102,0.00585620971670051));
#1779=CARTESIAN_POINT('',(0.1217351,0.0730404597167005,0.00630686291501015));
#1780=CARTESIAN_POINT('',(0.1930383,0.0730404597167005,0.00630686291501015));
#1781=CARTESIAN_POINT('',(0.1217351,0.0723322904050711,0.0065));
#1782=CARTESIAN_POINT('',(0.1930383,0.0723322904050711,0.0065));
#1783=CARTESIAN_POINT('',(0.1217351,0.0720425847775863,0.0065));
#1784=CARTESIAN_POINT('',(0.1930383,0.0720425847775863,0.0065));
#1785=CARTESIAN_POINT('',(0.1217351,0.0717528791501015,0.0065));
#1786=CARTESIAN_POINT('',(0.1930383,0.0717528791501015,0.0065));
#1787=CARTESIAN_POINT('',(0.1217351,0.07368425,0.00456862915010152));
#1788=CARTESIAN_POINT('',(0.1217351,0.07368425,0.00481005050633882));
#1789=CARTESIAN_POINT('',(0.1217351,0.0736591019420587,0.00532810049993138));
#1790=CARTESIAN_POINT('',(0.1217351,0.0732592478207906,0.00607499782079055));
#1791=CARTESIAN_POINT('',(0.1217351,0.0725123504999315,0.0064748519420586));
#1792=CARTESIAN_POINT('',(0.1217351,0.0719943005063389,0.0065));
#1793=CARTESIAN_POINT('',(0.1217351,0.0717528791501015,0.0065));
#1794=CARTESIAN_POINT('',(0.20486795,0.0618546,0.00456862915010152));
#1795=CARTESIAN_POINT('',(0.20486795,-0.04516735,0.00456862915010152));
#1796=CARTESIAN_POINT('',(0.20486795,0.0618546,0.0048583347776095));
#1797=CARTESIAN_POINT('',(0.20486795,-0.04516735,0.0048583347776095));
#1798=CARTESIAN_POINT('',(0.20486795,0.0618546,0.00514804040511748));
#1799=CARTESIAN_POINT('',(0.20486795,-0.04516735,0.00514804040511748));
#1800=CARTESIAN_POINT('',(0.20467481291501,0.0618546,0.00585620971670052));
#1801=CARTESIAN_POINT('',(0.20467481291501,-0.04516735,0.00585620971670052));
#1802=CARTESIAN_POINT('',(0.2042241597167,0.0618546,0.00630686291503338));
#1803=CARTESIAN_POINT('',(0.2042241597167,-0.04516735,0.00630686291503338));
#1804=CARTESIAN_POINT('',(0.203515990405071,0.0618546,0.00650000000002321));
#1805=CARTESIAN_POINT('',(0.203515990405071,-0.04516735,0.00650000000002321));
#1806=CARTESIAN_POINT('',(0.203226284777586,0.0618546,0.0065000000000232));
#1807=CARTESIAN_POINT('',(0.203226284777586,-0.04516735,0.0065000000000232));
#1808=CARTESIAN_POINT('',(0.202936579150101,0.0618546,0.0065));
#1809=CARTESIAN_POINT('',(0.202936579150101,-0.04516735,0.0065));
#1810=CARTESIAN_POINT('',(0.202936579150101,-0.04516735,0.0065));
#1811=CARTESIAN_POINT('',(0.203178000506339,-0.04516735,0.00650000000001934));
#1812=CARTESIAN_POINT('',(0.203696050499931,-0.04516735,0.00647485194208409));
#1813=CARTESIAN_POINT('',(0.20444294782079,-0.04516735,0.00607499782080088));
#1814=CARTESIAN_POINT('',(0.204842801942059,-0.04516735,0.0053281004999693));
#1815=CARTESIAN_POINT('',(0.20486795,-0.04516735,0.00481005050635818));
#1816=CARTESIAN_POINT('',(0.20486795,-0.04516735,0.00456862915010152));
#1817=CARTESIAN_POINT('',(0.1217351,0.0717528791501016,0.0065));
#1818=CARTESIAN_POINT('',(0.12043941828472,0.0717528791501105,0.0065));
#1819=CARTESIAN_POINT('',(0.11784865888779,0.0712374880530423,0.0065));
#1820=CARTESIAN_POINT('',(0.114553721827642,0.0690359781723583,0.0065));
#1821=CARTESIAN_POINT('',(0.112352211946958,0.0657410411122098,0.0065));
#1822=CARTESIAN_POINT('',(0.111836820849889,0.0631502817152796,0.0065));
#1823=CARTESIAN_POINT('',(0.111836820849898,0.0618546,0.0065));
#1824=CARTESIAN_POINT('',(0.1217351,0.0718132344891609,0.0065));
#1825=CARTESIAN_POINT('',(0.120431517789288,0.0718132344891679,0.0065));
#1826=CARTESIAN_POINT('',(0.117824961084615,0.0712947007645872,0.00649999999999996));
#1827=CARTESIAN_POINT('',(0.114509932952027,0.069079767047973,0.00650000000000015));
#1828=CARTESIAN_POINT('',(0.112294999235413,0.0657647389153841,0.00649999999999946));
#1829=CARTESIAN_POINT('',(0.111776465510832,0.0631581822107143,0.00650000000000117));
#1830=CARTESIAN_POINT('',(0.111776465510839,0.0618546,0.0065));
#1831=CARTESIAN_POINT('',(0.1217351,0.0718736618669279,0.00649995088269933));
#1832=CARTESIAN_POINT('',(0.120423607864012,0.0718736618669331,0.00649995088269945));
#1833=CARTESIAN_POINT('',(0.117801234996301,0.0713519817638738,0.00649995088269919));
#1834=CARTESIAN_POINT('',(0.114466091811045,0.0691236081889557,0.00649995088269966));
#1835=CARTESIAN_POINT('',(0.112237718236126,0.0657884650036967,0.00649995088269819));
#1836=CARTESIAN_POINT('',(0.111716038133067,0.0631660921359939,0.0064999508827018));
#1837=CARTESIAN_POINT('',(0.111716038133072,0.0618546,0.00649995088269933));
#1838=CARTESIAN_POINT('',(0.1217351,0.0719962913942592,0.00649658143587359));
#1839=CARTESIAN_POINT('',(0.120407555696371,0.071996291394261,0.00649658143587409));
#1840=CARTESIAN_POINT('',(0.11775308597672,0.0714682261240819,0.00649658143587318));
#1841=CARTESIAN_POINT('',(0.114377121900468,0.0692125780995335,0.0064965814358743));
#1842=CARTESIAN_POINT('',(0.112121473875918,0.0658366140232757,0.00649658143587115));
#1843=CARTESIAN_POINT('',(0.111593408605738,0.0631821443036383,0.00649658143587881));
#1844=CARTESIAN_POINT('',(0.111593408605741,0.0618546,0.00649658143587359));
#1845=CARTESIAN_POINT('',(0.1217351,0.0720584804458768,0.00649326765532194));
#1846=CARTESIAN_POINT('',(0.120399415168525,0.072058480445877,0.00649326765532269));
#1847=CARTESIAN_POINT('',(0.117728668188205,0.0715271770690503,0.00649326765532136));
#1848=CARTESIAN_POINT('',(0.114332002633667,0.0692576973663345,0.00649326765532286));
#1849=CARTESIAN_POINT('',(0.11206252293095,0.0658610318117896,0.00649326765531882));
#1850=CARTESIAN_POINT('',(0.111531219554121,0.0631902848314859,0.00649326765532862));
#1851=CARTESIAN_POINT('',(0.111531219554123,0.0618546,0.00649326765532194));
#1852=CARTESIAN_POINT('',(0.1217351,0.0722478767572478,0.00647527107635764));
#1853=CARTESIAN_POINT('',(0.120374623249262,0.0722478767572439,0.00647527107635922));
#1854=CARTESIAN_POINT('',(0.117654303988138,0.0717067117498091,0.00647527107635651));
#1855=CARTESIAN_POINT('',(0.114194592229719,0.0693951077702816,0.00647527107635922));
#1856=CARTESIAN_POINT('',(0.111882988250194,0.0659353960118556,0.00647527107635242));
#1857=CARTESIAN_POINT('',(0.111341823242749,0.0632150767507517,0.00647527107636875));
#1858=CARTESIAN_POINT('',(0.111341823242752,0.0618546,0.00647527107635764));
#1859=CARTESIAN_POINT('',(0.1217351,0.072378227524244,0.00645221868991137));
#1860=CARTESIAN_POINT('',(0.120357560373705,0.0723782275242382,0.00645221868991358));
#1861=CARTESIAN_POINT('',(0.117603123316005,0.0718302753143254,0.00645221868990984));
#1862=CARTESIAN_POINT('',(0.114100020421967,0.0694896795780327,0.0064522186899134));
#1863=CARTESIAN_POINT('',(0.11175942468568,0.0659865766839899,0.00645221868990474));
#1864=CARTESIAN_POINT('',(0.111211472475749,0.0632321396263062,0.00645221868992548));
#1865=CARTESIAN_POINT('',(0.111211472475756,0.0618546,0.00645221868991137));
#1866=CARTESIAN_POINT('',(0.1217351,0.0726364142524423,0.00637677451608721));
#1867=CARTESIAN_POINT('',(0.1203237638099,0.0726364142524342,0.00637677451609012));
#1868=CARTESIAN_POINT('',(0.117501749380205,0.0720750185803762,0.00637677451608518));
#1869=CARTESIAN_POINT('',(0.113912701342946,0.0696769986570511,0.00637677451608993));
#1870=CARTESIAN_POINT('',(0.111514681419636,0.0660879506197933,0.00637677451607833));
#1871=CARTESIAN_POINT('',(0.11095328574754,0.0632659361901049,0.00637677451610612));
#1872=CARTESIAN_POINT('',(0.110953285747558,0.0618546,0.00637677451608721));
#1873=CARTESIAN_POINT('',(0.1217351,0.0727638310793453,0.00632459229585883));
#1874=CARTESIAN_POINT('',(0.120307084986203,0.0727638310793369,0.00632459229586181));
#1875=CARTESIAN_POINT('',(0.117451720684616,0.072195800971414,0.00632459229585671));
#1876=CARTESIAN_POINT('',(0.113820258161091,0.0697694418389045,0.00632459229586178));
#1877=CARTESIAN_POINT('',(0.111393899028601,0.0661379793153846,0.00632459229584914));
#1878=CARTESIAN_POINT('',(0.11082586892063,0.0632826150137975,0.00632459229587949));
#1879=CARTESIAN_POINT('',(0.110825868920655,0.0618546,0.00632459229585883));
#1880=CARTESIAN_POINT('',(0.1217351,0.0729995941225458,0.00619162193949375));
#1881=CARTESIAN_POINT('',(0.12027622367591,0.0729995941225376,0.00619162193949603));
#1882=CARTESIAN_POINT('',(0.117359151140968,0.072419288125883,0.0061916219394919));
#1883=CARTESIAN_POINT('',(0.113649207865719,0.0699404921342749,0.00619162193949682));
#1884=CARTESIAN_POINT('',(0.111170411874136,0.0662305488590356,0.0061916219394833));
#1885=CARTESIAN_POINT('',(0.110590105877421,0.0633134763240855,0.0061916219395161));
#1886=CARTESIAN_POINT('',(0.110590105877454,0.0618546,0.00619162193949375));
#1887=CARTESIAN_POINT('',(0.1217351,0.0731075212045442,0.00611104337050656));
#1888=CARTESIAN_POINT('',(0.120262096053866,0.0731075212045365,0.00611104337050805));
#1889=CARTESIAN_POINT('',(0.117316774860986,0.0725215955788175,0.00611104337050507));
#1890=CARTESIAN_POINT('',(0.113570904841616,0.0700187951583779,0.00611104337050952));
#1891=CARTESIAN_POINT('',(0.111068104421202,0.0662729251390176,0.00611104337049618));
#1892=CARTESIAN_POINT('',(0.110482178795421,0.0633276039461294,0.00611104337052881));
#1893=CARTESIAN_POINT('',(0.110482178795456,0.0618546,0.00611104337050656));
#1894=CARTESIAN_POINT('',(0.1217351,0.0732952933705066,0.00592327120454421));
#1895=CARTESIAN_POINT('',(0.120237516734738,0.0732952933705008,0.00592327120454383));
#1896=CARTESIAN_POINT('',(0.117243048362221,0.0726995906813982,0.00592327120454361));
#1897=CARTESIAN_POINT('',(0.113434672784148,0.0701550272158469,0.00592327120454687));
#1898=CARTESIAN_POINT('',(0.11089010931862,0.0663466516377813,0.00592327120453414));
#1899=CARTESIAN_POINT('',(0.110294406629461,0.0633521832652604,0.00592327120456593));
#1900=CARTESIAN_POINT('',(0.110294406629493,0.0618546,0.00592327120454421));
#1901=CARTESIAN_POINT('',(0.1217351,0.0733758719394938,0.00581534412254576));
#1902=CARTESIAN_POINT('',(0.120226969024687,0.0733758719394895,0.00581534412254435));
#1903=CARTESIAN_POINT('',(0.117211410149302,0.0727759736244137,0.00581534412254564));
#1904=CARTESIAN_POINT('',(0.113376211594308,0.0702134884056874,0.00581534412254828));
#1905=CARTESIAN_POINT('',(0.110813726375602,0.0663782898506989,0.00581534412253577));
#1906=CARTESIAN_POINT('',(0.110213828060477,0.0633627309753128,0.00581534412256738));
#1907=CARTESIAN_POINT('',(0.110213828060506,0.0618546,0.00581534412254576));
#1908=CARTESIAN_POINT('',(0.1217351,0.0735088422958589,0.00557958107934526));
#1909=CARTESIAN_POINT('',(0.120209563245681,0.0735088422958583,0.00557958107934237));
#1910=CARTESIAN_POINT('',(0.117159200926684,0.0729020203795324,0.00557958107934582));
#1911=CARTESIAN_POINT('',(0.11327973922772,0.0703099607722774,0.00557958107934765));
#1912=CARTESIAN_POINT('',(0.110687679620478,0.0664304990733151,0.00557958107933511));
#1913=CARTESIAN_POINT('',(0.110080857704118,0.0633801367543213,0.00557958107936734));
#1914=CARTESIAN_POINT('',(0.110080857704141,0.0618546,0.00557958107934526));
#1915=CARTESIAN_POINT('',(0.1217351,0.0735610245160872,0.00545216425244224));
#1916=CARTESIAN_POINT('',(0.120202732609002,0.0735610245160888,0.00545216425243889));
#1917=CARTESIAN_POINT('',(0.117138712201024,0.0729514855363871,0.00545216425244299));
#1918=CARTESIAN_POINT('',(0.113241880095678,0.0703478199043201,0.00545216425244462));
#1919=CARTESIAN_POINT('',(0.110638214463621,0.066450987798975,0.00545216425243191));
#1920=CARTESIAN_POINT('',(0.110028675483894,0.0633869673910015,0.00545216425246473));
#1921=CARTESIAN_POINT('',(0.110028675483913,0.0618546,0.00545216425244224));
#1922=CARTESIAN_POINT('',(0.1217351,0.0736364686899114,0.005193977524244));
#1923=CARTESIAN_POINT('',(0.120192856989704,0.0736364686899164,0.00519397752424053));
#1924=CARTESIAN_POINT('',(0.117109089947058,0.0730230014258154,0.00519397752424486));
#1925=CARTESIAN_POINT('',(0.11318714400116,0.0704025559988396,0.00519397752424621));
#1926=CARTESIAN_POINT('',(0.110566698574188,0.0664806100529409,0.00519397752423428));
#1927=CARTESIAN_POINT('',(0.109953231310076,0.0633968430102986,0.0051939775242652));
#1928=CARTESIAN_POINT('',(0.109953231310089,0.0618546,0.005193977524244));
#1929=CARTESIAN_POINT('',(0.1217351,0.0736595210763576,0.00506362675724782));
#1930=CARTESIAN_POINT('',(0.120189839439362,0.0736595210763638,0.00506362675724469));
#1931=CARTESIAN_POINT('',(0.117100038702791,0.0730448535031407,0.00506362675724857));
#1932=CARTESIAN_POINT('',(0.11317041908339,0.0704192809166096,0.00506362675724984));
#1933=CARTESIAN_POINT('',(0.110544846496861,0.0664896612972081,0.00506362675723893));
#1934=CARTESIAN_POINT('',(0.109930178923632,0.0633998605606398,0.00506362675726718));
#1935=CARTESIAN_POINT('',(0.109930178923642,0.0618546,0.00506362675724782));
#1936=CARTESIAN_POINT('',(0.1217351,0.073677517655322,0.00487423044587675));
#1937=CARTESIAN_POINT('',(0.120187483692674,0.0736775176553277,0.00487423044587457));
#1938=CARTESIAN_POINT('',(0.11709297256096,0.0730619130225987,0.00487423044587727));
#1939=CARTESIAN_POINT('',(0.113157362244177,0.0704323377558229,0.00487423044587819));
#1940=CARTESIAN_POINT('',(0.110527786977402,0.0664967274390394,0.00487423044587044));
#1941=CARTESIAN_POINT('',(0.109912182344671,0.0634022163073266,0.00487423044589049));
#1942=CARTESIAN_POINT('',(0.109912182344678,0.0618546,0.00487423044587675));
#1943=CARTESIAN_POINT('',(0.1217351,0.0736808314358736,0.0048120413942592));
#1944=CARTESIAN_POINT('',(0.120187049919812,0.0736808314358788,0.0048120413942574));
#1945=CARTESIAN_POINT('',(0.117091671444597,0.0730650542587145,0.00481204139425962));
#1946=CARTESIAN_POINT('',(0.113154958037248,0.0704347419627523,0.00481204139426039));
#1947=CARTESIAN_POINT('',(0.110524645741286,0.0664980285554028,0.00481204139425396));
#1948=CARTESIAN_POINT('',(0.109908868564121,0.0634026500801881,0.00481204139427061));
#1949=CARTESIAN_POINT('',(0.109908868564126,0.0618546,0.0048120413942592));
#1950=CARTESIAN_POINT('',(0.1217351,0.0736842008826993,0.00468941186692782));
#1951=CARTESIAN_POINT('',(0.120186608860252,0.0736842008827026,0.00468941186692688));
#1952=CARTESIAN_POINT('',(0.117090348471536,0.0730682482626313,0.00468941186692804));
#1953=CARTESIAN_POINT('',(0.113152513443443,0.0704371865565568,0.00468941186692846));
#1954=CARTESIAN_POINT('',(0.110521451737369,0.0664993515284641,0.00468941186692504));
#1955=CARTESIAN_POINT('',(0.109905499117297,0.063403091139748,0.00468941186693389));
#1956=CARTESIAN_POINT('',(0.109905499117301,0.0618546,0.00468941186692782));
#1957=CARTESIAN_POINT('',(0.1217351,0.07368425,0.00462898448916085));
#1958=CARTESIAN_POINT('',(0.120186602430812,0.0736842500000019,0.00462898448916038));
#1959=CARTESIAN_POINT('',(0.117090329186214,0.0730682948224558,0.00462898448916096));
#1960=CARTESIAN_POINT('',(0.113152477807965,0.0704372221920348,0.00462898448916117));
#1961=CARTESIAN_POINT('',(0.110521405177544,0.0664993708137857,0.00462898448915945));
#1962=CARTESIAN_POINT('',(0.109905449999998,0.0634030975691876,0.00462898448916389));
#1963=CARTESIAN_POINT('',(0.10990545,0.0618546,0.00462898448916085));
#1964=CARTESIAN_POINT('',(0.1217351,0.07368425,0.00456862915010152));
#1965=CARTESIAN_POINT('',(0.120186602430812,0.07368425,0.00456862915010152));
#1966=CARTESIAN_POINT('',(0.117090329186214,0.0730682948224567,0.00456862915010152));
#1967=CARTESIAN_POINT('',(0.113152477807965,0.0704372221920346,0.00456862915010152));
#1968=CARTESIAN_POINT('',(0.110521405177543,0.0664993708137858,0.00456862915010152));
#1969=CARTESIAN_POINT('',(0.10990545,0.0634030975691876,0.00456862915010152));
#1970=CARTESIAN_POINT('',(0.10990545,0.0618546,0.00456862915010152));
#1971=CARTESIAN_POINT('',(0.111836820849898,0.0618546,0.0065));
#1972=CARTESIAN_POINT('',(0.111595399493661,0.0618546,0.00650000000001934));
#1973=CARTESIAN_POINT('',(0.111077349500068,0.0618546,0.00647485194208406));
#1974=CARTESIAN_POINT('',(0.110330452179209,0.0618546,0.00607499782080083));
#1975=CARTESIAN_POINT('',(0.109930598057941,0.0618546,0.00532810049996927));
#1976=CARTESIAN_POINT('',(0.10990545,0.0618546,0.00481005050635817));
#1977=CARTESIAN_POINT('',(0.10990545,0.0618546,0.00456862915010152));
#1978=CARTESIAN_POINT('',(0.1930383,-0.0550656291501015,0.0065));
#1979=CARTESIAN_POINT('',(0.194333981715301,-0.0550656291500925,0.0065));
#1980=CARTESIAN_POINT('',(0.196924741112202,-0.0545502380530499,0.0065));
#1981=CARTESIAN_POINT('',(0.200219678172355,-0.0523487281723587,0.0065));
#1982=CARTESIAN_POINT('',(0.202421188053062,-0.0490537911122006,0.0065));
#1983=CARTESIAN_POINT('',(0.202936579150065,-0.0464630317153009,0.0065));
#1984=CARTESIAN_POINT('',(0.202936579150101,-0.04516735,0.0065));
#1985=CARTESIAN_POINT('',(0.1930383,-0.0551259844891608,0.0065));
#1986=CARTESIAN_POINT('',(0.194341882210739,-0.05512598448915,0.00649999999999988));
#1987=CARTESIAN_POINT('',(0.196948438915374,-0.0546074507645948,0.00650000000000004));
#1988=CARTESIAN_POINT('',(0.200263467047972,-0.0523925170479734,0.00650000000000006));
#1989=CARTESIAN_POINT('',(0.202478400764601,-0.0490774889153749,0.00649999999999973));
#1990=CARTESIAN_POINT('',(0.202996934489136,-0.0464709322107355,0.00650000000000059));
#1991=CARTESIAN_POINT('',(0.202996934489161,-0.04516735,0.0065));
#1992=CARTESIAN_POINT('',(0.1930383,-0.0551864118669278,0.00649995088269933));
#1993=CARTESIAN_POINT('',(0.194349792136021,-0.0551864118669151,0.00649995088269899));
#1994=CARTESIAN_POINT('',(0.196972165003685,-0.0546647317638814,0.00649995088269945));
#1995=CARTESIAN_POINT('',(0.200307308188956,-0.0524363581889561,0.00649995088269944));
#1996=CARTESIAN_POINT('',(0.202535681763882,-0.0491012150036875,0.00649995088269879));
#1997=CARTESIAN_POINT('',(0.203057361866914,-0.046478842136015,0.00649995088270054));
#1998=CARTESIAN_POINT('',(0.203057361866928,-0.04516735,0.00649995088269933));
#1999=CARTESIAN_POINT('',(0.1930383,-0.0553090413942592,0.00649658143587359));
#2000=CARTESIAN_POINT('',(0.194365844303671,-0.055309041394244,0.00649658143587278));
#2001=CARTESIAN_POINT('',(0.197020314023261,-0.054780976124089,0.0064965814358739));
#2002=CARTESIAN_POINT('',(0.200396278099538,-0.0525253280995341,0.00649658143587374));
#2003=CARTESIAN_POINT('',(0.202651926124079,-0.0491493640232661,0.00649658143587268));
#2004=CARTESIAN_POINT('',(0.203179991394265,-0.0464948943036601,0.00649658143587562));
#2005=CARTESIAN_POINT('',(0.203179991394259,-0.04516735,0.00649658143587359));
#2006=CARTESIAN_POINT('',(0.1930383,-0.0553712304458768,0.00649326765532194));
#2007=CARTESIAN_POINT('',(0.194373984831521,-0.0553712304458609,0.00649326765532089));
#2008=CARTESIAN_POINT('',(0.197044731811773,-0.054839927069057,0.00649326765532236));
#2009=CARTESIAN_POINT('',(0.20044139736634,-0.0525704473663352,0.00649326765532209));
#2010=CARTESIAN_POINT('',(0.202710877069043,-0.0491737818117797,0.00649326765532094));
#2011=CARTESIAN_POINT('',(0.20324218044589,-0.0465030348315084,0.00649326765532418));
#2012=CARTESIAN_POINT('',(0.203242180445877,-0.04516735,0.00649326765532194));
#2013=CARTESIAN_POINT('',(0.1930383,-0.0555606267572478,0.00647527107635764));
#2014=CARTESIAN_POINT('',(0.194398776750794,-0.0555606267572321,0.00647527107635597));
#2015=CARTESIAN_POINT('',(0.197119096011835,-0.0550194617498137,0.00647527107635834));
#2016=CARTESIAN_POINT('',(0.200578807770291,-0.0527078577702832,0.0064752710763577));
#2017=CARTESIAN_POINT('',(0.202890411749791,-0.049248146011844,0.00647527107635668));
#2018=CARTESIAN_POINT('',(0.203431576757279,-0.0465278267507774,0.00647527107635981));
#2019=CARTESIAN_POINT('',(0.203431576757248,-0.04516735,0.00647527107635764));
#2020=CARTESIAN_POINT('',(0.1930383,-0.055690977524244,0.00645221868991137));
#2021=CARTESIAN_POINT('',(0.194415839626353,-0.0556909775242313,0.00645221868990947));
#2022=CARTESIAN_POINT('',(0.197170276683967,-0.0551430253143275,0.00645221868991221));
#2023=CARTESIAN_POINT('',(0.200673379578044,-0.0528024295780355,0.00645221868991127));
#2024=CARTESIAN_POINT('',(0.203013975314305,-0.0492993266839764,0.00645221868991089));
#2025=CARTESIAN_POINT('',(0.203561927524279,-0.0465448896263358,0.00645221868991252));
#2026=CARTESIAN_POINT('',(0.203561927524244,-0.04516735,0.00645221868991137));
#2027=CARTESIAN_POINT('',(0.1930383,-0.0559491642524423,0.00637677451608721));
#2028=CARTESIAN_POINT('',(0.194449636190158,-0.0559491642524378,0.00637677451608502));
#2029=CARTESIAN_POINT('',(0.197271650619767,-0.0553877685803732,0.00637677451608824));
#2030=CARTESIAN_POINT('',(0.200860698657063,-0.0529897486570564,0.0063767745160869));
#2031=CARTESIAN_POINT('',(0.203258718580356,-0.0494007006197749,0.00637677451608738));
#2032=CARTESIAN_POINT('',(0.203820114252474,-0.046578686190144,0.00637677451608697));
#2033=CARTESIAN_POINT('',(0.203820114252442,-0.04516735,0.00637677451608721));
#2034=CARTESIAN_POINT('',(0.1930383,-0.0560765810793453,0.00632459229585883));
#2035=CARTESIAN_POINT('',(0.194466315013854,-0.0560765810793457,0.00632459229585654));
#2036=CARTESIAN_POINT('',(0.197321679315357,-0.0555085509714083,0.00632459229585992));
#2037=CARTESIAN_POINT('',(0.200953141838916,-0.0530821918389111,0.00632459229585849));
#2038=CARTESIAN_POINT('',(0.203379500971396,-0.0494507293153635,0.00632459229585911));
#2039=CARTESIAN_POINT('',(0.203947531079372,-0.0465953650138422,0.00632459229585837));
#2040=CARTESIAN_POINT('',(0.203947531079345,-0.04516735,0.00632459229585883));
#2041=CARTESIAN_POINT('',(0.1930383,-0.0563123441225458,0.00619162193949375));
#2042=CARTESIAN_POINT('',(0.194497176324144,-0.0563123441225517,0.0061916219394911));
#2043=CARTESIAN_POINT('',(0.197414248859007,-0.0557320381258746,0.0061916219394949));
#2044=CARTESIAN_POINT('',(0.201124192134286,-0.0532532421342833,0.00619162193949372));
#2045=CARTESIAN_POINT('',(0.203602988125867,-0.0495432988590102,0.00619162193949273));
#2046=CARTESIAN_POINT('',(0.204183294122566,-0.0466262263241389,0.00619162193949611));
#2047=CARTESIAN_POINT('',(0.204183294122546,-0.04516735,0.00619162193949375));
#2048=CARTESIAN_POINT('',(0.1930383,-0.0564202712045442,0.00611104337050656));
#2049=CARTESIAN_POINT('',(0.194511303946188,-0.0564202712045506,0.00611104337050361));
#2050=CARTESIAN_POINT('',(0.197456625138989,-0.055834345578809,0.00611104337050774));
#2051=CARTESIAN_POINT('',(0.201202495158389,-0.0533315451583867,0.00611104337050688));
#2052=CARTESIAN_POINT('',(0.203705295578802,-0.0495856751389908,0.00611104337050406));
#2053=CARTESIAN_POINT('',(0.204291221204565,-0.0466403539461859,0.00611104337051212));
#2054=CARTESIAN_POINT('',(0.204291221204544,-0.04516735,0.00611104337050656));
#2055=CARTESIAN_POINT('',(0.1930383,-0.0566080433705066,0.0059232712045442));
#2056=CARTESIAN_POINT('',(0.194535883265315,-0.0566080433705092,0.00592327120454125));
#2057=CARTESIAN_POINT('',(0.197530351637755,-0.0560123406813922,0.00592327120454513));
#2058=CARTESIAN_POINT('',(0.201338727215857,-0.0534677772158552,0.00592327120454542));
#2059=CARTESIAN_POINT('',(0.203883290681382,-0.0496594016377539,0.00592327120453839));
#2060=CARTESIAN_POINT('',(0.204478993370531,-0.0466649332653187,0.00592327120455691));
#2061=CARTESIAN_POINT('',(0.204478993370506,-0.04516735,0.00592327120454421));
#2062=CARTESIAN_POINT('',(0.1930383,-0.0566886219394938,0.00581534412254575));
#2063=CARTESIAN_POINT('',(0.194546430975363,-0.0566886219394928,0.00581534412254332));
#2064=CARTESIAN_POINT('',(0.197561989850674,-0.0560887236244101,0.00581534412254632));
#2065=CARTESIAN_POINT('',(0.201397188405697,-0.0535262384056949,0.00581534412254746));
#2066=CARTESIAN_POINT('',(0.203959673624398,-0.0496910398506722,0.00581534412253838));
#2067=CARTESIAN_POINT('',(0.20455957193952,-0.0466754809753698,0.00581534412256177));
#2068=CARTESIAN_POINT('',(0.204559571939494,-0.04516735,0.00581534412254575));
#2069=CARTESIAN_POINT('',(0.1930383,-0.0568215922958588,0.00557958107934526));
#2070=CARTESIAN_POINT('',(0.194563836754361,-0.0568215922958512,0.00557958107934496));
#2071=CARTESIAN_POINT('',(0.197614199073296,-0.0562147703795338,0.00557958107934473));
#2072=CARTESIAN_POINT('',(0.201493660772286,-0.053622710772283,0.00557958107934755));
#2073=CARTESIAN_POINT('',(0.204085720379519,-0.0497432490732913,0.00557958107933662));
#2074=CARTESIAN_POINT('',(0.204692542295883,-0.0466928867543729,0.00557958107936382));
#2075=CARTESIAN_POINT('',(0.204692542295859,-0.04516735,0.00557958107934526));
#2076=CARTESIAN_POINT('',(0.1930383,-0.0568737745160872,0.00545216425244223));
#2077=CARTESIAN_POINT('',(0.194570667391034,-0.0568737745160765,0.00545216425244346));
#2078=CARTESIAN_POINT('',(0.197634687798959,-0.0562642355363911,0.00545216425244102));
#2079=CARTESIAN_POINT('',(0.201531519904327,-0.0536605699043244,0.00545216425244464));
#2080=CARTESIAN_POINT('',(0.204135185536377,-0.0497637377989533,0.00545216425243384));
#2081=CARTESIAN_POINT('',(0.204744724516108,-0.0466997173910491,0.00545216425246015));
#2082=CARTESIAN_POINT('',(0.204744724516087,-0.04516735,0.00545216425244223));
#2083=CARTESIAN_POINT('',(0.1930383,-0.0569492186899114,0.00519397752424399));
#2084=CARTESIAN_POINT('',(0.19458054301032,-0.0569492186898971,0.00519397752424745));
#2085=CARTESIAN_POINT('',(0.19766431005293,-0.0563357514258229,0.00519397752424189));
#2086=CARTESIAN_POINT('',(0.201586255998843,-0.0537153059988422,0.0051939775242462));
#2087=CARTESIAN_POINT('',(0.204206701425811,-0.0497933600529228,0.00519397752423735));
#2088=CARTESIAN_POINT('',(0.204820168689923,-0.0467095930103391,0.005193977524258));
#2089=CARTESIAN_POINT('',(0.204820168689911,-0.04516735,0.005193977524244));
#2090=CARTESIAN_POINT('',(0.1930383,-0.0569722710763576,0.00506362675724781));
#2091=CARTESIAN_POINT('',(0.194583560560656,-0.0569722710763429,0.00506362675725188));
#2092=CARTESIAN_POINT('',(0.1976733612972,-0.056357603503149,0.00506362675724553));
#2093=CARTESIAN_POINT('',(0.201602980916612,-0.0537320309166116,0.00506362675724969));
#2094=CARTESIAN_POINT('',(0.20422855350314,-0.0498024112971915,0.00506362675724261));
#2095=CARTESIAN_POINT('',(0.204843221076364,-0.0467126105606771,0.00506362675725866));
#2096=CARTESIAN_POINT('',(0.204843221076358,-0.04516735,0.00506362675724781));
#2097=CARTESIAN_POINT('',(0.1930383,-0.0569902676553219,0.00487423044587674));
#2098=CARTESIAN_POINT('',(0.194585916307339,-0.0569902676553098,0.00487423044588016));
#2099=CARTESIAN_POINT('',(0.197680427439033,-0.0563746630226057,0.00487423044587493));
#2100=CARTESIAN_POINT('',(0.201616037755824,-0.0537450877558251,0.00487423044587798));
#2101=CARTESIAN_POINT('',(0.2042456130226,-0.0498094774390239,0.00487423044587366));
#2102=CARTESIAN_POINT('',(0.204861217655324,-0.0467149663073613,0.00487423044588309));
#2103=CARTESIAN_POINT('',(0.204861217655322,-0.04516735,0.00487423044587675));
#2104=CARTESIAN_POINT('',(0.1930383,-0.0569935814358736,0.00481204139425919));
#2105=CARTESIAN_POINT('',(0.1945863500802,-0.0569935814358628,0.00481204139426214));
#2106=CARTESIAN_POINT('',(0.197681728555397,-0.0563778042587207,0.00481204139425765));
#2107=CARTESIAN_POINT('',(0.201618441962753,-0.0537474919627546,0.00481204139426018));
#2108=CARTESIAN_POINT('',(0.204248754258716,-0.0498107785553875,0.00481204139425681));
#2109=CARTESIAN_POINT('',(0.204864531435875,-0.0467154000802223,0.00481204139426408));
#2110=CARTESIAN_POINT('',(0.204864531435874,-0.04516735,0.0048120413942592));
#2111=CARTESIAN_POINT('',(0.1930383,-0.0569969508826993,0.00468941186692782));
#2112=CARTESIAN_POINT('',(0.194586791139759,-0.0569969508826928,0.00468941186692948));
#2113=CARTESIAN_POINT('',(0.197683051528459,-0.0563809982626347,0.00468941186692698));
#2114=CARTESIAN_POINT('',(0.201620886556558,-0.0537499365565598,0.00468941186692831));
#2115=CARTESIAN_POINT('',(0.204251948262632,-0.0498121015284488,0.00468941186692672));
#2116=CARTESIAN_POINT('',(0.204867900882699,-0.0467158411397815,0.00468941186693006));
#2117=CARTESIAN_POINT('',(0.204867900882699,-0.04516735,0.00468941186692782));
#2118=CARTESIAN_POINT('',(0.1930383,-0.056997,0.00462898448916085));
#2119=CARTESIAN_POINT('',(0.194586797569199,-0.0569969999999963,0.00462898448916167));
#2120=CARTESIAN_POINT('',(0.197683070813781,-0.0563810448224572,0.00462898448916044));
#2121=CARTESIAN_POINT('',(0.201620922192036,-0.0537499721920383,0.00462898448916108));
#2122=CARTESIAN_POINT('',(0.204251994822456,-0.0498121208137703,0.00462898448916033));
#2123=CARTESIAN_POINT('',(0.20486795,-0.0467158475692212,0.0046289844891619));
#2124=CARTESIAN_POINT('',(0.20486795,-0.04516735,0.00462898448916085));
#2125=CARTESIAN_POINT('',(0.1930383,-0.056997,0.00456862915010152));
#2126=CARTESIAN_POINT('',(0.194586797569199,-0.056997,0.00456862915010152));
#2127=CARTESIAN_POINT('',(0.197683070813781,-0.0563810448224555,0.00456862915010153));
#2128=CARTESIAN_POINT('',(0.201620922192036,-0.0537499721920388,0.00456862915010152));
#2129=CARTESIAN_POINT('',(0.204251994822456,-0.0498121208137702,0.00456862915010152));
#2130=CARTESIAN_POINT('',(0.20486795,-0.0467158475692212,0.00456862915010152));
#2131=CARTESIAN_POINT('',(0.20486795,-0.04516735,0.00456862915010152));
#2132=CARTESIAN_POINT('',(0.1930383,-0.056997,0.00456862915010152));
#2133=CARTESIAN_POINT('',(0.1930383,-0.0569969999997939,0.0048100505063646));
#2134=CARTESIAN_POINT('',(0.1930383,-0.05697185194178,0.00532810049998711));
#2135=CARTESIAN_POINT('',(0.1930383,-0.0565719978207938,0.00607499782075564));
#2136=CARTESIAN_POINT('',(0.1930383,-0.0558251005000117,0.00647485194203824));
#2137=CARTESIAN_POINT('',(0.1930383,-0.0553070505063388,0.00649999999999678));
#2138=CARTESIAN_POINT('',(0.1930383,-0.0550656291501015,0.0065));
#2139=CARTESIAN_POINT('',(0.10990545,-0.04516735,0.00456862915010152));
#2140=CARTESIAN_POINT('',(0.10990545,0.0618546,0.00456862915010152));
#2141=CARTESIAN_POINT('',(0.10990545,-0.04516735,0.0048583347776095));
#2142=CARTESIAN_POINT('',(0.10990545,0.0618546,0.0048583347776095));
#2143=CARTESIAN_POINT('',(0.10990545,-0.04516735,0.00514804040511748));
#2144=CARTESIAN_POINT('',(0.10990545,0.0618546,0.00514804040511748));
#2145=CARTESIAN_POINT('',(0.11009858708499,-0.04516735,0.00585620971670051));
#2146=CARTESIAN_POINT('',(0.11009858708499,0.0618546,0.00585620971670051));
#2147=CARTESIAN_POINT('',(0.110549240283299,-0.04516735,0.00630686291503335));
#2148=CARTESIAN_POINT('',(0.110549240283299,0.0618546,0.00630686291503335));
#2149=CARTESIAN_POINT('',(0.111257409594929,-0.04516735,0.0065000000000232));
#2150=CARTESIAN_POINT('',(0.111257409594929,0.0618546,0.0065000000000232));
#2151=CARTESIAN_POINT('',(0.111547115222414,-0.04516735,0.0065000000000232));
#2152=CARTESIAN_POINT('',(0.111547115222414,0.0618546,0.0065000000000232));
#2153=CARTESIAN_POINT('',(0.111836820849898,-0.04516735,0.0065));
#2154=CARTESIAN_POINT('',(0.111836820849898,0.0618546,0.0065));
#2155=CARTESIAN_POINT('',(0.10990545,-0.04516735,0.00456862915010152));
#2156=CARTESIAN_POINT('',(0.10990545,-0.04516735,0.00481005050635817));
#2157=CARTESIAN_POINT('',(0.109930598057941,-0.04516735,0.00532810049996928));
#2158=CARTESIAN_POINT('',(0.110330452179209,-0.04516735,0.00607499782080085));
#2159=CARTESIAN_POINT('',(0.111077349500069,-0.04516735,0.00647485194208406));
#2160=CARTESIAN_POINT('',(0.111595399493661,-0.04516735,0.00650000000001934));
#2161=CARTESIAN_POINT('',(0.111836820849898,-0.04516735,0.0065));
#2162=CARTESIAN_POINT('',(0.1930383,-0.056997,0.00456862915010152));
#2163=CARTESIAN_POINT('',(0.1217351,-0.056997,0.00456862915010152));
#2164=CARTESIAN_POINT('',(0.1930383,-0.0569969999997526,0.00485833477761721));
#2165=CARTESIAN_POINT('',(0.1217351,-0.0569969999997526,0.00485833477761721));
#2166=CARTESIAN_POINT('',(0.1930383,-0.0569969999997526,0.0051480404051329));
#2167=CARTESIAN_POINT('',(0.1217351,-0.0569969999997526,0.0051480404051329));
#2168=CARTESIAN_POINT('',(0.1930383,-0.0568038629147628,0.00585620971670051));
#2169=CARTESIAN_POINT('',(0.1217351,-0.0568038629147628,0.00585620971670051));
#2170=CARTESIAN_POINT('',(0.1930383,-0.0563532097169478,0.00630686291494444));
#2171=CARTESIAN_POINT('',(0.1217351,-0.0563532097169478,0.00630686291494444));
#2172=CARTESIAN_POINT('',(0.1930383,-0.0556450404050711,0.00649999999999613));
#2173=CARTESIAN_POINT('',(0.1217351,-0.0556450404050711,0.00649999999999613));
#2174=CARTESIAN_POINT('',(0.1930383,-0.0553553347775863,0.00649999999999613));
#2175=CARTESIAN_POINT('',(0.1217351,-0.0553553347775863,0.00649999999999613));
#2176=CARTESIAN_POINT('',(0.1930383,-0.0550656291501015,0.0065));
#2177=CARTESIAN_POINT('',(0.1217351,-0.0550656291501015,0.0065));
#2178=CARTESIAN_POINT('',(0.1217351,-0.0550656291501015,0.0065));
#2179=CARTESIAN_POINT('',(0.1217351,-0.0553070505063388,0.00649999999999678));
#2180=CARTESIAN_POINT('',(0.1217351,-0.0558251005000117,0.00647485194203824));
#2181=CARTESIAN_POINT('',(0.1217351,-0.0565719978207938,0.00607499782075564));
#2182=CARTESIAN_POINT('',(0.1217351,-0.05697185194178,0.00532810049998712));
#2183=CARTESIAN_POINT('',(0.1217351,-0.0569969999997939,0.0048100505063646));
#2184=CARTESIAN_POINT('',(0.1217351,-0.056997,0.00456862915010152));
#2185=CARTESIAN_POINT('',(0.111836820849898,-0.04516735,0.0065));
#2186=CARTESIAN_POINT('',(0.111836820849889,-0.0464630317152931,0.0065));
#2187=CARTESIAN_POINT('',(0.112352211946958,-0.0490537911122037,0.0065));
#2188=CARTESIAN_POINT('',(0.114553721827639,-0.0523487281723594,0.0065));
#2189=CARTESIAN_POINT('',(0.1178486588878,-0.0545502380530439,0.0065));
#2190=CARTESIAN_POINT('',(0.120439418284699,-0.055065629150106,0.0065));
#2191=CARTESIAN_POINT('',(0.1217351,-0.0550656291501015,0.0065));
#2192=CARTESIAN_POINT('',(0.111776465510839,-0.04516735,0.0065));
#2193=CARTESIAN_POINT('',(0.111776465510832,-0.0464709322107278,0.00650000000000117));
#2194=CARTESIAN_POINT('',(0.112294999235413,-0.049077488915378,0.00649999999999946));
#2195=CARTESIAN_POINT('',(0.114509932952025,-0.0523925170479741,0.00650000000000015));
#2196=CARTESIAN_POINT('',(0.117824961084624,-0.0546074507645889,0.00649999999999996));
#2197=CARTESIAN_POINT('',(0.120431517789269,-0.0551259844891635,0.0065));
#2198=CARTESIAN_POINT('',(0.1217351,-0.0551259844891608,0.0065));
#2199=CARTESIAN_POINT('',(0.111716038133072,-0.04516735,0.00649995088269933));
#2200=CARTESIAN_POINT('',(0.111716038133067,-0.0464788421360074,0.0064999508827018));
#2201=CARTESIAN_POINT('',(0.112237718236127,-0.0491012150036905,0.00649995088269819));
#2202=CARTESIAN_POINT('',(0.114466091811043,-0.0524363581889568,0.00649995088269963));
#2203=CARTESIAN_POINT('',(0.117801234996309,-0.0546647317638754,0.0064999508826993));
#2204=CARTESIAN_POINT('',(0.120423607863994,-0.0551864118669286,0.00649995088269922));
#2205=CARTESIAN_POINT('',(0.1217351,-0.0551864118669278,0.00649995088269933));
#2206=CARTESIAN_POINT('',(0.111593408605741,-0.04516735,0.00649658143587359));
#2207=CARTESIAN_POINT('',(0.111593408605738,-0.0464948943036521,0.00649658143587881));
#2208=CARTESIAN_POINT('',(0.112121473875919,-0.0491493640232694,0.00649658143587118));
#2209=CARTESIAN_POINT('',(0.114377121900466,-0.0525253280995347,0.0064965814358742));
#2210=CARTESIAN_POINT('',(0.117753085976726,-0.0547809761240832,0.00649658143587356));
#2211=CARTESIAN_POINT('',(0.120407555696357,-0.0553090413942571,0.00649658143587326));
#2212=CARTESIAN_POINT('',(0.1217351,-0.0553090413942592,0.00649658143587359));
#2213=CARTESIAN_POINT('',(0.111531219554123,-0.04516735,0.00649326765532194));
#2214=CARTESIAN_POINT('',(0.111531219554121,-0.0465030348315,0.00649326765532862));
#2215=CARTESIAN_POINT('',(0.112062522930951,-0.0491737818117832,0.00649326765531886));
#2216=CARTESIAN_POINT('',(0.114332002633665,-0.0525704473663357,0.00649326765532272));
#2217=CARTESIAN_POINT('',(0.117728668188211,-0.0548399270690515,0.00649326765532191));
#2218=CARTESIAN_POINT('',(0.120399415168513,-0.0553712304458735,0.00649326765532149));
#2219=CARTESIAN_POINT('',(0.1217351,-0.0553712304458768,0.00649326765532194));
#2220=CARTESIAN_POINT('',(0.111341823242752,-0.04516735,0.00647527107635764));
#2221=CARTESIAN_POINT('',(0.111341823242749,-0.0465278267507671,0.00647527107636875));
#2222=CARTESIAN_POINT('',(0.111882988250194,-0.0492481460118484,0.0064752710763525));
#2223=CARTESIAN_POINT('',(0.114194592229718,-0.0527078577702833,0.00647527107635894));
#2224=CARTESIAN_POINT('',(0.117654303988142,-0.0550194617498091,0.00647527107635755));
#2225=CARTESIAN_POINT('',(0.120374623249254,-0.0555606267572429,0.00647527107635698));
#2226=CARTESIAN_POINT('',(0.1217351,-0.0555606267572478,0.00647527107635764));
#2227=CARTESIAN_POINT('',(0.111211472475756,-0.04516735,0.00645221868991137));
#2228=CARTESIAN_POINT('',(0.111211472475749,-0.0465448896263233,0.00645221868992548));
#2229=CARTESIAN_POINT('',(0.11175942468568,-0.0492993266839819,0.00645221868990483));
#2230=CARTESIAN_POINT('',(0.114100020421966,-0.052802429578035,0.00645221868991306));
#2231=CARTESIAN_POINT('',(0.117603123316008,-0.055143025314324,0.00645221868991114));
#2232=CARTESIAN_POINT('',(0.120357560373699,-0.0556909775242399,0.00645221868991076));
#2233=CARTESIAN_POINT('',(0.1217351,-0.055690977524244,0.00645221868991137));
#2234=CARTESIAN_POINT('',(0.110953285747558,-0.04516735,0.00637677451608721));
#2235=CARTESIAN_POINT('',(0.11095328574754,-0.046578686190126,0.00637677451610612));
#2236=CARTESIAN_POINT('',(0.111514681419636,-0.0494007006197831,0.00637677451607844));
#2237=CARTESIAN_POINT('',(0.113912701342946,-0.0529897486570547,0.00637677451608954));
#2238=CARTESIAN_POINT('',(0.117501749380206,-0.0553877685803721,0.00637677451608668));
#2239=CARTESIAN_POINT('',(0.120323763809898,-0.0559491642524415,0.0063767745160869));
#2240=CARTESIAN_POINT('',(0.1217351,-0.0559491642524423,0.00637677451608721));
#2241=CARTESIAN_POINT('',(0.110825868920655,-0.04516735,0.00632459229585883));
#2242=CARTESIAN_POINT('',(0.11082586892063,-0.046595365013821,0.00632459229587949));
#2243=CARTESIAN_POINT('',(0.111393899028601,-0.0494507293153732,0.00632459229584924));
#2244=CARTESIAN_POINT('',(0.113820258161091,-0.0530821918389087,0.00632459229586141));
#2245=CARTESIAN_POINT('',(0.117451720684616,-0.0555085509714085,0.00632459229585814));
#2246=CARTESIAN_POINT('',(0.120307084986203,-0.0560765810793469,0.00632459229585872));
#2247=CARTESIAN_POINT('',(0.1217351,-0.0560765810793453,0.00632459229585883));
#2248=CARTESIAN_POINT('',(0.110590105877454,-0.04516735,0.00619162193949375));
#2249=CARTESIAN_POINT('',(0.110590105877421,-0.0466262263241132,0.0061916219395161));
#2250=CARTESIAN_POINT('',(0.111170411874136,-0.0495432988590222,0.00619162193948337));
#2251=CARTESIAN_POINT('',(0.11364920786572,-0.0532532421342798,0.00619162193949654));
#2252=CARTESIAN_POINT('',(0.117359151140966,-0.0557320381258763,0.00619162193949298));
#2253=CARTESIAN_POINT('',(0.120276223675913,-0.0563123441225498,0.00619162193949367));
#2254=CARTESIAN_POINT('',(0.1217351,-0.0563123441225458,0.00619162193949375));
#2255=CARTESIAN_POINT('',(0.110482178795456,-0.04516735,0.00611104337050656));
#2256=CARTESIAN_POINT('',(0.110482178795421,-0.0466403539461587,0.0061110433705288));
#2257=CARTESIAN_POINT('',(0.111068104421202,-0.0495856751390035,0.00611104337049624));
#2258=CARTESIAN_POINT('',(0.113570904841617,-0.0533315451583831,0.00611104337050931));
#2259=CARTESIAN_POINT('',(0.117316774860984,-0.055834345578811,0.0061110433705059));
#2260=CARTESIAN_POINT('',(0.120262096053871,-0.0564202712045482,0.00611104337050627));
#2261=CARTESIAN_POINT('',(0.1217351,-0.0564202712045442,0.00611104337050656));
#2262=CARTESIAN_POINT('',(0.110294406629493,-0.04516735,0.00592327120454421));
#2263=CARTESIAN_POINT('',(0.110294406629461,-0.0466649332652917,0.00592327120456592));
#2264=CARTESIAN_POINT('',(0.11089010931862,-0.0496594016377664,0.00592327120453415));
#2265=CARTESIAN_POINT('',(0.113434672784149,-0.0534677772158518,0.00592327120454684));
#2266=CARTESIAN_POINT('',(0.117243048362218,-0.0560123406813936,0.00592327120454376));
#2267=CARTESIAN_POINT('',(0.120237516734743,-0.0566080433705082,0.00592327120454351));
#2268=CARTESIAN_POINT('',(0.1217351,-0.0566080433705066,0.00592327120454421));
#2269=CARTESIAN_POINT('',(0.110213828060506,-0.04516735,0.00581534412254576));
#2270=CARTESIAN_POINT('',(0.110213828060477,-0.0466754809753443,0.00581534412256738));
#2271=CARTESIAN_POINT('',(0.110813726375602,-0.049691039850684,0.00581534412253575));
#2272=CARTESIAN_POINT('',(0.113376211594309,-0.0535262384056918,0.00581534412254837));
#2273=CARTESIAN_POINT('',(0.1172114101493,-0.0560887236244106,0.00581534412254533));
#2274=CARTESIAN_POINT('',(0.120226969024692,-0.0566886219394936,0.00581534412254501));
#2275=CARTESIAN_POINT('',(0.1217351,-0.0566886219394938,0.00581534412254576));
#2276=CARTESIAN_POINT('',(0.110080857704141,-0.04516735,0.00557958107934526));
#2277=CARTESIAN_POINT('',(0.110080857704118,-0.0466928867543522,0.00557958107936733));
#2278=CARTESIAN_POINT('',(0.110687679620478,-0.0497432490733007,0.00557958107933502));
#2279=CARTESIAN_POINT('',(0.11327973922772,-0.053622710772281,0.00557958107934799));
#2280=CARTESIAN_POINT('',(0.117159200926684,-0.0562147703795323,0.00557958107934457));
#2281=CARTESIAN_POINT('',(0.120209563245681,-0.0568215922958559,0.00557958107934505));
#2282=CARTESIAN_POINT('',(0.1217351,-0.0568215922958588,0.00557958107934526));
#2283=CARTESIAN_POINT('',(0.110028675483913,-0.04516735,0.00545216425244224));
#2284=CARTESIAN_POINT('',(0.110028675483894,-0.0466997173910316,0.00545216425246472));
#2285=CARTESIAN_POINT('',(0.110638214463621,-0.0497637377989611,0.00545216425243179));
#2286=CARTESIAN_POINT('',(0.113241880095677,-0.0536605699043232,0.00545216425244509));
#2287=CARTESIAN_POINT('',(0.117138712201026,-0.0562642355363885,0.00545216425244127));
#2288=CARTESIAN_POINT('',(0.120202732608997,-0.0568737745160834,0.00545216425244257));
#2289=CARTESIAN_POINT('',(0.1217351,-0.0568737745160872,0.00545216425244224));
#2290=CARTESIAN_POINT('',(0.109953231310089,-0.04516735,0.005193977524244));
#2291=CARTESIAN_POINT('',(0.109953231310076,-0.0467095930103272,0.0051939775242652));
#2292=CARTESIAN_POINT('',(0.110566698574188,-0.0497933600529279,0.00519397752423412));
#2293=CARTESIAN_POINT('',(0.113187144001158,-0.053715305998842,0.00519397752424681));
#2294=CARTESIAN_POINT('',(0.117109089947064,-0.0563357514258188,0.00519397752424267));
#2295=CARTESIAN_POINT('',(0.120192856989692,-0.0569492186899069,0.00519397752424525));
#2296=CARTESIAN_POINT('',(0.1217351,-0.0569492186899114,0.005193977524244));
#2297=CARTESIAN_POINT('',(0.109930178923642,-0.04516735,0.00506362675724782));
#2298=CARTESIAN_POINT('',(0.109930178923632,-0.0467126105606676,0.00506362675726717));
#2299=CARTESIAN_POINT('',(0.110544846496862,-0.0498024112971954,0.00506362675723878));
#2300=CARTESIAN_POINT('',(0.113170419083388,-0.0537320309166118,0.00506362675725043));
#2301=CARTESIAN_POINT('',(0.117100038702799,-0.0563576035031445,0.0050636267572464));
#2302=CARTESIAN_POINT('',(0.120189839439346,-0.0569722710763534,0.00506362675724938));
#2303=CARTESIAN_POINT('',(0.1217351,-0.0569722710763576,0.00506362675724782));
#2304=CARTESIAN_POINT('',(0.109912182344678,-0.04516735,0.00487423044587675));
#2305=CARTESIAN_POINT('',(0.109912182344671,-0.0467149663073537,0.00487423044589049));
#2306=CARTESIAN_POINT('',(0.110527786977403,-0.049809477439027,0.00487423044587032));
#2307=CARTESIAN_POINT('',(0.113157362244174,-0.0537450877558253,0.00487423044587863));
#2308=CARTESIAN_POINT('',(0.117092972560969,-0.0563746630226018,0.00487423044587562));
#2309=CARTESIAN_POINT('',(0.120187483692655,-0.0569902676553187,0.00487423044587812));
#2310=CARTESIAN_POINT('',(0.1217351,-0.0569902676553219,0.00487423044587675));
#2311=CARTESIAN_POINT('',(0.109908868564126,-0.04516735,0.0048120413942592));
#2312=CARTESIAN_POINT('',(0.109908868564121,-0.0467154000802152,0.0048120413942706));
#2313=CARTESIAN_POINT('',(0.110524645741286,-0.0498107785553904,0.00481204139425385));
#2314=CARTESIAN_POINT('',(0.113154958037245,-0.0537474919627547,0.00481204139426077));
#2315=CARTESIAN_POINT('',(0.117091671444606,-0.0563778042587172,0.00481204139425823));
#2316=CARTESIAN_POINT('',(0.120187049919793,-0.0569935814358708,0.0048120413942604));
#2317=CARTESIAN_POINT('',(0.1217351,-0.0569935814358736,0.0048120413942592));
#2318=CARTESIAN_POINT('',(0.109905499117301,-0.04516735,0.00468941186692782));
#2319=CARTESIAN_POINT('',(0.109905499117297,-0.0467158411397749,0.00468941186693388));
#2320=CARTESIAN_POINT('',(0.110521451737369,-0.0498121015284516,0.00468941186692499));
#2321=CARTESIAN_POINT('',(0.113152513443441,-0.0537499365565595,0.00468941186692867));
#2322=CARTESIAN_POINT('',(0.117090348471545,-0.0563809982626326,0.00468941186692728));
#2323=CARTESIAN_POINT('',(0.120186608860232,-0.0569969508826977,0.00468941186692852));
#2324=CARTESIAN_POINT('',(0.1217351,-0.0569969508826993,0.00468941186692782));
#2325=CARTESIAN_POINT('',(0.10990545,-0.04516735,0.00462898448916085));
#2326=CARTESIAN_POINT('',(0.109905449999998,-0.0467158475692145,0.00462898448916389));
#2327=CARTESIAN_POINT('',(0.110521405177545,-0.0498121208137732,0.00462898448915943));
#2328=CARTESIAN_POINT('',(0.113152477807963,-0.0537499721920378,0.00462898448916127));
#2329=CARTESIAN_POINT('',(0.117090329186224,-0.0563810448224561,0.00462898448916058));
#2330=CARTESIAN_POINT('',(0.120186602430792,-0.0569969999999991,0.0046289844891612));
#2331=CARTESIAN_POINT('',(0.1217351,-0.056997,0.00462898448916085));
#2332=CARTESIAN_POINT('',(0.10990545,-0.04516735,0.00456862915010152));
#2333=CARTESIAN_POINT('',(0.10990545,-0.0467158475692145,0.00456862915010152));
#2334=CARTESIAN_POINT('',(0.110521405177544,-0.0498121208137732,0.00456862915010152));
#2335=CARTESIAN_POINT('',(0.113152477807963,-0.0537499721920379,0.00456862915010152));
#2336=CARTESIAN_POINT('',(0.117090329186223,-0.0563810448224557,0.00456862915010152));
#2337=CARTESIAN_POINT('',(0.120186602430792,-0.056997,0.00456862915010152));
#2338=CARTESIAN_POINT('',(0.1217351,-0.056997,0.00456862915010152));
#2339=CARTESIAN_POINT('',(0.20186795,0.035,0.004575));
#2340=CARTESIAN_POINT('',(0.20186795,0.035,0.004575));
#2341=CARTESIAN_POINT('',(0.20340295,0.035,0.004575));
#2342=CARTESIAN_POINT('',(-0.00107642500000007,0.008343625,0.004575));
#2343=CARTESIAN_POINT('',(0.18259099473783,0.07068425,0.004575));
#2344=CARTESIAN_POINT('',(0.18259099473783,0.07068425,0.004575));
#2345=CARTESIAN_POINT('',(0.18412599473783,0.07068425,0.004575));
#2346=CARTESIAN_POINT('',(-0.00107642500000007,0.008343625,0.004575));
#2347=CARTESIAN_POINT('',(0.13218240526217,-0.053997,0.004575));
#2348=CARTESIAN_POINT('',(0.13218240526217,-0.053997,0.004575));
#2349=CARTESIAN_POINT('',(0.13371740526217,-0.053997,0.004575));
#2350=CARTESIAN_POINT('',(-0.00107642500000007,0.008343625,0.004575));
#2351=CARTESIAN_POINT('',(0.18259099473783,-0.053997,0.004575));
#2352=CARTESIAN_POINT('',(0.18259099473783,-0.053997,0.004575));
#2353=CARTESIAN_POINT('',(0.18412599473783,-0.053997,0.004575));
#2354=CARTESIAN_POINT('',(-0.00107642500000007,0.008343625,0.004575));
#2355=CARTESIAN_POINT('',(0.20186795,-0.02,0.004575));
#2356=CARTESIAN_POINT('',(0.20186795,-0.02,0.004575));
#2357=CARTESIAN_POINT('',(0.20340295,-0.02,0.004575));
#2358=CARTESIAN_POINT('',(-0.00107642500000007,0.008343625,0.004575));
#2359=CARTESIAN_POINT('',(0.11290545,0.035,0.004575));
#2360=CARTESIAN_POINT('',(0.11290545,0.035,0.004575));
#2361=CARTESIAN_POINT('',(0.11444045,0.035,0.004575));
#2362=CARTESIAN_POINT('',(-0.00107642500000007,0.008343625,0.004575));
#2363=CARTESIAN_POINT('',(0.11290545,-0.02,0.004575));
#2364=CARTESIAN_POINT('',(0.11290545,-0.02,0.004575));
#2365=CARTESIAN_POINT('',(0.11444045,-0.02,0.004575));
#2366=CARTESIAN_POINT('',(-0.00107642500000007,0.008343625,0.004575));
#2367=CARTESIAN_POINT('',(0.13218240526217,0.07068425,0.004575));
#2368=CARTESIAN_POINT('',(0.13218240526217,0.07068425,0.004575));
#2369=CARTESIAN_POINT('',(0.13371740526217,0.07068425,0.004575));
#2370=CARTESIAN_POINT('',(-0.00107642500000007,0.008343625,0.004575));
#2371=CARTESIAN_POINT('',(0.154804504871368,0.0598753107190132,0.0015));
#2372=CARTESIAN_POINT('',(0.154804504871368,0.0563152602126744,0.0015));
#2373=CARTESIAN_POINT('',(0.154804504871368,0.0563152602126744,0.0049));
#2374=CARTESIAN_POINT('',(0.154804504871368,0.0563152602126744,0.00540808929720139));
#2375=CARTESIAN_POINT('',(0.154804504871368,0.0598753107190132,0.00540808929720139));
#2376=CARTESIAN_POINT('',(0.154804504871368,0.0634353612253521,0.00540808929720139));
#2377=CARTESIAN_POINT('',(0.154804504871368,0.0634353612253521,0.0015));
#2378=CARTESIAN_POINT('',(0.154804504871368,0.0634353612253521,0.0049));
#2379=CARTESIAN_POINT('',(0.154804504871368,0.0598753107190132,0.0049));
#2380=CARTESIAN_POINT('',(0.153114555377708,0.063435361225352,0.0015));
#2381=CARTESIAN_POINT('',(0.153114555377708,0.063435361225352,0.00540808929720139));
#2382=CARTESIAN_POINT('',(0.153114555377708,0.0651253107190132,0.00540808929720139));
#2383=CARTESIAN_POINT('',(0.153114555377708,0.0651253107190132,0.0015));
#2384=CARTESIAN_POINT('',(0.153114555377708,0.0651253107190132,0.0049));
#2385=CARTESIAN_POINT('',(0.153114555377708,0.063435361225352,0.0049));
#2386=CARTESIAN_POINT('',(0.141804504871368,0.0651253107190132,0.0015));
#2387=CARTESIAN_POINT('',(0.141804504871368,0.0651253107190132,0.00540808929720139));
#2388=CARTESIAN_POINT('',(0.13049445436503,0.0651253107190132,0.00540808929720139));
#2389=CARTESIAN_POINT('',(0.13049445436503,0.0651253107190132,0.0015));
#2390=CARTESIAN_POINT('',(0.13049445436503,0.0651253107190132,0.0049));
#2391=CARTESIAN_POINT('',(0.141804504871368,0.0651253107190132,0.0049));
#2392=CARTESIAN_POINT('',(0.13049445436503,0.0634353612253521,0.0015));
#2393=CARTESIAN_POINT('',(0.13049445436503,0.0634353612253521,0.00540808929720139));
#2394=CARTESIAN_POINT('',(0.128804504871368,0.0634353612253521,0.00540808929720139));
#2395=CARTESIAN_POINT('',(0.128804504871368,0.0634353612253521,0.0015));
#2396=CARTESIAN_POINT('',(0.128804504871368,0.0634353612253521,0.0049));
#2397=CARTESIAN_POINT('',(0.13049445436503,0.0634353612253521,0.0049));
#2398=CARTESIAN_POINT('',(0.128804504871368,0.0598753107190132,0.0015));
#2399=CARTESIAN_POINT('',(0.128804504871368,0.0563152602126744,0.00540808929720139));
#2400=CARTESIAN_POINT('',(0.128804504871368,0.0563152602126744,0.00540808929720139));
#2401=CARTESIAN_POINT('',(0.128804504871368,0.0563152602126744,0.0015));
#2402=CARTESIAN_POINT('',(0.128804504871368,0.0563152602126744,0.0049));
#2403=CARTESIAN_POINT('',(0.128804504871368,0.0598753107190132,0.0049));
#2404=CARTESIAN_POINT('',(0.13049445436503,0.0563152602126744,0.0015));
#2405=CARTESIAN_POINT('',(0.13049445436503,0.0563152602126744,0.00540808929720139));
#2406=CARTESIAN_POINT('',(0.13049445436503,0.0546253107190132,0.00540808929720139));
#2407=CARTESIAN_POINT('',(0.13049445436503,0.0546253107190132,0.0015));
#2408=CARTESIAN_POINT('',(0.13049445436503,0.0546253107190132,0.0049));
#2409=CARTESIAN_POINT('',(0.13049445436503,0.0563152602126744,0.0049));
#2410=CARTESIAN_POINT('',(0.141804504871368,0.0546253107190132,0.0015));
#2411=CARTESIAN_POINT('',(0.153114555377708,0.0546253107190132,0.00540808929720139));
#2412=CARTESIAN_POINT('',(0.153114555377708,0.0546253107190132,0.00540808929720139));
#2413=CARTESIAN_POINT('',(0.153114555377708,0.0546253107190132,0.0015));
#2414=CARTESIAN_POINT('',(0.153114555377708,0.0546253107190132,0.0049));
#2415=CARTESIAN_POINT('',(0.141804504871368,0.0546253107190132,0.0049));
#2416=CARTESIAN_POINT('',(0.153114555377708,0.0563152602126744,0.0015));
#2417=CARTESIAN_POINT('',(0.153114555377708,0.0563152602126744,0.00540808929720139));
#2418=CARTESIAN_POINT('',(0.153114555377708,0.0563152602126744,0.0049));
#2419=CARTESIAN_POINT('',(0.128304504871368,0.0598753107190132,0.0049));
#2420=CARTESIAN_POINT('',(0.128304504871368,0.0598753107190132,0.0035));
#2421=CARTESIAN_POINT('',(0.128304504871368,0.0656253107190132,0.0035));
#2422=CARTESIAN_POINT('',(0.128304504871368,0.0541253107190132,0.0035));
#2423=CARTESIAN_POINT('',(0.128304504871368,0.0656253107190132,0.0049));
#2424=CARTESIAN_POINT('',(0.128304504871368,0.0656253107190132,0.0049));
#2425=CARTESIAN_POINT('',(0.128304504871368,0.0598753107190132,0.0049));
#2426=CARTESIAN_POINT('',(0.128304504871368,0.0541253107190132,0.0049));
#2427=CARTESIAN_POINT('',(0.128304504871368,0.0541253107190132,0.0049));
#2428=CARTESIAN_POINT('',(0.143304504871368,0.0541253107190132,0.0049));
#2429=CARTESIAN_POINT('',(0.123304504871368,0.0541253107190132,0.0035));
#2430=CARTESIAN_POINT('',(0.123304504871368,0.0541253107190132,0.0035));
#2431=CARTESIAN_POINT('',(0.125804504871368,0.0541253107190132,0.0035));
#2432=CARTESIAN_POINT('',(0.143304504871368,0.0541253107190132,0.0049));
#2433=CARTESIAN_POINT('',(0.158304504871368,0.0541253107190132,0.0049));
#2434=CARTESIAN_POINT('',(0.158304504871368,0.0541253107190132,0.0049));
#2435=CARTESIAN_POINT('',(0.158304504871368,0.0541253107190132,0.0035));
#2436=CARTESIAN_POINT('',(0.159804504871368,0.0541253107190132,0.0035));
#2437=CARTESIAN_POINT('',(0.161304504871368,0.0541253107190132,0.0035));
#2438=CARTESIAN_POINT('',(0.161304504871368,0.0541253107190132,0.0035));
#2439=CARTESIAN_POINT('',(0.158304504871368,0.0598753107190132,0.0049));
#2440=CARTESIAN_POINT('',(0.158304504871368,0.0656253107190132,0.0049));
#2441=CARTESIAN_POINT('',(0.158304504871368,0.0656253107190132,0.0049));
#2442=CARTESIAN_POINT('',(0.158304504871368,0.0656253107190132,0.0035));
#2443=CARTESIAN_POINT('',(0.158304504871368,0.0598753107190132,0.0035));
#2444=CARTESIAN_POINT('',(0.158304504871368,0.0598753107190132,0.0049));
#2445=CARTESIAN_POINT('',(0.143304504871368,0.0656253107190132,0.0049));
#2446=CARTESIAN_POINT('',(0.143304504871368,0.0656253107190132,0.0035));
#2447=CARTESIAN_POINT('',(0.143304504871368,0.0656253107190132,0.0049));
#2448=CARTESIAN_POINT('',(-0.0211824621393666,0.008343625,0.0049));
#2449=CARTESIAN_POINT('',(0.161304504871368,0.0601253107190132,0.0035));
#2450=CARTESIAN_POINT('',(0.161304504871368,0.0601253107190132,0.0035));
#2451=CARTESIAN_POINT('',(0.161304504871368,0.0661253107190132,0.0035));
#2452=CARTESIAN_POINT('',(0.161304504871368,0.0661253107190132,0.0035));
#2453=CARTESIAN_POINT('',(0.142304504871368,0.0661253107190132,0.0035));
#2454=CARTESIAN_POINT('',(0.142304504871368,0.0661253107190132,0.0035));
#2455=CARTESIAN_POINT('',(0.123304504871368,0.0661253107190132,0.0035));
#2456=CARTESIAN_POINT('',(0.123304504871368,0.0661253107190132,0.0035));
#2457=CARTESIAN_POINT('',(0.123304504871368,0.0601253107190132,0.0035));
#2458=CARTESIAN_POINT('',(0.123304504871368,0.0601253107190132,0.0035));
#2459=CARTESIAN_POINT('',(-0.0211824621393666,0.008343625,0.0035));
#2460=CARTESIAN_POINT('',(0.153114555377708,0.063435361225352,0.00540808929720139));
#2461=CARTESIAN_POINT('',(0.157804504871368,0.0634353612253521,0.0065));
#2462=CARTESIAN_POINT('',(0.153114555377708,0.0651253107190132,0.00540808929720139));
#2463=CARTESIAN_POINT('',(-0.000343925000000106,0.0681253107190132,0.0065));
#2464=CARTESIAN_POINT('',(0.13049445436503,0.0651253107190132,0.00540808929720139));
#2465=CARTESIAN_POINT('',(0.157804504871368,0.008343625,0.0065));
#2466=CARTESIAN_POINT('',(0.157804504871368,0.0563152602126744,0.0065));
#2467=CARTESIAN_POINT('',(0.13049445436503,0.0634353612253521,0.00540808929720139));
#2468=CARTESIAN_POINT('',(0.128804504871368,0.0634353612253521,0.00540808929720139));
#2469=CARTESIAN_POINT('',(0.153114555377708,0.0563152602126744,0.00540808929720139));
#2470=CARTESIAN_POINT('',(0.153114555377708,0.0516253107190132,0.0065));
#2471=CARTESIAN_POINT('',(0.128804504871368,0.0598753107190132,0.00540808929720139));
#2472=CARTESIAN_POINT('',(0.128804504871368,0.0563152602126744,0.00540808929720139));
#2473=CARTESIAN_POINT('',(0.141804504871368,0.0546253107190132,0.00540808929720139));
#2474=CARTESIAN_POINT('',(0.130494454365029,0.0516253107190132,0.0065));
#2475=CARTESIAN_POINT('',(0.13049445436503,0.0563152602126744,0.00540808929720139));
#2476=CARTESIAN_POINT('',(0.18299795,0.05928225,0.0015));
#2477=CARTESIAN_POINT('',(0.18299795,0.05928225,0.00476794919243112));
#2478=CARTESIAN_POINT('',(0.18659795,0.05928225,0.00476794919243112));
#2479=CARTESIAN_POINT('',(0.18299795,0.05928225,0.00476794919243112));
#2480=MECHANICAL_DESIGN_GEOMETRIC_PRESENTATION_REPRESENTATION('',(#1030),
#2481);
#2481=(
GEOMETRIC_REPRESENTATION_CONTEXT(3)
GLOBAL_UNCERTAINTY_ASSIGNED_CONTEXT((#2482))
GLOBAL_UNIT_ASSIGNED_CONTEXT((#2485,#2484,#2483))
REPRESENTATION_CONTEXT('Part 8','TOP_LEVEL_ASSEMBLY_PART')
);
#2482=UNCERTAINTY_MEASURE_WITH_UNIT(LENGTH_MEASURE(2.E-5),#2485,
'DISTANCE_ACCURACY_VALUE','Maximum Tolerance applied to model');
#2483=(
NAMED_UNIT(*)
SI_UNIT($,.STERADIAN.)
SOLID_ANGLE_UNIT()
);
#2484=(
NAMED_UNIT(*)
PLANE_ANGLE_UNIT()
SI_UNIT($,.RADIAN.)
);
#2485=(
LENGTH_UNIT()
NAMED_UNIT(*)
SI_UNIT($,.METRE.)
);
#2486=PRODUCT_DEFINITION_SHAPE('','',#2487);
#2487=PRODUCT_DEFINITION('','',#2489,#2488);
#2488=PRODUCT_DEFINITION_CONTEXT('',#2495,'design');
#2489=PRODUCT_DEFINITION_FORMATION_WITH_SPECIFIED_SOURCE('','',#2491,
 .NOT_KNOWN.);
#2490=PRODUCT_RELATED_PRODUCT_CATEGORY('','',(#2491));
#2491=PRODUCT('Part 8','Part 8','Part 8',(#2493));
#2492=PRODUCT_CATEGORY('','');
#2493=PRODUCT_CONTEXT('',#2495,'mechanical');
#2494=APPLICATION_PROTOCOL_DEFINITION('international standard',
'ap242_managed_model_based_3d_engineering',2020,#2495);
#2495=APPLICATION_CONTEXT('managed model based 3d engineering');
ENDSEC;
END-ISO-10303-21;
