ISO-10303-21;
HEADER;
/* Generated by software containing ST-Developer
 * from STEP Tools, Inc. (www.steptools.com) 
 */
/* OPTION: using custom renumber hook */

FILE_DESCRIPTION(
/* description */ ('STEP AP242 Edition 2',
'CAx-IF Rec.Pracs.---Representation and Presentation of Product Manufa
cturing Information (PMI)---4.0---2014-10-13',
'CAx-IF Rec.Pracs.---3D Tessellated Geometry---0.4---2014-09-14','2;1',
'CAx-IF Rec.Pracs.---User Defined Attributes---1.5---2016-08-15'),
/* implementation_level */ '2;1');

FILE_NAME(
/* name */ 'KEEBY 60+20',
/* time_stamp */ '2026-06-06T03:50:42Z',
/* author */ (''),
/* organization */ (''),
/* preprocessor_version */ 'ST-DEVELOPER v20',
/* originating_system */ 'ONSHAPE BY PTC INC, 1.216',
/* authorisation */ '  ');

FILE_SCHEMA (('AP242_MANAGED_MODEL_BASED_3D_ENGINEERING_MIM_LF { 1 0 10303 442 3 1 4 }'));
ENDSEC;

DATA;
#10=SHAPE_REPRESENTATION_RELATIONSHIP('','',#1914,#12);
#11=SHAPE_REPRESENTATION_RELATIONSHIP('','',#1915,#13);
#12=ADVANCED_BREP_SHAPE_REPRESENTATION('',(#1910),#3284);
#13=ADVANCED_BREP_SHAPE_REPRESENTATION('',(#1911),#3285);
#14=ELLIPSE('',#1942,0.0118458808235984,0.0118296464556282);
#15=ELLIPSE('',#1944,0.0118458808235984,0.0118296464556282);
#16=ELLIPSE('',#1950,0.0118458808235984,0.0118296464556282);
#17=ELLIPSE('',#1952,0.0118458808235984,0.0118296464556282);
#18=CYLINDRICAL_SURFACE('',#1941,0.0118296464556282);
#19=CYLINDRICAL_SURFACE('',#1943,0.0118296464556282);
#20=CYLINDRICAL_SURFACE('',#1949,0.0118296464556282);
#21=CYLINDRICAL_SURFACE('',#1951,0.0118296464556282);
#22=CYLINDRICAL_SURFACE('',#1954,0.0016);
#23=CYLINDRICAL_SURFACE('',#1957,0.0016);
#24=CYLINDRICAL_SURFACE('',#1960,0.0016);
#25=CYLINDRICAL_SURFACE('',#1963,0.0016);
#26=CYLINDRICAL_SURFACE('',#1967,0.00204999999999997);
#27=CYLINDRICAL_SURFACE('',#1970,0.00204999999999994);
#28=CYLINDRICAL_SURFACE('',#1973,0.00455558);
#29=CYLINDRICAL_SURFACE('',#1976,0.00204999999999997);
#30=CYLINDRICAL_SURFACE('',#1979,0.00204999999999997);
#31=CYLINDRICAL_SURFACE('',#1982,0.00455558);
#32=CYLINDRICAL_SURFACE('',#1985,0.00204999999999996);
#33=CYLINDRICAL_SURFACE('',#1988,0.00204999999999997);
#34=CYLINDRICAL_SURFACE('',#1991,0.00455558);
#35=CYLINDRICAL_SURFACE('',#1994,0.00205);
#36=CYLINDRICAL_SURFACE('',#1997,0.00205);
#37=CYLINDRICAL_SURFACE('',#2000,0.00455558);
#38=CYLINDRICAL_SURFACE('',#2003,0.00155);
#39=CYLINDRICAL_SURFACE('',#2006,0.00155);
#40=CYLINDRICAL_SURFACE('',#2009,0.00155);
#41=CYLINDRICAL_SURFACE('',#2013,0.00205);
#42=CYLINDRICAL_SURFACE('',#2016,0.00205);
#43=CYLINDRICAL_SURFACE('',#2027,0.0013);
#44=CYLINDRICAL_SURFACE('',#2031,0.0013);
#45=CYLINDRICAL_SURFACE('',#2035,0.0013);
#46=CYLINDRICAL_SURFACE('',#2039,0.0013);
#47=CYLINDRICAL_SURFACE('',#2043,0.01182965);
#48=CYLINDRICAL_SURFACE('',#2051,0.01182965);
#49=CYLINDRICAL_SURFACE('',#2054,0.01182965);
#50=CYLINDRICAL_SURFACE('',#2058,0.00627695526217004);
#51=CYLINDRICAL_SURFACE('',#2062,0.00627695526217005);
#52=CYLINDRICAL_SURFACE('',#2065,0.00627695526217004);
#53=CYLINDRICAL_SURFACE('',#2069,0.00627695526217);
#54=CYLINDRICAL_SURFACE('',#2073,0.01182965);
#55=CYLINDRICAL_SURFACE('',#2087,0.00219693434175952);
#56=CYLINDRICAL_SURFACE('',#2090,0.00219693434175957);
#57=CYLINDRICAL_SURFACE('',#2093,0.00219693434175954);
#58=CYLINDRICAL_SURFACE('',#2096,0.00219693434175955);
#59=CYLINDRICAL_SURFACE('',#2100,0.00205);
#60=CYLINDRICAL_SURFACE('',#2103,0.00205);
#61=CYLINDRICAL_SURFACE('',#2106,0.001535);
#62=CYLINDRICAL_SURFACE('',#2109,0.001535);
#63=CYLINDRICAL_SURFACE('',#2112,0.001535);
#64=CYLINDRICAL_SURFACE('',#2115,0.001535);
#65=CYLINDRICAL_SURFACE('',#2118,0.001535);
#66=CYLINDRICAL_SURFACE('',#2121,0.001535);
#67=CYLINDRICAL_SURFACE('',#2124,0.001535);
#68=CYLINDRICAL_SURFACE('',#2127,0.001535);
#69=CYLINDRICAL_SURFACE('',#2130,0.00155);
#70=CYLINDRICAL_SURFACE('',#2133,0.00155);
#71=CYLINDRICAL_SURFACE('',#2136,0.00155);
#72=CIRCLE('',#1918,0.0118296464556282);
#73=CIRCLE('',#1919,0.0118296464556282);
#74=CIRCLE('',#1920,0.0118296464556282);
#75=CIRCLE('',#1921,0.0118296464556282);
#76=CIRCLE('',#1922,0.0016);
#77=CIRCLE('',#1923,0.0016);
#78=CIRCLE('',#1924,0.0016);
#79=CIRCLE('',#1925,0.0016);
#80=CIRCLE('',#1926,0.00455558);
#81=CIRCLE('',#1927,0.00205);
#82=CIRCLE('',#1928,0.00205);
#83=CIRCLE('',#1929,0.00455558);
#84=CIRCLE('',#1930,0.00204999999999997);
#85=CIRCLE('',#1931,0.00204999999999996);
#86=CIRCLE('',#1932,0.00455558);
#87=CIRCLE('',#1933,0.00204999999999997);
#88=CIRCLE('',#1934,0.00204999999999997);
#89=CIRCLE('',#1935,0.00455558);
#90=CIRCLE('',#1936,0.00204999999999994);
#91=CIRCLE('',#1937,0.00204999999999997);
#92=CIRCLE('',#1946,0.00155);
#93=CIRCLE('',#1947,0.00155);
#94=CIRCLE('',#1948,0.00155);
#95=CIRCLE('',#1955,0.0016);
#96=CIRCLE('',#1958,0.0016);
#97=CIRCLE('',#1961,0.0016);
#98=CIRCLE('',#1964,0.0016);
#99=CIRCLE('',#1968,0.00204999999999997);
#100=CIRCLE('',#1971,0.00204999999999994);
#101=CIRCLE('',#1974,0.00455558);
#102=CIRCLE('',#1977,0.00204999999999997);
#103=CIRCLE('',#1980,0.00204999999999997);
#104=CIRCLE('',#1983,0.00455558);
#105=CIRCLE('',#1986,0.00204999999999996);
#106=CIRCLE('',#1989,0.00204999999999997);
#107=CIRCLE('',#1992,0.00455558);
#108=CIRCLE('',#1995,0.00205);
#109=CIRCLE('',#1998,0.00205);
#110=CIRCLE('',#2001,0.00455558);
#111=CIRCLE('',#2004,0.00155);
#112=CIRCLE('',#2007,0.00155);
#113=CIRCLE('',#2010,0.00155);
#114=CIRCLE('',#2014,0.00205);
#115=CIRCLE('',#2015,0.00205);
#116=CIRCLE('',#2017,0.00205);
#117=CIRCLE('',#2018,0.00205);
#118=CIRCLE('',#2020,0.00155);
#119=CIRCLE('',#2021,0.00155);
#120=CIRCLE('',#2022,0.00155);
#121=CIRCLE('',#2024,0.00205);
#122=CIRCLE('',#2025,0.00205);
#123=CIRCLE('',#2028,0.0013);
#124=CIRCLE('',#2029,0.0013);
#125=CIRCLE('',#2032,0.0013);
#126=CIRCLE('',#2033,0.0013);
#127=CIRCLE('',#2036,0.0013);
#128=CIRCLE('',#2037,0.0013);
#129=CIRCLE('',#2040,0.0013);
#130=CIRCLE('',#2041,0.0013);
#131=CIRCLE('',#2044,0.01182965);
#132=CIRCLE('',#2045,0.01182965);
#133=CIRCLE('',#2047,0.00219693434175955);
#134=CIRCLE('',#2048,0.00219693434175954);
#135=CIRCLE('',#2049,0.00219693434175957);
#136=CIRCLE('',#2050,0.00219693434175952);
#137=CIRCLE('',#2052,0.01182965);
#138=CIRCLE('',#2053,0.01182965);
#139=CIRCLE('',#2055,0.01182965);
#140=CIRCLE('',#2056,0.01182965);
#141=CIRCLE('',#2059,0.00627695526217004);
#142=CIRCLE('',#2060,0.00627695526217004);
#143=CIRCLE('',#2063,0.00627695526217005);
#144=CIRCLE('',#2064,0.00627695526217005);
#145=CIRCLE('',#2066,0.00627695526217004);
#146=CIRCLE('',#2067,0.00627695526217004);
#147=CIRCLE('',#2070,0.00627695526217);
#148=CIRCLE('',#2071,0.00627695526217);
#149=CIRCLE('',#2074,0.01182965);
#150=CIRCLE('',#2075,0.01182965);
#151=CIRCLE('',#2077,0.001535);
#152=CIRCLE('',#2078,0.001535);
#153=CIRCLE('',#2079,0.001535);
#154=CIRCLE('',#2080,0.001535);
#155=CIRCLE('',#2081,0.001535);
#156=CIRCLE('',#2082,0.001535);
#157=CIRCLE('',#2083,0.001535);
#158=CIRCLE('',#2084,0.001535);
#159=CIRCLE('',#2088,0.00219693434175952);
#160=CIRCLE('',#2091,0.00219693434175957);
#161=CIRCLE('',#2094,0.00219693434175954);
#162=CIRCLE('',#2097,0.00219693434175955);
#163=CIRCLE('',#2101,0.00205);
#164=CIRCLE('',#2104,0.00205);
#165=CIRCLE('',#2107,0.001535);
#166=CIRCLE('',#2110,0.001535);
#167=CIRCLE('',#2113,0.001535);
#168=CIRCLE('',#2116,0.001535);
#169=CIRCLE('',#2119,0.001535);
#170=CIRCLE('',#2122,0.001535);
#171=CIRCLE('',#2125,0.001535);
#172=CIRCLE('',#2128,0.001535);
#173=CIRCLE('',#2131,0.00155);
#174=CIRCLE('',#2134,0.00155);
#175=CIRCLE('',#2137,0.00155);
#176=ORIENTED_EDGE('',*,*,#684,.F.);
#177=ORIENTED_EDGE('',*,*,#685,.T.);
#178=ORIENTED_EDGE('',*,*,#686,.F.);
#179=ORIENTED_EDGE('',*,*,#687,.T.);
#180=ORIENTED_EDGE('',*,*,#688,.T.);
#181=ORIENTED_EDGE('',*,*,#689,.T.);
#182=ORIENTED_EDGE('',*,*,#690,.T.);
#183=ORIENTED_EDGE('',*,*,#691,.T.);
#184=ORIENTED_EDGE('',*,*,#692,.F.);
#185=ORIENTED_EDGE('',*,*,#693,.F.);
#186=ORIENTED_EDGE('',*,*,#694,.F.);
#187=ORIENTED_EDGE('',*,*,#695,.F.);
#188=ORIENTED_EDGE('',*,*,#696,.F.);
#189=ORIENTED_EDGE('',*,*,#697,.F.);
#190=ORIENTED_EDGE('',*,*,#698,.T.);
#191=ORIENTED_EDGE('',*,*,#699,.F.);
#192=ORIENTED_EDGE('',*,*,#700,.F.);
#193=ORIENTED_EDGE('',*,*,#701,.F.);
#194=ORIENTED_EDGE('',*,*,#702,.F.);
#195=ORIENTED_EDGE('',*,*,#703,.F.);
#196=ORIENTED_EDGE('',*,*,#704,.T.);
#197=ORIENTED_EDGE('',*,*,#705,.F.);
#198=ORIENTED_EDGE('',*,*,#706,.F.);
#199=ORIENTED_EDGE('',*,*,#707,.F.);
#200=ORIENTED_EDGE('',*,*,#708,.F.);
#201=ORIENTED_EDGE('',*,*,#709,.F.);
#202=ORIENTED_EDGE('',*,*,#710,.T.);
#203=ORIENTED_EDGE('',*,*,#711,.F.);
#204=ORIENTED_EDGE('',*,*,#712,.F.);
#205=ORIENTED_EDGE('',*,*,#713,.F.);
#206=ORIENTED_EDGE('',*,*,#714,.F.);
#207=ORIENTED_EDGE('',*,*,#715,.T.);
#208=ORIENTED_EDGE('',*,*,#716,.T.);
#209=ORIENTED_EDGE('',*,*,#717,.F.);
#210=ORIENTED_EDGE('',*,*,#718,.F.);
#211=ORIENTED_EDGE('',*,*,#719,.F.);
#212=ORIENTED_EDGE('',*,*,#720,.F.);
#213=ORIENTED_EDGE('',*,*,#721,.T.);
#214=ORIENTED_EDGE('',*,*,#722,.T.);
#215=ORIENTED_EDGE('',*,*,#686,.T.);
#216=ORIENTED_EDGE('',*,*,#723,.F.);
#217=ORIENTED_EDGE('',*,*,#724,.T.);
#218=ORIENTED_EDGE('',*,*,#690,.F.);
#219=ORIENTED_EDGE('',*,*,#725,.F.);
#220=ORIENTED_EDGE('',*,*,#726,.F.);
#221=ORIENTED_EDGE('',*,*,#727,.T.);
#222=ORIENTED_EDGE('',*,*,#684,.T.);
#223=ORIENTED_EDGE('',*,*,#728,.F.);
#224=ORIENTED_EDGE('',*,*,#729,.T.);
#225=ORIENTED_EDGE('',*,*,#730,.T.);
#226=ORIENTED_EDGE('',*,*,#720,.T.);
#227=ORIENTED_EDGE('',*,*,#685,.F.);
#228=ORIENTED_EDGE('',*,*,#727,.F.);
#229=ORIENTED_EDGE('',*,*,#731,.T.);
#230=ORIENTED_EDGE('',*,*,#687,.F.);
#231=ORIENTED_EDGE('',*,*,#722,.F.);
#232=ORIENTED_EDGE('',*,*,#732,.T.);
#233=ORIENTED_EDGE('',*,*,#733,.T.);
#234=ORIENTED_EDGE('',*,*,#734,.F.);
#235=ORIENTED_EDGE('',*,*,#735,.F.);
#236=ORIENTED_EDGE('',*,*,#736,.F.);
#237=ORIENTED_EDGE('',*,*,#731,.F.);
#238=ORIENTED_EDGE('',*,*,#737,.T.);
#239=ORIENTED_EDGE('',*,*,#738,.T.);
#240=ORIENTED_EDGE('',*,*,#688,.F.);
#241=ORIENTED_EDGE('',*,*,#738,.F.);
#242=ORIENTED_EDGE('',*,*,#739,.T.);
#243=ORIENTED_EDGE('',*,*,#725,.T.);
#244=ORIENTED_EDGE('',*,*,#689,.F.);
#245=ORIENTED_EDGE('',*,*,#724,.F.);
#246=ORIENTED_EDGE('',*,*,#740,.T.);
#247=ORIENTED_EDGE('',*,*,#728,.T.);
#248=ORIENTED_EDGE('',*,*,#691,.F.);
#249=ORIENTED_EDGE('',*,*,#733,.F.);
#250=ORIENTED_EDGE('',*,*,#732,.F.);
#251=ORIENTED_EDGE('',*,*,#721,.F.);
#252=ORIENTED_EDGE('',*,*,#730,.F.);
#253=ORIENTED_EDGE('',*,*,#729,.F.);
#254=ORIENTED_EDGE('',*,*,#726,.T.);
#255=ORIENTED_EDGE('',*,*,#740,.F.);
#256=ORIENTED_EDGE('',*,*,#723,.T.);
#257=ORIENTED_EDGE('',*,*,#739,.F.);
#258=ORIENTED_EDGE('',*,*,#737,.F.);
#259=ORIENTED_EDGE('',*,*,#692,.T.);
#260=ORIENTED_EDGE('',*,*,#741,.F.);
#261=ORIENTED_EDGE('',*,*,#741,.T.);
#262=ORIENTED_EDGE('',*,*,#693,.T.);
#263=ORIENTED_EDGE('',*,*,#742,.F.);
#264=ORIENTED_EDGE('',*,*,#742,.T.);
#265=ORIENTED_EDGE('',*,*,#694,.T.);
#266=ORIENTED_EDGE('',*,*,#743,.F.);
#267=ORIENTED_EDGE('',*,*,#743,.T.);
#268=ORIENTED_EDGE('',*,*,#695,.T.);
#269=ORIENTED_EDGE('',*,*,#744,.F.);
#270=ORIENTED_EDGE('',*,*,#744,.T.);
#271=ORIENTED_EDGE('',*,*,#696,.T.);
#272=ORIENTED_EDGE('',*,*,#745,.F.);
#273=ORIENTED_EDGE('',*,*,#746,.F.);
#274=ORIENTED_EDGE('',*,*,#747,.T.);
#275=ORIENTED_EDGE('',*,*,#719,.T.);
#276=ORIENTED_EDGE('',*,*,#748,.F.);
#277=ORIENTED_EDGE('',*,*,#749,.F.);
#278=ORIENTED_EDGE('',*,*,#745,.T.);
#279=ORIENTED_EDGE('',*,*,#718,.T.);
#280=ORIENTED_EDGE('',*,*,#750,.F.);
#281=ORIENTED_EDGE('',*,*,#751,.F.);
#282=ORIENTED_EDGE('',*,*,#748,.T.);
#283=ORIENTED_EDGE('',*,*,#717,.T.);
#284=ORIENTED_EDGE('',*,*,#752,.F.);
#285=ORIENTED_EDGE('',*,*,#753,.F.);
#286=ORIENTED_EDGE('',*,*,#750,.T.);
#287=ORIENTED_EDGE('',*,*,#716,.F.);
#288=ORIENTED_EDGE('',*,*,#754,.F.);
#289=ORIENTED_EDGE('',*,*,#755,.T.);
#290=ORIENTED_EDGE('',*,*,#752,.T.);
#291=ORIENTED_EDGE('',*,*,#715,.F.);
#292=ORIENTED_EDGE('',*,*,#756,.F.);
#293=ORIENTED_EDGE('',*,*,#757,.T.);
#294=ORIENTED_EDGE('',*,*,#754,.T.);
#295=ORIENTED_EDGE('',*,*,#714,.T.);
#296=ORIENTED_EDGE('',*,*,#758,.F.);
#297=ORIENTED_EDGE('',*,*,#759,.F.);
#298=ORIENTED_EDGE('',*,*,#756,.T.);
#299=ORIENTED_EDGE('',*,*,#713,.T.);
#300=ORIENTED_EDGE('',*,*,#760,.F.);
#301=ORIENTED_EDGE('',*,*,#761,.F.);
#302=ORIENTED_EDGE('',*,*,#758,.T.);
#303=ORIENTED_EDGE('',*,*,#712,.T.);
#304=ORIENTED_EDGE('',*,*,#762,.F.);
#305=ORIENTED_EDGE('',*,*,#763,.F.);
#306=ORIENTED_EDGE('',*,*,#760,.T.);
#307=ORIENTED_EDGE('',*,*,#711,.T.);
#308=ORIENTED_EDGE('',*,*,#764,.F.);
#309=ORIENTED_EDGE('',*,*,#765,.F.);
#310=ORIENTED_EDGE('',*,*,#762,.T.);
#311=ORIENTED_EDGE('',*,*,#710,.F.);
#312=ORIENTED_EDGE('',*,*,#766,.F.);
#313=ORIENTED_EDGE('',*,*,#767,.T.);
#314=ORIENTED_EDGE('',*,*,#764,.T.);
#315=ORIENTED_EDGE('',*,*,#709,.T.);
#316=ORIENTED_EDGE('',*,*,#768,.F.);
#317=ORIENTED_EDGE('',*,*,#769,.F.);
#318=ORIENTED_EDGE('',*,*,#766,.T.);
#319=ORIENTED_EDGE('',*,*,#708,.T.);
#320=ORIENTED_EDGE('',*,*,#770,.F.);
#321=ORIENTED_EDGE('',*,*,#771,.F.);
#322=ORIENTED_EDGE('',*,*,#768,.T.);
#323=ORIENTED_EDGE('',*,*,#707,.T.);
#324=ORIENTED_EDGE('',*,*,#772,.F.);
#325=ORIENTED_EDGE('',*,*,#773,.F.);
#326=ORIENTED_EDGE('',*,*,#770,.T.);
#327=ORIENTED_EDGE('',*,*,#706,.T.);
#328=ORIENTED_EDGE('',*,*,#774,.F.);
#329=ORIENTED_EDGE('',*,*,#775,.F.);
#330=ORIENTED_EDGE('',*,*,#772,.T.);
#331=ORIENTED_EDGE('',*,*,#705,.T.);
#332=ORIENTED_EDGE('',*,*,#776,.F.);
#333=ORIENTED_EDGE('',*,*,#777,.F.);
#334=ORIENTED_EDGE('',*,*,#774,.T.);
#335=ORIENTED_EDGE('',*,*,#704,.F.);
#336=ORIENTED_EDGE('',*,*,#778,.F.);
#337=ORIENTED_EDGE('',*,*,#779,.T.);
#338=ORIENTED_EDGE('',*,*,#776,.T.);
#339=ORIENTED_EDGE('',*,*,#703,.T.);
#340=ORIENTED_EDGE('',*,*,#780,.F.);
#341=ORIENTED_EDGE('',*,*,#781,.F.);
#342=ORIENTED_EDGE('',*,*,#778,.T.);
#343=ORIENTED_EDGE('',*,*,#702,.T.);
#344=ORIENTED_EDGE('',*,*,#782,.F.);
#345=ORIENTED_EDGE('',*,*,#783,.F.);
#346=ORIENTED_EDGE('',*,*,#780,.T.);
#347=ORIENTED_EDGE('',*,*,#701,.T.);
#348=ORIENTED_EDGE('',*,*,#784,.F.);
#349=ORIENTED_EDGE('',*,*,#785,.F.);
#350=ORIENTED_EDGE('',*,*,#782,.T.);
#351=ORIENTED_EDGE('',*,*,#700,.T.);
#352=ORIENTED_EDGE('',*,*,#786,.F.);
#353=ORIENTED_EDGE('',*,*,#787,.F.);
#354=ORIENTED_EDGE('',*,*,#784,.T.);
#355=ORIENTED_EDGE('',*,*,#699,.T.);
#356=ORIENTED_EDGE('',*,*,#788,.F.);
#357=ORIENTED_EDGE('',*,*,#789,.F.);
#358=ORIENTED_EDGE('',*,*,#786,.T.);
#359=ORIENTED_EDGE('',*,*,#698,.F.);
#360=ORIENTED_EDGE('',*,*,#790,.F.);
#361=ORIENTED_EDGE('',*,*,#791,.T.);
#362=ORIENTED_EDGE('',*,*,#788,.T.);
#363=ORIENTED_EDGE('',*,*,#697,.T.);
#364=ORIENTED_EDGE('',*,*,#747,.F.);
#365=ORIENTED_EDGE('',*,*,#792,.F.);
#366=ORIENTED_EDGE('',*,*,#790,.T.);
#367=ORIENTED_EDGE('',*,*,#746,.T.);
#368=ORIENTED_EDGE('',*,*,#749,.T.);
#369=ORIENTED_EDGE('',*,*,#751,.T.);
#370=ORIENTED_EDGE('',*,*,#753,.T.);
#371=ORIENTED_EDGE('',*,*,#755,.F.);
#372=ORIENTED_EDGE('',*,*,#757,.F.);
#373=ORIENTED_EDGE('',*,*,#759,.T.);
#374=ORIENTED_EDGE('',*,*,#761,.T.);
#375=ORIENTED_EDGE('',*,*,#763,.T.);
#376=ORIENTED_EDGE('',*,*,#765,.T.);
#377=ORIENTED_EDGE('',*,*,#767,.F.);
#378=ORIENTED_EDGE('',*,*,#769,.T.);
#379=ORIENTED_EDGE('',*,*,#771,.T.);
#380=ORIENTED_EDGE('',*,*,#773,.T.);
#381=ORIENTED_EDGE('',*,*,#775,.T.);
#382=ORIENTED_EDGE('',*,*,#777,.T.);
#383=ORIENTED_EDGE('',*,*,#779,.F.);
#384=ORIENTED_EDGE('',*,*,#781,.T.);
#385=ORIENTED_EDGE('',*,*,#783,.T.);
#386=ORIENTED_EDGE('',*,*,#785,.T.);
#387=ORIENTED_EDGE('',*,*,#787,.T.);
#388=ORIENTED_EDGE('',*,*,#789,.T.);
#389=ORIENTED_EDGE('',*,*,#791,.F.);
#390=ORIENTED_EDGE('',*,*,#792,.T.);
#391=ORIENTED_EDGE('',*,*,#793,.F.);
#392=ORIENTED_EDGE('',*,*,#736,.T.);
#393=ORIENTED_EDGE('',*,*,#793,.T.);
#394=ORIENTED_EDGE('',*,*,#794,.F.);
#395=ORIENTED_EDGE('',*,*,#735,.T.);
#396=ORIENTED_EDGE('',*,*,#794,.T.);
#397=ORIENTED_EDGE('',*,*,#795,.F.);
#398=ORIENTED_EDGE('',*,*,#734,.T.);
#399=ORIENTED_EDGE('',*,*,#795,.T.);
#400=ORIENTED_EDGE('',*,*,#796,.F.);
#401=ORIENTED_EDGE('',*,*,#797,.T.);
#402=ORIENTED_EDGE('',*,*,#798,.T.);
#403=ORIENTED_EDGE('',*,*,#799,.F.);
#404=ORIENTED_EDGE('',*,*,#800,.F.);
#405=ORIENTED_EDGE('',*,*,#801,.T.);
#406=ORIENTED_EDGE('',*,*,#802,.T.);
#407=ORIENTED_EDGE('',*,*,#803,.F.);
#408=ORIENTED_EDGE('',*,*,#804,.F.);
#409=ORIENTED_EDGE('',*,*,#805,.F.);
#410=ORIENTED_EDGE('',*,*,#806,.F.);
#411=ORIENTED_EDGE('',*,*,#798,.F.);
#412=ORIENTED_EDGE('',*,*,#807,.T.);
#413=ORIENTED_EDGE('',*,*,#808,.F.);
#414=ORIENTED_EDGE('',*,*,#809,.F.);
#415=ORIENTED_EDGE('',*,*,#810,.T.);
#416=ORIENTED_EDGE('',*,*,#811,.T.);
#417=ORIENTED_EDGE('',*,*,#802,.F.);
#418=ORIENTED_EDGE('',*,*,#812,.F.);
#419=ORIENTED_EDGE('',*,*,#813,.T.);
#420=ORIENTED_EDGE('',*,*,#814,.T.);
#421=ORIENTED_EDGE('',*,*,#815,.F.);
#422=ORIENTED_EDGE('',*,*,#816,.F.);
#423=ORIENTED_EDGE('',*,*,#817,.T.);
#424=ORIENTED_EDGE('',*,*,#818,.T.);
#425=ORIENTED_EDGE('',*,*,#819,.F.);
#426=ORIENTED_EDGE('',*,*,#820,.T.);
#427=ORIENTED_EDGE('',*,*,#821,.T.);
#428=ORIENTED_EDGE('',*,*,#822,.F.);
#429=ORIENTED_EDGE('',*,*,#823,.F.);
#430=ORIENTED_EDGE('',*,*,#824,.T.);
#431=ORIENTED_EDGE('',*,*,#825,.T.);
#432=ORIENTED_EDGE('',*,*,#826,.F.);
#433=ORIENTED_EDGE('',*,*,#827,.F.);
#434=ORIENTED_EDGE('',*,*,#822,.T.);
#435=ORIENTED_EDGE('',*,*,#826,.T.);
#436=ORIENTED_EDGE('',*,*,#828,.F.);
#437=ORIENTED_EDGE('',*,*,#829,.F.);
#438=ORIENTED_EDGE('',*,*,#830,.T.);
#439=ORIENTED_EDGE('',*,*,#831,.T.);
#440=ORIENTED_EDGE('',*,*,#832,.F.);
#441=ORIENTED_EDGE('',*,*,#833,.F.);
#442=ORIENTED_EDGE('',*,*,#829,.T.);
#443=ORIENTED_EDGE('',*,*,#832,.T.);
#444=ORIENTED_EDGE('',*,*,#834,.F.);
#445=ORIENTED_EDGE('',*,*,#835,.F.);
#446=ORIENTED_EDGE('',*,*,#836,.T.);
#447=ORIENTED_EDGE('',*,*,#837,.T.);
#448=ORIENTED_EDGE('',*,*,#838,.F.);
#449=ORIENTED_EDGE('',*,*,#839,.F.);
#450=ORIENTED_EDGE('',*,*,#835,.T.);
#451=ORIENTED_EDGE('',*,*,#840,.T.);
#452=ORIENTED_EDGE('',*,*,#841,.F.);
#453=ORIENTED_EDGE('',*,*,#842,.F.);
#454=ORIENTED_EDGE('',*,*,#838,.T.);
#455=ORIENTED_EDGE('',*,*,#843,.T.);
#456=ORIENTED_EDGE('',*,*,#824,.F.);
#457=ORIENTED_EDGE('',*,*,#844,.F.);
#458=ORIENTED_EDGE('',*,*,#841,.T.);
#459=ORIENTED_EDGE('',*,*,#845,.F.);
#460=ORIENTED_EDGE('',*,*,#846,.F.);
#461=ORIENTED_EDGE('',*,*,#847,.T.);
#462=ORIENTED_EDGE('',*,*,#848,.T.);
#463=ORIENTED_EDGE('',*,*,#849,.T.);
#464=ORIENTED_EDGE('',*,*,#850,.F.);
#465=ORIENTED_EDGE('',*,*,#851,.F.);
#466=ORIENTED_EDGE('',*,*,#846,.T.);
#467=ORIENTED_EDGE('',*,*,#852,.F.);
#468=ORIENTED_EDGE('',*,*,#853,.F.);
#469=ORIENTED_EDGE('',*,*,#854,.F.);
#470=ORIENTED_EDGE('',*,*,#855,.F.);
#471=ORIENTED_EDGE('',*,*,#856,.T.);
#472=ORIENTED_EDGE('',*,*,#857,.F.);
#473=ORIENTED_EDGE('',*,*,#858,.T.);
#474=ORIENTED_EDGE('',*,*,#859,.F.);
#475=ORIENTED_EDGE('',*,*,#860,.F.);
#476=ORIENTED_EDGE('',*,*,#861,.F.);
#477=ORIENTED_EDGE('',*,*,#862,.T.);
#478=ORIENTED_EDGE('',*,*,#850,.T.);
#479=ORIENTED_EDGE('',*,*,#863,.T.);
#480=ORIENTED_EDGE('',*,*,#810,.F.);
#481=ORIENTED_EDGE('',*,*,#864,.F.);
#482=ORIENTED_EDGE('',*,*,#861,.T.);
#483=ORIENTED_EDGE('',*,*,#865,.T.);
#484=ORIENTED_EDGE('',*,*,#866,.F.);
#485=ORIENTED_EDGE('',*,*,#867,.F.);
#486=ORIENTED_EDGE('',*,*,#808,.T.);
#487=ORIENTED_EDGE('',*,*,#868,.T.);
#488=ORIENTED_EDGE('',*,*,#869,.F.);
#489=ORIENTED_EDGE('',*,*,#870,.F.);
#490=ORIENTED_EDGE('',*,*,#866,.T.);
#491=ORIENTED_EDGE('',*,*,#871,.F.);
#492=ORIENTED_EDGE('',*,*,#872,.F.);
#493=ORIENTED_EDGE('',*,*,#873,.T.);
#494=ORIENTED_EDGE('',*,*,#874,.T.);
#495=ORIENTED_EDGE('',*,*,#875,.F.);
#496=ORIENTED_EDGE('',*,*,#876,.F.);
#497=ORIENTED_EDGE('',*,*,#877,.T.);
#498=ORIENTED_EDGE('',*,*,#872,.T.);
#499=ORIENTED_EDGE('',*,*,#878,.F.);
#500=ORIENTED_EDGE('',*,*,#818,.F.);
#501=ORIENTED_EDGE('',*,*,#879,.T.);
#502=ORIENTED_EDGE('',*,*,#876,.T.);
#503=ORIENTED_EDGE('',*,*,#880,.F.);
#504=ORIENTED_EDGE('',*,*,#881,.F.);
#505=ORIENTED_EDGE('',*,*,#882,.T.);
#506=ORIENTED_EDGE('',*,*,#816,.T.);
#507=ORIENTED_EDGE('',*,*,#842,.T.);
#508=ORIENTED_EDGE('',*,*,#844,.T.);
#509=ORIENTED_EDGE('',*,*,#823,.T.);
#510=ORIENTED_EDGE('',*,*,#827,.T.);
#511=ORIENTED_EDGE('',*,*,#830,.F.);
#512=ORIENTED_EDGE('',*,*,#833,.T.);
#513=ORIENTED_EDGE('',*,*,#836,.F.);
#514=ORIENTED_EDGE('',*,*,#839,.T.);
#515=ORIENTED_EDGE('',*,*,#883,.T.);
#516=ORIENTED_EDGE('',*,*,#884,.F.);
#517=ORIENTED_EDGE('',*,*,#885,.F.);
#518=ORIENTED_EDGE('',*,*,#881,.T.);
#519=ORIENTED_EDGE('',*,*,#886,.F.);
#520=ORIENTED_EDGE('',*,*,#887,.F.);
#521=ORIENTED_EDGE('',*,*,#888,.T.);
#522=ORIENTED_EDGE('',*,*,#884,.T.);
#523=ORIENTED_EDGE('',*,*,#889,.T.);
#524=ORIENTED_EDGE('',*,*,#874,.F.);
#525=ORIENTED_EDGE('',*,*,#890,.F.);
#526=ORIENTED_EDGE('',*,*,#887,.T.);
#527=ORIENTED_EDGE('',*,*,#891,.T.);
#528=ORIENTED_EDGE('',*,*,#848,.F.);
#529=ORIENTED_EDGE('',*,*,#892,.F.);
#530=ORIENTED_EDGE('',*,*,#869,.T.);
#531=ORIENTED_EDGE('',*,*,#893,.T.);
#532=ORIENTED_EDGE('',*,*,#894,.T.);
#533=ORIENTED_EDGE('',*,*,#895,.T.);
#534=ORIENTED_EDGE('',*,*,#896,.T.);
#535=ORIENTED_EDGE('',*,*,#897,.T.);
#536=ORIENTED_EDGE('',*,*,#898,.T.);
#537=ORIENTED_EDGE('',*,*,#899,.T.);
#538=ORIENTED_EDGE('',*,*,#900,.T.);
#539=ORIENTED_EDGE('',*,*,#873,.F.);
#540=ORIENTED_EDGE('',*,*,#877,.F.);
#541=ORIENTED_EDGE('',*,*,#879,.F.);
#542=ORIENTED_EDGE('',*,*,#817,.F.);
#543=ORIENTED_EDGE('',*,*,#882,.F.);
#544=ORIENTED_EDGE('',*,*,#885,.T.);
#545=ORIENTED_EDGE('',*,*,#888,.F.);
#546=ORIENTED_EDGE('',*,*,#890,.T.);
#547=ORIENTED_EDGE('',*,*,#847,.F.);
#548=ORIENTED_EDGE('',*,*,#851,.T.);
#549=ORIENTED_EDGE('',*,*,#862,.F.);
#550=ORIENTED_EDGE('',*,*,#864,.T.);
#551=ORIENTED_EDGE('',*,*,#809,.T.);
#552=ORIENTED_EDGE('',*,*,#867,.T.);
#553=ORIENTED_EDGE('',*,*,#870,.T.);
#554=ORIENTED_EDGE('',*,*,#892,.T.);
#555=ORIENTED_EDGE('',*,*,#901,.F.);
#556=ORIENTED_EDGE('',*,*,#902,.T.);
#557=ORIENTED_EDGE('',*,*,#803,.T.);
#558=ORIENTED_EDGE('',*,*,#811,.F.);
#559=ORIENTED_EDGE('',*,*,#863,.F.);
#560=ORIENTED_EDGE('',*,*,#860,.T.);
#561=ORIENTED_EDGE('',*,*,#849,.F.);
#562=ORIENTED_EDGE('',*,*,#845,.T.);
#563=ORIENTED_EDGE('',*,*,#891,.F.);
#564=ORIENTED_EDGE('',*,*,#868,.F.);
#565=ORIENTED_EDGE('',*,*,#865,.F.);
#566=ORIENTED_EDGE('',*,*,#807,.F.);
#567=ORIENTED_EDGE('',*,*,#797,.F.);
#568=ORIENTED_EDGE('',*,*,#903,.T.);
#569=ORIENTED_EDGE('',*,*,#904,.T.);
#570=ORIENTED_EDGE('',*,*,#819,.T.);
#571=ORIENTED_EDGE('',*,*,#878,.T.);
#572=ORIENTED_EDGE('',*,*,#875,.T.);
#573=ORIENTED_EDGE('',*,*,#871,.T.);
#574=ORIENTED_EDGE('',*,*,#889,.F.);
#575=ORIENTED_EDGE('',*,*,#886,.T.);
#576=ORIENTED_EDGE('',*,*,#883,.F.);
#577=ORIENTED_EDGE('',*,*,#880,.T.);
#578=ORIENTED_EDGE('',*,*,#815,.T.);
#579=ORIENTED_EDGE('',*,*,#852,.T.);
#580=ORIENTED_EDGE('',*,*,#905,.F.);
#581=ORIENTED_EDGE('',*,*,#906,.F.);
#582=ORIENTED_EDGE('',*,*,#907,.T.);
#583=ORIENTED_EDGE('',*,*,#859,.T.);
#584=ORIENTED_EDGE('',*,*,#908,.F.);
#585=ORIENTED_EDGE('',*,*,#909,.F.);
#586=ORIENTED_EDGE('',*,*,#905,.T.);
#587=ORIENTED_EDGE('',*,*,#858,.F.);
#588=ORIENTED_EDGE('',*,*,#910,.F.);
#589=ORIENTED_EDGE('',*,*,#911,.T.);
#590=ORIENTED_EDGE('',*,*,#908,.T.);
#591=ORIENTED_EDGE('',*,*,#857,.T.);
#592=ORIENTED_EDGE('',*,*,#912,.F.);
#593=ORIENTED_EDGE('',*,*,#913,.F.);
#594=ORIENTED_EDGE('',*,*,#910,.T.);
#595=ORIENTED_EDGE('',*,*,#856,.F.);
#596=ORIENTED_EDGE('',*,*,#914,.F.);
#597=ORIENTED_EDGE('',*,*,#915,.T.);
#598=ORIENTED_EDGE('',*,*,#912,.T.);
#599=ORIENTED_EDGE('',*,*,#855,.T.);
#600=ORIENTED_EDGE('',*,*,#916,.F.);
#601=ORIENTED_EDGE('',*,*,#917,.F.);
#602=ORIENTED_EDGE('',*,*,#914,.T.);
#603=ORIENTED_EDGE('',*,*,#854,.T.);
#604=ORIENTED_EDGE('',*,*,#918,.F.);
#605=ORIENTED_EDGE('',*,*,#919,.F.);
#606=ORIENTED_EDGE('',*,*,#916,.T.);
#607=ORIENTED_EDGE('',*,*,#853,.T.);
#608=ORIENTED_EDGE('',*,*,#907,.F.);
#609=ORIENTED_EDGE('',*,*,#920,.F.);
#610=ORIENTED_EDGE('',*,*,#918,.T.);
#611=ORIENTED_EDGE('',*,*,#825,.F.);
#612=ORIENTED_EDGE('',*,*,#821,.F.);
#613=ORIENTED_EDGE('',*,*,#843,.F.);
#614=ORIENTED_EDGE('',*,*,#840,.F.);
#615=ORIENTED_EDGE('',*,*,#837,.F.);
#616=ORIENTED_EDGE('',*,*,#834,.T.);
#617=ORIENTED_EDGE('',*,*,#831,.F.);
#618=ORIENTED_EDGE('',*,*,#828,.T.);
#619=ORIENTED_EDGE('',*,*,#906,.T.);
#620=ORIENTED_EDGE('',*,*,#909,.T.);
#621=ORIENTED_EDGE('',*,*,#911,.F.);
#622=ORIENTED_EDGE('',*,*,#913,.T.);
#623=ORIENTED_EDGE('',*,*,#915,.F.);
#624=ORIENTED_EDGE('',*,*,#917,.T.);
#625=ORIENTED_EDGE('',*,*,#919,.T.);
#626=ORIENTED_EDGE('',*,*,#920,.T.);
#627=ORIENTED_EDGE('',*,*,#812,.T.);
#628=ORIENTED_EDGE('',*,*,#801,.F.);
#629=ORIENTED_EDGE('',*,*,#921,.T.);
#630=ORIENTED_EDGE('',*,*,#922,.T.);
#631=ORIENTED_EDGE('',*,*,#813,.F.);
#632=ORIENTED_EDGE('',*,*,#923,.F.);
#633=ORIENTED_EDGE('',*,*,#924,.T.);
#634=ORIENTED_EDGE('',*,*,#799,.T.);
#635=ORIENTED_EDGE('',*,*,#814,.F.);
#636=ORIENTED_EDGE('',*,*,#922,.F.);
#637=ORIENTED_EDGE('',*,*,#925,.T.);
#638=ORIENTED_EDGE('',*,*,#901,.T.);
#639=ORIENTED_EDGE('',*,*,#800,.T.);
#640=ORIENTED_EDGE('',*,*,#902,.F.);
#641=ORIENTED_EDGE('',*,*,#925,.F.);
#642=ORIENTED_EDGE('',*,*,#921,.F.);
#643=ORIENTED_EDGE('',*,*,#820,.F.);
#644=ORIENTED_EDGE('',*,*,#904,.F.);
#645=ORIENTED_EDGE('',*,*,#926,.T.);
#646=ORIENTED_EDGE('',*,*,#923,.T.);
#647=ORIENTED_EDGE('',*,*,#796,.T.);
#648=ORIENTED_EDGE('',*,*,#924,.F.);
#649=ORIENTED_EDGE('',*,*,#926,.F.);
#650=ORIENTED_EDGE('',*,*,#903,.F.);
#651=ORIENTED_EDGE('',*,*,#900,.F.);
#652=ORIENTED_EDGE('',*,*,#927,.F.);
#653=ORIENTED_EDGE('',*,*,#927,.T.);
#654=ORIENTED_EDGE('',*,*,#899,.F.);
#655=ORIENTED_EDGE('',*,*,#928,.F.);
#656=ORIENTED_EDGE('',*,*,#928,.T.);
#657=ORIENTED_EDGE('',*,*,#898,.F.);
#658=ORIENTED_EDGE('',*,*,#929,.F.);
#659=ORIENTED_EDGE('',*,*,#929,.T.);
#660=ORIENTED_EDGE('',*,*,#897,.F.);
#661=ORIENTED_EDGE('',*,*,#930,.F.);
#662=ORIENTED_EDGE('',*,*,#930,.T.);
#663=ORIENTED_EDGE('',*,*,#896,.F.);
#664=ORIENTED_EDGE('',*,*,#931,.F.);
#665=ORIENTED_EDGE('',*,*,#931,.T.);
#666=ORIENTED_EDGE('',*,*,#895,.F.);
#667=ORIENTED_EDGE('',*,*,#932,.F.);
#668=ORIENTED_EDGE('',*,*,#932,.T.);
#669=ORIENTED_EDGE('',*,*,#894,.F.);
#670=ORIENTED_EDGE('',*,*,#933,.F.);
#671=ORIENTED_EDGE('',*,*,#933,.T.);
#672=ORIENTED_EDGE('',*,*,#893,.F.);
#673=ORIENTED_EDGE('',*,*,#934,.F.);
#674=ORIENTED_EDGE('',*,*,#934,.T.);
#675=ORIENTED_EDGE('',*,*,#935,.F.);
#676=ORIENTED_EDGE('',*,*,#806,.T.);
#677=ORIENTED_EDGE('',*,*,#935,.T.);
#678=ORIENTED_EDGE('',*,*,#936,.F.);
#679=ORIENTED_EDGE('',*,*,#805,.T.);
#680=ORIENTED_EDGE('',*,*,#936,.T.);
#681=ORIENTED_EDGE('',*,*,#937,.F.);
#682=ORIENTED_EDGE('',*,*,#804,.T.);
#683=ORIENTED_EDGE('',*,*,#937,.T.);
#684=EDGE_CURVE('',#938,#939,#1120,.T.);
#685=EDGE_CURVE('',#938,#940,#72,.T.);
#686=EDGE_CURVE('',#941,#940,#1121,.T.);
#687=EDGE_CURVE('',#941,#942,#73,.T.);
#688=EDGE_CURVE('',#942,#943,#1122,.T.);
#689=EDGE_CURVE('',#943,#944,#74,.T.);
#690=EDGE_CURVE('',#944,#945,#1123,.T.);
#691=EDGE_CURVE('',#945,#939,#75,.T.);
#692=EDGE_CURVE('',#946,#946,#76,.T.);
#693=EDGE_CURVE('',#947,#947,#77,.T.);
#694=EDGE_CURVE('',#948,#948,#78,.T.);
#695=EDGE_CURVE('',#949,#949,#79,.T.);
#696=EDGE_CURVE('',#950,#951,#1124,.T.);
#697=EDGE_CURVE('',#952,#950,#80,.T.);
#698=EDGE_CURVE('',#952,#953,#1125,.T.);
#699=EDGE_CURVE('',#954,#953,#81,.T.);
#700=EDGE_CURVE('',#955,#954,#1126,.T.);
#701=EDGE_CURVE('',#956,#955,#82,.T.);
#702=EDGE_CURVE('',#957,#956,#1127,.T.);
#703=EDGE_CURVE('',#958,#957,#83,.T.);
#704=EDGE_CURVE('',#958,#959,#1128,.T.);
#705=EDGE_CURVE('',#960,#959,#84,.T.);
#706=EDGE_CURVE('',#961,#960,#1129,.T.);
#707=EDGE_CURVE('',#962,#961,#85,.T.);
#708=EDGE_CURVE('',#963,#962,#1130,.T.);
#709=EDGE_CURVE('',#964,#963,#86,.T.);
#710=EDGE_CURVE('',#964,#965,#1131,.T.);
#711=EDGE_CURVE('',#966,#965,#87,.T.);
#712=EDGE_CURVE('',#967,#966,#1132,.T.);
#713=EDGE_CURVE('',#968,#967,#88,.T.);
#714=EDGE_CURVE('',#969,#968,#1133,.T.);
#715=EDGE_CURVE('',#969,#970,#89,.T.);
#716=EDGE_CURVE('',#970,#971,#1134,.T.);
#717=EDGE_CURVE('',#972,#971,#90,.T.);
#718=EDGE_CURVE('',#973,#972,#1135,.T.);
#719=EDGE_CURVE('',#951,#973,#91,.T.);
#720=EDGE_CURVE('',#974,#940,#1136,.T.);
#721=EDGE_CURVE('',#974,#975,#1137,.T.);
#722=EDGE_CURVE('',#975,#941,#1138,.T.);
#723=EDGE_CURVE('',#976,#977,#1139,.T.);
#724=EDGE_CURVE('',#976,#945,#1140,.T.);
#725=EDGE_CURVE('',#977,#944,#1141,.T.);
#726=EDGE_CURVE('',#978,#979,#1142,.T.);
#727=EDGE_CURVE('',#978,#938,#1143,.T.);
#728=EDGE_CURVE('',#979,#939,#1144,.T.);
#729=EDGE_CURVE('',#978,#980,#14,.F.);
#730=EDGE_CURVE('',#980,#974,#1145,.T.);
#731=EDGE_CURVE('',#981,#942,#1146,.T.);
#732=EDGE_CURVE('',#975,#982,#1147,.T.);
#733=EDGE_CURVE('',#982,#981,#15,.F.);
#734=EDGE_CURVE('',#983,#983,#92,.T.);
#735=EDGE_CURVE('',#984,#984,#93,.T.);
#736=EDGE_CURVE('',#985,#985,#94,.T.);
#737=EDGE_CURVE('',#981,#986,#1148,.T.);
#738=EDGE_CURVE('',#986,#943,#1149,.T.);
#739=EDGE_CURVE('',#986,#977,#16,.F.);
#740=EDGE_CURVE('',#976,#979,#17,.F.);
#741=EDGE_CURVE('',#987,#987,#95,.T.);
#742=EDGE_CURVE('',#988,#988,#96,.T.);
#743=EDGE_CURVE('',#989,#989,#97,.T.);
#744=EDGE_CURVE('',#990,#990,#98,.T.);
#745=EDGE_CURVE('',#991,#951,#1150,.T.);
#746=EDGE_CURVE('',#992,#991,#1151,.T.);
#747=EDGE_CURVE('',#992,#950,#1152,.T.);
#748=EDGE_CURVE('',#993,#973,#1153,.T.);
#749=EDGE_CURVE('',#991,#993,#99,.T.);
#750=EDGE_CURVE('',#994,#972,#1154,.T.);
#751=EDGE_CURVE('',#993,#994,#1155,.T.);
#752=EDGE_CURVE('',#995,#971,#1156,.T.);
#753=EDGE_CURVE('',#994,#995,#100,.T.);
#754=EDGE_CURVE('',#996,#970,#1157,.T.);
#755=EDGE_CURVE('',#996,#995,#1158,.T.);
#756=EDGE_CURVE('',#997,#969,#1159,.T.);
#757=EDGE_CURVE('',#997,#996,#101,.T.);
#758=EDGE_CURVE('',#998,#968,#1160,.T.);
#759=EDGE_CURVE('',#997,#998,#1161,.T.);
#760=EDGE_CURVE('',#999,#967,#1162,.T.);
#761=EDGE_CURVE('',#998,#999,#102,.T.);
#762=EDGE_CURVE('',#1000,#966,#1163,.T.);
#763=EDGE_CURVE('',#999,#1000,#1164,.T.);
#764=EDGE_CURVE('',#1001,#965,#1165,.T.);
#765=EDGE_CURVE('',#1000,#1001,#103,.T.);
#766=EDGE_CURVE('',#1002,#964,#1166,.T.);
#767=EDGE_CURVE('',#1002,#1001,#1167,.T.);
#768=EDGE_CURVE('',#1003,#963,#1168,.T.);
#769=EDGE_CURVE('',#1002,#1003,#104,.T.);
#770=EDGE_CURVE('',#1004,#962,#1169,.T.);
#771=EDGE_CURVE('',#1003,#1004,#1170,.T.);
#772=EDGE_CURVE('',#1005,#961,#1171,.T.);
#773=EDGE_CURVE('',#1004,#1005,#105,.T.);
#774=EDGE_CURVE('',#1006,#960,#1172,.T.);
#775=EDGE_CURVE('',#1005,#1006,#1173,.T.);
#776=EDGE_CURVE('',#1007,#959,#1174,.T.);
#777=EDGE_CURVE('',#1006,#1007,#106,.T.);
#778=EDGE_CURVE('',#1008,#958,#1175,.T.);
#779=EDGE_CURVE('',#1008,#1007,#1176,.T.);
#780=EDGE_CURVE('',#1009,#957,#1177,.T.);
#781=EDGE_CURVE('',#1008,#1009,#107,.T.);
#782=EDGE_CURVE('',#1010,#956,#1178,.T.);
#783=EDGE_CURVE('',#1009,#1010,#1179,.T.);
#784=EDGE_CURVE('',#1011,#955,#1180,.T.);
#785=EDGE_CURVE('',#1010,#1011,#108,.T.);
#786=EDGE_CURVE('',#1012,#954,#1181,.T.);
#787=EDGE_CURVE('',#1011,#1012,#1182,.T.);
#788=EDGE_CURVE('',#1013,#953,#1183,.T.);
#789=EDGE_CURVE('',#1012,#1013,#109,.T.);
#790=EDGE_CURVE('',#1014,#952,#1184,.T.);
#791=EDGE_CURVE('',#1014,#1013,#1185,.T.);
#792=EDGE_CURVE('',#1014,#992,#110,.T.);
#793=EDGE_CURVE('',#1015,#1015,#111,.T.);
#794=EDGE_CURVE('',#1016,#1016,#112,.T.);
#795=EDGE_CURVE('',#1017,#1017,#113,.T.);
#796=EDGE_CURVE('',#1018,#1019,#114,.T.);
#797=EDGE_CURVE('',#1018,#1020,#1186,.T.);
#798=EDGE_CURVE('',#1020,#1021,#115,.T.);
#799=EDGE_CURVE('',#1019,#1021,#1187,.T.);
#800=EDGE_CURVE('',#1022,#1023,#116,.T.);
#801=EDGE_CURVE('',#1022,#1024,#1188,.T.);
#802=EDGE_CURVE('',#1024,#1025,#117,.T.);
#803=EDGE_CURVE('',#1023,#1025,#1189,.T.);
#804=EDGE_CURVE('',#1026,#1026,#118,.T.);
#805=EDGE_CURVE('',#1027,#1027,#119,.T.);
#806=EDGE_CURVE('',#1028,#1028,#120,.T.);
#807=EDGE_CURVE('',#1020,#1029,#1190,.T.);
#808=EDGE_CURVE('',#1030,#1029,#1191,.T.);
#809=EDGE_CURVE('',#1031,#1030,#1192,.T.);
#810=EDGE_CURVE('',#1031,#1032,#1193,.T.);
#811=EDGE_CURVE('',#1032,#1025,#1194,.T.);
#812=EDGE_CURVE('',#1021,#1024,#1195,.T.);
#813=EDGE_CURVE('',#1033,#1034,#1196,.T.);
#814=EDGE_CURVE('',#1034,#1035,#121,.T.);
#815=EDGE_CURVE('',#1036,#1035,#1197,.T.);
#816=EDGE_CURVE('',#1037,#1036,#1198,.T.);
#817=EDGE_CURVE('',#1037,#1038,#1199,.T.);
#818=EDGE_CURVE('',#1038,#1039,#1200,.T.);
#819=EDGE_CURVE('',#1040,#1039,#1201,.T.);
#820=EDGE_CURVE('',#1040,#1033,#122,.T.);
#821=EDGE_CURVE('',#1041,#1042,#1202,.T.);
#822=EDGE_CURVE('',#1043,#1042,#1203,.T.);
#823=EDGE_CURVE('',#1044,#1043,#1204,.T.);
#824=EDGE_CURVE('',#1044,#1041,#1205,.T.);
#825=EDGE_CURVE('',#1042,#1045,#123,.T.);
#826=EDGE_CURVE('',#1046,#1045,#1206,.T.);
#827=EDGE_CURVE('',#1043,#1046,#124,.T.);
#828=EDGE_CURVE('',#1047,#1045,#1207,.T.);
#829=EDGE_CURVE('',#1048,#1047,#1208,.T.);
#830=EDGE_CURVE('',#1048,#1046,#1209,.T.);
#831=EDGE_CURVE('',#1047,#1049,#125,.T.);
#832=EDGE_CURVE('',#1050,#1049,#1210,.T.);
#833=EDGE_CURVE('',#1048,#1050,#126,.T.);
#834=EDGE_CURVE('',#1051,#1049,#1211,.T.);
#835=EDGE_CURVE('',#1052,#1051,#1212,.T.);
#836=EDGE_CURVE('',#1052,#1050,#1213,.T.);
#837=EDGE_CURVE('',#1051,#1053,#127,.T.);
#838=EDGE_CURVE('',#1054,#1053,#1214,.T.);
#839=EDGE_CURVE('',#1052,#1054,#128,.T.);
#840=EDGE_CURVE('',#1053,#1055,#1215,.T.);
#841=EDGE_CURVE('',#1056,#1055,#1216,.T.);
#842=EDGE_CURVE('',#1054,#1056,#1217,.T.);
#843=EDGE_CURVE('',#1055,#1041,#129,.T.);
#844=EDGE_CURVE('',#1056,#1044,#130,.T.);
#845=EDGE_CURVE('',#1057,#1058,#1218,.T.);
#846=EDGE_CURVE('',#1059,#1057,#1219,.T.);
#847=EDGE_CURVE('',#1059,#1060,#1220,.T.);
#848=EDGE_CURVE('',#1060,#1058,#1221,.T.);
#849=EDGE_CURVE('',#1057,#1061,#131,.T.);
#850=EDGE_CURVE('',#1062,#1061,#1222,.T.);
#851=EDGE_CURVE('',#1059,#1062,#132,.T.);
#852=EDGE_CURVE('',#1063,#1064,#1223,.T.);
#853=EDGE_CURVE('',#1065,#1063,#133,.T.);
#854=EDGE_CURVE('',#1066,#1065,#1224,.T.);
#855=EDGE_CURVE('',#1067,#1066,#134,.T.);
#856=EDGE_CURVE('',#1067,#1068,#1225,.T.);
#857=EDGE_CURVE('',#1069,#1068,#135,.T.);
#858=EDGE_CURVE('',#1069,#1070,#1226,.T.);
#859=EDGE_CURVE('',#1064,#1070,#136,.T.);
#860=EDGE_CURVE('',#1071,#1061,#1227,.T.);
#861=EDGE_CURVE('',#1072,#1071,#1228,.T.);
#862=EDGE_CURVE('',#1072,#1062,#1229,.T.);
#863=EDGE_CURVE('',#1071,#1032,#137,.T.);
#864=EDGE_CURVE('',#1072,#1031,#138,.T.);
#865=EDGE_CURVE('',#1029,#1073,#139,.T.);
#866=EDGE_CURVE('',#1074,#1073,#1230,.T.);
#867=EDGE_CURVE('',#1030,#1074,#140,.T.);
#868=EDGE_CURVE('',#1073,#1075,#1231,.T.);
#869=EDGE_CURVE('',#1076,#1075,#1232,.T.);
#870=EDGE_CURVE('',#1074,#1076,#1233,.T.);
#871=EDGE_CURVE('',#1077,#1078,#141,.T.);
#872=EDGE_CURVE('',#1079,#1077,#1234,.T.);
#873=EDGE_CURVE('',#1079,#1080,#142,.T.);
#874=EDGE_CURVE('',#1080,#1078,#1235,.T.);
#875=EDGE_CURVE('',#1081,#1077,#1236,.T.);
#876=EDGE_CURVE('',#1082,#1081,#1237,.T.);
#877=EDGE_CURVE('',#1082,#1079,#1238,.T.);
#878=EDGE_CURVE('',#1039,#1081,#143,.T.);
#879=EDGE_CURVE('',#1038,#1082,#144,.T.);
#880=EDGE_CURVE('',#1083,#1036,#145,.T.);
#881=EDGE_CURVE('',#1084,#1083,#1239,.T.);
#882=EDGE_CURVE('',#1084,#1037,#146,.T.);
#883=EDGE_CURVE('',#1083,#1085,#1240,.T.);
#884=EDGE_CURVE('',#1086,#1085,#1241,.T.);
#885=EDGE_CURVE('',#1084,#1086,#1242,.T.);
#886=EDGE_CURVE('',#1087,#1085,#147,.T.);
#887=EDGE_CURVE('',#1088,#1087,#1243,.T.);
#888=EDGE_CURVE('',#1088,#1086,#148,.T.);
#889=EDGE_CURVE('',#1087,#1078,#1244,.T.);
#890=EDGE_CURVE('',#1088,#1080,#1245,.T.);
#891=EDGE_CURVE('',#1075,#1058,#149,.T.);
#892=EDGE_CURVE('',#1076,#1060,#150,.T.);
#893=EDGE_CURVE('',#1089,#1089,#151,.F.);
#894=EDGE_CURVE('',#1090,#1090,#152,.F.);
#895=EDGE_CURVE('',#1091,#1091,#153,.F.);
#896=EDGE_CURVE('',#1092,#1092,#154,.F.);
#897=EDGE_CURVE('',#1093,#1093,#155,.F.);
#898=EDGE_CURVE('',#1094,#1094,#156,.F.);
#899=EDGE_CURVE('',#1095,#1095,#157,.F.);
#900=EDGE_CURVE('',#1096,#1096,#158,.F.);
#901=EDGE_CURVE('',#1097,#1035,#1246,.T.);
#902=EDGE_CURVE('',#1097,#1023,#1247,.T.);
#903=EDGE_CURVE('',#1018,#1098,#1248,.T.);
#904=EDGE_CURVE('',#1098,#1040,#1249,.T.);
#905=EDGE_CURVE('',#1099,#1064,#1250,.T.);
#906=EDGE_CURVE('',#1100,#1099,#1251,.T.);
#907=EDGE_CURVE('',#1100,#1063,#1252,.T.);
#908=EDGE_CURVE('',#1101,#1070,#1253,.T.);
#909=EDGE_CURVE('',#1099,#1101,#159,.T.);
#910=EDGE_CURVE('',#1102,#1069,#1254,.T.);
#911=EDGE_CURVE('',#1102,#1101,#1255,.T.);
#912=EDGE_CURVE('',#1103,#1068,#1256,.T.);
#913=EDGE_CURVE('',#1102,#1103,#160,.T.);
#914=EDGE_CURVE('',#1104,#1067,#1257,.T.);
#915=EDGE_CURVE('',#1104,#1103,#1258,.T.);
#916=EDGE_CURVE('',#1105,#1066,#1259,.T.);
#917=EDGE_CURVE('',#1104,#1105,#161,.T.);
#918=EDGE_CURVE('',#1106,#1065,#1260,.T.);
#919=EDGE_CURVE('',#1105,#1106,#1261,.T.);
#920=EDGE_CURVE('',#1106,#1100,#162,.T.);
#921=EDGE_CURVE('',#1022,#1107,#1262,.T.);
#922=EDGE_CURVE('',#1107,#1034,#1263,.T.);
#923=EDGE_CURVE('',#1108,#1033,#1264,.T.);
#924=EDGE_CURVE('',#1108,#1019,#1265,.T.);
#925=EDGE_CURVE('',#1107,#1097,#163,.T.);
#926=EDGE_CURVE('',#1098,#1108,#164,.T.);
#927=EDGE_CURVE('',#1109,#1109,#165,.T.);
#928=EDGE_CURVE('',#1110,#1110,#166,.T.);
#929=EDGE_CURVE('',#1111,#1111,#167,.T.);
#930=EDGE_CURVE('',#1112,#1112,#168,.T.);
#931=EDGE_CURVE('',#1113,#1113,#169,.T.);
#932=EDGE_CURVE('',#1114,#1114,#170,.T.);
#933=EDGE_CURVE('',#1115,#1115,#171,.T.);
#934=EDGE_CURVE('',#1116,#1116,#172,.T.);
#935=EDGE_CURVE('',#1117,#1117,#173,.T.);
#936=EDGE_CURVE('',#1118,#1118,#174,.T.);
#937=EDGE_CURVE('',#1119,#1119,#175,.T.);
#938=VERTEX_POINT('',#2734);
#939=VERTEX_POINT('',#2735);
#940=VERTEX_POINT('',#2737);
#941=VERTEX_POINT('',#2739);
#942=VERTEX_POINT('',#2741);
#943=VERTEX_POINT('',#2743);
#944=VERTEX_POINT('',#2745);
#945=VERTEX_POINT('',#2747);
#946=VERTEX_POINT('',#2750);
#947=VERTEX_POINT('',#2752);
#948=VERTEX_POINT('',#2754);
#949=VERTEX_POINT('',#2756);
#950=VERTEX_POINT('',#2758);
#951=VERTEX_POINT('',#2759);
#952=VERTEX_POINT('',#2761);
#953=VERTEX_POINT('',#2763);
#954=VERTEX_POINT('',#2765);
#955=VERTEX_POINT('',#2767);
#956=VERTEX_POINT('',#2769);
#957=VERTEX_POINT('',#2771);
#958=VERTEX_POINT('',#2773);
#959=VERTEX_POINT('',#2775);
#960=VERTEX_POINT('',#2777);
#961=VERTEX_POINT('',#2779);
#962=VERTEX_POINT('',#2781);
#963=VERTEX_POINT('',#2783);
#964=VERTEX_POINT('',#2785);
#965=VERTEX_POINT('',#2787);
#966=VERTEX_POINT('',#2789);
#967=VERTEX_POINT('',#2791);
#968=VERTEX_POINT('',#2793);
#969=VERTEX_POINT('',#2795);
#970=VERTEX_POINT('',#2797);
#971=VERTEX_POINT('',#2799);
#972=VERTEX_POINT('',#2801);
#973=VERTEX_POINT('',#2803);
#974=VERTEX_POINT('',#2807);
#975=VERTEX_POINT('',#2809);
#976=VERTEX_POINT('',#2813);
#977=VERTEX_POINT('',#2814);
#978=VERTEX_POINT('',#2819);
#979=VERTEX_POINT('',#2820);
#980=VERTEX_POINT('',#2825);
#981=VERTEX_POINT('',#2829);
#982=VERTEX_POINT('',#2831);
#983=VERTEX_POINT('',#2835);
#984=VERTEX_POINT('',#2837);
#985=VERTEX_POINT('',#2839);
#986=VERTEX_POINT('',#2841);
#987=VERTEX_POINT('',#2850);
#988=VERTEX_POINT('',#2854);
#989=VERTEX_POINT('',#2858);
#990=VERTEX_POINT('',#2862);
#991=VERTEX_POINT('',#2866);
#992=VERTEX_POINT('',#2868);
#993=VERTEX_POINT('',#2872);
#994=VERTEX_POINT('',#2876);
#995=VERTEX_POINT('',#2880);
#996=VERTEX_POINT('',#2884);
#997=VERTEX_POINT('',#2888);
#998=VERTEX_POINT('',#2892);
#999=VERTEX_POINT('',#2896);
#1000=VERTEX_POINT('',#2900);
#1001=VERTEX_POINT('',#2904);
#1002=VERTEX_POINT('',#2908);
#1003=VERTEX_POINT('',#2912);
#1004=VERTEX_POINT('',#2916);
#1005=VERTEX_POINT('',#2920);
#1006=VERTEX_POINT('',#2924);
#1007=VERTEX_POINT('',#2928);
#1008=VERTEX_POINT('',#2932);
#1009=VERTEX_POINT('',#2936);
#1010=VERTEX_POINT('',#2940);
#1011=VERTEX_POINT('',#2944);
#1012=VERTEX_POINT('',#2948);
#1013=VERTEX_POINT('',#2952);
#1014=VERTEX_POINT('',#2956);
#1015=VERTEX_POINT('',#2963);
#1016=VERTEX_POINT('',#2967);
#1017=VERTEX_POINT('',#2971);
#1018=VERTEX_POINT('',#2976);
#1019=VERTEX_POINT('',#2977);
#1020=VERTEX_POINT('',#2979);
#1021=VERTEX_POINT('',#2981);
#1022=VERTEX_POINT('',#2985);
#1023=VERTEX_POINT('',#2986);
#1024=VERTEX_POINT('',#2988);
#1025=VERTEX_POINT('',#2990);
#1026=VERTEX_POINT('',#2994);
#1027=VERTEX_POINT('',#2996);
#1028=VERTEX_POINT('',#2998);
#1029=VERTEX_POINT('',#3000);
#1030=VERTEX_POINT('',#3002);
#1031=VERTEX_POINT('',#3004);
#1032=VERTEX_POINT('',#3006);
#1033=VERTEX_POINT('',#3011);
#1034=VERTEX_POINT('',#3012);
#1035=VERTEX_POINT('',#3014);
#1036=VERTEX_POINT('',#3016);
#1037=VERTEX_POINT('',#3018);
#1038=VERTEX_POINT('',#3020);
#1039=VERTEX_POINT('',#3022);
#1040=VERTEX_POINT('',#3024);
#1041=VERTEX_POINT('',#3028);
#1042=VERTEX_POINT('',#3029);
#1043=VERTEX_POINT('',#3031);
#1044=VERTEX_POINT('',#3033);
#1045=VERTEX_POINT('',#3037);
#1046=VERTEX_POINT('',#3039);
#1047=VERTEX_POINT('',#3043);
#1048=VERTEX_POINT('',#3045);
#1049=VERTEX_POINT('',#3049);
#1050=VERTEX_POINT('',#3051);
#1051=VERTEX_POINT('',#3055);
#1052=VERTEX_POINT('',#3057);
#1053=VERTEX_POINT('',#3061);
#1054=VERTEX_POINT('',#3063);
#1055=VERTEX_POINT('',#3067);
#1056=VERTEX_POINT('',#3069);
#1057=VERTEX_POINT('',#3076);
#1058=VERTEX_POINT('',#3077);
#1059=VERTEX_POINT('',#3079);
#1060=VERTEX_POINT('',#3081);
#1061=VERTEX_POINT('',#3085);
#1062=VERTEX_POINT('',#3087);
#1063=VERTEX_POINT('',#3091);
#1064=VERTEX_POINT('',#3092);
#1065=VERTEX_POINT('',#3094);
#1066=VERTEX_POINT('',#3096);
#1067=VERTEX_POINT('',#3098);
#1068=VERTEX_POINT('',#3100);
#1069=VERTEX_POINT('',#3102);
#1070=VERTEX_POINT('',#3104);
#1071=VERTEX_POINT('',#3107);
#1072=VERTEX_POINT('',#3109);
#1073=VERTEX_POINT('',#3116);
#1074=VERTEX_POINT('',#3118);
#1075=VERTEX_POINT('',#3122);
#1076=VERTEX_POINT('',#3124);
#1077=VERTEX_POINT('',#3128);
#1078=VERTEX_POINT('',#3129);
#1079=VERTEX_POINT('',#3131);
#1080=VERTEX_POINT('',#3133);
#1081=VERTEX_POINT('',#3137);
#1082=VERTEX_POINT('',#3139);
#1083=VERTEX_POINT('',#3146);
#1084=VERTEX_POINT('',#3148);
#1085=VERTEX_POINT('',#3152);
#1086=VERTEX_POINT('',#3154);
#1087=VERTEX_POINT('',#3158);
#1088=VERTEX_POINT('',#3160);
#1089=VERTEX_POINT('',#3170);
#1090=VERTEX_POINT('',#3172);
#1091=VERTEX_POINT('',#3174);
#1092=VERTEX_POINT('',#3176);
#1093=VERTEX_POINT('',#3178);
#1094=VERTEX_POINT('',#3180);
#1095=VERTEX_POINT('',#3182);
#1096=VERTEX_POINT('',#3184);
#1097=VERTEX_POINT('',#3187);
#1098=VERTEX_POINT('',#3190);
#1099=VERTEX_POINT('',#3194);
#1100=VERTEX_POINT('',#3196);
#1101=VERTEX_POINT('',#3200);
#1102=VERTEX_POINT('',#3204);
#1103=VERTEX_POINT('',#3208);
#1104=VERTEX_POINT('',#3212);
#1105=VERTEX_POINT('',#3216);
#1106=VERTEX_POINT('',#3220);
#1107=VERTEX_POINT('',#3227);
#1108=VERTEX_POINT('',#3230);
#1109=VERTEX_POINT('',#3240);
#1110=VERTEX_POINT('',#3244);
#1111=VERTEX_POINT('',#3248);
#1112=VERTEX_POINT('',#3252);
#1113=VERTEX_POINT('',#3256);
#1114=VERTEX_POINT('',#3260);
#1115=VERTEX_POINT('',#3264);
#1116=VERTEX_POINT('',#3268);
#1117=VERTEX_POINT('',#3272);
#1118=VERTEX_POINT('',#3276);
#1119=VERTEX_POINT('',#3280);
#1120=LINE('',#2733,#1266);
#1121=LINE('',#2738,#1267);
#1122=LINE('',#2742,#1268);
#1123=LINE('',#2746,#1269);
#1124=LINE('',#2757,#1270);
#1125=LINE('',#2762,#1271);
#1126=LINE('',#2766,#1272);
#1127=LINE('',#2770,#1273);
#1128=LINE('',#2774,#1274);
#1129=LINE('',#2778,#1275);
#1130=LINE('',#2782,#1276);
#1131=LINE('',#2786,#1277);
#1132=LINE('',#2790,#1278);
#1133=LINE('',#2794,#1279);
#1134=LINE('',#2798,#1280);
#1135=LINE('',#2802,#1281);
#1136=LINE('',#2806,#1282);
#1137=LINE('',#2808,#1283);
#1138=LINE('',#2810,#1284);
#1139=LINE('',#2812,#1285);
#1140=LINE('',#2815,#1286);
#1141=LINE('',#2816,#1287);
#1142=LINE('',#2818,#1288);
#1143=LINE('',#2821,#1289);
#1144=LINE('',#2822,#1290);
#1145=LINE('',#2826,#1291);
#1146=LINE('',#2828,#1292);
#1147=LINE('',#2830,#1293);
#1148=LINE('',#2840,#1294);
#1149=LINE('',#2842,#1295);
#1150=LINE('',#2865,#1296);
#1151=LINE('',#2867,#1297);
#1152=LINE('',#2869,#1298);
#1153=LINE('',#2871,#1299);
#1154=LINE('',#2875,#1300);
#1155=LINE('',#2877,#1301);
#1156=LINE('',#2879,#1302);
#1157=LINE('',#2883,#1303);
#1158=LINE('',#2885,#1304);
#1159=LINE('',#2887,#1305);
#1160=LINE('',#2891,#1306);
#1161=LINE('',#2893,#1307);
#1162=LINE('',#2895,#1308);
#1163=LINE('',#2899,#1309);
#1164=LINE('',#2901,#1310);
#1165=LINE('',#2903,#1311);
#1166=LINE('',#2907,#1312);
#1167=LINE('',#2909,#1313);
#1168=LINE('',#2911,#1314);
#1169=LINE('',#2915,#1315);
#1170=LINE('',#2917,#1316);
#1171=LINE('',#2919,#1317);
#1172=LINE('',#2923,#1318);
#1173=LINE('',#2925,#1319);
#1174=LINE('',#2927,#1320);
#1175=LINE('',#2931,#1321);
#1176=LINE('',#2933,#1322);
#1177=LINE('',#2935,#1323);
#1178=LINE('',#2939,#1324);
#1179=LINE('',#2941,#1325);
#1180=LINE('',#2943,#1326);
#1181=LINE('',#2947,#1327);
#1182=LINE('',#2949,#1328);
#1183=LINE('',#2951,#1329);
#1184=LINE('',#2955,#1330);
#1185=LINE('',#2957,#1331);
#1186=LINE('',#2978,#1332);
#1187=LINE('',#2982,#1333);
#1188=LINE('',#2987,#1334);
#1189=LINE('',#2991,#1335);
#1190=LINE('',#2999,#1336);
#1191=LINE('',#3001,#1337);
#1192=LINE('',#3003,#1338);
#1193=LINE('',#3005,#1339);
#1194=LINE('',#3007,#1340);
#1195=LINE('',#3008,#1341);
#1196=LINE('',#3010,#1342);
#1197=LINE('',#3015,#1343);
#1198=LINE('',#3017,#1344);
#1199=LINE('',#3019,#1345);
#1200=LINE('',#3021,#1346);
#1201=LINE('',#3023,#1347);
#1202=LINE('',#3027,#1348);
#1203=LINE('',#3030,#1349);
#1204=LINE('',#3032,#1350);
#1205=LINE('',#3034,#1351);
#1206=LINE('',#3038,#1352);
#1207=LINE('',#3042,#1353);
#1208=LINE('',#3044,#1354);
#1209=LINE('',#3046,#1355);
#1210=LINE('',#3050,#1356);
#1211=LINE('',#3054,#1357);
#1212=LINE('',#3056,#1358);
#1213=LINE('',#3058,#1359);
#1214=LINE('',#3062,#1360);
#1215=LINE('',#3066,#1361);
#1216=LINE('',#3068,#1362);
#1217=LINE('',#3070,#1363);
#1218=LINE('',#3075,#1364);
#1219=LINE('',#3078,#1365);
#1220=LINE('',#3080,#1366);
#1221=LINE('',#3082,#1367);
#1222=LINE('',#3086,#1368);
#1223=LINE('',#3090,#1369);
#1224=LINE('',#3095,#1370);
#1225=LINE('',#3099,#1371);
#1226=LINE('',#3103,#1372);
#1227=LINE('',#3106,#1373);
#1228=LINE('',#3108,#1374);
#1229=LINE('',#3110,#1375);
#1230=LINE('',#3117,#1376);
#1231=LINE('',#3121,#1377);
#1232=LINE('',#3123,#1378);
#1233=LINE('',#3125,#1379);
#1234=LINE('',#3130,#1380);
#1235=LINE('',#3134,#1381);
#1236=LINE('',#3136,#1382);
#1237=LINE('',#3138,#1383);
#1238=LINE('',#3140,#1384);
#1239=LINE('',#3147,#1385);
#1240=LINE('',#3151,#1386);
#1241=LINE('',#3153,#1387);
#1242=LINE('',#3155,#1388);
#1243=LINE('',#3159,#1389);
#1244=LINE('',#3163,#1390);
#1245=LINE('',#3164,#1391);
#1246=LINE('',#3186,#1392);
#1247=LINE('',#3188,#1393);
#1248=LINE('',#3189,#1394);
#1249=LINE('',#3191,#1395);
#1250=LINE('',#3193,#1396);
#1251=LINE('',#3195,#1397);
#1252=LINE('',#3197,#1398);
#1253=LINE('',#3199,#1399);
#1254=LINE('',#3203,#1400);
#1255=LINE('',#3205,#1401);
#1256=LINE('',#3207,#1402);
#1257=LINE('',#3211,#1403);
#1258=LINE('',#3213,#1404);
#1259=LINE('',#3215,#1405);
#1260=LINE('',#3219,#1406);
#1261=LINE('',#3221,#1407);
#1262=LINE('',#3226,#1408);
#1263=LINE('',#3228,#1409);
#1264=LINE('',#3229,#1410);
#1265=LINE('',#3231,#1411);
#1266=VECTOR('',#2143,1.);
#1267=VECTOR('',#2146,1.);
#1268=VECTOR('',#2149,1.);
#1269=VECTOR('',#2152,1.);
#1270=VECTOR('',#2163,1.);
#1271=VECTOR('',#2166,1.);
#1272=VECTOR('',#2169,1.);
#1273=VECTOR('',#2172,1.);
#1274=VECTOR('',#2175,1.);
#1275=VECTOR('',#2178,1.);
#1276=VECTOR('',#2181,1.);
#1277=VECTOR('',#2184,1.);
#1278=VECTOR('',#2187,1.);
#1279=VECTOR('',#2190,1.);
#1280=VECTOR('',#2193,1.);
#1281=VECTOR('',#2196,1.);
#1282=VECTOR('',#2201,1.);
#1283=VECTOR('',#2202,1.);
#1284=VECTOR('',#2203,1.);
#1285=VECTOR('',#2206,1.);
#1286=VECTOR('',#2207,1.);
#1287=VECTOR('',#2208,1.);
#1288=VECTOR('',#2211,1.);
#1289=VECTOR('',#2212,1.);
#1290=VECTOR('',#2213,1.);
#1291=VECTOR('',#2218,1.);
#1292=VECTOR('',#2221,1.);
#1293=VECTOR('',#2222,1.);
#1294=VECTOR('',#2233,1.);
#1295=VECTOR('',#2234,1.);
#1296=VECTOR('',#2271,1.);
#1297=VECTOR('',#2272,1.);
#1298=VECTOR('',#2273,1.);
#1299=VECTOR('',#2276,1.);
#1300=VECTOR('',#2281,1.);
#1301=VECTOR('',#2282,1.);
#1302=VECTOR('',#2285,1.);
#1303=VECTOR('',#2290,1.);
#1304=VECTOR('',#2291,1.);
#1305=VECTOR('',#2294,1.);
#1306=VECTOR('',#2299,1.);
#1307=VECTOR('',#2300,1.);
#1308=VECTOR('',#2303,1.);
#1309=VECTOR('',#2308,1.);
#1310=VECTOR('',#2309,1.);
#1311=VECTOR('',#2312,1.);
#1312=VECTOR('',#2317,1.);
#1313=VECTOR('',#2318,1.);
#1314=VECTOR('',#2321,1.);
#1315=VECTOR('',#2326,1.);
#1316=VECTOR('',#2327,1.);
#1317=VECTOR('',#2330,1.);
#1318=VECTOR('',#2335,1.);
#1319=VECTOR('',#2336,1.);
#1320=VECTOR('',#2339,1.);
#1321=VECTOR('',#2344,1.);
#1322=VECTOR('',#2345,1.);
#1323=VECTOR('',#2348,1.);
#1324=VECTOR('',#2353,1.);
#1325=VECTOR('',#2354,1.);
#1326=VECTOR('',#2357,1.);
#1327=VECTOR('',#2362,1.);
#1328=VECTOR('',#2363,1.);
#1329=VECTOR('',#2366,1.);
#1330=VECTOR('',#2371,1.);
#1331=VECTOR('',#2372,1.);
#1332=VECTOR('',#2403,1.);
#1333=VECTOR('',#2406,1.);
#1334=VECTOR('',#2411,1.);
#1335=VECTOR('',#2414,1.);
#1336=VECTOR('',#2423,1.);
#1337=VECTOR('',#2424,1.);
#1338=VECTOR('',#2425,1.);
#1339=VECTOR('',#2426,1.);
#1340=VECTOR('',#2427,1.);
#1341=VECTOR('',#2428,1.);
#1342=VECTOR('',#2431,1.);
#1343=VECTOR('',#2434,1.);
#1344=VECTOR('',#2435,1.);
#1345=VECTOR('',#2436,1.);
#1346=VECTOR('',#2437,1.);
#1347=VECTOR('',#2438,1.);
#1348=VECTOR('',#2443,1.);
#1349=VECTOR('',#2444,1.);
#1350=VECTOR('',#2445,1.);
#1351=VECTOR('',#2446,1.);
#1352=VECTOR('',#2451,1.);
#1353=VECTOR('',#2456,1.);
#1354=VECTOR('',#2457,1.);
#1355=VECTOR('',#2458,1.);
#1356=VECTOR('',#2463,1.);
#1357=VECTOR('',#2468,1.);
#1358=VECTOR('',#2469,1.);
#1359=VECTOR('',#2470,1.);
#1360=VECTOR('',#2475,1.);
#1361=VECTOR('',#2480,1.);
#1362=VECTOR('',#2481,1.);
#1363=VECTOR('',#2482,1.);
#1364=VECTOR('',#2491,1.);
#1365=VECTOR('',#2492,1.);
#1366=VECTOR('',#2493,1.);
#1367=VECTOR('',#2494,1.);
#1368=VECTOR('',#2499,1.);
#1369=VECTOR('',#2504,1.);
#1370=VECTOR('',#2507,1.);
#1371=VECTOR('',#2510,1.);
#1372=VECTOR('',#2513,1.);
#1373=VECTOR('',#2516,1.);
#1374=VECTOR('',#2517,1.);
#1375=VECTOR('',#2518,1.);
#1376=VECTOR('',#2529,1.);
#1377=VECTOR('',#2534,1.);
#1378=VECTOR('',#2535,1.);
#1379=VECTOR('',#2536,1.);
#1380=VECTOR('',#2541,1.);
#1381=VECTOR('',#2544,1.);
#1382=VECTOR('',#2547,1.);
#1383=VECTOR('',#2548,1.);
#1384=VECTOR('',#2549,1.);
#1385=VECTOR('',#2560,1.);
#1386=VECTOR('',#2565,1.);
#1387=VECTOR('',#2566,1.);
#1388=VECTOR('',#2567,1.);
#1389=VECTOR('',#2572,1.);
#1390=VECTOR('',#2577,1.);
#1391=VECTOR('',#2578,1.);
#1392=VECTOR('',#2605,1.);
#1393=VECTOR('',#2606,1.);
#1394=VECTOR('',#2607,1.);
#1395=VECTOR('',#2608,1.);
#1396=VECTOR('',#2611,1.);
#1397=VECTOR('',#2612,1.);
#1398=VECTOR('',#2613,1.);
#1399=VECTOR('',#2616,1.);
#1400=VECTOR('',#2621,1.);
#1401=VECTOR('',#2622,1.);
#1402=VECTOR('',#2625,1.);
#1403=VECTOR('',#2630,1.);
#1404=VECTOR('',#2631,1.);
#1405=VECTOR('',#2634,1.);
#1406=VECTOR('',#2639,1.);
#1407=VECTOR('',#2640,1.);
#1408=VECTOR('',#2649,1.);
#1409=VECTOR('',#2650,1.);
#1410=VECTOR('',#2651,1.);
#1411=VECTOR('',#2652,1.);
#1412=EDGE_LOOP('',(#176,#177,#178,#179,#180,#181,#182,#183));
#1413=EDGE_LOOP('',(#184));
#1414=EDGE_LOOP('',(#185));
#1415=EDGE_LOOP('',(#186));
#1416=EDGE_LOOP('',(#187));
#1417=EDGE_LOOP('',(#188,#189,#190,#191,#192,#193,#194,#195,#196,#197,#198,
#199,#200,#201,#202,#203,#204,#205,#206,#207,#208,#209,#210,#211));
#1418=EDGE_LOOP('',(#212,#213,#214,#215));
#1419=EDGE_LOOP('',(#216,#217,#218,#219));
#1420=EDGE_LOOP('',(#220,#221,#222,#223));
#1421=EDGE_LOOP('',(#224,#225,#226,#227,#228));
#1422=EDGE_LOOP('',(#229,#230,#231,#232,#233));
#1423=EDGE_LOOP('',(#234));
#1424=EDGE_LOOP('',(#235));
#1425=EDGE_LOOP('',(#236));
#1426=EDGE_LOOP('',(#237,#238,#239,#240));
#1427=EDGE_LOOP('',(#241,#242,#243,#244));
#1428=EDGE_LOOP('',(#245,#246,#247,#248));
#1429=EDGE_LOOP('',(#249,#250,#251,#252,#253,#254,#255,#256,#257,#258));
#1430=EDGE_LOOP('',(#259));
#1431=EDGE_LOOP('',(#260));
#1432=EDGE_LOOP('',(#261));
#1433=EDGE_LOOP('',(#262));
#1434=EDGE_LOOP('',(#263));
#1435=EDGE_LOOP('',(#264));
#1436=EDGE_LOOP('',(#265));
#1437=EDGE_LOOP('',(#266));
#1438=EDGE_LOOP('',(#267));
#1439=EDGE_LOOP('',(#268));
#1440=EDGE_LOOP('',(#269));
#1441=EDGE_LOOP('',(#270));
#1442=EDGE_LOOP('',(#271,#272,#273,#274));
#1443=EDGE_LOOP('',(#275,#276,#277,#278));
#1444=EDGE_LOOP('',(#279,#280,#281,#282));
#1445=EDGE_LOOP('',(#283,#284,#285,#286));
#1446=EDGE_LOOP('',(#287,#288,#289,#290));
#1447=EDGE_LOOP('',(#291,#292,#293,#294));
#1448=EDGE_LOOP('',(#295,#296,#297,#298));
#1449=EDGE_LOOP('',(#299,#300,#301,#302));
#1450=EDGE_LOOP('',(#303,#304,#305,#306));
#1451=EDGE_LOOP('',(#307,#308,#309,#310));
#1452=EDGE_LOOP('',(#311,#312,#313,#314));
#1453=EDGE_LOOP('',(#315,#316,#317,#318));
#1454=EDGE_LOOP('',(#319,#320,#321,#322));
#1455=EDGE_LOOP('',(#323,#324,#325,#326));
#1456=EDGE_LOOP('',(#327,#328,#329,#330));
#1457=EDGE_LOOP('',(#331,#332,#333,#334));
#1458=EDGE_LOOP('',(#335,#336,#337,#338));
#1459=EDGE_LOOP('',(#339,#340,#341,#342));
#1460=EDGE_LOOP('',(#343,#344,#345,#346));
#1461=EDGE_LOOP('',(#347,#348,#349,#350));
#1462=EDGE_LOOP('',(#351,#352,#353,#354));
#1463=EDGE_LOOP('',(#355,#356,#357,#358));
#1464=EDGE_LOOP('',(#359,#360,#361,#362));
#1465=EDGE_LOOP('',(#363,#364,#365,#366));
#1466=EDGE_LOOP('',(#367,#368,#369,#370,#371,#372,#373,#374,#375,#376,#377,
#378,#379,#380,#381,#382,#383,#384,#385,#386,#387,#388,#389,#390));
#1467=EDGE_LOOP('',(#391));
#1468=EDGE_LOOP('',(#392));
#1469=EDGE_LOOP('',(#393));
#1470=EDGE_LOOP('',(#394));
#1471=EDGE_LOOP('',(#395));
#1472=EDGE_LOOP('',(#396));
#1473=EDGE_LOOP('',(#397));
#1474=EDGE_LOOP('',(#398));
#1475=EDGE_LOOP('',(#399));
#1476=EDGE_LOOP('',(#400,#401,#402,#403));
#1477=EDGE_LOOP('',(#404,#405,#406,#407));
#1478=EDGE_LOOP('',(#408));
#1479=EDGE_LOOP('',(#409));
#1480=EDGE_LOOP('',(#410));
#1481=EDGE_LOOP('',(#411,#412,#413,#414,#415,#416,#417,#418));
#1482=EDGE_LOOP('',(#419,#420,#421,#422,#423,#424,#425,#426));
#1483=EDGE_LOOP('',(#427,#428,#429,#430));
#1484=EDGE_LOOP('',(#431,#432,#433,#434));
#1485=EDGE_LOOP('',(#435,#436,#437,#438));
#1486=EDGE_LOOP('',(#439,#440,#441,#442));
#1487=EDGE_LOOP('',(#443,#444,#445,#446));
#1488=EDGE_LOOP('',(#447,#448,#449,#450));
#1489=EDGE_LOOP('',(#451,#452,#453,#454));
#1490=EDGE_LOOP('',(#455,#456,#457,#458));
#1491=EDGE_LOOP('',(#459,#460,#461,#462));
#1492=EDGE_LOOP('',(#463,#464,#465,#466));
#1493=EDGE_LOOP('',(#467,#468,#469,#470,#471,#472,#473,#474));
#1494=EDGE_LOOP('',(#475,#476,#477,#478));
#1495=EDGE_LOOP('',(#479,#480,#481,#482));
#1496=EDGE_LOOP('',(#483,#484,#485,#486));
#1497=EDGE_LOOP('',(#487,#488,#489,#490));
#1498=EDGE_LOOP('',(#491,#492,#493,#494));
#1499=EDGE_LOOP('',(#495,#496,#497,#498));
#1500=EDGE_LOOP('',(#499,#500,#501,#502));
#1501=EDGE_LOOP('',(#503,#504,#505,#506));
#1502=EDGE_LOOP('',(#507,#508,#509,#510,#511,#512,#513,#514));
#1503=EDGE_LOOP('',(#515,#516,#517,#518));
#1504=EDGE_LOOP('',(#519,#520,#521,#522));
#1505=EDGE_LOOP('',(#523,#524,#525,#526));
#1506=EDGE_LOOP('',(#527,#528,#529,#530));
#1507=EDGE_LOOP('',(#531));
#1508=EDGE_LOOP('',(#532));
#1509=EDGE_LOOP('',(#533));
#1510=EDGE_LOOP('',(#534));
#1511=EDGE_LOOP('',(#535));
#1512=EDGE_LOOP('',(#536));
#1513=EDGE_LOOP('',(#537));
#1514=EDGE_LOOP('',(#538));
#1515=EDGE_LOOP('',(#539,#540,#541,#542,#543,#544,#545,#546));
#1516=EDGE_LOOP('',(#547,#548,#549,#550,#551,#552,#553,#554));
#1517=EDGE_LOOP('',(#555,#556,#557,#558,#559,#560,#561,#562,#563,#564,#565,
#566,#567,#568,#569,#570,#571,#572,#573,#574,#575,#576,#577,#578));
#1518=EDGE_LOOP('',(#579,#580,#581,#582));
#1519=EDGE_LOOP('',(#583,#584,#585,#586));
#1520=EDGE_LOOP('',(#587,#588,#589,#590));
#1521=EDGE_LOOP('',(#591,#592,#593,#594));
#1522=EDGE_LOOP('',(#595,#596,#597,#598));
#1523=EDGE_LOOP('',(#599,#600,#601,#602));
#1524=EDGE_LOOP('',(#603,#604,#605,#606));
#1525=EDGE_LOOP('',(#607,#608,#609,#610));
#1526=EDGE_LOOP('',(#611,#612,#613,#614,#615,#616,#617,#618));
#1527=EDGE_LOOP('',(#619,#620,#621,#622,#623,#624,#625,#626));
#1528=EDGE_LOOP('',(#627,#628,#629,#630,#631,#632,#633,#634));
#1529=EDGE_LOOP('',(#635,#636,#637,#638));
#1530=EDGE_LOOP('',(#639,#640,#641,#642));
#1531=EDGE_LOOP('',(#643,#644,#645,#646));
#1532=EDGE_LOOP('',(#647,#648,#649,#650));
#1533=EDGE_LOOP('',(#651));
#1534=EDGE_LOOP('',(#652));
#1535=EDGE_LOOP('',(#653));
#1536=EDGE_LOOP('',(#654));
#1537=EDGE_LOOP('',(#655));
#1538=EDGE_LOOP('',(#656));
#1539=EDGE_LOOP('',(#657));
#1540=EDGE_LOOP('',(#658));
#1541=EDGE_LOOP('',(#659));
#1542=EDGE_LOOP('',(#660));
#1543=EDGE_LOOP('',(#661));
#1544=EDGE_LOOP('',(#662));
#1545=EDGE_LOOP('',(#663));
#1546=EDGE_LOOP('',(#664));
#1547=EDGE_LOOP('',(#665));
#1548=EDGE_LOOP('',(#666));
#1549=EDGE_LOOP('',(#667));
#1550=EDGE_LOOP('',(#668));
#1551=EDGE_LOOP('',(#669));
#1552=EDGE_LOOP('',(#670));
#1553=EDGE_LOOP('',(#671));
#1554=EDGE_LOOP('',(#672));
#1555=EDGE_LOOP('',(#673));
#1556=EDGE_LOOP('',(#674));
#1557=EDGE_LOOP('',(#675));
#1558=EDGE_LOOP('',(#676));
#1559=EDGE_LOOP('',(#677));
#1560=EDGE_LOOP('',(#678));
#1561=EDGE_LOOP('',(#679));
#1562=EDGE_LOOP('',(#680));
#1563=EDGE_LOOP('',(#681));
#1564=EDGE_LOOP('',(#682));
#1565=EDGE_LOOP('',(#683));
#1566=FACE_BOUND('',#1412,.T.);
#1567=FACE_BOUND('',#1413,.T.);
#1568=FACE_BOUND('',#1414,.T.);
#1569=FACE_BOUND('',#1415,.T.);
#1570=FACE_BOUND('',#1416,.T.);
#1571=FACE_BOUND('',#1417,.T.);
#1572=FACE_BOUND('',#1418,.T.);
#1573=FACE_BOUND('',#1419,.T.);
#1574=FACE_BOUND('',#1420,.T.);
#1575=FACE_BOUND('',#1421,.T.);
#1576=FACE_BOUND('',#1422,.T.);
#1577=FACE_BOUND('',#1423,.T.);
#1578=FACE_BOUND('',#1424,.T.);
#1579=FACE_BOUND('',#1425,.T.);
#1580=FACE_BOUND('',#1426,.T.);
#1581=FACE_BOUND('',#1427,.T.);
#1582=FACE_BOUND('',#1428,.T.);
#1583=FACE_BOUND('',#1429,.T.);
#1584=FACE_BOUND('',#1430,.T.);
#1585=FACE_BOUND('',#1431,.T.);
#1586=FACE_BOUND('',#1432,.T.);
#1587=FACE_BOUND('',#1433,.T.);
#1588=FACE_BOUND('',#1434,.T.);
#1589=FACE_BOUND('',#1435,.T.);
#1590=FACE_BOUND('',#1436,.T.);
#1591=FACE_BOUND('',#1437,.T.);
#1592=FACE_BOUND('',#1438,.T.);
#1593=FACE_BOUND('',#1439,.T.);
#1594=FACE_BOUND('',#1440,.T.);
#1595=FACE_BOUND('',#1441,.T.);
#1596=FACE_BOUND('',#1442,.T.);
#1597=FACE_BOUND('',#1443,.T.);
#1598=FACE_BOUND('',#1444,.T.);
#1599=FACE_BOUND('',#1445,.T.);
#1600=FACE_BOUND('',#1446,.T.);
#1601=FACE_BOUND('',#1447,.T.);
#1602=FACE_BOUND('',#1448,.T.);
#1603=FACE_BOUND('',#1449,.T.);
#1604=FACE_BOUND('',#1450,.T.);
#1605=FACE_BOUND('',#1451,.T.);
#1606=FACE_BOUND('',#1452,.T.);
#1607=FACE_BOUND('',#1453,.T.);
#1608=FACE_BOUND('',#1454,.T.);
#1609=FACE_BOUND('',#1455,.T.);
#1610=FACE_BOUND('',#1456,.T.);
#1611=FACE_BOUND('',#1457,.T.);
#1612=FACE_BOUND('',#1458,.T.);
#1613=FACE_BOUND('',#1459,.T.);
#1614=FACE_BOUND('',#1460,.T.);
#1615=FACE_BOUND('',#1461,.T.);
#1616=FACE_BOUND('',#1462,.T.);
#1617=FACE_BOUND('',#1463,.T.);
#1618=FACE_BOUND('',#1464,.T.);
#1619=FACE_BOUND('',#1465,.T.);
#1620=FACE_BOUND('',#1466,.T.);
#1621=FACE_BOUND('',#1467,.T.);
#1622=FACE_BOUND('',#1468,.T.);
#1623=FACE_BOUND('',#1469,.T.);
#1624=FACE_BOUND('',#1470,.T.);
#1625=FACE_BOUND('',#1471,.T.);
#1626=FACE_BOUND('',#1472,.T.);
#1627=FACE_BOUND('',#1473,.T.);
#1628=FACE_BOUND('',#1474,.T.);
#1629=FACE_BOUND('',#1475,.T.);
#1630=FACE_BOUND('',#1476,.T.);
#1631=FACE_BOUND('',#1477,.T.);
#1632=FACE_BOUND('',#1478,.T.);
#1633=FACE_BOUND('',#1479,.T.);
#1634=FACE_BOUND('',#1480,.T.);
#1635=FACE_BOUND('',#1481,.T.);
#1636=FACE_BOUND('',#1482,.T.);
#1637=FACE_BOUND('',#1483,.T.);
#1638=FACE_BOUND('',#1484,.T.);
#1639=FACE_BOUND('',#1485,.T.);
#1640=FACE_BOUND('',#1486,.T.);
#1641=FACE_BOUND('',#1487,.T.);
#1642=FACE_BOUND('',#1488,.T.);
#1643=FACE_BOUND('',#1489,.T.);
#1644=FACE_BOUND('',#1490,.T.);
#1645=FACE_BOUND('',#1491,.T.);
#1646=FACE_BOUND('',#1492,.T.);
#1647=FACE_BOUND('',#1493,.T.);
#1648=FACE_BOUND('',#1494,.T.);
#1649=FACE_BOUND('',#1495,.T.);
#1650=FACE_BOUND('',#1496,.T.);
#1651=FACE_BOUND('',#1497,.T.);
#1652=FACE_BOUND('',#1498,.T.);
#1653=FACE_BOUND('',#1499,.T.);
#1654=FACE_BOUND('',#1500,.T.);
#1655=FACE_BOUND('',#1501,.T.);
#1656=FACE_BOUND('',#1502,.T.);
#1657=FACE_BOUND('',#1503,.T.);
#1658=FACE_BOUND('',#1504,.T.);
#1659=FACE_BOUND('',#1505,.T.);
#1660=FACE_BOUND('',#1506,.T.);
#1661=FACE_BOUND('',#1507,.T.);
#1662=FACE_BOUND('',#1508,.T.);
#1663=FACE_BOUND('',#1509,.T.);
#1664=FACE_BOUND('',#1510,.T.);
#1665=FACE_BOUND('',#1511,.T.);
#1666=FACE_BOUND('',#1512,.T.);
#1667=FACE_BOUND('',#1513,.T.);
#1668=FACE_BOUND('',#1514,.T.);
#1669=FACE_BOUND('',#1515,.T.);
#1670=FACE_BOUND('',#1516,.T.);
#1671=FACE_BOUND('',#1517,.T.);
#1672=FACE_BOUND('',#1518,.T.);
#1673=FACE_BOUND('',#1519,.T.);
#1674=FACE_BOUND('',#1520,.T.);
#1675=FACE_BOUND('',#1521,.T.);
#1676=FACE_BOUND('',#1522,.T.);
#1677=FACE_BOUND('',#1523,.T.);
#1678=FACE_BOUND('',#1524,.T.);
#1679=FACE_BOUND('',#1525,.T.);
#1680=FACE_BOUND('',#1526,.T.);
#1681=FACE_BOUND('',#1527,.T.);
#1682=FACE_BOUND('',#1528,.T.);
#1683=FACE_BOUND('',#1529,.T.);
#1684=FACE_BOUND('',#1530,.T.);
#1685=FACE_BOUND('',#1531,.T.);
#1686=FACE_BOUND('',#1532,.T.);
#1687=FACE_BOUND('',#1533,.T.);
#1688=FACE_BOUND('',#1534,.T.);
#1689=FACE_BOUND('',#1535,.T.);
#1690=FACE_BOUND('',#1536,.T.);
#1691=FACE_BOUND('',#1537,.T.);
#1692=FACE_BOUND('',#1538,.T.);
#1693=FACE_BOUND('',#1539,.T.);
#1694=FACE_BOUND('',#1540,.T.);
#1695=FACE_BOUND('',#1541,.T.);
#1696=FACE_BOUND('',#1542,.T.);
#1697=FACE_BOUND('',#1543,.T.);
#1698=FACE_BOUND('',#1544,.T.);
#1699=FACE_BOUND('',#1545,.T.);
#1700=FACE_BOUND('',#1546,.T.);
#1701=FACE_BOUND('',#1547,.T.);
#1702=FACE_BOUND('',#1548,.T.);
#1703=FACE_BOUND('',#1549,.T.);
#1704=FACE_BOUND('',#1550,.T.);
#1705=FACE_BOUND('',#1551,.T.);
#1706=FACE_BOUND('',#1552,.T.);
#1707=FACE_BOUND('',#1553,.T.);
#1708=FACE_BOUND('',#1554,.T.);
#1709=FACE_BOUND('',#1555,.T.);
#1710=FACE_BOUND('',#1556,.T.);
#1711=FACE_BOUND('',#1557,.T.);
#1712=FACE_BOUND('',#1558,.T.);
#1713=FACE_BOUND('',#1559,.T.);
#1714=FACE_BOUND('',#1560,.T.);
#1715=FACE_BOUND('',#1561,.T.);
#1716=FACE_BOUND('',#1562,.T.);
#1717=FACE_BOUND('',#1563,.T.);
#1718=FACE_BOUND('',#1564,.T.);
#1719=FACE_BOUND('',#1565,.T.);
#1720=PLANE('',#1917);
#1721=PLANE('',#1938);
#1722=PLANE('',#1939);
#1723=PLANE('',#1940);
#1724=PLANE('',#1945);
#1725=PLANE('',#1953);
#1726=PLANE('',#1956);
#1727=PLANE('',#1959);
#1728=PLANE('',#1962);
#1729=PLANE('',#1965);
#1730=PLANE('',#1966);
#1731=PLANE('',#1969);
#1732=PLANE('',#1972);
#1733=PLANE('',#1975);
#1734=PLANE('',#1978);
#1735=PLANE('',#1981);
#1736=PLANE('',#1984);
#1737=PLANE('',#1987);
#1738=PLANE('',#1990);
#1739=PLANE('',#1993);
#1740=PLANE('',#1996);
#1741=PLANE('',#1999);
#1742=PLANE('',#2002);
#1743=PLANE('',#2005);
#1744=PLANE('',#2008);
#1745=PLANE('',#2011);
#1746=PLANE('',#2019);
#1747=PLANE('',#2023);
#1748=PLANE('',#2026);
#1749=PLANE('',#2030);
#1750=PLANE('',#2034);
#1751=PLANE('',#2038);
#1752=PLANE('',#2042);
#1753=PLANE('',#2046);
#1754=PLANE('',#2057);
#1755=PLANE('',#2061);
#1756=PLANE('',#2068);
#1757=PLANE('',#2072);
#1758=PLANE('',#2076);
#1759=PLANE('',#2085);
#1760=PLANE('',#2086);
#1761=PLANE('',#2089);
#1762=PLANE('',#2092);
#1763=PLANE('',#2095);
#1764=PLANE('',#2098);
#1765=PLANE('',#2099);
#1766=PLANE('',#2102);
#1767=PLANE('',#2105);
#1768=PLANE('',#2108);
#1769=PLANE('',#2111);
#1770=PLANE('',#2114);
#1771=PLANE('',#2117);
#1772=PLANE('',#2120);
#1773=PLANE('',#2123);
#1774=PLANE('',#2126);
#1775=PLANE('',#2129);
#1776=PLANE('',#2132);
#1777=PLANE('',#2135);
#1778=PLANE('',#2138);
#1779=ADVANCED_FACE('',(#1566,#1567,#1568,#1569,#1570,#1571),#1720,.T.);
#1780=ADVANCED_FACE('',(#1572),#1721,.F.);
#1781=ADVANCED_FACE('',(#1573),#1722,.T.);
#1782=ADVANCED_FACE('',(#1574),#1723,.F.);
#1783=ADVANCED_FACE('',(#1575),#18,.T.);
#1784=ADVANCED_FACE('',(#1576),#19,.T.);
#1785=ADVANCED_FACE('',(#1577,#1578,#1579,#1580),#1724,.T.);
#1786=ADVANCED_FACE('',(#1581),#20,.T.);
#1787=ADVANCED_FACE('',(#1582),#21,.T.);
#1788=ADVANCED_FACE('',(#1583),#1725,.T.);
#1789=ADVANCED_FACE('',(#1584,#1585),#22,.F.);
#1790=ADVANCED_FACE('',(#1586),#1726,.T.);
#1791=ADVANCED_FACE('',(#1587,#1588),#23,.F.);
#1792=ADVANCED_FACE('',(#1589),#1727,.T.);
#1793=ADVANCED_FACE('',(#1590,#1591),#24,.F.);
#1794=ADVANCED_FACE('',(#1592),#1728,.T.);
#1795=ADVANCED_FACE('',(#1593,#1594),#25,.F.);
#1796=ADVANCED_FACE('',(#1595),#1729,.T.);
#1797=ADVANCED_FACE('',(#1596),#1730,.F.);
#1798=ADVANCED_FACE('',(#1597),#26,.F.);
#1799=ADVANCED_FACE('',(#1598),#1731,.F.);
#1800=ADVANCED_FACE('',(#1599),#27,.F.);
#1801=ADVANCED_FACE('',(#1600),#1732,.T.);
#1802=ADVANCED_FACE('',(#1601),#28,.T.);
#1803=ADVANCED_FACE('',(#1602),#1733,.F.);
#1804=ADVANCED_FACE('',(#1603),#29,.F.);
#1805=ADVANCED_FACE('',(#1604),#1734,.F.);
#1806=ADVANCED_FACE('',(#1605),#30,.F.);
#1807=ADVANCED_FACE('',(#1606),#1735,.T.);
#1808=ADVANCED_FACE('',(#1607),#31,.T.);
#1809=ADVANCED_FACE('',(#1608),#1736,.F.);
#1810=ADVANCED_FACE('',(#1609),#32,.F.);
#1811=ADVANCED_FACE('',(#1610),#1737,.F.);
#1812=ADVANCED_FACE('',(#1611),#33,.F.);
#1813=ADVANCED_FACE('',(#1612),#1738,.T.);
#1814=ADVANCED_FACE('',(#1613),#34,.T.);
#1815=ADVANCED_FACE('',(#1614),#1739,.F.);
#1816=ADVANCED_FACE('',(#1615),#35,.F.);
#1817=ADVANCED_FACE('',(#1616),#1740,.F.);
#1818=ADVANCED_FACE('',(#1617),#36,.F.);
#1819=ADVANCED_FACE('',(#1618),#1741,.T.);
#1820=ADVANCED_FACE('',(#1619),#37,.T.);
#1821=ADVANCED_FACE('',(#1620),#1742,.T.);
#1822=ADVANCED_FACE('',(#1621,#1622),#38,.F.);
#1823=ADVANCED_FACE('',(#1623),#1743,.T.);
#1824=ADVANCED_FACE('',(#1624,#1625),#39,.F.);
#1825=ADVANCED_FACE('',(#1626),#1744,.T.);
#1826=ADVANCED_FACE('',(#1627,#1628),#40,.F.);
#1827=ADVANCED_FACE('',(#1629),#1745,.T.);
#1828=ADVANCED_FACE('',(#1630),#41,.F.);
#1829=ADVANCED_FACE('',(#1631),#42,.F.);
#1830=ADVANCED_FACE('',(#1632,#1633,#1634,#1635),#1746,.F.);
#1831=ADVANCED_FACE('',(#1636),#1747,.T.);
#1832=ADVANCED_FACE('',(#1637),#1748,.F.);
#1833=ADVANCED_FACE('',(#1638),#43,.F.);
#1834=ADVANCED_FACE('',(#1639),#1749,.T.);
#1835=ADVANCED_FACE('',(#1640),#44,.F.);
#1836=ADVANCED_FACE('',(#1641),#1750,.T.);
#1837=ADVANCED_FACE('',(#1642),#45,.F.);
#1838=ADVANCED_FACE('',(#1643),#1751,.F.);
#1839=ADVANCED_FACE('',(#1644),#46,.F.);
#1840=ADVANCED_FACE('',(#1645),#1752,.T.);
#1841=ADVANCED_FACE('',(#1646),#47,.T.);
#1842=ADVANCED_FACE('',(#1647,#1648),#1753,.T.);
#1843=ADVANCED_FACE('',(#1649),#48,.T.);
#1844=ADVANCED_FACE('',(#1650),#49,.T.);
#1845=ADVANCED_FACE('',(#1651),#1754,.F.);
#1846=ADVANCED_FACE('',(#1652),#50,.F.);
#1847=ADVANCED_FACE('',(#1653),#1755,.T.);
#1848=ADVANCED_FACE('',(#1654),#51,.F.);
#1849=ADVANCED_FACE('',(#1655),#52,.F.);
#1850=ADVANCED_FACE('',(#1656,#1657),#1756,.F.);
#1851=ADVANCED_FACE('',(#1658),#53,.F.);
#1852=ADVANCED_FACE('',(#1659),#1757,.F.);
#1853=ADVANCED_FACE('',(#1660),#54,.T.);
#1854=ADVANCED_FACE('',(#1661,#1662,#1663,#1664,#1665,#1666,#1667,#1668,
#1669,#1670),#1758,.T.);
#1855=ADVANCED_FACE('',(#1671),#1759,.F.);
#1856=ADVANCED_FACE('',(#1672),#1760,.F.);
#1857=ADVANCED_FACE('',(#1673),#55,.F.);
#1858=ADVANCED_FACE('',(#1674),#1761,.T.);
#1859=ADVANCED_FACE('',(#1675),#56,.F.);
#1860=ADVANCED_FACE('',(#1676),#1762,.T.);
#1861=ADVANCED_FACE('',(#1677),#57,.F.);
#1862=ADVANCED_FACE('',(#1678),#1763,.F.);
#1863=ADVANCED_FACE('',(#1679),#58,.F.);
#1864=ADVANCED_FACE('',(#1680,#1681),#1764,.T.);
#1865=ADVANCED_FACE('',(#1682),#1765,.F.);
#1866=ADVANCED_FACE('',(#1683),#59,.F.);
#1867=ADVANCED_FACE('',(#1684),#1766,.F.);
#1868=ADVANCED_FACE('',(#1685),#60,.F.);
#1869=ADVANCED_FACE('',(#1686),#1767,.F.);
#1870=ADVANCED_FACE('',(#1687,#1688),#61,.F.);
#1871=ADVANCED_FACE('',(#1689),#1768,.T.);
#1872=ADVANCED_FACE('',(#1690,#1691),#62,.F.);
#1873=ADVANCED_FACE('',(#1692),#1769,.T.);
#1874=ADVANCED_FACE('',(#1693,#1694),#63,.F.);
#1875=ADVANCED_FACE('',(#1695),#1770,.T.);
#1876=ADVANCED_FACE('',(#1696,#1697),#64,.F.);
#1877=ADVANCED_FACE('',(#1698),#1771,.T.);
#1878=ADVANCED_FACE('',(#1699,#1700),#65,.F.);
#1879=ADVANCED_FACE('',(#1701),#1772,.T.);
#1880=ADVANCED_FACE('',(#1702,#1703),#66,.F.);
#1881=ADVANCED_FACE('',(#1704),#1773,.T.);
#1882=ADVANCED_FACE('',(#1705,#1706),#67,.F.);
#1883=ADVANCED_FACE('',(#1707),#1774,.T.);
#1884=ADVANCED_FACE('',(#1708,#1709),#68,.F.);
#1885=ADVANCED_FACE('',(#1710),#1775,.T.);
#1886=ADVANCED_FACE('',(#1711,#1712),#69,.F.);
#1887=ADVANCED_FACE('',(#1713),#1776,.T.);
#1888=ADVANCED_FACE('',(#1714,#1715),#70,.F.);
#1889=ADVANCED_FACE('',(#1716),#1777,.T.);
#1890=ADVANCED_FACE('',(#1717,#1718),#71,.F.);
#1891=ADVANCED_FACE('',(#1719),#1778,.T.);
#1892=CLOSED_SHELL('',(#1779,#1780,#1781,#1782,#1783,#1784,#1785,#1786,
#1787,#1788,#1789,#1790,#1791,#1792,#1793,#1794,#1795,#1796,#1797,#1798,
#1799,#1800,#1801,#1802,#1803,#1804,#1805,#1806,#1807,#1808,#1809,#1810,
#1811,#1812,#1813,#1814,#1815,#1816,#1817,#1818,#1819,#1820,#1821,#1822,
#1823,#1824,#1825,#1826,#1827));
#1893=CLOSED_SHELL('',(#1828,#1829,#1830,#1831,#1832,#1833,#1834,#1835,
#1836,#1837,#1838,#1839,#1840,#1841,#1842,#1843,#1844,#1845,#1846,#1847,
#1848,#1849,#1850,#1851,#1852,#1853,#1854,#1855,#1856,#1857,#1858,#1859,
#1860,#1861,#1862,#1863,#1864,#1865,#1866,#1867,#1868,#1869,#1870,#1871,
#1872,#1873,#1874,#1875,#1876,#1877,#1878,#1879,#1880,#1881,#1882,#1883,
#1884,#1885,#1886,#1887,#1888,#1889,#1890,#1891));
#1894=STYLED_ITEM('',(#1896),#1910);
#1895=STYLED_ITEM('',(#1897),#1911);
#1896=PRESENTATION_STYLE_ASSIGNMENT((#1898));
#1897=PRESENTATION_STYLE_ASSIGNMENT((#1899));
#1898=SURFACE_STYLE_USAGE(.BOTH.,#1900);
#1899=SURFACE_STYLE_USAGE(.BOTH.,#1901);
#1900=SURFACE_SIDE_STYLE('',(#1902));
#1901=SURFACE_SIDE_STYLE('',(#1903));
#1902=SURFACE_STYLE_FILL_AREA(#1904);
#1903=SURFACE_STYLE_FILL_AREA(#1905);
#1904=FILL_AREA_STYLE('',(#1906));
#1905=FILL_AREA_STYLE('',(#1907));
#1906=FILL_AREA_STYLE_COLOUR('',#1908);
#1907=FILL_AREA_STYLE_COLOUR('',#1909);
#1908=COLOUR_RGB('',0.917647058823529,0.917647058823529,0.917647058823529);
#1909=COLOUR_RGB('',0.8,0.8,0.8);
#1910=MANIFOLD_SOLID_BREP('Part 4',#1892);
#1911=MANIFOLD_SOLID_BREP('Part 6',#1893);
#1912=SHAPE_DEFINITION_REPRESENTATION(#3294,#1914);
#1913=SHAPE_DEFINITION_REPRESENTATION(#3295,#1915);
#1914=SHAPE_REPRESENTATION('Part 4',(#1916),#3284);
#1915=SHAPE_REPRESENTATION('Part 6',(#2012),#3285);
#1916=AXIS2_PLACEMENT_3D('',#2731,#2139,#2140);
#1917=AXIS2_PLACEMENT_3D('',#2732,#2141,#2142);
#1918=AXIS2_PLACEMENT_3D('',#2736,#2144,#2145);
#1919=AXIS2_PLACEMENT_3D('',#2740,#2147,#2148);
#1920=AXIS2_PLACEMENT_3D('',#2744,#2150,#2151);
#1921=AXIS2_PLACEMENT_3D('',#2748,#2153,#2154);
#1922=AXIS2_PLACEMENT_3D('',#2749,#2155,#2156);
#1923=AXIS2_PLACEMENT_3D('',#2751,#2157,#2158);
#1924=AXIS2_PLACEMENT_3D('',#2753,#2159,#2160);
#1925=AXIS2_PLACEMENT_3D('',#2755,#2161,#2162);
#1926=AXIS2_PLACEMENT_3D('',#2760,#2164,#2165);
#1927=AXIS2_PLACEMENT_3D('',#2764,#2167,#2168);
#1928=AXIS2_PLACEMENT_3D('',#2768,#2170,#2171);
#1929=AXIS2_PLACEMENT_3D('',#2772,#2173,#2174);
#1930=AXIS2_PLACEMENT_3D('',#2776,#2176,#2177);
#1931=AXIS2_PLACEMENT_3D('',#2780,#2179,#2180);
#1932=AXIS2_PLACEMENT_3D('',#2784,#2182,#2183);
#1933=AXIS2_PLACEMENT_3D('',#2788,#2185,#2186);
#1934=AXIS2_PLACEMENT_3D('',#2792,#2188,#2189);
#1935=AXIS2_PLACEMENT_3D('',#2796,#2191,#2192);
#1936=AXIS2_PLACEMENT_3D('',#2800,#2194,#2195);
#1937=AXIS2_PLACEMENT_3D('',#2804,#2197,#2198);
#1938=AXIS2_PLACEMENT_3D('',#2805,#2199,#2200);
#1939=AXIS2_PLACEMENT_3D('',#2811,#2204,#2205);
#1940=AXIS2_PLACEMENT_3D('',#2817,#2209,#2210);
#1941=AXIS2_PLACEMENT_3D('',#2823,#2214,#2215);
#1942=AXIS2_PLACEMENT_3D('',#2824,#2216,#2217);
#1943=AXIS2_PLACEMENT_3D('',#2827,#2219,#2220);
#1944=AXIS2_PLACEMENT_3D('',#2832,#2223,#2224);
#1945=AXIS2_PLACEMENT_3D('',#2833,#2225,#2226);
#1946=AXIS2_PLACEMENT_3D('',#2834,#2227,#2228);
#1947=AXIS2_PLACEMENT_3D('',#2836,#2229,#2230);
#1948=AXIS2_PLACEMENT_3D('',#2838,#2231,#2232);
#1949=AXIS2_PLACEMENT_3D('',#2843,#2235,#2236);
#1950=AXIS2_PLACEMENT_3D('',#2844,#2237,#2238);
#1951=AXIS2_PLACEMENT_3D('',#2845,#2239,#2240);
#1952=AXIS2_PLACEMENT_3D('',#2846,#2241,#2242);
#1953=AXIS2_PLACEMENT_3D('',#2847,#2243,#2244);
#1954=AXIS2_PLACEMENT_3D('',#2848,#2245,#2246);
#1955=AXIS2_PLACEMENT_3D('',#2849,#2247,#2248);
#1956=AXIS2_PLACEMENT_3D('',#2851,#2249,#2250);
#1957=AXIS2_PLACEMENT_3D('',#2852,#2251,#2252);
#1958=AXIS2_PLACEMENT_3D('',#2853,#2253,#2254);
#1959=AXIS2_PLACEMENT_3D('',#2855,#2255,#2256);
#1960=AXIS2_PLACEMENT_3D('',#2856,#2257,#2258);
#1961=AXIS2_PLACEMENT_3D('',#2857,#2259,#2260);
#1962=AXIS2_PLACEMENT_3D('',#2859,#2261,#2262);
#1963=AXIS2_PLACEMENT_3D('',#2860,#2263,#2264);
#1964=AXIS2_PLACEMENT_3D('',#2861,#2265,#2266);
#1965=AXIS2_PLACEMENT_3D('',#2863,#2267,#2268);
#1966=AXIS2_PLACEMENT_3D('',#2864,#2269,#2270);
#1967=AXIS2_PLACEMENT_3D('',#2870,#2274,#2275);
#1968=AXIS2_PLACEMENT_3D('',#2873,#2277,#2278);
#1969=AXIS2_PLACEMENT_3D('',#2874,#2279,#2280);
#1970=AXIS2_PLACEMENT_3D('',#2878,#2283,#2284);
#1971=AXIS2_PLACEMENT_3D('',#2881,#2286,#2287);
#1972=AXIS2_PLACEMENT_3D('',#2882,#2288,#2289);
#1973=AXIS2_PLACEMENT_3D('',#2886,#2292,#2293);
#1974=AXIS2_PLACEMENT_3D('',#2889,#2295,#2296);
#1975=AXIS2_PLACEMENT_3D('',#2890,#2297,#2298);
#1976=AXIS2_PLACEMENT_3D('',#2894,#2301,#2302);
#1977=AXIS2_PLACEMENT_3D('',#2897,#2304,#2305);
#1978=AXIS2_PLACEMENT_3D('',#2898,#2306,#2307);
#1979=AXIS2_PLACEMENT_3D('',#2902,#2310,#2311);
#1980=AXIS2_PLACEMENT_3D('',#2905,#2313,#2314);
#1981=AXIS2_PLACEMENT_3D('',#2906,#2315,#2316);
#1982=AXIS2_PLACEMENT_3D('',#2910,#2319,#2320);
#1983=AXIS2_PLACEMENT_3D('',#2913,#2322,#2323);
#1984=AXIS2_PLACEMENT_3D('',#2914,#2324,#2325);
#1985=AXIS2_PLACEMENT_3D('',#2918,#2328,#2329);
#1986=AXIS2_PLACEMENT_3D('',#2921,#2331,#2332);
#1987=AXIS2_PLACEMENT_3D('',#2922,#2333,#2334);
#1988=AXIS2_PLACEMENT_3D('',#2926,#2337,#2338);
#1989=AXIS2_PLACEMENT_3D('',#2929,#2340,#2341);
#1990=AXIS2_PLACEMENT_3D('',#2930,#2342,#2343);
#1991=AXIS2_PLACEMENT_3D('',#2934,#2346,#2347);
#1992=AXIS2_PLACEMENT_3D('',#2937,#2349,#2350);
#1993=AXIS2_PLACEMENT_3D('',#2938,#2351,#2352);
#1994=AXIS2_PLACEMENT_3D('',#2942,#2355,#2356);
#1995=AXIS2_PLACEMENT_3D('',#2945,#2358,#2359);
#1996=AXIS2_PLACEMENT_3D('',#2946,#2360,#2361);
#1997=AXIS2_PLACEMENT_3D('',#2950,#2364,#2365);
#1998=AXIS2_PLACEMENT_3D('',#2953,#2367,#2368);
#1999=AXIS2_PLACEMENT_3D('',#2954,#2369,#2370);
#2000=AXIS2_PLACEMENT_3D('',#2958,#2373,#2374);
#2001=AXIS2_PLACEMENT_3D('',#2959,#2375,#2376);
#2002=AXIS2_PLACEMENT_3D('',#2960,#2377,#2378);
#2003=AXIS2_PLACEMENT_3D('',#2961,#2379,#2380);
#2004=AXIS2_PLACEMENT_3D('',#2962,#2381,#2382);
#2005=AXIS2_PLACEMENT_3D('',#2964,#2383,#2384);
#2006=AXIS2_PLACEMENT_3D('',#2965,#2385,#2386);
#2007=AXIS2_PLACEMENT_3D('',#2966,#2387,#2388);
#2008=AXIS2_PLACEMENT_3D('',#2968,#2389,#2390);
#2009=AXIS2_PLACEMENT_3D('',#2969,#2391,#2392);
#2010=AXIS2_PLACEMENT_3D('',#2970,#2393,#2394);
#2011=AXIS2_PLACEMENT_3D('',#2972,#2395,#2396);
#2012=AXIS2_PLACEMENT_3D('',#2973,#2397,#2398);
#2013=AXIS2_PLACEMENT_3D('',#2974,#2399,#2400);
#2014=AXIS2_PLACEMENT_3D('',#2975,#2401,#2402);
#2015=AXIS2_PLACEMENT_3D('',#2980,#2404,#2405);
#2016=AXIS2_PLACEMENT_3D('',#2983,#2407,#2408);
#2017=AXIS2_PLACEMENT_3D('',#2984,#2409,#2410);
#2018=AXIS2_PLACEMENT_3D('',#2989,#2412,#2413);
#2019=AXIS2_PLACEMENT_3D('',#2992,#2415,#2416);
#2020=AXIS2_PLACEMENT_3D('',#2993,#2417,#2418);
#2021=AXIS2_PLACEMENT_3D('',#2995,#2419,#2420);
#2022=AXIS2_PLACEMENT_3D('',#2997,#2421,#2422);
#2023=AXIS2_PLACEMENT_3D('',#3009,#2429,#2430);
#2024=AXIS2_PLACEMENT_3D('',#3013,#2432,#2433);
#2025=AXIS2_PLACEMENT_3D('',#3025,#2439,#2440);
#2026=AXIS2_PLACEMENT_3D('',#3026,#2441,#2442);
#2027=AXIS2_PLACEMENT_3D('',#3035,#2447,#2448);
#2028=AXIS2_PLACEMENT_3D('',#3036,#2449,#2450);
#2029=AXIS2_PLACEMENT_3D('',#3040,#2452,#2453);
#2030=AXIS2_PLACEMENT_3D('',#3041,#2454,#2455);
#2031=AXIS2_PLACEMENT_3D('',#3047,#2459,#2460);
#2032=AXIS2_PLACEMENT_3D('',#3048,#2461,#2462);
#2033=AXIS2_PLACEMENT_3D('',#3052,#2464,#2465);
#2034=AXIS2_PLACEMENT_3D('',#3053,#2466,#2467);
#2035=AXIS2_PLACEMENT_3D('',#3059,#2471,#2472);
#2036=AXIS2_PLACEMENT_3D('',#3060,#2473,#2474);
#2037=AXIS2_PLACEMENT_3D('',#3064,#2476,#2477);
#2038=AXIS2_PLACEMENT_3D('',#3065,#2478,#2479);
#2039=AXIS2_PLACEMENT_3D('',#3071,#2483,#2484);
#2040=AXIS2_PLACEMENT_3D('',#3072,#2485,#2486);
#2041=AXIS2_PLACEMENT_3D('',#3073,#2487,#2488);
#2042=AXIS2_PLACEMENT_3D('',#3074,#2489,#2490);
#2043=AXIS2_PLACEMENT_3D('',#3083,#2495,#2496);
#2044=AXIS2_PLACEMENT_3D('',#3084,#2497,#2498);
#2045=AXIS2_PLACEMENT_3D('',#3088,#2500,#2501);
#2046=AXIS2_PLACEMENT_3D('',#3089,#2502,#2503);
#2047=AXIS2_PLACEMENT_3D('',#3093,#2505,#2506);
#2048=AXIS2_PLACEMENT_3D('',#3097,#2508,#2509);
#2049=AXIS2_PLACEMENT_3D('',#3101,#2511,#2512);
#2050=AXIS2_PLACEMENT_3D('',#3105,#2514,#2515);
#2051=AXIS2_PLACEMENT_3D('',#3111,#2519,#2520);
#2052=AXIS2_PLACEMENT_3D('',#3112,#2521,#2522);
#2053=AXIS2_PLACEMENT_3D('',#3113,#2523,#2524);
#2054=AXIS2_PLACEMENT_3D('',#3114,#2525,#2526);
#2055=AXIS2_PLACEMENT_3D('',#3115,#2527,#2528);
#2056=AXIS2_PLACEMENT_3D('',#3119,#2530,#2531);
#2057=AXIS2_PLACEMENT_3D('',#3120,#2532,#2533);
#2058=AXIS2_PLACEMENT_3D('',#3126,#2537,#2538);
#2059=AXIS2_PLACEMENT_3D('',#3127,#2539,#2540);
#2060=AXIS2_PLACEMENT_3D('',#3132,#2542,#2543);
#2061=AXIS2_PLACEMENT_3D('',#3135,#2545,#2546);
#2062=AXIS2_PLACEMENT_3D('',#3141,#2550,#2551);
#2063=AXIS2_PLACEMENT_3D('',#3142,#2552,#2553);
#2064=AXIS2_PLACEMENT_3D('',#3143,#2554,#2555);
#2065=AXIS2_PLACEMENT_3D('',#3144,#2556,#2557);
#2066=AXIS2_PLACEMENT_3D('',#3145,#2558,#2559);
#2067=AXIS2_PLACEMENT_3D('',#3149,#2561,#2562);
#2068=AXIS2_PLACEMENT_3D('',#3150,#2563,#2564);
#2069=AXIS2_PLACEMENT_3D('',#3156,#2568,#2569);
#2070=AXIS2_PLACEMENT_3D('',#3157,#2570,#2571);
#2071=AXIS2_PLACEMENT_3D('',#3161,#2573,#2574);
#2072=AXIS2_PLACEMENT_3D('',#3162,#2575,#2576);
#2073=AXIS2_PLACEMENT_3D('',#3165,#2579,#2580);
#2074=AXIS2_PLACEMENT_3D('',#3166,#2581,#2582);
#2075=AXIS2_PLACEMENT_3D('',#3167,#2583,#2584);
#2076=AXIS2_PLACEMENT_3D('',#3168,#2585,#2586);
#2077=AXIS2_PLACEMENT_3D('',#3169,#2587,#2588);
#2078=AXIS2_PLACEMENT_3D('',#3171,#2589,#2590);
#2079=AXIS2_PLACEMENT_3D('',#3173,#2591,#2592);
#2080=AXIS2_PLACEMENT_3D('',#3175,#2593,#2594);
#2081=AXIS2_PLACEMENT_3D('',#3177,#2595,#2596);
#2082=AXIS2_PLACEMENT_3D('',#3179,#2597,#2598);
#2083=AXIS2_PLACEMENT_3D('',#3181,#2599,#2600);
#2084=AXIS2_PLACEMENT_3D('',#3183,#2601,#2602);
#2085=AXIS2_PLACEMENT_3D('',#3185,#2603,#2604);
#2086=AXIS2_PLACEMENT_3D('',#3192,#2609,#2610);
#2087=AXIS2_PLACEMENT_3D('',#3198,#2614,#2615);
#2088=AXIS2_PLACEMENT_3D('',#3201,#2617,#2618);
#2089=AXIS2_PLACEMENT_3D('',#3202,#2619,#2620);
#2090=AXIS2_PLACEMENT_3D('',#3206,#2623,#2624);
#2091=AXIS2_PLACEMENT_3D('',#3209,#2626,#2627);
#2092=AXIS2_PLACEMENT_3D('',#3210,#2628,#2629);
#2093=AXIS2_PLACEMENT_3D('',#3214,#2632,#2633);
#2094=AXIS2_PLACEMENT_3D('',#3217,#2635,#2636);
#2095=AXIS2_PLACEMENT_3D('',#3218,#2637,#2638);
#2096=AXIS2_PLACEMENT_3D('',#3222,#2641,#2642);
#2097=AXIS2_PLACEMENT_3D('',#3223,#2643,#2644);
#2098=AXIS2_PLACEMENT_3D('',#3224,#2645,#2646);
#2099=AXIS2_PLACEMENT_3D('',#3225,#2647,#2648);
#2100=AXIS2_PLACEMENT_3D('',#3232,#2653,#2654);
#2101=AXIS2_PLACEMENT_3D('',#3233,#2655,#2656);
#2102=AXIS2_PLACEMENT_3D('',#3234,#2657,#2658);
#2103=AXIS2_PLACEMENT_3D('',#3235,#2659,#2660);
#2104=AXIS2_PLACEMENT_3D('',#3236,#2661,#2662);
#2105=AXIS2_PLACEMENT_3D('',#3237,#2663,#2664);
#2106=AXIS2_PLACEMENT_3D('',#3238,#2665,#2666);
#2107=AXIS2_PLACEMENT_3D('',#3239,#2667,#2668);
#2108=AXIS2_PLACEMENT_3D('',#3241,#2669,#2670);
#2109=AXIS2_PLACEMENT_3D('',#3242,#2671,#2672);
#2110=AXIS2_PLACEMENT_3D('',#3243,#2673,#2674);
#2111=AXIS2_PLACEMENT_3D('',#3245,#2675,#2676);
#2112=AXIS2_PLACEMENT_3D('',#3246,#2677,#2678);
#2113=AXIS2_PLACEMENT_3D('',#3247,#2679,#2680);
#2114=AXIS2_PLACEMENT_3D('',#3249,#2681,#2682);
#2115=AXIS2_PLACEMENT_3D('',#3250,#2683,#2684);
#2116=AXIS2_PLACEMENT_3D('',#3251,#2685,#2686);
#2117=AXIS2_PLACEMENT_3D('',#3253,#2687,#2688);
#2118=AXIS2_PLACEMENT_3D('',#3254,#2689,#2690);
#2119=AXIS2_PLACEMENT_3D('',#3255,#2691,#2692);
#2120=AXIS2_PLACEMENT_3D('',#3257,#2693,#2694);
#2121=AXIS2_PLACEMENT_3D('',#3258,#2695,#2696);
#2122=AXIS2_PLACEMENT_3D('',#3259,#2697,#2698);
#2123=AXIS2_PLACEMENT_3D('',#3261,#2699,#2700);
#2124=AXIS2_PLACEMENT_3D('',#3262,#2701,#2702);
#2125=AXIS2_PLACEMENT_3D('',#3263,#2703,#2704);
#2126=AXIS2_PLACEMENT_3D('',#3265,#2705,#2706);
#2127=AXIS2_PLACEMENT_3D('',#3266,#2707,#2708);
#2128=AXIS2_PLACEMENT_3D('',#3267,#2709,#2710);
#2129=AXIS2_PLACEMENT_3D('',#3269,#2711,#2712);
#2130=AXIS2_PLACEMENT_3D('',#3270,#2713,#2714);
#2131=AXIS2_PLACEMENT_3D('',#3271,#2715,#2716);
#2132=AXIS2_PLACEMENT_3D('',#3273,#2717,#2718);
#2133=AXIS2_PLACEMENT_3D('',#3274,#2719,#2720);
#2134=AXIS2_PLACEMENT_3D('',#3275,#2721,#2722);
#2135=AXIS2_PLACEMENT_3D('',#3277,#2723,#2724);
#2136=AXIS2_PLACEMENT_3D('',#3278,#2725,#2726);
#2137=AXIS2_PLACEMENT_3D('',#3279,#2727,#2728);
#2138=AXIS2_PLACEMENT_3D('',#3281,#2729,#2730);
#2139=DIRECTION('',(0.,0.,1.));
#2140=DIRECTION('',(1.,0.,0.));
#2141=DIRECTION('',(0.,0.,1.));
#2142=DIRECTION('',(1.,0.,0.));
#2143=DIRECTION('',(0.,-1.,0.));
#2144=DIRECTION('',(0.,0.,1.));
#2145=DIRECTION('',(1.,0.,0.));
#2146=DIRECTION('',(1.,1.94630625667963E-16,0.));
#2147=DIRECTION('',(0.,0.,1.));
#2148=DIRECTION('',(1.,0.,0.));
#2149=DIRECTION('',(0.,-1.,0.));
#2150=DIRECTION('',(0.,0.,1.));
#2151=DIRECTION('',(1.,0.,0.));
#2152=DIRECTION('',(1.,0.,0.));
#2153=DIRECTION('',(0.,0.,1.));
#2154=DIRECTION('',(1.,0.,0.));
#2155=DIRECTION('',(0.,0.,1.));
#2156=DIRECTION('',(1.,0.,0.));
#2157=DIRECTION('',(0.,0.,1.));
#2158=DIRECTION('',(1.,0.,0.));
#2159=DIRECTION('',(0.,0.,1.));
#2160=DIRECTION('',(1.,0.,0.));
#2161=DIRECTION('',(0.,0.,1.));
#2162=DIRECTION('',(1.,0.,0.));
#2163=DIRECTION('',(0.,-1.,0.));
#2164=DIRECTION('',(0.,0.,-1.));
#2165=DIRECTION('',(1.,0.,0.));
#2166=DIRECTION('',(-1.,0.,0.));
#2167=DIRECTION('',(0.,0.,1.));
#2168=DIRECTION('',(1.,0.,0.));
#2169=DIRECTION('',(0.,-1.,0.));
#2170=DIRECTION('',(0.,0.,1.));
#2171=DIRECTION('',(1.,0.,0.));
#2172=DIRECTION('',(-1.,0.,0.));
#2173=DIRECTION('',(0.,0.,-1.));
#2174=DIRECTION('',(1.,0.,0.));
#2175=DIRECTION('',(0.,1.,0.));
#2176=DIRECTION('',(0.,0.,1.));
#2177=DIRECTION('',(1.,0.,0.));
#2178=DIRECTION('',(-1.,0.,0.));
#2179=DIRECTION('',(0.,0.,1.));
#2180=DIRECTION('',(1.,0.,0.));
#2181=DIRECTION('',(0.,1.,0.));
#2182=DIRECTION('',(0.,0.,-1.));
#2183=DIRECTION('',(1.,0.,0.));
#2184=DIRECTION('',(1.,0.,0.));
#2185=DIRECTION('',(0.,0.,1.));
#2186=DIRECTION('',(1.,0.,0.));
#2187=DIRECTION('',(0.,1.,0.));
#2188=DIRECTION('',(0.,0.,1.));
#2189=DIRECTION('',(1.,0.,0.));
#2190=DIRECTION('',(1.,0.,0.));
#2191=DIRECTION('',(0.,0.,1.));
#2192=DIRECTION('',(1.,0.,0.));
#2193=DIRECTION('',(0.,-1.,0.));
#2194=DIRECTION('',(0.,0.,1.));
#2195=DIRECTION('',(1.,0.,0.));
#2196=DIRECTION('',(1.,0.,0.));
#2197=DIRECTION('',(0.,0.,1.));
#2198=DIRECTION('',(1.,0.,0.));
#2199=DIRECTION('',(1.94630625667963E-16,-1.,0.));
#2200=DIRECTION('',(1.,1.94630625667963E-16,0.));
#2201=DIRECTION('',(0.,0.,1.));
#2202=DIRECTION('',(-1.,-1.94630625667962E-16,1.02001588717268E-17));
#2203=DIRECTION('',(0.,0.,1.));
#2204=DIRECTION('',(0.,-1.,0.));
#2205=DIRECTION('',(0.,0.,-1.));
#2206=DIRECTION('',(-1.,0.,0.));
#2207=DIRECTION('',(0.,0.,1.));
#2208=DIRECTION('',(0.,0.,1.));
#2209=DIRECTION('',(-1.,0.,0.));
#2210=DIRECTION('',(0.,0.,1.));
#2211=DIRECTION('',(0.,-0.998629534754574,0.0523359562429442));
#2212=DIRECTION('',(0.,0.,1.));
#2213=DIRECTION('',(0.,0.,1.));
#2214=DIRECTION('',(0.,0.,1.));
#2215=DIRECTION('',(1.,0.,0.));
#2216=DIRECTION('',(0.,-0.0523359562429442,-0.998629534754574));
#2217=DIRECTION('',(0.,-0.998629534754574,0.0523359562429442));
#2218=DIRECTION('',(-1.,0.,0.));
#2219=DIRECTION('',(0.,0.,1.));
#2220=DIRECTION('',(1.,0.,0.));
#2221=DIRECTION('',(0.,0.,1.));
#2222=DIRECTION('',(-1.,0.,0.));
#2223=DIRECTION('',(0.,-0.0523359562429442,-0.998629534754574));
#2224=DIRECTION('',(0.,-0.998629534754574,0.0523359562429442));
#2225=DIRECTION('',(-1.,0.,0.));
#2226=DIRECTION('',(0.,0.,1.));
#2227=DIRECTION('',(-1.,0.,0.));
#2228=DIRECTION('',(0.,0.,1.));
#2229=DIRECTION('',(-1.,0.,0.));
#2230=DIRECTION('',(0.,0.,1.));
#2231=DIRECTION('',(-1.,0.,0.));
#2232=DIRECTION('',(0.,0.,1.));
#2233=DIRECTION('',(0.,-0.998629534754574,0.0523359562429442));
#2234=DIRECTION('',(0.,0.,1.));
#2235=DIRECTION('',(0.,0.,1.));
#2236=DIRECTION('',(1.,0.,0.));
#2237=DIRECTION('',(0.,-0.0523359562429442,-0.998629534754574));
#2238=DIRECTION('',(0.,-0.998629534754574,0.0523359562429442));
#2239=DIRECTION('',(0.,0.,1.));
#2240=DIRECTION('',(1.,0.,0.));
#2241=DIRECTION('',(0.,-0.0523359562429442,-0.998629534754574));
#2242=DIRECTION('',(0.,-0.998629534754574,0.0523359562429442));
#2243=DIRECTION('',(0.,-0.0523359562429442,-0.998629534754574));
#2244=DIRECTION('',(0.,0.998629534754574,-0.0523359562429442));
#2245=DIRECTION('',(0.,0.,1.));
#2246=DIRECTION('',(1.,0.,0.));
#2247=DIRECTION('',(0.,0.,1.));
#2248=DIRECTION('',(1.,0.,0.));
#2249=DIRECTION('',(0.,0.,1.));
#2250=DIRECTION('',(1.,0.,0.));
#2251=DIRECTION('',(0.,0.,1.));
#2252=DIRECTION('',(1.,0.,0.));
#2253=DIRECTION('',(0.,0.,1.));
#2254=DIRECTION('',(1.,0.,0.));
#2255=DIRECTION('',(0.,0.,1.));
#2256=DIRECTION('',(1.,0.,0.));
#2257=DIRECTION('',(0.,0.,1.));
#2258=DIRECTION('',(1.,0.,0.));
#2259=DIRECTION('',(0.,0.,1.));
#2260=DIRECTION('',(1.,0.,0.));
#2261=DIRECTION('',(0.,0.,1.));
#2262=DIRECTION('',(1.,0.,0.));
#2263=DIRECTION('',(0.,0.,1.));
#2264=DIRECTION('',(1.,0.,0.));
#2265=DIRECTION('',(0.,0.,1.));
#2266=DIRECTION('',(1.,0.,0.));
#2267=DIRECTION('',(0.,0.,1.));
#2268=DIRECTION('',(1.,0.,0.));
#2269=DIRECTION('',(-1.,0.,0.));
#2270=DIRECTION('',(0.,0.,1.));
#2271=DIRECTION('',(0.,0.,1.));
#2272=DIRECTION('',(0.,-1.,0.));
#2273=DIRECTION('',(0.,0.,1.));
#2274=DIRECTION('',(0.,0.,1.));
#2275=DIRECTION('',(1.,0.,0.));
#2276=DIRECTION('',(0.,0.,1.));
#2277=DIRECTION('',(0.,0.,1.));
#2278=DIRECTION('',(1.,0.,0.));
#2279=DIRECTION('',(0.,-1.,0.));
#2280=DIRECTION('',(0.,0.,-1.));
#2281=DIRECTION('',(0.,0.,1.));
#2282=DIRECTION('',(1.,0.,0.));
#2283=DIRECTION('',(0.,0.,1.));
#2284=DIRECTION('',(1.,0.,0.));
#2285=DIRECTION('',(0.,0.,1.));
#2286=DIRECTION('',(0.,0.,1.));
#2287=DIRECTION('',(1.,0.,0.));
#2288=DIRECTION('',(-1.,0.,0.));
#2289=DIRECTION('',(0.,0.,1.));
#2290=DIRECTION('',(0.,0.,1.));
#2291=DIRECTION('',(0.,-1.,0.));
#2292=DIRECTION('',(0.,0.,1.));
#2293=DIRECTION('',(1.,0.,0.));
#2294=DIRECTION('',(0.,0.,1.));
#2295=DIRECTION('',(0.,0.,1.));
#2296=DIRECTION('',(1.,0.,0.));
#2297=DIRECTION('',(0.,-1.,0.));
#2298=DIRECTION('',(0.,0.,-1.));
#2299=DIRECTION('',(0.,0.,1.));
#2300=DIRECTION('',(1.,0.,0.));
#2301=DIRECTION('',(0.,0.,1.));
#2302=DIRECTION('',(1.,0.,0.));
#2303=DIRECTION('',(0.,0.,1.));
#2304=DIRECTION('',(0.,0.,1.));
#2305=DIRECTION('',(1.,0.,0.));
#2306=DIRECTION('',(1.,0.,0.));
#2307=DIRECTION('',(0.,0.,-1.));
#2308=DIRECTION('',(0.,0.,1.));
#2309=DIRECTION('',(0.,1.,0.));
#2310=DIRECTION('',(0.,0.,1.));
#2311=DIRECTION('',(1.,0.,0.));
#2312=DIRECTION('',(0.,0.,1.));
#2313=DIRECTION('',(0.,0.,1.));
#2314=DIRECTION('',(1.,0.,0.));
#2315=DIRECTION('',(0.,-1.,0.));
#2316=DIRECTION('',(0.,0.,-1.));
#2317=DIRECTION('',(0.,0.,1.));
#2318=DIRECTION('',(1.,0.,0.));
#2319=DIRECTION('',(0.,0.,1.));
#2320=DIRECTION('',(1.,0.,0.));
#2321=DIRECTION('',(0.,0.,1.));
#2322=DIRECTION('',(0.,0.,-1.));
#2323=DIRECTION('',(1.,0.,0.));
#2324=DIRECTION('',(1.,0.,0.));
#2325=DIRECTION('',(0.,0.,-1.));
#2326=DIRECTION('',(0.,0.,1.));
#2327=DIRECTION('',(0.,1.,0.));
#2328=DIRECTION('',(0.,0.,1.));
#2329=DIRECTION('',(1.,0.,0.));
#2330=DIRECTION('',(0.,0.,1.));
#2331=DIRECTION('',(0.,0.,1.));
#2332=DIRECTION('',(1.,0.,0.));
#2333=DIRECTION('',(0.,1.,0.));
#2334=DIRECTION('',(0.,0.,1.));
#2335=DIRECTION('',(0.,0.,1.));
#2336=DIRECTION('',(-1.,0.,0.));
#2337=DIRECTION('',(0.,0.,1.));
#2338=DIRECTION('',(1.,0.,0.));
#2339=DIRECTION('',(0.,0.,1.));
#2340=DIRECTION('',(0.,0.,1.));
#2341=DIRECTION('',(1.,0.,0.));
#2342=DIRECTION('',(1.,0.,0.));
#2343=DIRECTION('',(0.,0.,-1.));
#2344=DIRECTION('',(0.,0.,1.));
#2345=DIRECTION('',(0.,1.,0.));
#2346=DIRECTION('',(0.,0.,1.));
#2347=DIRECTION('',(1.,0.,0.));
#2348=DIRECTION('',(0.,0.,1.));
#2349=DIRECTION('',(0.,0.,-1.));
#2350=DIRECTION('',(1.,0.,0.));
#2351=DIRECTION('',(0.,1.,0.));
#2352=DIRECTION('',(0.,0.,1.));
#2353=DIRECTION('',(0.,0.,1.));
#2354=DIRECTION('',(-1.,0.,0.));
#2355=DIRECTION('',(0.,0.,1.));
#2356=DIRECTION('',(1.,0.,0.));
#2357=DIRECTION('',(0.,0.,1.));
#2358=DIRECTION('',(0.,0.,1.));
#2359=DIRECTION('',(1.,0.,0.));
#2360=DIRECTION('',(-1.,0.,0.));
#2361=DIRECTION('',(0.,0.,1.));
#2362=DIRECTION('',(0.,0.,1.));
#2363=DIRECTION('',(0.,-1.,0.));
#2364=DIRECTION('',(0.,0.,1.));
#2365=DIRECTION('',(1.,0.,0.));
#2366=DIRECTION('',(0.,0.,1.));
#2367=DIRECTION('',(0.,0.,1.));
#2368=DIRECTION('',(1.,0.,0.));
#2369=DIRECTION('',(0.,1.,0.));
#2370=DIRECTION('',(0.,0.,1.));
#2371=DIRECTION('',(0.,0.,1.));
#2372=DIRECTION('',(-1.,0.,0.));
#2373=DIRECTION('',(0.,0.,1.));
#2374=DIRECTION('',(1.,0.,0.));
#2375=DIRECTION('',(0.,0.,-1.));
#2376=DIRECTION('',(1.,0.,0.));
#2377=DIRECTION('',(0.,0.,1.));
#2378=DIRECTION('',(1.,0.,0.));
#2379=DIRECTION('',(-1.,0.,0.));
#2380=DIRECTION('',(0.,0.,1.));
#2381=DIRECTION('',(-1.,0.,0.));
#2382=DIRECTION('',(0.,0.,1.));
#2383=DIRECTION('',(-1.,0.,0.));
#2384=DIRECTION('',(0.,-1.,0.));
#2385=DIRECTION('',(-1.,0.,0.));
#2386=DIRECTION('',(0.,0.,1.));
#2387=DIRECTION('',(-1.,0.,0.));
#2388=DIRECTION('',(0.,0.,1.));
#2389=DIRECTION('',(-1.,0.,0.));
#2390=DIRECTION('',(0.,-1.,0.));
#2391=DIRECTION('',(-1.,0.,0.));
#2392=DIRECTION('',(0.,0.,1.));
#2393=DIRECTION('',(-1.,0.,0.));
#2394=DIRECTION('',(0.,0.,1.));
#2395=DIRECTION('',(-1.,0.,0.));
#2396=DIRECTION('',(0.,-1.,0.));
#2397=DIRECTION('',(0.,0.,1.));
#2398=DIRECTION('',(1.,0.,0.));
#2399=DIRECTION('',(-1.,0.,0.));
#2400=DIRECTION('',(0.,0.,1.));
#2401=DIRECTION('',(-1.,0.,0.));
#2402=DIRECTION('',(0.,0.,1.));
#2403=DIRECTION('',(-1.,0.,0.));
#2404=DIRECTION('',(-1.,0.,0.));
#2405=DIRECTION('',(0.,0.,1.));
#2406=DIRECTION('',(-1.,0.,0.));
#2407=DIRECTION('',(-1.,0.,0.));
#2408=DIRECTION('',(0.,0.,1.));
#2409=DIRECTION('',(-1.,0.,0.));
#2410=DIRECTION('',(0.,0.,1.));
#2411=DIRECTION('',(-1.,0.,0.));
#2412=DIRECTION('',(-1.,0.,0.));
#2413=DIRECTION('',(0.,0.,1.));
#2414=DIRECTION('',(-1.,0.,0.));
#2415=DIRECTION('',(1.,0.,0.));
#2416=DIRECTION('',(0.,0.,-1.));
#2417=DIRECTION('',(-1.,0.,0.));
#2418=DIRECTION('',(0.,0.,1.));
#2419=DIRECTION('',(-1.,0.,0.));
#2420=DIRECTION('',(0.,0.,1.));
#2421=DIRECTION('',(-1.,0.,0.));
#2422=DIRECTION('',(0.,0.,1.));
#2423=DIRECTION('',(0.,-1.,0.));
#2424=DIRECTION('',(0.,0.,-1.));
#2425=DIRECTION('',(0.,-1.,0.));
#2426=DIRECTION('',(0.,0.,-1.));
#2427=DIRECTION('',(0.,-1.,0.));
#2428=DIRECTION('',(0.,1.,0.));
#2429=DIRECTION('',(1.,0.,0.));
#2430=DIRECTION('',(0.,0.,-1.));
#2431=DIRECTION('',(0.,1.,0.));
#2432=DIRECTION('',(-1.,0.,0.));
#2433=DIRECTION('',(0.,0.,1.));
#2434=DIRECTION('',(0.,-1.,0.));
#2435=DIRECTION('',(0.,0.,-1.));
#2436=DIRECTION('',(0.,-1.,0.));
#2437=DIRECTION('',(0.,0.,-1.));
#2438=DIRECTION('',(0.,-1.,0.));
#2439=DIRECTION('',(-1.,0.,0.));
#2440=DIRECTION('',(0.,0.,1.));
#2441=DIRECTION('',(-1.11612904378291E-16,0.,1.));
#2442=DIRECTION('',(1.,0.,1.11612904378291E-16));
#2443=DIRECTION('',(1.,0.,1.11612904378291E-16));
#2444=DIRECTION('',(0.,1.,0.));
#2445=DIRECTION('',(1.,0.,1.11612904378291E-16));
#2446=DIRECTION('',(0.,1.,0.));
#2447=DIRECTION('',(0.,1.,0.));
#2448=DIRECTION('',(0.,0.,1.));
#2449=DIRECTION('',(0.,1.,0.));
#2450=DIRECTION('',(0.,0.,1.));
#2451=DIRECTION('',(0.,1.,0.));
#2452=DIRECTION('',(0.,1.,0.));
#2453=DIRECTION('',(0.,0.,1.));
#2454=DIRECTION('',(-1.,0.,0.));
#2455=DIRECTION('',(0.,0.,1.));
#2456=DIRECTION('',(0.,0.,1.));
#2457=DIRECTION('',(0.,1.,0.));
#2458=DIRECTION('',(0.,0.,1.));
#2459=DIRECTION('',(0.,1.,0.));
#2460=DIRECTION('',(0.,0.,1.));
#2461=DIRECTION('',(0.,1.,0.));
#2462=DIRECTION('',(0.,0.,1.));
#2463=DIRECTION('',(0.,1.,0.));
#2464=DIRECTION('',(0.,1.,0.));
#2465=DIRECTION('',(0.,0.,1.));
#2466=DIRECTION('',(0.,0.,1.));
#2467=DIRECTION('',(1.,0.,0.));
#2468=DIRECTION('',(1.,0.,0.));
#2469=DIRECTION('',(0.,1.,0.));
#2470=DIRECTION('',(1.,0.,0.));
#2471=DIRECTION('',(0.,1.,0.));
#2472=DIRECTION('',(0.,0.,1.));
#2473=DIRECTION('',(0.,1.,0.));
#2474=DIRECTION('',(0.,0.,1.));
#2475=DIRECTION('',(0.,1.,0.));
#2476=DIRECTION('',(0.,1.,0.));
#2477=DIRECTION('',(0.,0.,1.));
#2478=DIRECTION('',(-1.,0.,0.));
#2479=DIRECTION('',(0.,0.,1.));
#2480=DIRECTION('',(0.,0.,1.));
#2481=DIRECTION('',(0.,1.,0.));
#2482=DIRECTION('',(0.,0.,1.));
#2483=DIRECTION('',(0.,1.,0.));
#2484=DIRECTION('',(0.,0.,1.));
#2485=DIRECTION('',(0.,1.,0.));
#2486=DIRECTION('',(0.,0.,1.));
#2487=DIRECTION('',(0.,1.,0.));
#2488=DIRECTION('',(0.,0.,1.));
#2489=DIRECTION('',(1.,0.,0.));
#2490=DIRECTION('',(0.,0.,-1.));
#2491=DIRECTION('',(0.,-1.,0.));
#2492=DIRECTION('',(0.,0.,-1.));
#2493=DIRECTION('',(0.,-1.,0.));
#2494=DIRECTION('',(0.,0.,-1.));
#2495=DIRECTION('',(0.,0.,-1.));
#2496=DIRECTION('',(-1.,0.,0.));
#2497=DIRECTION('',(0.,0.,1.));
#2498=DIRECTION('',(1.,0.,0.));
#2499=DIRECTION('',(0.,0.,-1.));
#2500=DIRECTION('',(0.,0.,1.));
#2501=DIRECTION('',(1.,0.,0.));
#2502=DIRECTION('',(0.,1.,0.));
#2503=DIRECTION('',(0.,0.,1.));
#2504=DIRECTION('',(1.,0.,-1.14034546854194E-16));
#2505=DIRECTION('',(0.,1.,0.));
#2506=DIRECTION('',(0.,0.,1.));
#2507=DIRECTION('',(0.,0.,1.));
#2508=DIRECTION('',(0.,1.,0.));
#2509=DIRECTION('',(0.,0.,1.));
#2510=DIRECTION('',(1.,0.,0.));
#2511=DIRECTION('',(0.,1.,0.));
#2512=DIRECTION('',(0.,0.,1.));
#2513=DIRECTION('',(0.,0.,1.));
#2514=DIRECTION('',(0.,1.,0.));
#2515=DIRECTION('',(0.,0.,1.));
#2516=DIRECTION('',(1.,0.,0.));
#2517=DIRECTION('',(0.,0.,-1.));
#2518=DIRECTION('',(1.,0.,0.));
#2519=DIRECTION('',(0.,0.,-1.));
#2520=DIRECTION('',(-1.,0.,0.));
#2521=DIRECTION('',(0.,0.,1.));
#2522=DIRECTION('',(1.,0.,0.));
#2523=DIRECTION('',(0.,0.,1.));
#2524=DIRECTION('',(1.,0.,0.));
#2525=DIRECTION('',(0.,0.,-1.));
#2526=DIRECTION('',(-1.,0.,0.));
#2527=DIRECTION('',(0.,0.,1.));
#2528=DIRECTION('',(1.,0.,0.));
#2529=DIRECTION('',(0.,0.,-1.));
#2530=DIRECTION('',(0.,0.,1.));
#2531=DIRECTION('',(1.,0.,0.));
#2532=DIRECTION('',(0.,1.,0.));
#2533=DIRECTION('',(0.,0.,1.));
#2534=DIRECTION('',(1.,0.,0.));
#2535=DIRECTION('',(0.,0.,-1.));
#2536=DIRECTION('',(1.,0.,0.));
#2537=DIRECTION('',(0.,0.,-1.));
#2538=DIRECTION('',(-1.,0.,0.));
#2539=DIRECTION('',(0.,0.,1.));
#2540=DIRECTION('',(1.,0.,0.));
#2541=DIRECTION('',(0.,0.,-1.));
#2542=DIRECTION('',(0.,0.,1.));
#2543=DIRECTION('',(1.,0.,0.));
#2544=DIRECTION('',(0.,0.,-1.));
#2545=DIRECTION('',(0.,1.,0.));
#2546=DIRECTION('',(0.,0.,1.));
#2547=DIRECTION('',(1.,0.,0.));
#2548=DIRECTION('',(0.,0.,-1.));
#2549=DIRECTION('',(1.,0.,0.));
#2550=DIRECTION('',(0.,0.,-1.));
#2551=DIRECTION('',(-1.,0.,0.));
#2552=DIRECTION('',(0.,0.,1.));
#2553=DIRECTION('',(1.,0.,0.));
#2554=DIRECTION('',(0.,0.,1.));
#2555=DIRECTION('',(1.,0.,0.));
#2556=DIRECTION('',(0.,0.,-1.));
#2557=DIRECTION('',(-1.,0.,0.));
#2558=DIRECTION('',(0.,0.,1.));
#2559=DIRECTION('',(1.,0.,0.));
#2560=DIRECTION('',(0.,0.,-1.));
#2561=DIRECTION('',(0.,0.,1.));
#2562=DIRECTION('',(1.,0.,0.));
#2563=DIRECTION('',(0.,1.,0.));
#2564=DIRECTION('',(0.,0.,1.));
#2565=DIRECTION('',(1.,0.,0.));
#2566=DIRECTION('',(0.,0.,-1.));
#2567=DIRECTION('',(1.,0.,0.));
#2568=DIRECTION('',(0.,0.,-1.));
#2569=DIRECTION('',(-1.,0.,0.));
#2570=DIRECTION('',(0.,0.,1.));
#2571=DIRECTION('',(1.,0.,0.));
#2572=DIRECTION('',(0.,0.,-1.));
#2573=DIRECTION('',(0.,0.,1.));
#2574=DIRECTION('',(1.,0.,0.));
#2575=DIRECTION('',(1.,0.,0.));
#2576=DIRECTION('',(0.,0.,-1.));
#2577=DIRECTION('',(0.,-1.,0.));
#2578=DIRECTION('',(0.,-1.,0.));
#2579=DIRECTION('',(0.,0.,-1.));
#2580=DIRECTION('',(-1.,0.,0.));
#2581=DIRECTION('',(0.,0.,1.));
#2582=DIRECTION('',(1.,0.,0.));
#2583=DIRECTION('',(0.,0.,1.));
#2584=DIRECTION('',(1.,0.,0.));
#2585=DIRECTION('',(0.,0.,1.));
#2586=DIRECTION('',(1.,0.,0.));
#2587=DIRECTION('',(0.,0.,1.));
#2588=DIRECTION('',(1.,0.,0.));
#2589=DIRECTION('',(0.,0.,1.));
#2590=DIRECTION('',(1.,0.,0.));
#2591=DIRECTION('',(0.,0.,1.));
#2592=DIRECTION('',(1.,0.,0.));
#2593=DIRECTION('',(0.,0.,1.));
#2594=DIRECTION('',(1.,0.,0.));
#2595=DIRECTION('',(0.,0.,1.));
#2596=DIRECTION('',(1.,0.,0.));
#2597=DIRECTION('',(0.,0.,1.));
#2598=DIRECTION('',(1.,0.,0.));
#2599=DIRECTION('',(0.,0.,1.));
#2600=DIRECTION('',(1.,0.,0.));
#2601=DIRECTION('',(0.,0.,1.));
#2602=DIRECTION('',(1.,0.,0.));
#2603=DIRECTION('',(0.,0.,1.));
#2604=DIRECTION('',(1.,0.,0.));
#2605=DIRECTION('',(1.,0.,0.));
#2606=DIRECTION('',(0.,-1.,0.));
#2607=DIRECTION('',(0.,-1.,0.));
#2608=DIRECTION('',(1.,0.,0.));
#2609=DIRECTION('',(1.14034546854194E-16,0.,1.));
#2610=DIRECTION('',(1.,0.,-1.14034546854194E-16));
#2611=DIRECTION('',(0.,1.,0.));
#2612=DIRECTION('',(1.,0.,-1.14034546854194E-16));
#2613=DIRECTION('',(0.,1.,0.));
#2614=DIRECTION('',(0.,1.,0.));
#2615=DIRECTION('',(0.,0.,1.));
#2616=DIRECTION('',(0.,1.,0.));
#2617=DIRECTION('',(0.,1.,0.));
#2618=DIRECTION('',(0.,0.,1.));
#2619=DIRECTION('',(-1.,0.,0.));
#2620=DIRECTION('',(0.,0.,1.));
#2621=DIRECTION('',(0.,1.,0.));
#2622=DIRECTION('',(0.,0.,1.));
#2623=DIRECTION('',(0.,1.,0.));
#2624=DIRECTION('',(0.,0.,1.));
#2625=DIRECTION('',(0.,1.,0.));
#2626=DIRECTION('',(0.,1.,0.));
#2627=DIRECTION('',(0.,0.,1.));
#2628=DIRECTION('',(0.,0.,1.));
#2629=DIRECTION('',(1.,0.,0.));
#2630=DIRECTION('',(0.,1.,0.));
#2631=DIRECTION('',(1.,0.,0.));
#2632=DIRECTION('',(0.,1.,0.));
#2633=DIRECTION('',(0.,0.,1.));
#2634=DIRECTION('',(0.,1.,0.));
#2635=DIRECTION('',(0.,1.,0.));
#2636=DIRECTION('',(0.,0.,1.));
#2637=DIRECTION('',(-1.,0.,0.));
#2638=DIRECTION('',(0.,0.,1.));
#2639=DIRECTION('',(0.,1.,0.));
#2640=DIRECTION('',(0.,0.,1.));
#2641=DIRECTION('',(0.,1.,0.));
#2642=DIRECTION('',(0.,0.,1.));
#2643=DIRECTION('',(0.,1.,0.));
#2644=DIRECTION('',(0.,0.,1.));
#2645=DIRECTION('',(0.,1.,0.));
#2646=DIRECTION('',(-1.,0.,0.));
#2647=DIRECTION('',(0.,0.,1.));
#2648=DIRECTION('',(1.,0.,0.));
#2649=DIRECTION('',(0.,1.,0.));
#2650=DIRECTION('',(1.,0.,0.));
#2651=DIRECTION('',(1.,0.,0.));
#2652=DIRECTION('',(0.,1.,0.));
#2653=DIRECTION('',(1.,0.,0.));
#2654=DIRECTION('',(0.,0.,-1.));
#2655=DIRECTION('',(-1.,0.,0.));
#2656=DIRECTION('',(0.,0.,1.));
#2657=DIRECTION('',(-1.,0.,0.));
#2658=DIRECTION('',(0.,-1.,0.));
#2659=DIRECTION('',(1.,0.,0.));
#2660=DIRECTION('',(0.,0.,-1.));
#2661=DIRECTION('',(-1.,0.,0.));
#2662=DIRECTION('',(0.,0.,1.));
#2663=DIRECTION('',(-1.,0.,0.));
#2664=DIRECTION('',(0.,-1.,0.));
#2665=DIRECTION('',(0.,0.,-1.));
#2666=DIRECTION('',(-1.,0.,0.));
#2667=DIRECTION('',(0.,0.,1.));
#2668=DIRECTION('',(1.,0.,0.));
#2669=DIRECTION('',(0.,0.,1.));
#2670=DIRECTION('',(1.,0.,0.));
#2671=DIRECTION('',(0.,0.,-1.));
#2672=DIRECTION('',(-1.,0.,0.));
#2673=DIRECTION('',(0.,0.,1.));
#2674=DIRECTION('',(1.,0.,0.));
#2675=DIRECTION('',(0.,0.,1.));
#2676=DIRECTION('',(1.,0.,0.));
#2677=DIRECTION('',(0.,0.,-1.));
#2678=DIRECTION('',(-1.,0.,0.));
#2679=DIRECTION('',(0.,0.,1.));
#2680=DIRECTION('',(1.,0.,0.));
#2681=DIRECTION('',(0.,0.,1.));
#2682=DIRECTION('',(1.,0.,0.));
#2683=DIRECTION('',(0.,0.,-1.));
#2684=DIRECTION('',(-1.,0.,0.));
#2685=DIRECTION('',(0.,0.,1.));
#2686=DIRECTION('',(1.,0.,0.));
#2687=DIRECTION('',(0.,0.,1.));
#2688=DIRECTION('',(1.,0.,0.));
#2689=DIRECTION('',(0.,0.,-1.));
#2690=DIRECTION('',(-1.,0.,0.));
#2691=DIRECTION('',(0.,0.,1.));
#2692=DIRECTION('',(1.,0.,0.));
#2693=DIRECTION('',(0.,0.,1.));
#2694=DIRECTION('',(1.,0.,0.));
#2695=DIRECTION('',(0.,0.,-1.));
#2696=DIRECTION('',(-1.,0.,0.));
#2697=DIRECTION('',(0.,0.,1.));
#2698=DIRECTION('',(1.,0.,0.));
#2699=DIRECTION('',(0.,0.,1.));
#2700=DIRECTION('',(1.,0.,0.));
#2701=DIRECTION('',(0.,0.,-1.));
#2702=DIRECTION('',(-1.,0.,0.));
#2703=DIRECTION('',(0.,0.,1.));
#2704=DIRECTION('',(1.,0.,0.));
#2705=DIRECTION('',(0.,0.,1.));
#2706=DIRECTION('',(1.,0.,0.));
#2707=DIRECTION('',(0.,0.,-1.));
#2708=DIRECTION('',(-1.,0.,0.));
#2709=DIRECTION('',(0.,0.,1.));
#2710=DIRECTION('',(1.,0.,0.));
#2711=DIRECTION('',(0.,0.,1.));
#2712=DIRECTION('',(1.,0.,0.));
#2713=DIRECTION('',(-1.,0.,0.));
#2714=DIRECTION('',(0.,0.,1.));
#2715=DIRECTION('',(-1.,0.,0.));
#2716=DIRECTION('',(0.,0.,1.));
#2717=DIRECTION('',(-1.,0.,0.));
#2718=DIRECTION('',(0.,-1.,0.));
#2719=DIRECTION('',(-1.,0.,0.));
#2720=DIRECTION('',(0.,0.,1.));
#2721=DIRECTION('',(-1.,0.,0.));
#2722=DIRECTION('',(0.,0.,1.));
#2723=DIRECTION('',(-1.,0.,0.));
#2724=DIRECTION('',(0.,-1.,0.));
#2725=DIRECTION('',(-1.,0.,0.));
#2726=DIRECTION('',(0.,0.,1.));
#2727=DIRECTION('',(-1.,0.,0.));
#2728=DIRECTION('',(0.,0.,1.));
#2729=DIRECTION('',(-1.,0.,0.));
#2730=DIRECTION('',(0.,-1.,0.));
#2731=CARTESIAN_POINT('',(0.,0.,0.));
#2732=CARTESIAN_POINT('',(-0.00034142500000009,0.008343625,-0.01));
#2733=CARTESIAN_POINT('',(0.20486795,0.008343625,-0.01));
#2734=CARTESIAN_POINT('',(0.20486795,0.0618546035443718,-0.01));
#2735=CARTESIAN_POINT('',(0.20486795,-0.0451673535443718,-0.01));
#2736=CARTESIAN_POINT('',(0.193038303544372,0.0618546035443719,-0.01));
#2737=CARTESIAN_POINT('',(0.193038303544372,0.07368425,-0.01));
#2738=CARTESIAN_POINT('',(0.1573867,0.07368425,-0.01));
#2739=CARTESIAN_POINT('',(0.121735096455628,0.07368425,-0.01));
#2740=CARTESIAN_POINT('',(0.121735096455628,0.0618546035443718,-0.01));
#2741=CARTESIAN_POINT('',(0.10990545,0.0618546035443718,-0.01));
#2742=CARTESIAN_POINT('',(0.10990545,0.008343625,-0.01));
#2743=CARTESIAN_POINT('',(0.10990545,-0.0451673535443718,-0.01));
#2744=CARTESIAN_POINT('',(0.121735096455628,-0.0451673535443718,-0.01));
#2745=CARTESIAN_POINT('',(0.121735096455628,-0.056997,-0.01));
#2746=CARTESIAN_POINT('',(0.1573867,-0.056997,-0.01));
#2747=CARTESIAN_POINT('',(0.193038303544372,-0.056997,-0.01));
#2748=CARTESIAN_POINT('',(0.193038303544372,-0.0451673535443718,-0.01));
#2749=CARTESIAN_POINT('',(0.12166845,0.06192125,-0.01));
#2750=CARTESIAN_POINT('',(0.12326845,0.06192125,-0.01));
#2751=CARTESIAN_POINT('',(0.19310495,-0.04516735,-0.01));
#2752=CARTESIAN_POINT('',(0.19470495,-0.04516735,-0.01));
#2753=CARTESIAN_POINT('',(0.12166845,-0.045234,-0.01));
#2754=CARTESIAN_POINT('',(0.12326845,-0.045234,-0.01));
#2755=CARTESIAN_POINT('',(0.19310495,0.06192125,-0.01));
#2756=CARTESIAN_POINT('',(0.19470495,0.06192125,-0.01));
#2757=CARTESIAN_POINT('',(0.12622403,-0.0470905,-0.01));
#2758=CARTESIAN_POINT('',(0.12622403,-0.045234,-0.01));
#2759=CARTESIAN_POINT('',(0.12622403,-0.048947,-0.01));
#2760=CARTESIAN_POINT('',(0.12166845,-0.045234,-0.01));
#2761=CARTESIAN_POINT('',(0.12166845,-0.04067842,-0.01));
#2762=CARTESIAN_POINT('',(0.11981195,-0.04067842,-0.01));
#2763=CARTESIAN_POINT('',(0.11795545,-0.04067842,-0.01));
#2764=CARTESIAN_POINT('',(0.11795545,-0.03862842,-0.01));
#2765=CARTESIAN_POINT('',(0.11590545,-0.03862842,-0.01));
#2766=CARTESIAN_POINT('',(0.11590545,0.008343625,-0.01));
#2767=CARTESIAN_POINT('',(0.11590545,0.05531567,-0.01));
#2768=CARTESIAN_POINT('',(0.11795545,0.05531567,-0.01));
#2769=CARTESIAN_POINT('',(0.11795545,0.05736567,-0.01));
#2770=CARTESIAN_POINT('',(0.11981195,0.05736567,-0.01));
#2771=CARTESIAN_POINT('',(0.12166845,0.05736567,-0.01));
#2772=CARTESIAN_POINT('',(0.12166845,0.06192125,-0.01));
#2773=CARTESIAN_POINT('',(0.12622403,0.06192125,-0.01));
#2774=CARTESIAN_POINT('',(0.12622403,0.06377775,-0.01));
#2775=CARTESIAN_POINT('',(0.12622403,0.06563425,-0.01));
#2776=CARTESIAN_POINT('',(0.12827403,0.06563425,-0.01));
#2777=CARTESIAN_POINT('',(0.12827403,0.06768425,-0.01));
#2778=CARTESIAN_POINT('',(0.157353618792241,0.06768425,-0.01));
#2779=CARTESIAN_POINT('',(0.186433207584483,0.06768425,-0.01));
#2780=CARTESIAN_POINT('',(0.186433207584483,0.06563425,-0.01));
#2781=CARTESIAN_POINT('',(0.188483207584483,0.06563425,-0.01));
#2782=CARTESIAN_POINT('',(0.188483207584483,0.06377775,-0.01));
#2783=CARTESIAN_POINT('',(0.188483207584483,0.06192125,-0.01));
#2784=CARTESIAN_POINT('',(0.1930383,0.0618546,-0.01));
#2785=CARTESIAN_POINT('',(0.1930383,0.05729902,-0.01));
#2786=CARTESIAN_POINT('',(0.194928125,0.05729902,-0.01));
#2787=CARTESIAN_POINT('',(0.19681795,0.05729902,-0.01));
#2788=CARTESIAN_POINT('',(0.19681795,0.05524902,-0.01));
#2789=CARTESIAN_POINT('',(0.19886795,0.05524902,-0.01));
#2790=CARTESIAN_POINT('',(0.19886795,0.008343625,-0.01));
#2791=CARTESIAN_POINT('',(0.19886795,-0.03856177,-0.01));
#2792=CARTESIAN_POINT('',(0.19681795,-0.03856177,-0.01));
#2793=CARTESIAN_POINT('',(0.19681795,-0.04061177,-0.01));
#2794=CARTESIAN_POINT('',(0.19496145,-0.04061177,-0.01));
#2795=CARTESIAN_POINT('',(0.19310495,-0.04061177,-0.01));
#2796=CARTESIAN_POINT('',(0.19310495,-0.04516735,-0.01));
#2797=CARTESIAN_POINT('',(0.18854937,-0.04516735,-0.01));
#2798=CARTESIAN_POINT('',(0.18854937,-0.047057175,-0.01));
#2799=CARTESIAN_POINT('',(0.18854937,-0.048947,-0.01));
#2800=CARTESIAN_POINT('',(0.18649937,-0.048947,-0.01));
#2801=CARTESIAN_POINT('',(0.18649937,-0.050997,-0.01));
#2802=CARTESIAN_POINT('',(0.1573867,-0.050997,-0.01));
#2803=CARTESIAN_POINT('',(0.12827403,-0.050997,-0.01));
#2804=CARTESIAN_POINT('',(0.12827403,-0.048947,-0.01));
#2805=CARTESIAN_POINT('',(0.1573867,0.07368425,-0.03));
#2806=CARTESIAN_POINT('',(0.193038303544372,0.07368425,-0.03));
#2807=CARTESIAN_POINT('',(0.193038303544372,0.0736824668289119,-0.0229998855825027));
#2808=CARTESIAN_POINT('',(0.3654492,0.07368425,-0.0230000417241378));
#2809=CARTESIAN_POINT('',(0.121735096455628,0.0736824668289119,-0.0229998855825027));
#2810=CARTESIAN_POINT('',(0.121735096455628,0.07368425,-0.03));
#2811=CARTESIAN_POINT('',(0.1573867,-0.056997,-0.03));
#2812=CARTESIAN_POINT('',(0.3654492,-0.056997,-0.0161513276177057));
#2813=CARTESIAN_POINT('',(0.193038303544372,-0.0569994879208639,-0.0161511320380945));
#2814=CARTESIAN_POINT('',(0.121735096455628,-0.0569991728358172,-0.0161511402945483));
#2815=CARTESIAN_POINT('',(0.193038303544372,-0.056997,-0.03));
#2816=CARTESIAN_POINT('',(0.121735096455628,-0.056997,-0.03));
#2817=CARTESIAN_POINT('',(0.20486795,0.008343625,-0.03));
#2818=CARTESIAN_POINT('',(0.20486795,0.00888844383098301,-0.0196042374159651));
#2819=CARTESIAN_POINT('',(0.20486795,0.0618546035443718,-0.0223800762236948));
#2820=CARTESIAN_POINT('',(0.20486795,-0.0451673535443718,-0.0167712931181487));
#2821=CARTESIAN_POINT('',(0.20486795,0.0618546035443718,-0.03));
#2822=CARTESIAN_POINT('',(0.20486795,-0.0451673535443718,-0.03));
#2823=CARTESIAN_POINT('',(0.193038303544372,0.0618546035443719,-0.03));
#2824=CARTESIAN_POINT('',(0.193038303544372,0.0618546035443719,-0.0223800762236948));
#2825=CARTESIAN_POINT('',(0.193352585414606,0.0736800744513252,-0.0229998228929044));
#2826=CARTESIAN_POINT('',(0.3654492,0.0736800744513252,-0.0229998228929044));
#2827=CARTESIAN_POINT('',(0.121735096455628,0.0618546035443718,-0.03));
#2828=CARTESIAN_POINT('',(0.10990545,0.0618546035443718,-0.03));
#2829=CARTESIAN_POINT('',(0.10990545,0.0618546035443718,-0.0223800762236948));
#2830=CARTESIAN_POINT('',(0.3654492,0.0736800744513252,-0.0229998228929044));
#2831=CARTESIAN_POINT('',(0.121420814585396,0.0736800744513252,-0.0229998228929044));
#2832=CARTESIAN_POINT('',(0.121735096455628,0.0618546035443718,-0.0223800762236948));
#2833=CARTESIAN_POINT('',(0.10990545,0.008343625,-0.03));
#2834=CARTESIAN_POINT('',(0.10990545,0.0588546035443718,-0.018217363501854));
#2835=CARTESIAN_POINT('',(0.10990545,0.0588546035443718,-0.016667363501854));
#2836=CARTESIAN_POINT('',(0.10990545,0.01,-0.01565700222234));
#2837=CARTESIAN_POINT('',(0.10990545,0.01,-0.01410700222234));
#2838=CARTESIAN_POINT('',(0.10990545,-0.0421673535443718,-0.0129230270720062));
#2839=CARTESIAN_POINT('',(0.10990545,-0.0421673535443718,-0.0113730270720062));
#2840=CARTESIAN_POINT('',(0.10990545,0.008888443830983,-0.0196042374159651));
#2841=CARTESIAN_POINT('',(0.10990545,-0.0451673535443718,-0.0167712931181487));
#2842=CARTESIAN_POINT('',(0.10990545,-0.0451673535443718,-0.03));
#2843=CARTESIAN_POINT('',(0.121735096455628,-0.0451673535443718,-0.03));
#2844=CARTESIAN_POINT('',(0.121735096455628,-0.0451673535443718,-0.0167712931181487));
#2845=CARTESIAN_POINT('',(0.193038303544372,-0.0451673535443718,-0.03));
#2846=CARTESIAN_POINT('',(0.193038303544372,-0.0451673535443718,-0.0167712931181487));
#2847=CARTESIAN_POINT('',(0.3654492,0.00833904930479868,-0.0195754448688975));
#2848=CARTESIAN_POINT('',(0.12166845,0.06192125,-0.0135));
#2849=CARTESIAN_POINT('',(0.12166845,0.06192125,-0.0135));
#2850=CARTESIAN_POINT('',(0.12326845,0.06192125,-0.0135));
#2851=CARTESIAN_POINT('',(-0.00034142500000009,0.008343625,-0.0135));
#2852=CARTESIAN_POINT('',(0.19310495,-0.04516735,-0.0135));
#2853=CARTESIAN_POINT('',(0.19310495,-0.04516735,-0.0135));
#2854=CARTESIAN_POINT('',(0.19470495,-0.04516735,-0.0135));
#2855=CARTESIAN_POINT('',(-0.00034142500000009,0.008343625,-0.0135));
#2856=CARTESIAN_POINT('',(0.12166845,-0.045234,-0.0135));
#2857=CARTESIAN_POINT('',(0.12166845,-0.045234,-0.0135));
#2858=CARTESIAN_POINT('',(0.12326845,-0.045234,-0.0135));
#2859=CARTESIAN_POINT('',(-0.00034142500000009,0.008343625,-0.0135));
#2860=CARTESIAN_POINT('',(0.19310495,0.06192125,-0.0135));
#2861=CARTESIAN_POINT('',(0.19310495,0.06192125,-0.0135));
#2862=CARTESIAN_POINT('',(0.19470495,0.06192125,-0.0135));
#2863=CARTESIAN_POINT('',(-0.00034142500000009,0.008343625,-0.0135));
#2864=CARTESIAN_POINT('',(0.12622403,-0.0470905,-0.012));
#2865=CARTESIAN_POINT('',(0.12622403,-0.048947,-0.012));
#2866=CARTESIAN_POINT('',(0.12622403,-0.048947,-0.012));
#2867=CARTESIAN_POINT('',(0.12622403,-0.0470905,-0.012));
#2868=CARTESIAN_POINT('',(0.12622403,-0.045234,-0.012));
#2869=CARTESIAN_POINT('',(0.12622403,-0.045234,-0.012));
#2870=CARTESIAN_POINT('',(0.12827403,-0.048947,-0.012));
#2871=CARTESIAN_POINT('',(0.12827403,-0.050997,-0.012));
#2872=CARTESIAN_POINT('',(0.12827403,-0.050997,-0.012));
#2873=CARTESIAN_POINT('',(0.12827403,-0.048947,-0.012));
#2874=CARTESIAN_POINT('',(0.1573867,-0.050997,-0.012));
#2875=CARTESIAN_POINT('',(0.18649937,-0.050997,-0.012));
#2876=CARTESIAN_POINT('',(0.18649937,-0.050997,-0.012));
#2877=CARTESIAN_POINT('',(0.1573867,-0.050997,-0.012));
#2878=CARTESIAN_POINT('',(0.18649937,-0.048947,-0.012));
#2879=CARTESIAN_POINT('',(0.18854937,-0.048947,-0.012));
#2880=CARTESIAN_POINT('',(0.18854937,-0.048947,-0.012));
#2881=CARTESIAN_POINT('',(0.18649937,-0.048947,-0.012));
#2882=CARTESIAN_POINT('',(0.18854937,-0.047057175,-0.012));
#2883=CARTESIAN_POINT('',(0.18854937,-0.04516735,-0.012));
#2884=CARTESIAN_POINT('',(0.18854937,-0.04516735,-0.012));
#2885=CARTESIAN_POINT('',(0.18854937,-0.047057175,-0.012));
#2886=CARTESIAN_POINT('',(0.19310495,-0.04516735,-0.012));
#2887=CARTESIAN_POINT('',(0.19310495,-0.04061177,-0.012));
#2888=CARTESIAN_POINT('',(0.19310495,-0.04061177,-0.012));
#2889=CARTESIAN_POINT('',(0.19310495,-0.04516735,-0.012));
#2890=CARTESIAN_POINT('',(0.19496145,-0.04061177,-0.012));
#2891=CARTESIAN_POINT('',(0.19681795,-0.04061177,-0.012));
#2892=CARTESIAN_POINT('',(0.19681795,-0.04061177,-0.012));
#2893=CARTESIAN_POINT('',(0.19496145,-0.04061177,-0.012));
#2894=CARTESIAN_POINT('',(0.19681795,-0.03856177,-0.012));
#2895=CARTESIAN_POINT('',(0.19886795,-0.03856177,-0.012));
#2896=CARTESIAN_POINT('',(0.19886795,-0.03856177,-0.012));
#2897=CARTESIAN_POINT('',(0.19681795,-0.03856177,-0.012));
#2898=CARTESIAN_POINT('',(0.19886795,0.008343625,-0.012));
#2899=CARTESIAN_POINT('',(0.19886795,0.05524902,-0.012));
#2900=CARTESIAN_POINT('',(0.19886795,0.05524902,-0.012));
#2901=CARTESIAN_POINT('',(0.19886795,0.008343625,-0.012));
#2902=CARTESIAN_POINT('',(0.19681795,0.05524902,-0.012));
#2903=CARTESIAN_POINT('',(0.19681795,0.05729902,-0.012));
#2904=CARTESIAN_POINT('',(0.19681795,0.05729902,-0.012));
#2905=CARTESIAN_POINT('',(0.19681795,0.05524902,-0.012));
#2906=CARTESIAN_POINT('',(0.194928125,0.05729902,-0.012));
#2907=CARTESIAN_POINT('',(0.1930383,0.05729902,-0.012));
#2908=CARTESIAN_POINT('',(0.1930383,0.05729902,-0.012));
#2909=CARTESIAN_POINT('',(0.194928125,0.05729902,-0.012));
#2910=CARTESIAN_POINT('',(0.1930383,0.0618546,-0.012));
#2911=CARTESIAN_POINT('',(0.188483207584483,0.06192125,-0.012));
#2912=CARTESIAN_POINT('',(0.188483207584483,0.06192125,-0.012));
#2913=CARTESIAN_POINT('',(0.1930383,0.0618546,-0.012));
#2914=CARTESIAN_POINT('',(0.188483207584483,0.06377775,-0.012));
#2915=CARTESIAN_POINT('',(0.188483207584483,0.06563425,-0.012));
#2916=CARTESIAN_POINT('',(0.188483207584483,0.06563425,-0.012));
#2917=CARTESIAN_POINT('',(0.188483207584483,0.06377775,-0.012));
#2918=CARTESIAN_POINT('',(0.186433207584483,0.06563425,-0.012));
#2919=CARTESIAN_POINT('',(0.186433207584483,0.06768425,-0.012));
#2920=CARTESIAN_POINT('',(0.186433207584483,0.06768425,-0.012));
#2921=CARTESIAN_POINT('',(0.186433207584483,0.06563425,-0.012));
#2922=CARTESIAN_POINT('',(0.157353618792241,0.06768425,-0.012));
#2923=CARTESIAN_POINT('',(0.12827403,0.06768425,-0.012));
#2924=CARTESIAN_POINT('',(0.12827403,0.06768425,-0.012));
#2925=CARTESIAN_POINT('',(0.157353618792241,0.06768425,-0.012));
#2926=CARTESIAN_POINT('',(0.12827403,0.06563425,-0.012));
#2927=CARTESIAN_POINT('',(0.12622403,0.06563425,-0.012));
#2928=CARTESIAN_POINT('',(0.12622403,0.06563425,-0.012));
#2929=CARTESIAN_POINT('',(0.12827403,0.06563425,-0.012));
#2930=CARTESIAN_POINT('',(0.12622403,0.06377775,-0.012));
#2931=CARTESIAN_POINT('',(0.12622403,0.06192125,-0.012));
#2932=CARTESIAN_POINT('',(0.12622403,0.06192125,-0.012));
#2933=CARTESIAN_POINT('',(0.12622403,0.06377775,-0.012));
#2934=CARTESIAN_POINT('',(0.12166845,0.06192125,-0.012));
#2935=CARTESIAN_POINT('',(0.12166845,0.05736567,-0.012));
#2936=CARTESIAN_POINT('',(0.12166845,0.05736567,-0.012));
#2937=CARTESIAN_POINT('',(0.12166845,0.06192125,-0.012));
#2938=CARTESIAN_POINT('',(0.11981195,0.05736567,-0.012));
#2939=CARTESIAN_POINT('',(0.11795545,0.05736567,-0.012));
#2940=CARTESIAN_POINT('',(0.11795545,0.05736567,-0.012));
#2941=CARTESIAN_POINT('',(0.11981195,0.05736567,-0.012));
#2942=CARTESIAN_POINT('',(0.11795545,0.05531567,-0.012));
#2943=CARTESIAN_POINT('',(0.11590545,0.05531567,-0.012));
#2944=CARTESIAN_POINT('',(0.11590545,0.05531567,-0.012));
#2945=CARTESIAN_POINT('',(0.11795545,0.05531567,-0.012));
#2946=CARTESIAN_POINT('',(0.11590545,0.008343625,-0.012));
#2947=CARTESIAN_POINT('',(0.11590545,-0.03862842,-0.012));
#2948=CARTESIAN_POINT('',(0.11590545,-0.03862842,-0.012));
#2949=CARTESIAN_POINT('',(0.11590545,0.008343625,-0.012));
#2950=CARTESIAN_POINT('',(0.11795545,-0.03862842,-0.012));
#2951=CARTESIAN_POINT('',(0.11795545,-0.04067842,-0.012));
#2952=CARTESIAN_POINT('',(0.11795545,-0.04067842,-0.012));
#2953=CARTESIAN_POINT('',(0.11795545,-0.03862842,-0.012));
#2954=CARTESIAN_POINT('',(0.11981195,-0.04067842,-0.012));
#2955=CARTESIAN_POINT('',(0.12166845,-0.04067842,-0.012));
#2956=CARTESIAN_POINT('',(0.12166845,-0.04067842,-0.012));
#2957=CARTESIAN_POINT('',(0.11981195,-0.04067842,-0.012));
#2958=CARTESIAN_POINT('',(0.12166845,-0.045234,-0.012));
#2959=CARTESIAN_POINT('',(0.12166845,-0.045234,-0.012));
#2960=CARTESIAN_POINT('',(-0.00034142500000009,0.008343625,-0.012));
#2961=CARTESIAN_POINT('',(0.11300545,-0.0421673535443718,-0.0129230270720062));
#2962=CARTESIAN_POINT('',(0.11300545,-0.0421673535443718,-0.0129230270720062));
#2963=CARTESIAN_POINT('',(0.11300545,-0.0421673535443718,-0.0113730270720062));
#2964=CARTESIAN_POINT('',(0.11300545,0.008343625,-0.00913368175092697));
#2965=CARTESIAN_POINT('',(0.11300545,0.01,-0.01565700222234));
#2966=CARTESIAN_POINT('',(0.11300545,0.01,-0.01565700222234));
#2967=CARTESIAN_POINT('',(0.11300545,0.01,-0.01410700222234));
#2968=CARTESIAN_POINT('',(0.11300545,0.008343625,-0.00913368175092697));
#2969=CARTESIAN_POINT('',(0.11300545,0.0588546035443718,-0.018217363501854));
#2970=CARTESIAN_POINT('',(0.11300545,0.0588546035443718,-0.018217363501854));
#2971=CARTESIAN_POINT('',(0.11300545,0.0588546035443718,-0.016667363501854));
#2972=CARTESIAN_POINT('',(0.11300545,0.008343625,-0.00913368175092697));
#2973=CARTESIAN_POINT('',(0.,0.,0.));
#2974=CARTESIAN_POINT('',(0.11590545,0.00723425,-0.00795));
#2975=CARTESIAN_POINT('',(0.11190545,0.00723425,-0.00795));
#2976=CARTESIAN_POINT('',(0.11190545,0.00723425,-0.01));
#2977=CARTESIAN_POINT('',(0.11190545,0.00723425,-0.0059));
#2978=CARTESIAN_POINT('',(0.11590545,0.00723425,-0.01));
#2979=CARTESIAN_POINT('',(0.10990545,0.00723425,-0.01));
#2980=CARTESIAN_POINT('',(0.10990545,0.00723425,-0.00795));
#2981=CARTESIAN_POINT('',(0.10990545,0.00723425,-0.0059));
#2982=CARTESIAN_POINT('',(0.11590545,0.00723425,-0.0059));
#2983=CARTESIAN_POINT('',(0.11590545,0.02613425,-0.00795));
#2984=CARTESIAN_POINT('',(0.11190545,0.02613425,-0.00795));
#2985=CARTESIAN_POINT('',(0.11190545,0.02613425,-0.0059));
#2986=CARTESIAN_POINT('',(0.11190545,0.02613425,-0.01));
#2987=CARTESIAN_POINT('',(0.11590545,0.02613425,-0.0059));
#2988=CARTESIAN_POINT('',(0.10990545,0.02613425,-0.0059));
#2989=CARTESIAN_POINT('',(0.10990545,0.02613425,-0.00795));
#2990=CARTESIAN_POINT('',(0.10990545,0.02613425,-0.01));
#2991=CARTESIAN_POINT('',(0.11590545,0.02613425,-0.01));
#2992=CARTESIAN_POINT('',(0.10990545,0.008343625,0.0015));
#2993=CARTESIAN_POINT('',(0.10990545,-0.04216735,-0.0025));
#2994=CARTESIAN_POINT('',(0.10990545,-0.04216735,-0.00095));
#2995=CARTESIAN_POINT('',(0.10990545,0.0588546,-0.0025));
#2996=CARTESIAN_POINT('',(0.10990545,0.0588546,-0.00095));
#2997=CARTESIAN_POINT('',(0.10990545,0.01,-0.0015));
#2998=CARTESIAN_POINT('',(0.10990545,0.01,4.99999999999999E-5));
#2999=CARTESIAN_POINT('',(0.10990545,0.008343625,-0.01));
#3000=CARTESIAN_POINT('',(0.10990545,-0.04516735,-0.01));
#3001=CARTESIAN_POINT('',(0.10990545,-0.04516735,0.0015));
#3002=CARTESIAN_POINT('',(0.10990545,-0.04516735,0.0015));
#3003=CARTESIAN_POINT('',(0.10990545,0.008343625,0.0015));
#3004=CARTESIAN_POINT('',(0.10990545,0.0618546,0.0015));
#3005=CARTESIAN_POINT('',(0.10990545,0.0618546,0.0015));
#3006=CARTESIAN_POINT('',(0.10990545,0.0618546,-0.01));
#3007=CARTESIAN_POINT('',(0.10990545,0.008343625,-0.01));
#3008=CARTESIAN_POINT('',(0.10990545,0.01668425,-0.0059));
#3009=CARTESIAN_POINT('',(0.11590545,0.008343625,0.0015));
#3010=CARTESIAN_POINT('',(0.11590545,0.01668425,-0.0059));
#3011=CARTESIAN_POINT('',(0.11590545,0.00397425,-0.0059));
#3012=CARTESIAN_POINT('',(0.11590545,0.02939425,-0.0059));
#3013=CARTESIAN_POINT('',(0.11590545,0.02939425,-0.00795));
#3014=CARTESIAN_POINT('',(0.11590545,0.02939425,-0.01));
#3015=CARTESIAN_POINT('',(0.11590545,0.008343625,-0.01));
#3016=CARTESIAN_POINT('',(0.11590545,0.06140729473783,-0.01));
#3017=CARTESIAN_POINT('',(0.11590545,0.06140729473783,0.0015));
#3018=CARTESIAN_POINT('',(0.11590545,0.06140729473783,0.0015));
#3019=CARTESIAN_POINT('',(0.11590545,0.008343625,0.0015));
#3020=CARTESIAN_POINT('',(0.11590545,-0.04472004473783,0.0015));
#3021=CARTESIAN_POINT('',(0.11590545,-0.04472004473783,0.0015));
#3022=CARTESIAN_POINT('',(0.11590545,-0.04472004473783,-0.01));
#3023=CARTESIAN_POINT('',(0.11590545,0.008343625,-0.01));
#3024=CARTESIAN_POINT('',(0.11590545,0.00397425,-0.01));
#3025=CARTESIAN_POINT('',(0.11590545,0.00397425,-0.00795));
#3026=CARTESIAN_POINT('',(0.15736295,0.06768425,-0.00520155));
#3027=CARTESIAN_POINT('',(0.15736295,0.07018425,-0.00520155));
#3028=CARTESIAN_POINT('',(0.15347737,0.07018425,-0.00520155));
#3029=CARTESIAN_POINT('',(0.16124853,0.07018425,-0.00520155));
#3030=CARTESIAN_POINT('',(0.16124853,0.06768425,-0.00520155));
#3031=CARTESIAN_POINT('',(0.16124853,0.06768425,-0.00520155));
#3032=CARTESIAN_POINT('',(0.15736295,0.06768425,-0.00520155));
#3033=CARTESIAN_POINT('',(0.15347737,0.06768425,-0.00520155));
#3034=CARTESIAN_POINT('',(0.15347737,0.06768425,-0.00520155));
#3035=CARTESIAN_POINT('',(0.16124853,0.06768425,-0.00650155));
#3036=CARTESIAN_POINT('',(0.16124853,0.07018425,-0.00650155));
#3037=CARTESIAN_POINT('',(0.16254853,0.07018425,-0.00650155));
#3038=CARTESIAN_POINT('',(0.16254853,0.06768425,-0.00650155));
#3039=CARTESIAN_POINT('',(0.16254853,0.06768425,-0.00650155));
#3040=CARTESIAN_POINT('',(0.16124853,0.06768425,-0.00650155));
#3041=CARTESIAN_POINT('',(0.16254853,0.06768425,-0.00678155));
#3042=CARTESIAN_POINT('',(0.16254853,0.07018425,-0.00678155));
#3043=CARTESIAN_POINT('',(0.16254853,0.07018425,-0.00706155));
#3044=CARTESIAN_POINT('',(0.16254853,0.06768425,-0.00706155));
#3045=CARTESIAN_POINT('',(0.16254853,0.06768425,-0.00706155));
#3046=CARTESIAN_POINT('',(0.16254853,0.06768425,-0.00678155));
#3047=CARTESIAN_POINT('',(0.16124853,0.06768425,-0.00706155));
#3048=CARTESIAN_POINT('',(0.16124853,0.07018425,-0.00706155));
#3049=CARTESIAN_POINT('',(0.16124853,0.07018425,-0.00836155));
#3050=CARTESIAN_POINT('',(0.16124853,0.06768425,-0.00836155));
#3051=CARTESIAN_POINT('',(0.16124853,0.06768425,-0.00836155));
#3052=CARTESIAN_POINT('',(0.16124853,0.06768425,-0.00706155));
#3053=CARTESIAN_POINT('',(0.15736295,0.06768425,-0.00836155));
#3054=CARTESIAN_POINT('',(0.15736295,0.07018425,-0.00836155));
#3055=CARTESIAN_POINT('',(0.15347737,0.07018425,-0.00836155));
#3056=CARTESIAN_POINT('',(0.15347737,0.06768425,-0.00836155));
#3057=CARTESIAN_POINT('',(0.15347737,0.06768425,-0.00836155));
#3058=CARTESIAN_POINT('',(0.15736295,0.06768425,-0.00836155));
#3059=CARTESIAN_POINT('',(0.15347737,0.06768425,-0.00706155));
#3060=CARTESIAN_POINT('',(0.15347737,0.07018425,-0.00706155));
#3061=CARTESIAN_POINT('',(0.15217737,0.07018425,-0.00706155));
#3062=CARTESIAN_POINT('',(0.15217737,0.06768425,-0.00706155));
#3063=CARTESIAN_POINT('',(0.15217737,0.06768425,-0.00706155));
#3064=CARTESIAN_POINT('',(0.15347737,0.06768425,-0.00706155));
#3065=CARTESIAN_POINT('',(0.15217737,0.06768425,-0.00678155));
#3066=CARTESIAN_POINT('',(0.15217737,0.07018425,-0.00678155));
#3067=CARTESIAN_POINT('',(0.15217737,0.07018425,-0.00650155));
#3068=CARTESIAN_POINT('',(0.15217737,0.06768425,-0.00650155));
#3069=CARTESIAN_POINT('',(0.15217737,0.06768425,-0.00650155));
#3070=CARTESIAN_POINT('',(0.15217737,0.06768425,-0.00678155));
#3071=CARTESIAN_POINT('',(0.15347737,0.06768425,-0.00650155));
#3072=CARTESIAN_POINT('',(0.15347737,0.07018425,-0.00650155));
#3073=CARTESIAN_POINT('',(0.15347737,0.06768425,-0.00650155));
#3074=CARTESIAN_POINT('',(0.20486795,0.008343625,0.0015));
#3075=CARTESIAN_POINT('',(0.20486795,0.008343625,-0.01));
#3076=CARTESIAN_POINT('',(0.20486795,0.0618546,-0.01));
#3077=CARTESIAN_POINT('',(0.20486795,-0.04516735,-0.01));
#3078=CARTESIAN_POINT('',(0.20486795,0.0618546,0.0015));
#3079=CARTESIAN_POINT('',(0.20486795,0.0618546,0.0015));
#3080=CARTESIAN_POINT('',(0.20486795,0.008343625,0.0015));
#3081=CARTESIAN_POINT('',(0.20486795,-0.04516735,0.0015));
#3082=CARTESIAN_POINT('',(0.20486795,-0.04516735,0.0015));
#3083=CARTESIAN_POINT('',(0.1930383,0.0618546,0.0015));
#3084=CARTESIAN_POINT('',(0.1930383,0.0618546,-0.01));
#3085=CARTESIAN_POINT('',(0.1930383,0.07368425,-0.01));
#3086=CARTESIAN_POINT('',(0.1930383,0.07368425,0.0015));
#3087=CARTESIAN_POINT('',(0.1930383,0.07368425,0.0015));
#3088=CARTESIAN_POINT('',(0.1930383,0.0618546,0.0015));
#3089=CARTESIAN_POINT('',(0.1573867,0.07368425,0.0015));
#3090=CARTESIAN_POINT('',(0.15736295,0.07368425,-0.00388155));
#3091=CARTESIAN_POINT('',(0.15355988434176,0.07368425,-0.00388155));
#3092=CARTESIAN_POINT('',(0.16116601565824,0.07368425,-0.00388155));
#3093=CARTESIAN_POINT('',(0.15355988434176,0.07368425,-0.00607848434175956));
#3094=CARTESIAN_POINT('',(0.15136295,0.07368425,-0.00607848434175956));
#3095=CARTESIAN_POINT('',(0.15136295,0.07368425,-0.00678155));
#3096=CARTESIAN_POINT('',(0.15136295,0.07368425,-0.00748461565824049));
#3097=CARTESIAN_POINT('',(0.15355988434176,0.07368425,-0.00748461565824049));
#3098=CARTESIAN_POINT('',(0.15355988434176,0.07368425,-0.00968155));
#3099=CARTESIAN_POINT('',(0.15736295,0.07368425,-0.00968155));
#3100=CARTESIAN_POINT('',(0.16116601565824,0.07368425,-0.00968155));
#3101=CARTESIAN_POINT('',(0.16116601565824,0.07368425,-0.00748461565824047));
#3102=CARTESIAN_POINT('',(0.16336295,0.07368425,-0.00748461565824052));
#3103=CARTESIAN_POINT('',(0.16336295,0.07368425,-0.00678155));
#3104=CARTESIAN_POINT('',(0.16336295,0.07368425,-0.00607848434175954));
#3105=CARTESIAN_POINT('',(0.16116601565824,0.07368425,-0.00607848434175954));
#3106=CARTESIAN_POINT('',(0.1573867,0.07368425,-0.01));
#3107=CARTESIAN_POINT('',(0.1217351,0.07368425,-0.01));
#3108=CARTESIAN_POINT('',(0.1217351,0.07368425,0.0015));
#3109=CARTESIAN_POINT('',(0.1217351,0.07368425,0.0015));
#3110=CARTESIAN_POINT('',(0.1573867,0.07368425,0.0015));
#3111=CARTESIAN_POINT('',(0.1217351,0.0618546,0.0015));
#3112=CARTESIAN_POINT('',(0.1217351,0.0618546,-0.01));
#3113=CARTESIAN_POINT('',(0.1217351,0.0618546,0.0015));
#3114=CARTESIAN_POINT('',(0.1217351,-0.04516735,0.0015));
#3115=CARTESIAN_POINT('',(0.1217351,-0.04516735,-0.01));
#3116=CARTESIAN_POINT('',(0.1217351,-0.056997,-0.01));
#3117=CARTESIAN_POINT('',(0.1217351,-0.056997,0.0015));
#3118=CARTESIAN_POINT('',(0.1217351,-0.056997,0.0015));
#3119=CARTESIAN_POINT('',(0.1217351,-0.04516735,0.0015));
#3120=CARTESIAN_POINT('',(0.1573867,-0.056997,0.0015));
#3121=CARTESIAN_POINT('',(0.1573867,-0.056997,-0.01));
#3122=CARTESIAN_POINT('',(0.1930383,-0.056997,-0.01));
#3123=CARTESIAN_POINT('',(0.1930383,-0.056997,0.0015));
#3124=CARTESIAN_POINT('',(0.1930383,-0.056997,0.0015));
#3125=CARTESIAN_POINT('',(0.1573867,-0.056997,0.0015));
#3126=CARTESIAN_POINT('',(0.19259099473783,-0.04472004473783,0.0015));
#3127=CARTESIAN_POINT('',(0.19259099473783,-0.04472004473783,-0.01));
#3128=CARTESIAN_POINT('',(0.19259099473783,-0.050997,-0.01));
#3129=CARTESIAN_POINT('',(0.19886795,-0.04472004473783,-0.01));
#3130=CARTESIAN_POINT('',(0.19259099473783,-0.050997,0.0015));
#3131=CARTESIAN_POINT('',(0.19259099473783,-0.050997,0.0015));
#3132=CARTESIAN_POINT('',(0.19259099473783,-0.04472004473783,0.0015));
#3133=CARTESIAN_POINT('',(0.19886795,-0.04472004473783,0.0015));
#3134=CARTESIAN_POINT('',(0.19886795,-0.04472004473783,0.0015));
#3135=CARTESIAN_POINT('',(0.1573867,-0.050997,0.0015));
#3136=CARTESIAN_POINT('',(0.1573867,-0.050997,-0.01));
#3137=CARTESIAN_POINT('',(0.12218240526217,-0.050997,-0.01));
#3138=CARTESIAN_POINT('',(0.12218240526217,-0.050997,0.0015));
#3139=CARTESIAN_POINT('',(0.12218240526217,-0.050997,0.0015));
#3140=CARTESIAN_POINT('',(0.1573867,-0.050997,0.0015));
#3141=CARTESIAN_POINT('',(0.12218240526217,-0.04472004473783,0.0015));
#3142=CARTESIAN_POINT('',(0.12218240526217,-0.04472004473783,-0.01));
#3143=CARTESIAN_POINT('',(0.12218240526217,-0.04472004473783,0.0015));
#3144=CARTESIAN_POINT('',(0.12218240526217,0.0614072947378299,0.0015));
#3145=CARTESIAN_POINT('',(0.12218240526217,0.0614072947378299,-0.01));
#3146=CARTESIAN_POINT('',(0.12218240526217,0.06768425,-0.01));
#3147=CARTESIAN_POINT('',(0.12218240526217,0.06768425,0.0015));
#3148=CARTESIAN_POINT('',(0.12218240526217,0.06768425,0.0015));
#3149=CARTESIAN_POINT('',(0.12218240526217,0.0614072947378299,0.0015));
#3150=CARTESIAN_POINT('',(0.1573867,0.06768425,0.0015));
#3151=CARTESIAN_POINT('',(0.1573867,0.06768425,-0.01));
#3152=CARTESIAN_POINT('',(0.19259099473783,0.06768425,-0.01));
#3153=CARTESIAN_POINT('',(0.19259099473783,0.06768425,0.0015));
#3154=CARTESIAN_POINT('',(0.19259099473783,0.06768425,0.0015));
#3155=CARTESIAN_POINT('',(0.1573867,0.06768425,0.0015));
#3156=CARTESIAN_POINT('',(0.19259099473783,0.06140729473783,0.0015));
#3157=CARTESIAN_POINT('',(0.19259099473783,0.06140729473783,-0.01));
#3158=CARTESIAN_POINT('',(0.19886795,0.06140729473783,-0.01));
#3159=CARTESIAN_POINT('',(0.19886795,0.06140729473783,0.0015));
#3160=CARTESIAN_POINT('',(0.19886795,0.06140729473783,0.0015));
#3161=CARTESIAN_POINT('',(0.19259099473783,0.06140729473783,0.0015));
#3162=CARTESIAN_POINT('',(0.19886795,0.008343625,0.0015));
#3163=CARTESIAN_POINT('',(0.19886795,0.008343625,-0.01));
#3164=CARTESIAN_POINT('',(0.19886795,0.008343625,0.0015));
#3165=CARTESIAN_POINT('',(0.1930383,-0.04516735,0.0015));
#3166=CARTESIAN_POINT('',(0.1930383,-0.04516735,-0.01));
#3167=CARTESIAN_POINT('',(0.1930383,-0.04516735,0.0015));
#3168=CARTESIAN_POINT('',(-0.000366425000000087,0.008343625,0.0015));
#3169=CARTESIAN_POINT('',(0.13218240526217,0.07068425,0.0015));
#3170=CARTESIAN_POINT('',(0.13371740526217,0.07068425,0.0015));
#3171=CARTESIAN_POINT('',(0.11290545,-0.02,0.0015));
#3172=CARTESIAN_POINT('',(0.11444045,-0.02,0.0015));
#3173=CARTESIAN_POINT('',(0.11290545,0.035,0.0015));
#3174=CARTESIAN_POINT('',(0.11444045,0.035,0.0015));
#3175=CARTESIAN_POINT('',(0.20186795,-0.02,0.0015));
#3176=CARTESIAN_POINT('',(0.20340295,-0.02,0.0015));
#3177=CARTESIAN_POINT('',(0.18259099473783,-0.053997,0.0015));
#3178=CARTESIAN_POINT('',(0.18412599473783,-0.053997,0.0015));
#3179=CARTESIAN_POINT('',(0.13218240526217,-0.053997,0.0015));
#3180=CARTESIAN_POINT('',(0.13371740526217,-0.053997,0.0015));
#3181=CARTESIAN_POINT('',(0.18259099473783,0.07068425,0.0015));
#3182=CARTESIAN_POINT('',(0.18412599473783,0.07068425,0.0015));
#3183=CARTESIAN_POINT('',(0.20186795,0.035,0.0015));
#3184=CARTESIAN_POINT('',(0.20340295,0.035,0.0015));
#3185=CARTESIAN_POINT('',(-0.000366425000000087,0.008343625,-0.01));
#3186=CARTESIAN_POINT('',(0.11190545,0.02939425,-0.01));
#3187=CARTESIAN_POINT('',(0.11190545,0.02939425,-0.01));
#3188=CARTESIAN_POINT('',(0.11190545,0.008343625,-0.01));
#3189=CARTESIAN_POINT('',(0.11190545,0.008343625,-0.01));
#3190=CARTESIAN_POINT('',(0.11190545,0.00397425,-0.01));
#3191=CARTESIAN_POINT('',(0.11190545,0.00397425,-0.01));
#3192=CARTESIAN_POINT('',(0.15736295,0.07018425,-0.00388155));
#3193=CARTESIAN_POINT('',(0.16116601565824,0.07018425,-0.00388155));
#3194=CARTESIAN_POINT('',(0.16116601565824,0.07018425,-0.00388155));
#3195=CARTESIAN_POINT('',(0.15736295,0.07018425,-0.00388155));
#3196=CARTESIAN_POINT('',(0.15355988434176,0.07018425,-0.00388155));
#3197=CARTESIAN_POINT('',(0.15355988434176,0.07018425,-0.00388155));
#3198=CARTESIAN_POINT('',(0.16116601565824,0.07018425,-0.00607848434175954));
#3199=CARTESIAN_POINT('',(0.16336295,0.07018425,-0.00607848434175954));
#3200=CARTESIAN_POINT('',(0.16336295,0.07018425,-0.00607848434175954));
#3201=CARTESIAN_POINT('',(0.16116601565824,0.07018425,-0.00607848434175954));
#3202=CARTESIAN_POINT('',(0.16336295,0.07018425,-0.00678155));
#3203=CARTESIAN_POINT('',(0.16336295,0.07018425,-0.00748461565824052));
#3204=CARTESIAN_POINT('',(0.16336295,0.07018425,-0.00748461565824052));
#3205=CARTESIAN_POINT('',(0.16336295,0.07018425,-0.00678155));
#3206=CARTESIAN_POINT('',(0.16116601565824,0.07018425,-0.00748461565824047));
#3207=CARTESIAN_POINT('',(0.16116601565824,0.07018425,-0.00968155));
#3208=CARTESIAN_POINT('',(0.16116601565824,0.07018425,-0.00968155));
#3209=CARTESIAN_POINT('',(0.16116601565824,0.07018425,-0.00748461565824047));
#3210=CARTESIAN_POINT('',(0.15736295,0.07018425,-0.00968155));
#3211=CARTESIAN_POINT('',(0.15355988434176,0.07018425,-0.00968155));
#3212=CARTESIAN_POINT('',(0.15355988434176,0.07018425,-0.00968155));
#3213=CARTESIAN_POINT('',(0.15736295,0.07018425,-0.00968155));
#3214=CARTESIAN_POINT('',(0.15355988434176,0.07018425,-0.00748461565824049));
#3215=CARTESIAN_POINT('',(0.15136295,0.07018425,-0.00748461565824049));
#3216=CARTESIAN_POINT('',(0.15136295,0.07018425,-0.00748461565824049));
#3217=CARTESIAN_POINT('',(0.15355988434176,0.07018425,-0.00748461565824049));
#3218=CARTESIAN_POINT('',(0.15136295,0.07018425,-0.00678155));
#3219=CARTESIAN_POINT('',(0.15136295,0.07018425,-0.00607848434175956));
#3220=CARTESIAN_POINT('',(0.15136295,0.07018425,-0.00607848434175956));
#3221=CARTESIAN_POINT('',(0.15136295,0.07018425,-0.00678155));
#3222=CARTESIAN_POINT('',(0.15355988434176,0.07018425,-0.00607848434175956));
#3223=CARTESIAN_POINT('',(0.15355988434176,0.07018425,-0.00607848434175956));
#3224=CARTESIAN_POINT('',(0.113989645556974,0.07018425,-0.00425));
#3225=CARTESIAN_POINT('',(0.11590545,0.01668425,-0.0059));
#3226=CARTESIAN_POINT('',(0.11190545,0.02776425,-0.0059));
#3227=CARTESIAN_POINT('',(0.11190545,0.02939425,-0.0059));
#3228=CARTESIAN_POINT('',(0.11190545,0.02939425,-0.0059));
#3229=CARTESIAN_POINT('',(0.11190545,0.00397425,-0.0059));
#3230=CARTESIAN_POINT('',(0.11190545,0.00397425,-0.0059));
#3231=CARTESIAN_POINT('',(0.11190545,0.00560425,-0.0059));
#3232=CARTESIAN_POINT('',(0.11190545,0.02939425,-0.00795));
#3233=CARTESIAN_POINT('',(0.11190545,0.02939425,-0.00795));
#3234=CARTESIAN_POINT('',(0.11190545,0.008343625,-0.00913368175092697));
#3235=CARTESIAN_POINT('',(0.11190545,0.00397425,-0.00795));
#3236=CARTESIAN_POINT('',(0.11190545,0.00397425,-0.00795));
#3237=CARTESIAN_POINT('',(0.11190545,0.008343625,-0.00913368175092697));
#3238=CARTESIAN_POINT('',(0.20186795,0.035,0.004575));
#3239=CARTESIAN_POINT('',(0.20186795,0.035,-0.001575));
#3240=CARTESIAN_POINT('',(0.20340295,0.035,-0.001575));
#3241=CARTESIAN_POINT('',(-0.00107642500000007,0.008343625,-0.001575));
#3242=CARTESIAN_POINT('',(0.18259099473783,0.07068425,0.004575));
#3243=CARTESIAN_POINT('',(0.18259099473783,0.07068425,-0.001575));
#3244=CARTESIAN_POINT('',(0.18412599473783,0.07068425,-0.001575));
#3245=CARTESIAN_POINT('',(-0.00107642500000007,0.008343625,-0.001575));
#3246=CARTESIAN_POINT('',(0.13218240526217,-0.053997,0.004575));
#3247=CARTESIAN_POINT('',(0.13218240526217,-0.053997,-0.001575));
#3248=CARTESIAN_POINT('',(0.13371740526217,-0.053997,-0.001575));
#3249=CARTESIAN_POINT('',(-0.00107642500000007,0.008343625,-0.001575));
#3250=CARTESIAN_POINT('',(0.18259099473783,-0.053997,0.004575));
#3251=CARTESIAN_POINT('',(0.18259099473783,-0.053997,-0.001575));
#3252=CARTESIAN_POINT('',(0.18412599473783,-0.053997,-0.001575));
#3253=CARTESIAN_POINT('',(-0.00107642500000007,0.008343625,-0.001575));
#3254=CARTESIAN_POINT('',(0.20186795,-0.02,0.004575));
#3255=CARTESIAN_POINT('',(0.20186795,-0.02,-0.001575));
#3256=CARTESIAN_POINT('',(0.20340295,-0.02,-0.001575));
#3257=CARTESIAN_POINT('',(-0.00107642500000007,0.008343625,-0.001575));
#3258=CARTESIAN_POINT('',(0.11290545,0.035,0.004575));
#3259=CARTESIAN_POINT('',(0.11290545,0.035,-0.001575));
#3260=CARTESIAN_POINT('',(0.11444045,0.035,-0.001575));
#3261=CARTESIAN_POINT('',(-0.00107642500000007,0.008343625,-0.001575));
#3262=CARTESIAN_POINT('',(0.11290545,-0.02,0.004575));
#3263=CARTESIAN_POINT('',(0.11290545,-0.02,-0.001575));
#3264=CARTESIAN_POINT('',(0.11444045,-0.02,-0.001575));
#3265=CARTESIAN_POINT('',(-0.00107642500000007,0.008343625,-0.001575));
#3266=CARTESIAN_POINT('',(0.13218240526217,0.07068425,0.004575));
#3267=CARTESIAN_POINT('',(0.13218240526217,0.07068425,-0.001575));
#3268=CARTESIAN_POINT('',(0.13371740526217,0.07068425,-0.001575));
#3269=CARTESIAN_POINT('',(-0.00107642500000007,0.008343625,-0.001575));
#3270=CARTESIAN_POINT('',(0.11300545,0.01,-0.0015));
#3271=CARTESIAN_POINT('',(0.11300545,0.01,-0.0015));
#3272=CARTESIAN_POINT('',(0.11300545,0.01,4.99999999999999E-5));
#3273=CARTESIAN_POINT('',(0.11300545,0.008343625,-0.00913368175092697));
#3274=CARTESIAN_POINT('',(0.11300545,0.0588546,-0.0025));
#3275=CARTESIAN_POINT('',(0.11300545,0.0588546,-0.0025));
#3276=CARTESIAN_POINT('',(0.11300545,0.0588546,-0.00095));
#3277=CARTESIAN_POINT('',(0.11300545,0.008343625,-0.00913368175092697));
#3278=CARTESIAN_POINT('',(0.11300545,-0.04216735,-0.0025));
#3279=CARTESIAN_POINT('',(0.11300545,-0.04216735,-0.0025));
#3280=CARTESIAN_POINT('',(0.11300545,-0.04216735,-0.00095));
#3281=CARTESIAN_POINT('',(0.11300545,0.008343625,-0.00913368175092697));
#3282=MECHANICAL_DESIGN_GEOMETRIC_PRESENTATION_REPRESENTATION('',(#1894),
#3284);
#3283=MECHANICAL_DESIGN_GEOMETRIC_PRESENTATION_REPRESENTATION('',(#1895),
#3285);
#3284=(
GEOMETRIC_REPRESENTATION_CONTEXT(3)
GLOBAL_UNCERTAINTY_ASSIGNED_CONTEXT((#3286))
GLOBAL_UNIT_ASSIGNED_CONTEXT((#3292,#3290,#3288))
REPRESENTATION_CONTEXT('Part 4','TOP_LEVEL_ASSEMBLY_PART')
);
#3285=(
GEOMETRIC_REPRESENTATION_CONTEXT(3)
GLOBAL_UNCERTAINTY_ASSIGNED_CONTEXT((#3287))
GLOBAL_UNIT_ASSIGNED_CONTEXT((#3293,#3291,#3289))
REPRESENTATION_CONTEXT('Part 6','TOP_LEVEL_ASSEMBLY_PART')
);
#3286=UNCERTAINTY_MEASURE_WITH_UNIT(LENGTH_MEASURE(2.62383225652006E-5),
#3292,'DISTANCE_ACCURACY_VALUE','Maximum Tolerance applied to model');
#3287=UNCERTAINTY_MEASURE_WITH_UNIT(LENGTH_MEASURE(1.E-8),#3293,
'DISTANCE_ACCURACY_VALUE','Maximum Tolerance applied to model');
#3288=(
NAMED_UNIT(*)
SI_UNIT($,.STERADIAN.)
SOLID_ANGLE_UNIT()
);
#3289=(
NAMED_UNIT(*)
SI_UNIT($,.STERADIAN.)
SOLID_ANGLE_UNIT()
);
#3290=(
NAMED_UNIT(*)
PLANE_ANGLE_UNIT()
SI_UNIT($,.RADIAN.)
);
#3291=(
NAMED_UNIT(*)
PLANE_ANGLE_UNIT()
SI_UNIT($,.RADIAN.)
);
#3292=(
LENGTH_UNIT()
NAMED_UNIT(*)
SI_UNIT($,.METRE.)
);
#3293=(
LENGTH_UNIT()
NAMED_UNIT(*)
SI_UNIT($,.METRE.)
);
#3294=PRODUCT_DEFINITION_SHAPE('','',#3296);
#3295=PRODUCT_DEFINITION_SHAPE('','',#3297);
#3296=PRODUCT_DEFINITION('','',#3300,#3298);
#3297=PRODUCT_DEFINITION('','',#3301,#3299);
#3298=PRODUCT_DEFINITION_CONTEXT('',#3312,'design');
#3299=PRODUCT_DEFINITION_CONTEXT('',#3313,'design');
#3300=PRODUCT_DEFINITION_FORMATION_WITH_SPECIFIED_SOURCE('','',#3304,
 .NOT_KNOWN.);
#3301=PRODUCT_DEFINITION_FORMATION_WITH_SPECIFIED_SOURCE('','',#3305,
 .NOT_KNOWN.);
#3302=PRODUCT_RELATED_PRODUCT_CATEGORY('','',(#3304));
#3303=PRODUCT_RELATED_PRODUCT_CATEGORY('','',(#3305));
#3304=PRODUCT('Part 4','Part 4','Part 4',(#3308));
#3305=PRODUCT('Part 6','Part 6','Part 6',(#3309));
#3306=PRODUCT_CATEGORY('','');
#3307=PRODUCT_CATEGORY('','');
#3308=PRODUCT_CONTEXT('',#3312,'mechanical');
#3309=PRODUCT_CONTEXT('',#3313,'mechanical');
#3310=APPLICATION_PROTOCOL_DEFINITION('international standard',
'ap242_managed_model_based_3d_engineering',2020,#3312);
#3311=APPLICATION_PROTOCOL_DEFINITION('international standard',
'ap242_managed_model_based_3d_engineering',2020,#3313);
#3312=APPLICATION_CONTEXT('managed model based 3d engineering');
#3313=APPLICATION_CONTEXT('managed model based 3d engineering');
ENDSEC;
END-ISO-10303-21;
