ISO-10303-21;
HEADER;
/* Generated by software containing ST-Developer
 * from STEP Tools, Inc. (www.steptools.com) 
 */
/* OPTION: using custom renumber hook */

FILE_DESCRIPTION(
/* description */ ('STEP AP242 Edition 2',
'CAx-IF Rec.Pracs.---Representation and Presentation of Product Manufa
cturing Information (PMI)---4.0---2014-10-13',
'CAx-IF Rec.Pracs.---3D Tessellated Geometry---0.4---2014-09-14','2;1',
'CAx-IF Rec.Pracs.---User Defined Attributes---1.5---2016-08-15'),
/* implementation_level */ '2;1');

FILE_NAME(
/* name */ 'KEEBY 60+20 - Part 1',
/* time_stamp */ '2026-06-06T03:52:19Z',
/* author */ (''),
/* organization */ (''),
/* preprocessor_version */ 'ST-DEVELOPER v20',
/* originating_system */ 'ONSHAPE BY PTC INC, 1.216',
/* authorisation */ '  ');

FILE_SCHEMA (('AP242_MANAGED_MODEL_BASED_3D_ENGINEERING_MIM_LF { 1 0 10303 442 3 1 4 }'));
ENDSEC;

DATA;
#10=SHAPE_REPRESENTATION_RELATIONSHIP('','',#4295,#11);
#11=ADVANCED_BREP_SHAPE_REPRESENTATION('',(#4293),#7213);
#12=CYLINDRICAL_SURFACE('',#4508,0.00548026);
#13=CYLINDRICAL_SURFACE('',#4510,0.00548026);
#14=CYLINDRICAL_SURFACE('',#4512,0.00548026);
#15=CYLINDRICAL_SURFACE('',#4514,0.00548026);
#16=CYLINDRICAL_SURFACE('',#4516,0.0005);
#17=CYLINDRICAL_SURFACE('',#4518,0.00049999999999999);
#18=CYLINDRICAL_SURFACE('',#4520,0.00049999999999999);
#19=CYLINDRICAL_SURFACE('',#4522,0.0005);
#20=CYLINDRICAL_SURFACE('',#4524,0.000499999999999976);
#21=CYLINDRICAL_SURFACE('',#4526,0.000499999999999977);
#22=CYLINDRICAL_SURFACE('',#4528,0.0005);
#23=CYLINDRICAL_SURFACE('',#4530,0.0005);
#24=CYLINDRICAL_SURFACE('',#4532,0.000499999999999977);
#25=CYLINDRICAL_SURFACE('',#4534,0.000499999999999977);
#26=CYLINDRICAL_SURFACE('',#4536,0.0005);
#27=CYLINDRICAL_SURFACE('',#4538,0.0005);
#28=CYLINDRICAL_SURFACE('',#4540,0.000499999999999977);
#29=CYLINDRICAL_SURFACE('',#4542,0.000499999999999976);
#30=CYLINDRICAL_SURFACE('',#4544,0.0005);
#31=CYLINDRICAL_SURFACE('',#4546,0.0005);
#32=CYLINDRICAL_SURFACE('',#4548,0.0005);
#33=CYLINDRICAL_SURFACE('',#4550,0.0005);
#34=CYLINDRICAL_SURFACE('',#4552,0.0005);
#35=CYLINDRICAL_SURFACE('',#4554,0.0005);
#36=CYLINDRICAL_SURFACE('',#4556,0.0005);
#37=CYLINDRICAL_SURFACE('',#4558,0.0005);
#38=CYLINDRICAL_SURFACE('',#4560,0.0005);
#39=CYLINDRICAL_SURFACE('',#4562,0.0005);
#40=CYLINDRICAL_SURFACE('',#4564,0.0005);
#41=CYLINDRICAL_SURFACE('',#4566,0.0005);
#42=CYLINDRICAL_SURFACE('',#4568,0.0005);
#43=CYLINDRICAL_SURFACE('',#4570,0.0005);
#44=CYLINDRICAL_SURFACE('',#4572,0.0005);
#45=CYLINDRICAL_SURFACE('',#4574,0.0005);
#46=CYLINDRICAL_SURFACE('',#4576,0.0005);
#47=CYLINDRICAL_SURFACE('',#4578,0.0005);
#48=CYLINDRICAL_SURFACE('',#4579,0.0005);
#49=CYLINDRICAL_SURFACE('',#4581,0.0005);
#50=CYLINDRICAL_SURFACE('',#4583,0.0005);
#51=CYLINDRICAL_SURFACE('',#4585,0.0005);
#52=CYLINDRICAL_SURFACE('',#4588,0.0005);
#53=CYLINDRICAL_SURFACE('',#4590,0.0005);
#54=CYLINDRICAL_SURFACE('',#4592,0.0005);
#55=CYLINDRICAL_SURFACE('',#4594,0.0005);
#56=CYLINDRICAL_SURFACE('',#4595,0.0005);
#57=CYLINDRICAL_SURFACE('',#4597,0.0005);
#58=CYLINDRICAL_SURFACE('',#4599,0.0005);
#59=CYLINDRICAL_SURFACE('',#4601,0.0005);
#60=CYLINDRICAL_SURFACE('',#4604,0.00049999999999999);
#61=CYLINDRICAL_SURFACE('',#4606,0.0005);
#62=CYLINDRICAL_SURFACE('',#4608,0.0005);
#63=CYLINDRICAL_SURFACE('',#4610,0.0005);
#64=CYLINDRICAL_SURFACE('',#4611,0.000499999999999988);
#65=CYLINDRICAL_SURFACE('',#4613,0.000499999999999988);
#66=CYLINDRICAL_SURFACE('',#4615,0.0005);
#67=CYLINDRICAL_SURFACE('',#4617,0.0005);
#68=CYLINDRICAL_SURFACE('',#4619,0.000499999999999989);
#69=CYLINDRICAL_SURFACE('',#4621,0.000499999999999989);
#70=CYLINDRICAL_SURFACE('',#4623,0.0005);
#71=CYLINDRICAL_SURFACE('',#4625,0.0005);
#72=CYLINDRICAL_SURFACE('',#4627,0.000499999999999988);
#73=CYLINDRICAL_SURFACE('',#4629,0.000499999999999988);
#74=CYLINDRICAL_SURFACE('',#4631,0.0005);
#75=CYLINDRICAL_SURFACE('',#4633,0.0005);
#76=CYLINDRICAL_SURFACE('',#4636,0.000500000000000025);
#77=CYLINDRICAL_SURFACE('',#4638,0.0005);
#78=CYLINDRICAL_SURFACE('',#4640,0.0005);
#79=CYLINDRICAL_SURFACE('',#4642,0.000500000000000025);
#80=CYLINDRICAL_SURFACE('',#4644,0.0005);
#81=CYLINDRICAL_SURFACE('',#4646,0.0005);
#82=CYLINDRICAL_SURFACE('',#4648,0.0005);
#83=CYLINDRICAL_SURFACE('',#4650,0.0005);
#84=CYLINDRICAL_SURFACE('',#4652,0.0005);
#85=CYLINDRICAL_SURFACE('',#4654,0.0005);
#86=CYLINDRICAL_SURFACE('',#4656,0.0005);
#87=CYLINDRICAL_SURFACE('',#4658,0.0005);
#88=CYLINDRICAL_SURFACE('',#4660,0.000500000000000025);
#89=CYLINDRICAL_SURFACE('',#4662,0.0005);
#90=CYLINDRICAL_SURFACE('',#4664,0.0005);
#91=CYLINDRICAL_SURFACE('',#4666,0.000500000000000024);
#92=CYLINDRICAL_SURFACE('',#4668,0.0005);
#93=CYLINDRICAL_SURFACE('',#4670,0.0005);
#94=CYLINDRICAL_SURFACE('',#4672,0.0005);
#95=CYLINDRICAL_SURFACE('',#4674,0.0005);
#96=CYLINDRICAL_SURFACE('',#4676,0.0005);
#97=CYLINDRICAL_SURFACE('',#4678,0.0005);
#98=CYLINDRICAL_SURFACE('',#4680,0.000500000000000025);
#99=CYLINDRICAL_SURFACE('',#4682,0.000500000000000025);
#100=CYLINDRICAL_SURFACE('',#4684,0.0005);
#101=CYLINDRICAL_SURFACE('',#4686,0.0005);
#102=CYLINDRICAL_SURFACE('',#4688,0.0005);
#103=CYLINDRICAL_SURFACE('',#4690,0.0005);
#104=CYLINDRICAL_SURFACE('',#4692,0.000499999999999976);
#105=CYLINDRICAL_SURFACE('',#4694,0.000499999999999976);
#106=CYLINDRICAL_SURFACE('',#4696,0.0005);
#107=CYLINDRICAL_SURFACE('',#4698,0.0005);
#108=CYLINDRICAL_SURFACE('',#4699,0.00105);
#109=CYLINDRICAL_SURFACE('',#4700,0.00105);
#110=CYLINDRICAL_SURFACE('',#4701,0.00105);
#111=CYLINDRICAL_SURFACE('',#4702,0.00105);
#112=CYLINDRICAL_SURFACE('',#4708,0.00434558441227156);
#113=CYLINDRICAL_SURFACE('',#4710,0.00434558441227158);
#114=CYLINDRICAL_SURFACE('',#4712,0.00434558441227158);
#115=CYLINDRICAL_SURFACE('',#4714,0.00434558441227162);
#116=LINE('',#5975,#528);
#117=LINE('',#5980,#529);
#118=LINE('',#5984,#530);
#119=LINE('',#5988,#531);
#120=LINE('',#5991,#532);
#121=LINE('',#5996,#533);
#122=LINE('',#6000,#534);
#123=LINE('',#6004,#535);
#124=LINE('',#6007,#536);
#125=LINE('',#6012,#537);
#126=LINE('',#6016,#538);
#127=LINE('',#6020,#539);
#128=LINE('',#6023,#540);
#129=LINE('',#6028,#541);
#130=LINE('',#6032,#542);
#131=LINE('',#6036,#543);
#132=LINE('',#6039,#544);
#133=LINE('',#6044,#545);
#134=LINE('',#6048,#546);
#135=LINE('',#6052,#547);
#136=LINE('',#6055,#548);
#137=LINE('',#6060,#549);
#138=LINE('',#6064,#550);
#139=LINE('',#6068,#551);
#140=LINE('',#6071,#552);
#141=LINE('',#6076,#553);
#142=LINE('',#6080,#554);
#143=LINE('',#6084,#555);
#144=LINE('',#6087,#556);
#145=LINE('',#6092,#557);
#146=LINE('',#6096,#558);
#147=LINE('',#6100,#559);
#148=LINE('',#6103,#560);
#149=LINE('',#6108,#561);
#150=LINE('',#6112,#562);
#151=LINE('',#6116,#563);
#152=LINE('',#6119,#564);
#153=LINE('',#6124,#565);
#154=LINE('',#6128,#566);
#155=LINE('',#6132,#567);
#156=LINE('',#6135,#568);
#157=LINE('',#6140,#569);
#158=LINE('',#6144,#570);
#159=LINE('',#6148,#571);
#160=LINE('',#6151,#572);
#161=LINE('',#6156,#573);
#162=LINE('',#6160,#574);
#163=LINE('',#6164,#575);
#164=LINE('',#6167,#576);
#165=LINE('',#6172,#577);
#166=LINE('',#6176,#578);
#167=LINE('',#6180,#579);
#168=LINE('',#6183,#580);
#169=LINE('',#6188,#581);
#170=LINE('',#6192,#582);
#171=LINE('',#6196,#583);
#172=LINE('',#6199,#584);
#173=LINE('',#6204,#585);
#174=LINE('',#6208,#586);
#175=LINE('',#6212,#587);
#176=LINE('',#6215,#588);
#177=LINE('',#6220,#589);
#178=LINE('',#6224,#590);
#179=LINE('',#6228,#591);
#180=LINE('',#6231,#592);
#181=LINE('',#6236,#593);
#182=LINE('',#6240,#594);
#183=LINE('',#6244,#595);
#184=LINE('',#6247,#596);
#185=LINE('',#6252,#597);
#186=LINE('',#6256,#598);
#187=LINE('',#6260,#599);
#188=LINE('',#6263,#600);
#189=LINE('',#6268,#601);
#190=LINE('',#6272,#602);
#191=LINE('',#6276,#603);
#192=LINE('',#6279,#604);
#193=LINE('',#6284,#605);
#194=LINE('',#6288,#606);
#195=LINE('',#6292,#607);
#196=LINE('',#6295,#608);
#197=LINE('',#6300,#609);
#198=LINE('',#6304,#610);
#199=LINE('',#6308,#611);
#200=LINE('',#6311,#612);
#201=LINE('',#6316,#613);
#202=LINE('',#6320,#614);
#203=LINE('',#6324,#615);
#204=LINE('',#6327,#616);
#205=LINE('',#6332,#617);
#206=LINE('',#6336,#618);
#207=LINE('',#6340,#619);
#208=LINE('',#6343,#620);
#209=LINE('',#6348,#621);
#210=LINE('',#6352,#622);
#211=LINE('',#6356,#623);
#212=LINE('',#6359,#624);
#213=LINE('',#6362,#625);
#214=LINE('',#6364,#626);
#215=LINE('',#6366,#627);
#216=LINE('',#6370,#628);
#217=LINE('',#6374,#629);
#218=LINE('',#6378,#630);
#219=LINE('',#6382,#631);
#220=LINE('',#6384,#632);
#221=LINE('',#6387,#633);
#222=LINE('',#6389,#634);
#223=LINE('',#6391,#635);
#224=LINE('',#6403,#636);
#225=LINE('',#6407,#637);
#226=LINE('',#6411,#638);
#227=LINE('',#6415,#639);
#228=LINE('',#6419,#640);
#229=LINE('',#6423,#641);
#230=LINE('',#6427,#642);
#231=LINE('',#6431,#643);
#232=LINE('',#6435,#644);
#233=LINE('',#6439,#645);
#234=LINE('',#6443,#646);
#235=LINE('',#6447,#647);
#236=LINE('',#6451,#648);
#237=LINE('',#6455,#649);
#238=LINE('',#6459,#650);
#239=LINE('',#6463,#651);
#240=LINE('',#6467,#652);
#241=LINE('',#6471,#653);
#242=LINE('',#6475,#654);
#243=LINE('',#6479,#655);
#244=LINE('',#6480,#656);
#245=LINE('',#6485,#657);
#246=LINE('',#6489,#658);
#247=LINE('',#6493,#659);
#248=LINE('',#6499,#660);
#249=LINE('',#6503,#661);
#250=LINE('',#6507,#662);
#251=LINE('',#6511,#663);
#252=LINE('',#6515,#664);
#253=LINE('',#6519,#665);
#254=LINE('',#6523,#666);
#255=LINE('',#6527,#667);
#256=LINE('',#6531,#668);
#257=LINE('',#6535,#669);
#258=LINE('',#6539,#670);
#259=LINE('',#6543,#671);
#260=LINE('',#6547,#672);
#261=LINE('',#6551,#673);
#262=LINE('',#6555,#674);
#263=LINE('',#6559,#675);
#264=LINE('',#6563,#676);
#265=LINE('',#6567,#677);
#266=LINE('',#6571,#678);
#267=LINE('',#6575,#679);
#268=LINE('',#6579,#680);
#269=LINE('',#6583,#681);
#270=LINE('',#6587,#682);
#271=LINE('',#6591,#683);
#272=LINE('',#6595,#684);
#273=LINE('',#6599,#685);
#274=LINE('',#6603,#686);
#275=LINE('',#6607,#687);
#276=LINE('',#6611,#688);
#277=LINE('',#6615,#689);
#278=LINE('',#6619,#690);
#279=LINE('',#6623,#691);
#280=LINE('',#6627,#692);
#281=LINE('',#6631,#693);
#282=LINE('',#6635,#694);
#283=LINE('',#6639,#695);
#284=LINE('',#6643,#696);
#285=LINE('',#6647,#697);
#286=LINE('',#6651,#698);
#287=LINE('',#6655,#699);
#288=LINE('',#6659,#700);
#289=LINE('',#6663,#701);
#290=LINE('',#6667,#702);
#291=LINE('',#6671,#703);
#292=LINE('',#6675,#704);
#293=LINE('',#6679,#705);
#294=LINE('',#6683,#706);
#295=LINE('',#6687,#707);
#296=LINE('',#6691,#708);
#297=LINE('',#6695,#709);
#298=LINE('',#6699,#710);
#299=LINE('',#6703,#711);
#300=LINE('',#6707,#712);
#301=LINE('',#6711,#713);
#302=LINE('',#6715,#714);
#303=LINE('',#6719,#715);
#304=LINE('',#6723,#716);
#305=LINE('',#6727,#717);
#306=LINE('',#6731,#718);
#307=LINE('',#6735,#719);
#308=LINE('',#6739,#720);
#309=LINE('',#6743,#721);
#310=LINE('',#6747,#722);
#311=LINE('',#6751,#723);
#312=LINE('',#6755,#724);
#313=LINE('',#6759,#725);
#314=LINE('',#6763,#726);
#315=LINE('',#6767,#727);
#316=LINE('',#6771,#728);
#317=LINE('',#6775,#729);
#318=LINE('',#6779,#730);
#319=LINE('',#6783,#731);
#320=LINE('',#6784,#732);
#321=LINE('',#6789,#733);
#322=LINE('',#6793,#734);
#323=LINE('',#6797,#735);
#324=LINE('',#6801,#736);
#325=LINE('',#6802,#737);
#326=LINE('',#6804,#738);
#327=LINE('',#6806,#739);
#328=LINE('',#6808,#740);
#329=LINE('',#6810,#741);
#330=LINE('',#6812,#742);
#331=LINE('',#6814,#743);
#332=LINE('',#6817,#744);
#333=LINE('',#6818,#745);
#334=LINE('',#6820,#746);
#335=LINE('',#6822,#747);
#336=LINE('',#6824,#748);
#337=LINE('',#6826,#749);
#338=LINE('',#6828,#750);
#339=LINE('',#6830,#751);
#340=LINE('',#6833,#752);
#341=LINE('',#6834,#753);
#342=LINE('',#6836,#754);
#343=LINE('',#6838,#755);
#344=LINE('',#6840,#756);
#345=LINE('',#6842,#757);
#346=LINE('',#6844,#758);
#347=LINE('',#6846,#759);
#348=LINE('',#6849,#760);
#349=LINE('',#6850,#761);
#350=LINE('',#6852,#762);
#351=LINE('',#6854,#763);
#352=LINE('',#6856,#764);
#353=LINE('',#6858,#765);
#354=LINE('',#6860,#766);
#355=LINE('',#6862,#767);
#356=LINE('',#6865,#768);
#357=LINE('',#6866,#769);
#358=LINE('',#6868,#770);
#359=LINE('',#6870,#771);
#360=LINE('',#6872,#772);
#361=LINE('',#6874,#773);
#362=LINE('',#6876,#774);
#363=LINE('',#6878,#775);
#364=LINE('',#6881,#776);
#365=LINE('',#6882,#777);
#366=LINE('',#6884,#778);
#367=LINE('',#6886,#779);
#368=LINE('',#6888,#780);
#369=LINE('',#6890,#781);
#370=LINE('',#6892,#782);
#371=LINE('',#6894,#783);
#372=LINE('',#6897,#784);
#373=LINE('',#6898,#785);
#374=LINE('',#6900,#786);
#375=LINE('',#6902,#787);
#376=LINE('',#6904,#788);
#377=LINE('',#6906,#789);
#378=LINE('',#6908,#790);
#379=LINE('',#6910,#791);
#380=LINE('',#6913,#792);
#381=LINE('',#6914,#793);
#382=LINE('',#6916,#794);
#383=LINE('',#6918,#795);
#384=LINE('',#6920,#796);
#385=LINE('',#6922,#797);
#386=LINE('',#6924,#798);
#387=LINE('',#6926,#799);
#388=LINE('',#6929,#800);
#389=LINE('',#6930,#801);
#390=LINE('',#6932,#802);
#391=LINE('',#6934,#803);
#392=LINE('',#6936,#804);
#393=LINE('',#6938,#805);
#394=LINE('',#6940,#806);
#395=LINE('',#6942,#807);
#396=LINE('',#6945,#808);
#397=LINE('',#6946,#809);
#398=LINE('',#6948,#810);
#399=LINE('',#6950,#811);
#400=LINE('',#6952,#812);
#401=LINE('',#6954,#813);
#402=LINE('',#6956,#814);
#403=LINE('',#6958,#815);
#404=LINE('',#6961,#816);
#405=LINE('',#6962,#817);
#406=LINE('',#6964,#818);
#407=LINE('',#6966,#819);
#408=LINE('',#6968,#820);
#409=LINE('',#6970,#821);
#410=LINE('',#6972,#822);
#411=LINE('',#6974,#823);
#412=LINE('',#6977,#824);
#413=LINE('',#6978,#825);
#414=LINE('',#6980,#826);
#415=LINE('',#6982,#827);
#416=LINE('',#6984,#828);
#417=LINE('',#6986,#829);
#418=LINE('',#6988,#830);
#419=LINE('',#6990,#831);
#420=LINE('',#6993,#832);
#421=LINE('',#6994,#833);
#422=LINE('',#6996,#834);
#423=LINE('',#6998,#835);
#424=LINE('',#7000,#836);
#425=LINE('',#7002,#837);
#426=LINE('',#7004,#838);
#427=LINE('',#7006,#839);
#428=LINE('',#7009,#840);
#429=LINE('',#7010,#841);
#430=LINE('',#7012,#842);
#431=LINE('',#7014,#843);
#432=LINE('',#7016,#844);
#433=LINE('',#7018,#845);
#434=LINE('',#7020,#846);
#435=LINE('',#7022,#847);
#436=LINE('',#7025,#848);
#437=LINE('',#7026,#849);
#438=LINE('',#7028,#850);
#439=LINE('',#7030,#851);
#440=LINE('',#7032,#852);
#441=LINE('',#7034,#853);
#442=LINE('',#7036,#854);
#443=LINE('',#7038,#855);
#444=LINE('',#7041,#856);
#445=LINE('',#7042,#857);
#446=LINE('',#7044,#858);
#447=LINE('',#7046,#859);
#448=LINE('',#7048,#860);
#449=LINE('',#7050,#861);
#450=LINE('',#7052,#862);
#451=LINE('',#7054,#863);
#452=LINE('',#7057,#864);
#453=LINE('',#7058,#865);
#454=LINE('',#7060,#866);
#455=LINE('',#7062,#867);
#456=LINE('',#7064,#868);
#457=LINE('',#7066,#869);
#458=LINE('',#7068,#870);
#459=LINE('',#7070,#871);
#460=LINE('',#7073,#872);
#461=LINE('',#7074,#873);
#462=LINE('',#7076,#874);
#463=LINE('',#7078,#875);
#464=LINE('',#7080,#876);
#465=LINE('',#7082,#877);
#466=LINE('',#7084,#878);
#467=LINE('',#7086,#879);
#468=LINE('',#7089,#880);
#469=LINE('',#7090,#881);
#470=LINE('',#7092,#882);
#471=LINE('',#7094,#883);
#472=LINE('',#7096,#884);
#473=LINE('',#7098,#885);
#474=LINE('',#7100,#886);
#475=LINE('',#7102,#887);
#476=LINE('',#7105,#888);
#477=LINE('',#7106,#889);
#478=LINE('',#7108,#890);
#479=LINE('',#7110,#891);
#480=LINE('',#7112,#892);
#481=LINE('',#7114,#893);
#482=LINE('',#7116,#894);
#483=LINE('',#7118,#895);
#484=LINE('',#7121,#896);
#485=LINE('',#7122,#897);
#486=LINE('',#7124,#898);
#487=LINE('',#7126,#899);
#488=LINE('',#7128,#900);
#489=LINE('',#7130,#901);
#490=LINE('',#7132,#902);
#491=LINE('',#7134,#903);
#492=LINE('',#7137,#904);
#493=LINE('',#7138,#905);
#494=LINE('',#7140,#906);
#495=LINE('',#7142,#907);
#496=LINE('',#7144,#908);
#497=LINE('',#7146,#909);
#498=LINE('',#7148,#910);
#499=LINE('',#7150,#911);
#500=LINE('',#7153,#912);
#501=LINE('',#7154,#913);
#502=LINE('',#7156,#914);
#503=LINE('',#7158,#915);
#504=LINE('',#7160,#916);
#505=LINE('',#7162,#917);
#506=LINE('',#7164,#918);
#507=LINE('',#7166,#919);
#508=LINE('',#7169,#920);
#509=LINE('',#7170,#921);
#510=LINE('',#7172,#922);
#511=LINE('',#7174,#923);
#512=LINE('',#7176,#924);
#513=LINE('',#7178,#925);
#514=LINE('',#7180,#926);
#515=LINE('',#7182,#927);
#516=LINE('',#7189,#928);
#517=LINE('',#7190,#929);
#518=LINE('',#7192,#930);
#519=LINE('',#7194,#931);
#520=LINE('',#7197,#932);
#521=LINE('',#7198,#933);
#522=LINE('',#7200,#934);
#523=LINE('',#7202,#935);
#524=LINE('',#7204,#936);
#525=LINE('',#7206,#937);
#526=LINE('',#7208,#938);
#527=LINE('',#7210,#939);
#528=VECTOR('',#4727,1.);
#529=VECTOR('',#4730,1.);
#530=VECTOR('',#4733,1.);
#531=VECTOR('',#4736,1.);
#532=VECTOR('',#4739,1.);
#533=VECTOR('',#4742,1.);
#534=VECTOR('',#4745,1.);
#535=VECTOR('',#4748,1.);
#536=VECTOR('',#4751,1.);
#537=VECTOR('',#4754,1.);
#538=VECTOR('',#4757,1.);
#539=VECTOR('',#4760,1.);
#540=VECTOR('',#4763,1.);
#541=VECTOR('',#4766,1.);
#542=VECTOR('',#4769,1.);
#543=VECTOR('',#4772,1.);
#544=VECTOR('',#4775,1.);
#545=VECTOR('',#4778,1.);
#546=VECTOR('',#4781,1.);
#547=VECTOR('',#4784,1.);
#548=VECTOR('',#4787,1.);
#549=VECTOR('',#4790,1.);
#550=VECTOR('',#4793,1.);
#551=VECTOR('',#4796,1.);
#552=VECTOR('',#4799,1.);
#553=VECTOR('',#4802,1.);
#554=VECTOR('',#4805,1.);
#555=VECTOR('',#4808,1.);
#556=VECTOR('',#4811,1.);
#557=VECTOR('',#4814,1.);
#558=VECTOR('',#4817,1.);
#559=VECTOR('',#4820,1.);
#560=VECTOR('',#4823,1.);
#561=VECTOR('',#4826,1.);
#562=VECTOR('',#4829,1.);
#563=VECTOR('',#4832,1.);
#564=VECTOR('',#4835,1.);
#565=VECTOR('',#4838,1.);
#566=VECTOR('',#4841,1.);
#567=VECTOR('',#4844,1.);
#568=VECTOR('',#4847,1.);
#569=VECTOR('',#4850,1.);
#570=VECTOR('',#4853,1.);
#571=VECTOR('',#4856,1.);
#572=VECTOR('',#4859,1.);
#573=VECTOR('',#4862,1.);
#574=VECTOR('',#4865,1.);
#575=VECTOR('',#4868,1.);
#576=VECTOR('',#4871,1.);
#577=VECTOR('',#4874,1.);
#578=VECTOR('',#4877,1.);
#579=VECTOR('',#4880,1.);
#580=VECTOR('',#4883,1.);
#581=VECTOR('',#4886,1.);
#582=VECTOR('',#4889,1.);
#583=VECTOR('',#4892,1.);
#584=VECTOR('',#4895,1.);
#585=VECTOR('',#4898,1.);
#586=VECTOR('',#4901,1.);
#587=VECTOR('',#4904,1.);
#588=VECTOR('',#4907,1.);
#589=VECTOR('',#4910,1.);
#590=VECTOR('',#4913,1.);
#591=VECTOR('',#4916,1.);
#592=VECTOR('',#4919,1.);
#593=VECTOR('',#4922,1.);
#594=VECTOR('',#4925,1.);
#595=VECTOR('',#4928,1.);
#596=VECTOR('',#4931,1.);
#597=VECTOR('',#4934,1.);
#598=VECTOR('',#4937,1.);
#599=VECTOR('',#4940,1.);
#600=VECTOR('',#4943,1.);
#601=VECTOR('',#4946,1.);
#602=VECTOR('',#4949,1.);
#603=VECTOR('',#4952,1.);
#604=VECTOR('',#4955,1.);
#605=VECTOR('',#4958,1.);
#606=VECTOR('',#4961,1.);
#607=VECTOR('',#4964,1.);
#608=VECTOR('',#4967,1.);
#609=VECTOR('',#4970,1.);
#610=VECTOR('',#4973,1.);
#611=VECTOR('',#4976,1.);
#612=VECTOR('',#4979,1.);
#613=VECTOR('',#4982,1.);
#614=VECTOR('',#4985,1.);
#615=VECTOR('',#4988,1.);
#616=VECTOR('',#4991,1.);
#617=VECTOR('',#4994,1.);
#618=VECTOR('',#4997,1.);
#619=VECTOR('',#5000,1.);
#620=VECTOR('',#5003,1.);
#621=VECTOR('',#5006,1.);
#622=VECTOR('',#5009,1.);
#623=VECTOR('',#5012,1.);
#624=VECTOR('',#5015,1.);
#625=VECTOR('',#5016,1.);
#626=VECTOR('',#5017,1.);
#627=VECTOR('',#5018,1.);
#628=VECTOR('',#5021,1.);
#629=VECTOR('',#5024,1.);
#630=VECTOR('',#5027,1.);
#631=VECTOR('',#5030,1.);
#632=VECTOR('',#5033,1.);
#633=VECTOR('',#5034,1.);
#634=VECTOR('',#5035,1.);
#635=VECTOR('',#5036,1.);
#636=VECTOR('',#5047,1.);
#637=VECTOR('',#5050,1.);
#638=VECTOR('',#5053,1.);
#639=VECTOR('',#5056,1.);
#640=VECTOR('',#5059,1.);
#641=VECTOR('',#5062,1.);
#642=VECTOR('',#5065,1.);
#643=VECTOR('',#5068,1.);
#644=VECTOR('',#5071,1.);
#645=VECTOR('',#5074,1.);
#646=VECTOR('',#5077,1.);
#647=VECTOR('',#5080,1.);
#648=VECTOR('',#5083,1.);
#649=VECTOR('',#5086,1.);
#650=VECTOR('',#5089,1.);
#651=VECTOR('',#5092,1.);
#652=VECTOR('',#5095,1.);
#653=VECTOR('',#5098,1.);
#654=VECTOR('',#5101,1.);
#655=VECTOR('',#5104,1.);
#656=VECTOR('',#5105,1.);
#657=VECTOR('',#5108,1.);
#658=VECTOR('',#5111,1.);
#659=VECTOR('',#5114,1.);
#660=VECTOR('',#5119,1.);
#661=VECTOR('',#5122,1.);
#662=VECTOR('',#5125,1.);
#663=VECTOR('',#5128,1.);
#664=VECTOR('',#5131,1.);
#665=VECTOR('',#5134,1.);
#666=VECTOR('',#5137,1.);
#667=VECTOR('',#5140,1.);
#668=VECTOR('',#5143,1.);
#669=VECTOR('',#5146,1.);
#670=VECTOR('',#5149,1.);
#671=VECTOR('',#5152,1.);
#672=VECTOR('',#5155,1.);
#673=VECTOR('',#5158,1.);
#674=VECTOR('',#5161,1.);
#675=VECTOR('',#5164,1.);
#676=VECTOR('',#5167,1.);
#677=VECTOR('',#5170,1.);
#678=VECTOR('',#5173,1.);
#679=VECTOR('',#5176,1.);
#680=VECTOR('',#5179,1.);
#681=VECTOR('',#5182,1.);
#682=VECTOR('',#5185,1.);
#683=VECTOR('',#5188,1.);
#684=VECTOR('',#5191,1.);
#685=VECTOR('',#5194,1.);
#686=VECTOR('',#5197,1.);
#687=VECTOR('',#5200,1.);
#688=VECTOR('',#5203,1.);
#689=VECTOR('',#5206,1.);
#690=VECTOR('',#5209,1.);
#691=VECTOR('',#5212,1.);
#692=VECTOR('',#5215,1.);
#693=VECTOR('',#5218,1.);
#694=VECTOR('',#5221,1.);
#695=VECTOR('',#5224,1.);
#696=VECTOR('',#5227,1.);
#697=VECTOR('',#5230,1.);
#698=VECTOR('',#5233,1.);
#699=VECTOR('',#5236,1.);
#700=VECTOR('',#5239,1.);
#701=VECTOR('',#5242,1.);
#702=VECTOR('',#5245,1.);
#703=VECTOR('',#5248,1.);
#704=VECTOR('',#5251,1.);
#705=VECTOR('',#5254,1.);
#706=VECTOR('',#5257,1.);
#707=VECTOR('',#5260,1.);
#708=VECTOR('',#5263,1.);
#709=VECTOR('',#5266,1.);
#710=VECTOR('',#5269,1.);
#711=VECTOR('',#5272,1.);
#712=VECTOR('',#5275,1.);
#713=VECTOR('',#5278,1.);
#714=VECTOR('',#5281,1.);
#715=VECTOR('',#5284,1.);
#716=VECTOR('',#5287,1.);
#717=VECTOR('',#5290,1.);
#718=VECTOR('',#5293,1.);
#719=VECTOR('',#5296,1.);
#720=VECTOR('',#5299,1.);
#721=VECTOR('',#5302,1.);
#722=VECTOR('',#5305,1.);
#723=VECTOR('',#5308,1.);
#724=VECTOR('',#5311,1.);
#725=VECTOR('',#5314,1.);
#726=VECTOR('',#5317,1.);
#727=VECTOR('',#5320,1.);
#728=VECTOR('',#5323,1.);
#729=VECTOR('',#5326,1.);
#730=VECTOR('',#5329,1.);
#731=VECTOR('',#5332,1.);
#732=VECTOR('',#5333,1.);
#733=VECTOR('',#5336,1.);
#734=VECTOR('',#5339,1.);
#735=VECTOR('',#5342,1.);
#736=VECTOR('',#5347,1.);
#737=VECTOR('',#5348,1.);
#738=VECTOR('',#5351,1.);
#739=VECTOR('',#5354,1.);
#740=VECTOR('',#5357,1.);
#741=VECTOR('',#5360,1.);
#742=VECTOR('',#5363,1.);
#743=VECTOR('',#5366,1.);
#744=VECTOR('',#5371,1.);
#745=VECTOR('',#5372,1.);
#746=VECTOR('',#5375,1.);
#747=VECTOR('',#5378,1.);
#748=VECTOR('',#5381,1.);
#749=VECTOR('',#5384,1.);
#750=VECTOR('',#5387,1.);
#751=VECTOR('',#5390,1.);
#752=VECTOR('',#5395,1.);
#753=VECTOR('',#5396,1.);
#754=VECTOR('',#5399,1.);
#755=VECTOR('',#5402,1.);
#756=VECTOR('',#5405,1.);
#757=VECTOR('',#5408,1.);
#758=VECTOR('',#5411,1.);
#759=VECTOR('',#5414,1.);
#760=VECTOR('',#5419,1.);
#761=VECTOR('',#5420,1.);
#762=VECTOR('',#5423,1.);
#763=VECTOR('',#5426,1.);
#764=VECTOR('',#5429,1.);
#765=VECTOR('',#5432,1.);
#766=VECTOR('',#5435,1.);
#767=VECTOR('',#5438,1.);
#768=VECTOR('',#5443,1.);
#769=VECTOR('',#5444,1.);
#770=VECTOR('',#5447,1.);
#771=VECTOR('',#5450,1.);
#772=VECTOR('',#5453,1.);
#773=VECTOR('',#5456,1.);
#774=VECTOR('',#5459,1.);
#775=VECTOR('',#5462,1.);
#776=VECTOR('',#5467,1.);
#777=VECTOR('',#5468,1.);
#778=VECTOR('',#5471,1.);
#779=VECTOR('',#5474,1.);
#780=VECTOR('',#5477,1.);
#781=VECTOR('',#5480,1.);
#782=VECTOR('',#5483,1.);
#783=VECTOR('',#5486,1.);
#784=VECTOR('',#5491,1.);
#785=VECTOR('',#5492,1.);
#786=VECTOR('',#5495,1.);
#787=VECTOR('',#5498,1.);
#788=VECTOR('',#5501,1.);
#789=VECTOR('',#5504,1.);
#790=VECTOR('',#5507,1.);
#791=VECTOR('',#5510,1.);
#792=VECTOR('',#5515,1.);
#793=VECTOR('',#5516,1.);
#794=VECTOR('',#5519,1.);
#795=VECTOR('',#5522,1.);
#796=VECTOR('',#5525,1.);
#797=VECTOR('',#5528,1.);
#798=VECTOR('',#5531,1.);
#799=VECTOR('',#5534,1.);
#800=VECTOR('',#5539,1.);
#801=VECTOR('',#5540,1.);
#802=VECTOR('',#5543,1.);
#803=VECTOR('',#5546,1.);
#804=VECTOR('',#5549,1.);
#805=VECTOR('',#5552,1.);
#806=VECTOR('',#5555,1.);
#807=VECTOR('',#5558,1.);
#808=VECTOR('',#5563,1.);
#809=VECTOR('',#5564,1.);
#810=VECTOR('',#5567,1.);
#811=VECTOR('',#5570,1.);
#812=VECTOR('',#5573,1.);
#813=VECTOR('',#5576,1.);
#814=VECTOR('',#5579,1.);
#815=VECTOR('',#5582,1.);
#816=VECTOR('',#5587,1.);
#817=VECTOR('',#5588,1.);
#818=VECTOR('',#5591,1.);
#819=VECTOR('',#5594,1.);
#820=VECTOR('',#5597,1.);
#821=VECTOR('',#5600,1.);
#822=VECTOR('',#5603,1.);
#823=VECTOR('',#5606,1.);
#824=VECTOR('',#5611,1.);
#825=VECTOR('',#5612,1.);
#826=VECTOR('',#5615,1.);
#827=VECTOR('',#5618,1.);
#828=VECTOR('',#5621,1.);
#829=VECTOR('',#5624,1.);
#830=VECTOR('',#5627,1.);
#831=VECTOR('',#5630,1.);
#832=VECTOR('',#5635,1.);
#833=VECTOR('',#5636,1.);
#834=VECTOR('',#5639,1.);
#835=VECTOR('',#5642,1.);
#836=VECTOR('',#5645,1.);
#837=VECTOR('',#5648,1.);
#838=VECTOR('',#5651,1.);
#839=VECTOR('',#5654,1.);
#840=VECTOR('',#5659,1.);
#841=VECTOR('',#5660,1.);
#842=VECTOR('',#5663,1.);
#843=VECTOR('',#5666,1.);
#844=VECTOR('',#5669,1.);
#845=VECTOR('',#5672,1.);
#846=VECTOR('',#5675,1.);
#847=VECTOR('',#5678,1.);
#848=VECTOR('',#5683,1.);
#849=VECTOR('',#5684,1.);
#850=VECTOR('',#5687,1.);
#851=VECTOR('',#5690,1.);
#852=VECTOR('',#5693,1.);
#853=VECTOR('',#5696,1.);
#854=VECTOR('',#5699,1.);
#855=VECTOR('',#5702,1.);
#856=VECTOR('',#5707,1.);
#857=VECTOR('',#5708,1.);
#858=VECTOR('',#5711,1.);
#859=VECTOR('',#5714,1.);
#860=VECTOR('',#5717,1.);
#861=VECTOR('',#5720,1.);
#862=VECTOR('',#5723,1.);
#863=VECTOR('',#5726,1.);
#864=VECTOR('',#5731,1.);
#865=VECTOR('',#5732,1.);
#866=VECTOR('',#5735,1.);
#867=VECTOR('',#5738,1.);
#868=VECTOR('',#5741,1.);
#869=VECTOR('',#5744,1.);
#870=VECTOR('',#5747,1.);
#871=VECTOR('',#5750,1.);
#872=VECTOR('',#5755,1.);
#873=VECTOR('',#5756,1.);
#874=VECTOR('',#5759,1.);
#875=VECTOR('',#5762,1.);
#876=VECTOR('',#5765,1.);
#877=VECTOR('',#5768,1.);
#878=VECTOR('',#5771,1.);
#879=VECTOR('',#5774,1.);
#880=VECTOR('',#5779,1.);
#881=VECTOR('',#5780,1.);
#882=VECTOR('',#5783,1.);
#883=VECTOR('',#5786,1.);
#884=VECTOR('',#5789,1.);
#885=VECTOR('',#5792,1.);
#886=VECTOR('',#5795,1.);
#887=VECTOR('',#5798,1.);
#888=VECTOR('',#5803,1.);
#889=VECTOR('',#5804,1.);
#890=VECTOR('',#5807,1.);
#891=VECTOR('',#5810,1.);
#892=VECTOR('',#5813,1.);
#893=VECTOR('',#5816,1.);
#894=VECTOR('',#5819,1.);
#895=VECTOR('',#5822,1.);
#896=VECTOR('',#5827,1.);
#897=VECTOR('',#5828,1.);
#898=VECTOR('',#5831,1.);
#899=VECTOR('',#5834,1.);
#900=VECTOR('',#5837,1.);
#901=VECTOR('',#5840,1.);
#902=VECTOR('',#5843,1.);
#903=VECTOR('',#5846,1.);
#904=VECTOR('',#5851,1.);
#905=VECTOR('',#5852,1.);
#906=VECTOR('',#5855,1.);
#907=VECTOR('',#5858,1.);
#908=VECTOR('',#5861,1.);
#909=VECTOR('',#5864,1.);
#910=VECTOR('',#5867,1.);
#911=VECTOR('',#5870,1.);
#912=VECTOR('',#5875,1.);
#913=VECTOR('',#5876,1.);
#914=VECTOR('',#5879,1.);
#915=VECTOR('',#5882,1.);
#916=VECTOR('',#5885,1.);
#917=VECTOR('',#5888,1.);
#918=VECTOR('',#5891,1.);
#919=VECTOR('',#5894,1.);
#920=VECTOR('',#5899,1.);
#921=VECTOR('',#5900,1.);
#922=VECTOR('',#5903,1.);
#923=VECTOR('',#5906,1.);
#924=VECTOR('',#5909,1.);
#925=VECTOR('',#5912,1.);
#926=VECTOR('',#5915,1.);
#927=VECTOR('',#5918,1.);
#928=VECTOR('',#5931,1.);
#929=VECTOR('',#5932,1.);
#930=VECTOR('',#5935,1.);
#931=VECTOR('',#5938,1.);
#932=VECTOR('',#5943,1.);
#933=VECTOR('',#5944,1.);
#934=VECTOR('',#5947,1.);
#935=VECTOR('',#5950,1.);
#936=VECTOR('',#5953,1.);
#937=VECTOR('',#5956,1.);
#938=VECTOR('',#5959,1.);
#939=VECTOR('',#5962,1.);
#940=ORIENTED_EDGE('',*,*,#2180,.F.);
#941=ORIENTED_EDGE('',*,*,#2181,.F.);
#942=ORIENTED_EDGE('',*,*,#2182,.F.);
#943=ORIENTED_EDGE('',*,*,#2183,.F.);
#944=ORIENTED_EDGE('',*,*,#2184,.T.);
#945=ORIENTED_EDGE('',*,*,#2185,.F.);
#946=ORIENTED_EDGE('',*,*,#2186,.T.);
#947=ORIENTED_EDGE('',*,*,#2187,.F.);
#948=ORIENTED_EDGE('',*,*,#2188,.F.);
#949=ORIENTED_EDGE('',*,*,#2189,.F.);
#950=ORIENTED_EDGE('',*,*,#2190,.F.);
#951=ORIENTED_EDGE('',*,*,#2191,.F.);
#952=ORIENTED_EDGE('',*,*,#2192,.T.);
#953=ORIENTED_EDGE('',*,*,#2193,.F.);
#954=ORIENTED_EDGE('',*,*,#2194,.T.);
#955=ORIENTED_EDGE('',*,*,#2195,.F.);
#956=ORIENTED_EDGE('',*,*,#2196,.F.);
#957=ORIENTED_EDGE('',*,*,#2197,.F.);
#958=ORIENTED_EDGE('',*,*,#2198,.F.);
#959=ORIENTED_EDGE('',*,*,#2199,.F.);
#960=ORIENTED_EDGE('',*,*,#2200,.T.);
#961=ORIENTED_EDGE('',*,*,#2201,.F.);
#962=ORIENTED_EDGE('',*,*,#2202,.T.);
#963=ORIENTED_EDGE('',*,*,#2203,.F.);
#964=ORIENTED_EDGE('',*,*,#2204,.F.);
#965=ORIENTED_EDGE('',*,*,#2205,.F.);
#966=ORIENTED_EDGE('',*,*,#2206,.F.);
#967=ORIENTED_EDGE('',*,*,#2207,.F.);
#968=ORIENTED_EDGE('',*,*,#2208,.T.);
#969=ORIENTED_EDGE('',*,*,#2209,.F.);
#970=ORIENTED_EDGE('',*,*,#2210,.T.);
#971=ORIENTED_EDGE('',*,*,#2211,.F.);
#972=ORIENTED_EDGE('',*,*,#2212,.F.);
#973=ORIENTED_EDGE('',*,*,#2213,.F.);
#974=ORIENTED_EDGE('',*,*,#2214,.F.);
#975=ORIENTED_EDGE('',*,*,#2215,.F.);
#976=ORIENTED_EDGE('',*,*,#2216,.F.);
#977=ORIENTED_EDGE('',*,*,#2217,.F.);
#978=ORIENTED_EDGE('',*,*,#2218,.T.);
#979=ORIENTED_EDGE('',*,*,#2219,.F.);
#980=ORIENTED_EDGE('',*,*,#2220,.T.);
#981=ORIENTED_EDGE('',*,*,#2221,.F.);
#982=ORIENTED_EDGE('',*,*,#2222,.F.);
#983=ORIENTED_EDGE('',*,*,#2223,.F.);
#984=ORIENTED_EDGE('',*,*,#2224,.F.);
#985=ORIENTED_EDGE('',*,*,#2225,.F.);
#986=ORIENTED_EDGE('',*,*,#2226,.T.);
#987=ORIENTED_EDGE('',*,*,#2227,.F.);
#988=ORIENTED_EDGE('',*,*,#2228,.T.);
#989=ORIENTED_EDGE('',*,*,#2229,.F.);
#990=ORIENTED_EDGE('',*,*,#2230,.F.);
#991=ORIENTED_EDGE('',*,*,#2231,.F.);
#992=ORIENTED_EDGE('',*,*,#2232,.F.);
#993=ORIENTED_EDGE('',*,*,#2233,.F.);
#994=ORIENTED_EDGE('',*,*,#2234,.T.);
#995=ORIENTED_EDGE('',*,*,#2235,.F.);
#996=ORIENTED_EDGE('',*,*,#2236,.T.);
#997=ORIENTED_EDGE('',*,*,#2237,.F.);
#998=ORIENTED_EDGE('',*,*,#2238,.F.);
#999=ORIENTED_EDGE('',*,*,#2239,.F.);
#1000=ORIENTED_EDGE('',*,*,#2240,.T.);
#1001=ORIENTED_EDGE('',*,*,#2241,.F.);
#1002=ORIENTED_EDGE('',*,*,#2242,.T.);
#1003=ORIENTED_EDGE('',*,*,#2243,.F.);
#1004=ORIENTED_EDGE('',*,*,#2244,.F.);
#1005=ORIENTED_EDGE('',*,*,#2245,.F.);
#1006=ORIENTED_EDGE('',*,*,#2246,.F.);
#1007=ORIENTED_EDGE('',*,*,#2247,.F.);
#1008=ORIENTED_EDGE('',*,*,#2248,.F.);
#1009=ORIENTED_EDGE('',*,*,#2249,.F.);
#1010=ORIENTED_EDGE('',*,*,#2250,.F.);
#1011=ORIENTED_EDGE('',*,*,#2251,.F.);
#1012=ORIENTED_EDGE('',*,*,#2252,.T.);
#1013=ORIENTED_EDGE('',*,*,#2253,.F.);
#1014=ORIENTED_EDGE('',*,*,#2254,.T.);
#1015=ORIENTED_EDGE('',*,*,#2255,.F.);
#1016=ORIENTED_EDGE('',*,*,#2256,.T.);
#1017=ORIENTED_EDGE('',*,*,#2257,.F.);
#1018=ORIENTED_EDGE('',*,*,#2258,.T.);
#1019=ORIENTED_EDGE('',*,*,#2259,.F.);
#1020=ORIENTED_EDGE('',*,*,#2260,.F.);
#1021=ORIENTED_EDGE('',*,*,#2261,.F.);
#1022=ORIENTED_EDGE('',*,*,#2262,.F.);
#1023=ORIENTED_EDGE('',*,*,#2263,.F.);
#1024=ORIENTED_EDGE('',*,*,#2264,.T.);
#1025=ORIENTED_EDGE('',*,*,#2265,.F.);
#1026=ORIENTED_EDGE('',*,*,#2266,.T.);
#1027=ORIENTED_EDGE('',*,*,#2267,.F.);
#1028=ORIENTED_EDGE('',*,*,#2268,.F.);
#1029=ORIENTED_EDGE('',*,*,#2269,.F.);
#1030=ORIENTED_EDGE('',*,*,#2270,.F.);
#1031=ORIENTED_EDGE('',*,*,#2271,.F.);
#1032=ORIENTED_EDGE('',*,*,#2272,.T.);
#1033=ORIENTED_EDGE('',*,*,#2273,.F.);
#1034=ORIENTED_EDGE('',*,*,#2274,.T.);
#1035=ORIENTED_EDGE('',*,*,#2275,.F.);
#1036=ORIENTED_EDGE('',*,*,#2276,.F.);
#1037=ORIENTED_EDGE('',*,*,#2277,.F.);
#1038=ORIENTED_EDGE('',*,*,#2278,.F.);
#1039=ORIENTED_EDGE('',*,*,#2279,.F.);
#1040=ORIENTED_EDGE('',*,*,#2280,.T.);
#1041=ORIENTED_EDGE('',*,*,#2281,.F.);
#1042=ORIENTED_EDGE('',*,*,#2282,.F.);
#1043=ORIENTED_EDGE('',*,*,#2283,.F.);
#1044=ORIENTED_EDGE('',*,*,#2284,.F.);
#1045=ORIENTED_EDGE('',*,*,#2285,.F.);
#1046=ORIENTED_EDGE('',*,*,#2286,.T.);
#1047=ORIENTED_EDGE('',*,*,#2287,.F.);
#1048=ORIENTED_EDGE('',*,*,#2288,.T.);
#1049=ORIENTED_EDGE('',*,*,#2289,.T.);
#1050=ORIENTED_EDGE('',*,*,#2290,.F.);
#1051=ORIENTED_EDGE('',*,*,#2291,.T.);
#1052=ORIENTED_EDGE('',*,*,#2292,.F.);
#1053=ORIENTED_EDGE('',*,*,#2293,.T.);
#1054=ORIENTED_EDGE('',*,*,#2294,.T.);
#1055=ORIENTED_EDGE('',*,*,#2295,.T.);
#1056=ORIENTED_EDGE('',*,*,#2296,.T.);
#1057=ORIENTED_EDGE('',*,*,#2297,.F.);
#1058=ORIENTED_EDGE('',*,*,#2298,.T.);
#1059=ORIENTED_EDGE('',*,*,#2299,.F.);
#1060=ORIENTED_EDGE('',*,*,#2300,.F.);
#1061=ORIENTED_EDGE('',*,*,#2301,.F.);
#1062=ORIENTED_EDGE('',*,*,#2302,.F.);
#1063=ORIENTED_EDGE('',*,*,#2303,.F.);
#1064=ORIENTED_EDGE('',*,*,#2304,.T.);
#1065=ORIENTED_EDGE('',*,*,#2305,.F.);
#1066=ORIENTED_EDGE('',*,*,#2306,.T.);
#1067=ORIENTED_EDGE('',*,*,#2307,.F.);
#1068=ORIENTED_EDGE('',*,*,#2308,.F.);
#1069=ORIENTED_EDGE('',*,*,#2309,.F.);
#1070=ORIENTED_EDGE('',*,*,#2310,.F.);
#1071=ORIENTED_EDGE('',*,*,#2311,.F.);
#1072=ORIENTED_EDGE('',*,*,#2312,.T.);
#1073=ORIENTED_EDGE('',*,*,#2313,.F.);
#1074=ORIENTED_EDGE('',*,*,#2314,.T.);
#1075=ORIENTED_EDGE('',*,*,#2315,.F.);
#1076=ORIENTED_EDGE('',*,*,#2316,.F.);
#1077=ORIENTED_EDGE('',*,*,#2317,.F.);
#1078=ORIENTED_EDGE('',*,*,#2318,.F.);
#1079=ORIENTED_EDGE('',*,*,#2319,.F.);
#1080=ORIENTED_EDGE('',*,*,#2320,.T.);
#1081=ORIENTED_EDGE('',*,*,#2321,.F.);
#1082=ORIENTED_EDGE('',*,*,#2322,.T.);
#1083=ORIENTED_EDGE('',*,*,#2323,.F.);
#1084=ORIENTED_EDGE('',*,*,#2324,.F.);
#1085=ORIENTED_EDGE('',*,*,#2325,.F.);
#1086=ORIENTED_EDGE('',*,*,#2326,.F.);
#1087=ORIENTED_EDGE('',*,*,#2327,.F.);
#1088=ORIENTED_EDGE('',*,*,#2328,.F.);
#1089=ORIENTED_EDGE('',*,*,#2329,.F.);
#1090=ORIENTED_EDGE('',*,*,#2330,.F.);
#1091=ORIENTED_EDGE('',*,*,#2331,.F.);
#1092=ORIENTED_EDGE('',*,*,#2332,.T.);
#1093=ORIENTED_EDGE('',*,*,#2333,.F.);
#1094=ORIENTED_EDGE('',*,*,#2334,.T.);
#1095=ORIENTED_EDGE('',*,*,#2335,.F.);
#1096=ORIENTED_EDGE('',*,*,#2336,.T.);
#1097=ORIENTED_EDGE('',*,*,#2337,.F.);
#1098=ORIENTED_EDGE('',*,*,#2338,.T.);
#1099=ORIENTED_EDGE('',*,*,#2339,.F.);
#1100=ORIENTED_EDGE('',*,*,#2340,.F.);
#1101=ORIENTED_EDGE('',*,*,#2341,.F.);
#1102=ORIENTED_EDGE('',*,*,#2342,.F.);
#1103=ORIENTED_EDGE('',*,*,#2343,.F.);
#1104=ORIENTED_EDGE('',*,*,#2344,.T.);
#1105=ORIENTED_EDGE('',*,*,#2345,.F.);
#1106=ORIENTED_EDGE('',*,*,#2346,.T.);
#1107=ORIENTED_EDGE('',*,*,#2347,.F.);
#1108=ORIENTED_EDGE('',*,*,#2348,.F.);
#1109=ORIENTED_EDGE('',*,*,#2349,.F.);
#1110=ORIENTED_EDGE('',*,*,#2350,.F.);
#1111=ORIENTED_EDGE('',*,*,#2351,.F.);
#1112=ORIENTED_EDGE('',*,*,#2352,.T.);
#1113=ORIENTED_EDGE('',*,*,#2353,.F.);
#1114=ORIENTED_EDGE('',*,*,#2354,.T.);
#1115=ORIENTED_EDGE('',*,*,#2355,.F.);
#1116=ORIENTED_EDGE('',*,*,#2356,.F.);
#1117=ORIENTED_EDGE('',*,*,#2357,.F.);
#1118=ORIENTED_EDGE('',*,*,#2358,.F.);
#1119=ORIENTED_EDGE('',*,*,#2359,.F.);
#1120=ORIENTED_EDGE('',*,*,#2360,.T.);
#1121=ORIENTED_EDGE('',*,*,#2361,.F.);
#1122=ORIENTED_EDGE('',*,*,#2362,.T.);
#1123=ORIENTED_EDGE('',*,*,#2363,.F.);
#1124=ORIENTED_EDGE('',*,*,#2364,.F.);
#1125=ORIENTED_EDGE('',*,*,#2365,.F.);
#1126=ORIENTED_EDGE('',*,*,#2366,.F.);
#1127=ORIENTED_EDGE('',*,*,#2367,.F.);
#1128=ORIENTED_EDGE('',*,*,#2368,.T.);
#1129=ORIENTED_EDGE('',*,*,#2369,.F.);
#1130=ORIENTED_EDGE('',*,*,#2370,.T.);
#1131=ORIENTED_EDGE('',*,*,#2371,.F.);
#1132=ORIENTED_EDGE('',*,*,#2372,.F.);
#1133=ORIENTED_EDGE('',*,*,#2373,.F.);
#1134=ORIENTED_EDGE('',*,*,#2374,.F.);
#1135=ORIENTED_EDGE('',*,*,#2375,.F.);
#1136=ORIENTED_EDGE('',*,*,#2376,.F.);
#1137=ORIENTED_EDGE('',*,*,#2377,.T.);
#1138=ORIENTED_EDGE('',*,*,#2378,.T.);
#1139=ORIENTED_EDGE('',*,*,#2379,.F.);
#1140=ORIENTED_EDGE('',*,*,#2380,.F.);
#1141=ORIENTED_EDGE('',*,*,#2381,.T.);
#1142=ORIENTED_EDGE('',*,*,#2382,.F.);
#1143=ORIENTED_EDGE('',*,*,#2383,.T.);
#1144=ORIENTED_EDGE('',*,*,#2384,.F.);
#1145=ORIENTED_EDGE('',*,*,#2385,.F.);
#1146=ORIENTED_EDGE('',*,*,#2386,.F.);
#1147=ORIENTED_EDGE('',*,*,#2387,.F.);
#1148=ORIENTED_EDGE('',*,*,#2388,.F.);
#1149=ORIENTED_EDGE('',*,*,#2389,.T.);
#1150=ORIENTED_EDGE('',*,*,#2390,.T.);
#1151=ORIENTED_EDGE('',*,*,#2391,.F.);
#1152=ORIENTED_EDGE('',*,*,#2392,.T.);
#1153=ORIENTED_EDGE('',*,*,#2393,.T.);
#1154=ORIENTED_EDGE('',*,*,#2394,.T.);
#1155=ORIENTED_EDGE('',*,*,#2395,.T.);
#1156=ORIENTED_EDGE('',*,*,#2396,.T.);
#1157=ORIENTED_EDGE('',*,*,#2397,.T.);
#1158=ORIENTED_EDGE('',*,*,#2398,.T.);
#1159=ORIENTED_EDGE('',*,*,#2399,.T.);
#1160=ORIENTED_EDGE('',*,*,#2400,.T.);
#1161=ORIENTED_EDGE('',*,*,#2401,.F.);
#1162=ORIENTED_EDGE('',*,*,#2402,.T.);
#1163=ORIENTED_EDGE('',*,*,#2403,.F.);
#1164=ORIENTED_EDGE('',*,*,#2404,.T.);
#1165=ORIENTED_EDGE('',*,*,#2405,.T.);
#1166=ORIENTED_EDGE('',*,*,#2406,.T.);
#1167=ORIENTED_EDGE('',*,*,#2407,.T.);
#1168=ORIENTED_EDGE('',*,*,#2408,.T.);
#1169=ORIENTED_EDGE('',*,*,#2409,.F.);
#1170=ORIENTED_EDGE('',*,*,#2410,.T.);
#1171=ORIENTED_EDGE('',*,*,#2411,.F.);
#1172=ORIENTED_EDGE('',*,*,#2412,.T.);
#1173=ORIENTED_EDGE('',*,*,#2413,.T.);
#1174=ORIENTED_EDGE('',*,*,#2414,.T.);
#1175=ORIENTED_EDGE('',*,*,#2415,.T.);
#1176=ORIENTED_EDGE('',*,*,#2416,.T.);
#1177=ORIENTED_EDGE('',*,*,#2417,.F.);
#1178=ORIENTED_EDGE('',*,*,#2418,.T.);
#1179=ORIENTED_EDGE('',*,*,#2419,.F.);
#1180=ORIENTED_EDGE('',*,*,#2420,.T.);
#1181=ORIENTED_EDGE('',*,*,#2421,.T.);
#1182=ORIENTED_EDGE('',*,*,#2422,.T.);
#1183=ORIENTED_EDGE('',*,*,#2423,.F.);
#1184=ORIENTED_EDGE('',*,*,#2424,.T.);
#1185=ORIENTED_EDGE('',*,*,#2425,.F.);
#1186=ORIENTED_EDGE('',*,*,#2426,.T.);
#1187=ORIENTED_EDGE('',*,*,#2427,.T.);
#1188=ORIENTED_EDGE('',*,*,#2428,.T.);
#1189=ORIENTED_EDGE('',*,*,#2429,.T.);
#1190=ORIENTED_EDGE('',*,*,#2430,.T.);
#1191=ORIENTED_EDGE('',*,*,#2431,.F.);
#1192=ORIENTED_EDGE('',*,*,#2432,.T.);
#1193=ORIENTED_EDGE('',*,*,#2433,.F.);
#1194=ORIENTED_EDGE('',*,*,#2434,.T.);
#1195=ORIENTED_EDGE('',*,*,#2435,.T.);
#1196=ORIENTED_EDGE('',*,*,#2436,.F.);
#1197=ORIENTED_EDGE('',*,*,#2437,.F.);
#1198=ORIENTED_EDGE('',*,*,#2438,.F.);
#1199=ORIENTED_EDGE('',*,*,#2439,.F.);
#1200=ORIENTED_EDGE('',*,*,#2440,.T.);
#1201=ORIENTED_EDGE('',*,*,#2441,.F.);
#1202=ORIENTED_EDGE('',*,*,#2442,.T.);
#1203=ORIENTED_EDGE('',*,*,#2443,.F.);
#1204=ORIENTED_EDGE('',*,*,#2444,.T.);
#1205=ORIENTED_EDGE('',*,*,#2445,.F.);
#1206=ORIENTED_EDGE('',*,*,#2446,.T.);
#1207=ORIENTED_EDGE('',*,*,#2447,.F.);
#1208=ORIENTED_EDGE('',*,*,#2448,.T.);
#1209=ORIENTED_EDGE('',*,*,#2449,.T.);
#1210=ORIENTED_EDGE('',*,*,#2450,.T.);
#1211=ORIENTED_EDGE('',*,*,#2451,.T.);
#1212=ORIENTED_EDGE('',*,*,#2452,.T.);
#1213=ORIENTED_EDGE('',*,*,#2453,.F.);
#1214=ORIENTED_EDGE('',*,*,#2454,.T.);
#1215=ORIENTED_EDGE('',*,*,#2455,.T.);
#1216=ORIENTED_EDGE('',*,*,#2456,.T.);
#1217=ORIENTED_EDGE('',*,*,#2457,.T.);
#1218=ORIENTED_EDGE('',*,*,#2458,.T.);
#1219=ORIENTED_EDGE('',*,*,#2459,.F.);
#1220=ORIENTED_EDGE('',*,*,#2460,.T.);
#1221=ORIENTED_EDGE('',*,*,#2461,.F.);
#1222=ORIENTED_EDGE('',*,*,#2462,.T.);
#1223=ORIENTED_EDGE('',*,*,#2463,.T.);
#1224=ORIENTED_EDGE('',*,*,#2464,.T.);
#1225=ORIENTED_EDGE('',*,*,#2465,.T.);
#1226=ORIENTED_EDGE('',*,*,#2466,.T.);
#1227=ORIENTED_EDGE('',*,*,#2467,.F.);
#1228=ORIENTED_EDGE('',*,*,#2468,.T.);
#1229=ORIENTED_EDGE('',*,*,#2469,.F.);
#1230=ORIENTED_EDGE('',*,*,#2470,.T.);
#1231=ORIENTED_EDGE('',*,*,#2471,.T.);
#1232=ORIENTED_EDGE('',*,*,#2472,.T.);
#1233=ORIENTED_EDGE('',*,*,#2473,.T.);
#1234=ORIENTED_EDGE('',*,*,#2474,.T.);
#1235=ORIENTED_EDGE('',*,*,#2475,.F.);
#1236=ORIENTED_EDGE('',*,*,#2476,.T.);
#1237=ORIENTED_EDGE('',*,*,#2477,.F.);
#1238=ORIENTED_EDGE('',*,*,#2478,.T.);
#1239=ORIENTED_EDGE('',*,*,#2479,.T.);
#1240=ORIENTED_EDGE('',*,*,#2480,.T.);
#1241=ORIENTED_EDGE('',*,*,#2481,.T.);
#1242=ORIENTED_EDGE('',*,*,#2482,.T.);
#1243=ORIENTED_EDGE('',*,*,#2483,.F.);
#1244=ORIENTED_EDGE('',*,*,#2484,.T.);
#1245=ORIENTED_EDGE('',*,*,#2485,.F.);
#1246=ORIENTED_EDGE('',*,*,#2486,.T.);
#1247=ORIENTED_EDGE('',*,*,#2487,.T.);
#1248=ORIENTED_EDGE('',*,*,#2488,.T.);
#1249=ORIENTED_EDGE('',*,*,#2489,.T.);
#1250=ORIENTED_EDGE('',*,*,#2490,.T.);
#1251=ORIENTED_EDGE('',*,*,#2491,.F.);
#1252=ORIENTED_EDGE('',*,*,#2492,.T.);
#1253=ORIENTED_EDGE('',*,*,#2493,.F.);
#1254=ORIENTED_EDGE('',*,*,#2494,.T.);
#1255=ORIENTED_EDGE('',*,*,#2495,.T.);
#1256=ORIENTED_EDGE('',*,*,#2496,.T.);
#1257=ORIENTED_EDGE('',*,*,#2497,.T.);
#1258=ORIENTED_EDGE('',*,*,#2498,.T.);
#1259=ORIENTED_EDGE('',*,*,#2499,.F.);
#1260=ORIENTED_EDGE('',*,*,#2500,.T.);
#1261=ORIENTED_EDGE('',*,*,#2501,.F.);
#1262=ORIENTED_EDGE('',*,*,#2502,.T.);
#1263=ORIENTED_EDGE('',*,*,#2503,.T.);
#1264=ORIENTED_EDGE('',*,*,#2504,.T.);
#1265=ORIENTED_EDGE('',*,*,#2505,.T.);
#1266=ORIENTED_EDGE('',*,*,#2506,.T.);
#1267=ORIENTED_EDGE('',*,*,#2507,.F.);
#1268=ORIENTED_EDGE('',*,*,#2508,.T.);
#1269=ORIENTED_EDGE('',*,*,#2509,.F.);
#1270=ORIENTED_EDGE('',*,*,#2510,.T.);
#1271=ORIENTED_EDGE('',*,*,#2511,.T.);
#1272=ORIENTED_EDGE('',*,*,#2512,.T.);
#1273=ORIENTED_EDGE('',*,*,#2513,.T.);
#1274=ORIENTED_EDGE('',*,*,#2514,.T.);
#1275=ORIENTED_EDGE('',*,*,#2515,.F.);
#1276=ORIENTED_EDGE('',*,*,#2516,.T.);
#1277=ORIENTED_EDGE('',*,*,#2517,.F.);
#1278=ORIENTED_EDGE('',*,*,#2518,.T.);
#1279=ORIENTED_EDGE('',*,*,#2519,.T.);
#1280=ORIENTED_EDGE('',*,*,#2520,.T.);
#1281=ORIENTED_EDGE('',*,*,#2521,.T.);
#1282=ORIENTED_EDGE('',*,*,#2522,.T.);
#1283=ORIENTED_EDGE('',*,*,#2523,.F.);
#1284=ORIENTED_EDGE('',*,*,#2524,.T.);
#1285=ORIENTED_EDGE('',*,*,#2525,.F.);
#1286=ORIENTED_EDGE('',*,*,#2526,.T.);
#1287=ORIENTED_EDGE('',*,*,#2527,.T.);
#1288=ORIENTED_EDGE('',*,*,#2528,.T.);
#1289=ORIENTED_EDGE('',*,*,#2529,.T.);
#1290=ORIENTED_EDGE('',*,*,#2530,.T.);
#1291=ORIENTED_EDGE('',*,*,#2531,.F.);
#1292=ORIENTED_EDGE('',*,*,#2532,.T.);
#1293=ORIENTED_EDGE('',*,*,#2533,.F.);
#1294=ORIENTED_EDGE('',*,*,#2534,.T.);
#1295=ORIENTED_EDGE('',*,*,#2535,.T.);
#1296=ORIENTED_EDGE('',*,*,#2536,.T.);
#1297=ORIENTED_EDGE('',*,*,#2537,.T.);
#1298=ORIENTED_EDGE('',*,*,#2538,.T.);
#1299=ORIENTED_EDGE('',*,*,#2539,.F.);
#1300=ORIENTED_EDGE('',*,*,#2540,.T.);
#1301=ORIENTED_EDGE('',*,*,#2541,.F.);
#1302=ORIENTED_EDGE('',*,*,#2542,.T.);
#1303=ORIENTED_EDGE('',*,*,#2543,.T.);
#1304=ORIENTED_EDGE('',*,*,#2544,.T.);
#1305=ORIENTED_EDGE('',*,*,#2545,.T.);
#1306=ORIENTED_EDGE('',*,*,#2546,.T.);
#1307=ORIENTED_EDGE('',*,*,#2547,.F.);
#1308=ORIENTED_EDGE('',*,*,#2548,.T.);
#1309=ORIENTED_EDGE('',*,*,#2549,.F.);
#1310=ORIENTED_EDGE('',*,*,#2550,.T.);
#1311=ORIENTED_EDGE('',*,*,#2551,.T.);
#1312=ORIENTED_EDGE('',*,*,#2552,.T.);
#1313=ORIENTED_EDGE('',*,*,#2553,.T.);
#1314=ORIENTED_EDGE('',*,*,#2554,.T.);
#1315=ORIENTED_EDGE('',*,*,#2555,.F.);
#1316=ORIENTED_EDGE('',*,*,#2556,.T.);
#1317=ORIENTED_EDGE('',*,*,#2557,.F.);
#1318=ORIENTED_EDGE('',*,*,#2558,.T.);
#1319=ORIENTED_EDGE('',*,*,#2559,.T.);
#1320=ORIENTED_EDGE('',*,*,#2560,.T.);
#1321=ORIENTED_EDGE('',*,*,#2561,.T.);
#1322=ORIENTED_EDGE('',*,*,#2562,.T.);
#1323=ORIENTED_EDGE('',*,*,#2563,.F.);
#1324=ORIENTED_EDGE('',*,*,#2564,.T.);
#1325=ORIENTED_EDGE('',*,*,#2565,.F.);
#1326=ORIENTED_EDGE('',*,*,#2566,.T.);
#1327=ORIENTED_EDGE('',*,*,#2567,.T.);
#1328=ORIENTED_EDGE('',*,*,#2568,.T.);
#1329=ORIENTED_EDGE('',*,*,#2569,.T.);
#1330=ORIENTED_EDGE('',*,*,#2570,.T.);
#1331=ORIENTED_EDGE('',*,*,#2571,.F.);
#1332=ORIENTED_EDGE('',*,*,#2572,.T.);
#1333=ORIENTED_EDGE('',*,*,#2573,.F.);
#1334=ORIENTED_EDGE('',*,*,#2574,.T.);
#1335=ORIENTED_EDGE('',*,*,#2575,.T.);
#1336=ORIENTED_EDGE('',*,*,#2576,.T.);
#1337=ORIENTED_EDGE('',*,*,#2577,.T.);
#1338=ORIENTED_EDGE('',*,*,#2578,.T.);
#1339=ORIENTED_EDGE('',*,*,#2579,.F.);
#1340=ORIENTED_EDGE('',*,*,#2580,.T.);
#1341=ORIENTED_EDGE('',*,*,#2581,.F.);
#1342=ORIENTED_EDGE('',*,*,#2582,.T.);
#1343=ORIENTED_EDGE('',*,*,#2583,.T.);
#1344=ORIENTED_EDGE('',*,*,#2584,.T.);
#1345=ORIENTED_EDGE('',*,*,#2585,.T.);
#1346=ORIENTED_EDGE('',*,*,#2586,.T.);
#1347=ORIENTED_EDGE('',*,*,#2587,.F.);
#1348=ORIENTED_EDGE('',*,*,#2588,.F.);
#1349=ORIENTED_EDGE('',*,*,#2589,.T.);
#1350=ORIENTED_EDGE('',*,*,#2590,.T.);
#1351=ORIENTED_EDGE('',*,*,#2591,.T.);
#1352=ORIENTED_EDGE('',*,*,#2592,.T.);
#1353=ORIENTED_EDGE('',*,*,#2593,.T.);
#1354=ORIENTED_EDGE('',*,*,#2594,.F.);
#1355=ORIENTED_EDGE('',*,*,#2595,.T.);
#1356=ORIENTED_EDGE('',*,*,#2436,.T.);
#1357=ORIENTED_EDGE('',*,*,#2596,.F.);
#1358=ORIENTED_EDGE('',*,*,#2288,.F.);
#1359=ORIENTED_EDGE('',*,*,#2597,.T.);
#1360=ORIENTED_EDGE('',*,*,#2443,.T.);
#1361=ORIENTED_EDGE('',*,*,#2598,.F.);
#1362=ORIENTED_EDGE('',*,*,#2289,.F.);
#1363=ORIENTED_EDGE('',*,*,#2596,.T.);
#1364=ORIENTED_EDGE('',*,*,#2442,.F.);
#1365=ORIENTED_EDGE('',*,*,#2599,.F.);
#1366=ORIENTED_EDGE('',*,*,#2290,.T.);
#1367=ORIENTED_EDGE('',*,*,#2598,.T.);
#1368=ORIENTED_EDGE('',*,*,#2441,.T.);
#1369=ORIENTED_EDGE('',*,*,#2600,.F.);
#1370=ORIENTED_EDGE('',*,*,#2291,.F.);
#1371=ORIENTED_EDGE('',*,*,#2599,.T.);
#1372=ORIENTED_EDGE('',*,*,#2440,.F.);
#1373=ORIENTED_EDGE('',*,*,#2601,.F.);
#1374=ORIENTED_EDGE('',*,*,#2292,.T.);
#1375=ORIENTED_EDGE('',*,*,#2600,.T.);
#1376=ORIENTED_EDGE('',*,*,#2439,.T.);
#1377=ORIENTED_EDGE('',*,*,#2602,.F.);
#1378=ORIENTED_EDGE('',*,*,#2293,.F.);
#1379=ORIENTED_EDGE('',*,*,#2601,.T.);
#1380=ORIENTED_EDGE('',*,*,#2438,.T.);
#1381=ORIENTED_EDGE('',*,*,#2603,.F.);
#1382=ORIENTED_EDGE('',*,*,#2294,.F.);
#1383=ORIENTED_EDGE('',*,*,#2602,.T.);
#1384=ORIENTED_EDGE('',*,*,#2437,.T.);
#1385=ORIENTED_EDGE('',*,*,#2597,.F.);
#1386=ORIENTED_EDGE('',*,*,#2295,.F.);
#1387=ORIENTED_EDGE('',*,*,#2603,.T.);
#1388=ORIENTED_EDGE('',*,*,#2445,.T.);
#1389=ORIENTED_EDGE('',*,*,#2604,.F.);
#1390=ORIENTED_EDGE('',*,*,#2280,.F.);
#1391=ORIENTED_EDGE('',*,*,#2605,.T.);
#1392=ORIENTED_EDGE('',*,*,#2446,.F.);
#1393=ORIENTED_EDGE('',*,*,#2605,.F.);
#1394=ORIENTED_EDGE('',*,*,#2287,.T.);
#1395=ORIENTED_EDGE('',*,*,#2606,.T.);
#1396=ORIENTED_EDGE('',*,*,#2447,.T.);
#1397=ORIENTED_EDGE('',*,*,#2606,.F.);
#1398=ORIENTED_EDGE('',*,*,#2286,.F.);
#1399=ORIENTED_EDGE('',*,*,#2607,.T.);
#1400=ORIENTED_EDGE('',*,*,#2448,.F.);
#1401=ORIENTED_EDGE('',*,*,#2607,.F.);
#1402=ORIENTED_EDGE('',*,*,#2285,.T.);
#1403=ORIENTED_EDGE('',*,*,#2608,.T.);
#1404=ORIENTED_EDGE('',*,*,#2449,.F.);
#1405=ORIENTED_EDGE('',*,*,#2608,.F.);
#1406=ORIENTED_EDGE('',*,*,#2284,.T.);
#1407=ORIENTED_EDGE('',*,*,#2609,.T.);
#1408=ORIENTED_EDGE('',*,*,#2450,.F.);
#1409=ORIENTED_EDGE('',*,*,#2609,.F.);
#1410=ORIENTED_EDGE('',*,*,#2283,.T.);
#1411=ORIENTED_EDGE('',*,*,#2610,.T.);
#1412=ORIENTED_EDGE('',*,*,#2451,.F.);
#1413=ORIENTED_EDGE('',*,*,#2610,.F.);
#1414=ORIENTED_EDGE('',*,*,#2282,.T.);
#1415=ORIENTED_EDGE('',*,*,#2611,.T.);
#1416=ORIENTED_EDGE('',*,*,#2444,.F.);
#1417=ORIENTED_EDGE('',*,*,#2611,.F.);
#1418=ORIENTED_EDGE('',*,*,#2281,.T.);
#1419=ORIENTED_EDGE('',*,*,#2604,.T.);
#1420=ORIENTED_EDGE('',*,*,#2453,.T.);
#1421=ORIENTED_EDGE('',*,*,#2612,.F.);
#1422=ORIENTED_EDGE('',*,*,#2296,.F.);
#1423=ORIENTED_EDGE('',*,*,#2613,.T.);
#1424=ORIENTED_EDGE('',*,*,#2454,.F.);
#1425=ORIENTED_EDGE('',*,*,#2613,.F.);
#1426=ORIENTED_EDGE('',*,*,#2303,.T.);
#1427=ORIENTED_EDGE('',*,*,#2614,.T.);
#1428=ORIENTED_EDGE('',*,*,#2455,.F.);
#1429=ORIENTED_EDGE('',*,*,#2614,.F.);
#1430=ORIENTED_EDGE('',*,*,#2302,.T.);
#1431=ORIENTED_EDGE('',*,*,#2615,.T.);
#1432=ORIENTED_EDGE('',*,*,#2456,.F.);
#1433=ORIENTED_EDGE('',*,*,#2615,.F.);
#1434=ORIENTED_EDGE('',*,*,#2301,.T.);
#1435=ORIENTED_EDGE('',*,*,#2616,.T.);
#1436=ORIENTED_EDGE('',*,*,#2457,.F.);
#1437=ORIENTED_EDGE('',*,*,#2616,.F.);
#1438=ORIENTED_EDGE('',*,*,#2300,.T.);
#1439=ORIENTED_EDGE('',*,*,#2617,.T.);
#1440=ORIENTED_EDGE('',*,*,#2458,.F.);
#1441=ORIENTED_EDGE('',*,*,#2617,.F.);
#1442=ORIENTED_EDGE('',*,*,#2299,.T.);
#1443=ORIENTED_EDGE('',*,*,#2618,.T.);
#1444=ORIENTED_EDGE('',*,*,#2459,.T.);
#1445=ORIENTED_EDGE('',*,*,#2618,.F.);
#1446=ORIENTED_EDGE('',*,*,#2298,.F.);
#1447=ORIENTED_EDGE('',*,*,#2619,.T.);
#1448=ORIENTED_EDGE('',*,*,#2452,.F.);
#1449=ORIENTED_EDGE('',*,*,#2619,.F.);
#1450=ORIENTED_EDGE('',*,*,#2297,.T.);
#1451=ORIENTED_EDGE('',*,*,#2612,.T.);
#1452=ORIENTED_EDGE('',*,*,#2461,.T.);
#1453=ORIENTED_EDGE('',*,*,#2620,.F.);
#1454=ORIENTED_EDGE('',*,*,#2272,.F.);
#1455=ORIENTED_EDGE('',*,*,#2621,.T.);
#1456=ORIENTED_EDGE('',*,*,#2462,.F.);
#1457=ORIENTED_EDGE('',*,*,#2621,.F.);
#1458=ORIENTED_EDGE('',*,*,#2279,.T.);
#1459=ORIENTED_EDGE('',*,*,#2622,.T.);
#1460=ORIENTED_EDGE('',*,*,#2463,.F.);
#1461=ORIENTED_EDGE('',*,*,#2622,.F.);
#1462=ORIENTED_EDGE('',*,*,#2278,.T.);
#1463=ORIENTED_EDGE('',*,*,#2623,.T.);
#1464=ORIENTED_EDGE('',*,*,#2464,.F.);
#1465=ORIENTED_EDGE('',*,*,#2623,.F.);
#1466=ORIENTED_EDGE('',*,*,#2277,.T.);
#1467=ORIENTED_EDGE('',*,*,#2624,.T.);
#1468=ORIENTED_EDGE('',*,*,#2465,.F.);
#1469=ORIENTED_EDGE('',*,*,#2624,.F.);
#1470=ORIENTED_EDGE('',*,*,#2276,.T.);
#1471=ORIENTED_EDGE('',*,*,#2625,.T.);
#1472=ORIENTED_EDGE('',*,*,#2466,.F.);
#1473=ORIENTED_EDGE('',*,*,#2625,.F.);
#1474=ORIENTED_EDGE('',*,*,#2275,.T.);
#1475=ORIENTED_EDGE('',*,*,#2626,.T.);
#1476=ORIENTED_EDGE('',*,*,#2467,.T.);
#1477=ORIENTED_EDGE('',*,*,#2626,.F.);
#1478=ORIENTED_EDGE('',*,*,#2274,.F.);
#1479=ORIENTED_EDGE('',*,*,#2627,.T.);
#1480=ORIENTED_EDGE('',*,*,#2460,.F.);
#1481=ORIENTED_EDGE('',*,*,#2627,.F.);
#1482=ORIENTED_EDGE('',*,*,#2273,.T.);
#1483=ORIENTED_EDGE('',*,*,#2620,.T.);
#1484=ORIENTED_EDGE('',*,*,#2469,.T.);
#1485=ORIENTED_EDGE('',*,*,#2628,.F.);
#1486=ORIENTED_EDGE('',*,*,#2304,.F.);
#1487=ORIENTED_EDGE('',*,*,#2629,.T.);
#1488=ORIENTED_EDGE('',*,*,#2470,.F.);
#1489=ORIENTED_EDGE('',*,*,#2629,.F.);
#1490=ORIENTED_EDGE('',*,*,#2311,.T.);
#1491=ORIENTED_EDGE('',*,*,#2630,.T.);
#1492=ORIENTED_EDGE('',*,*,#2471,.F.);
#1493=ORIENTED_EDGE('',*,*,#2630,.F.);
#1494=ORIENTED_EDGE('',*,*,#2310,.T.);
#1495=ORIENTED_EDGE('',*,*,#2631,.T.);
#1496=ORIENTED_EDGE('',*,*,#2472,.F.);
#1497=ORIENTED_EDGE('',*,*,#2631,.F.);
#1498=ORIENTED_EDGE('',*,*,#2309,.T.);
#1499=ORIENTED_EDGE('',*,*,#2632,.T.);
#1500=ORIENTED_EDGE('',*,*,#2473,.F.);
#1501=ORIENTED_EDGE('',*,*,#2632,.F.);
#1502=ORIENTED_EDGE('',*,*,#2308,.T.);
#1503=ORIENTED_EDGE('',*,*,#2633,.T.);
#1504=ORIENTED_EDGE('',*,*,#2474,.F.);
#1505=ORIENTED_EDGE('',*,*,#2633,.F.);
#1506=ORIENTED_EDGE('',*,*,#2307,.T.);
#1507=ORIENTED_EDGE('',*,*,#2634,.T.);
#1508=ORIENTED_EDGE('',*,*,#2475,.T.);
#1509=ORIENTED_EDGE('',*,*,#2634,.F.);
#1510=ORIENTED_EDGE('',*,*,#2306,.F.);
#1511=ORIENTED_EDGE('',*,*,#2635,.T.);
#1512=ORIENTED_EDGE('',*,*,#2468,.F.);
#1513=ORIENTED_EDGE('',*,*,#2635,.F.);
#1514=ORIENTED_EDGE('',*,*,#2305,.T.);
#1515=ORIENTED_EDGE('',*,*,#2628,.T.);
#1516=ORIENTED_EDGE('',*,*,#2477,.T.);
#1517=ORIENTED_EDGE('',*,*,#2636,.F.);
#1518=ORIENTED_EDGE('',*,*,#2264,.F.);
#1519=ORIENTED_EDGE('',*,*,#2637,.T.);
#1520=ORIENTED_EDGE('',*,*,#2478,.F.);
#1521=ORIENTED_EDGE('',*,*,#2637,.F.);
#1522=ORIENTED_EDGE('',*,*,#2271,.T.);
#1523=ORIENTED_EDGE('',*,*,#2638,.T.);
#1524=ORIENTED_EDGE('',*,*,#2479,.F.);
#1525=ORIENTED_EDGE('',*,*,#2638,.F.);
#1526=ORIENTED_EDGE('',*,*,#2270,.T.);
#1527=ORIENTED_EDGE('',*,*,#2639,.T.);
#1528=ORIENTED_EDGE('',*,*,#2480,.F.);
#1529=ORIENTED_EDGE('',*,*,#2639,.F.);
#1530=ORIENTED_EDGE('',*,*,#2269,.T.);
#1531=ORIENTED_EDGE('',*,*,#2640,.T.);
#1532=ORIENTED_EDGE('',*,*,#2481,.F.);
#1533=ORIENTED_EDGE('',*,*,#2640,.F.);
#1534=ORIENTED_EDGE('',*,*,#2268,.T.);
#1535=ORIENTED_EDGE('',*,*,#2641,.T.);
#1536=ORIENTED_EDGE('',*,*,#2482,.F.);
#1537=ORIENTED_EDGE('',*,*,#2641,.F.);
#1538=ORIENTED_EDGE('',*,*,#2267,.T.);
#1539=ORIENTED_EDGE('',*,*,#2642,.T.);
#1540=ORIENTED_EDGE('',*,*,#2483,.T.);
#1541=ORIENTED_EDGE('',*,*,#2642,.F.);
#1542=ORIENTED_EDGE('',*,*,#2266,.F.);
#1543=ORIENTED_EDGE('',*,*,#2643,.T.);
#1544=ORIENTED_EDGE('',*,*,#2476,.F.);
#1545=ORIENTED_EDGE('',*,*,#2643,.F.);
#1546=ORIENTED_EDGE('',*,*,#2265,.T.);
#1547=ORIENTED_EDGE('',*,*,#2636,.T.);
#1548=ORIENTED_EDGE('',*,*,#2485,.T.);
#1549=ORIENTED_EDGE('',*,*,#2644,.F.);
#1550=ORIENTED_EDGE('',*,*,#2312,.F.);
#1551=ORIENTED_EDGE('',*,*,#2645,.T.);
#1552=ORIENTED_EDGE('',*,*,#2486,.F.);
#1553=ORIENTED_EDGE('',*,*,#2645,.F.);
#1554=ORIENTED_EDGE('',*,*,#2319,.T.);
#1555=ORIENTED_EDGE('',*,*,#2646,.T.);
#1556=ORIENTED_EDGE('',*,*,#2487,.F.);
#1557=ORIENTED_EDGE('',*,*,#2646,.F.);
#1558=ORIENTED_EDGE('',*,*,#2318,.T.);
#1559=ORIENTED_EDGE('',*,*,#2647,.T.);
#1560=ORIENTED_EDGE('',*,*,#2488,.F.);
#1561=ORIENTED_EDGE('',*,*,#2647,.F.);
#1562=ORIENTED_EDGE('',*,*,#2317,.T.);
#1563=ORIENTED_EDGE('',*,*,#2648,.T.);
#1564=ORIENTED_EDGE('',*,*,#2489,.F.);
#1565=ORIENTED_EDGE('',*,*,#2648,.F.);
#1566=ORIENTED_EDGE('',*,*,#2316,.T.);
#1567=ORIENTED_EDGE('',*,*,#2649,.T.);
#1568=ORIENTED_EDGE('',*,*,#2490,.F.);
#1569=ORIENTED_EDGE('',*,*,#2649,.F.);
#1570=ORIENTED_EDGE('',*,*,#2315,.T.);
#1571=ORIENTED_EDGE('',*,*,#2650,.T.);
#1572=ORIENTED_EDGE('',*,*,#2491,.T.);
#1573=ORIENTED_EDGE('',*,*,#2650,.F.);
#1574=ORIENTED_EDGE('',*,*,#2314,.F.);
#1575=ORIENTED_EDGE('',*,*,#2651,.T.);
#1576=ORIENTED_EDGE('',*,*,#2484,.F.);
#1577=ORIENTED_EDGE('',*,*,#2651,.F.);
#1578=ORIENTED_EDGE('',*,*,#2313,.T.);
#1579=ORIENTED_EDGE('',*,*,#2644,.T.);
#1580=ORIENTED_EDGE('',*,*,#2493,.T.);
#1581=ORIENTED_EDGE('',*,*,#2652,.F.);
#1582=ORIENTED_EDGE('',*,*,#2256,.F.);
#1583=ORIENTED_EDGE('',*,*,#2653,.T.);
#1584=ORIENTED_EDGE('',*,*,#2494,.F.);
#1585=ORIENTED_EDGE('',*,*,#2653,.F.);
#1586=ORIENTED_EDGE('',*,*,#2263,.T.);
#1587=ORIENTED_EDGE('',*,*,#2654,.T.);
#1588=ORIENTED_EDGE('',*,*,#2495,.F.);
#1589=ORIENTED_EDGE('',*,*,#2654,.F.);
#1590=ORIENTED_EDGE('',*,*,#2262,.T.);
#1591=ORIENTED_EDGE('',*,*,#2655,.T.);
#1592=ORIENTED_EDGE('',*,*,#2496,.F.);
#1593=ORIENTED_EDGE('',*,*,#2655,.F.);
#1594=ORIENTED_EDGE('',*,*,#2261,.T.);
#1595=ORIENTED_EDGE('',*,*,#2656,.T.);
#1596=ORIENTED_EDGE('',*,*,#2497,.F.);
#1597=ORIENTED_EDGE('',*,*,#2656,.F.);
#1598=ORIENTED_EDGE('',*,*,#2260,.T.);
#1599=ORIENTED_EDGE('',*,*,#2657,.T.);
#1600=ORIENTED_EDGE('',*,*,#2498,.F.);
#1601=ORIENTED_EDGE('',*,*,#2657,.F.);
#1602=ORIENTED_EDGE('',*,*,#2259,.T.);
#1603=ORIENTED_EDGE('',*,*,#2658,.T.);
#1604=ORIENTED_EDGE('',*,*,#2499,.T.);
#1605=ORIENTED_EDGE('',*,*,#2658,.F.);
#1606=ORIENTED_EDGE('',*,*,#2258,.F.);
#1607=ORIENTED_EDGE('',*,*,#2659,.T.);
#1608=ORIENTED_EDGE('',*,*,#2492,.F.);
#1609=ORIENTED_EDGE('',*,*,#2659,.F.);
#1610=ORIENTED_EDGE('',*,*,#2257,.T.);
#1611=ORIENTED_EDGE('',*,*,#2652,.T.);
#1612=ORIENTED_EDGE('',*,*,#2501,.T.);
#1613=ORIENTED_EDGE('',*,*,#2660,.F.);
#1614=ORIENTED_EDGE('',*,*,#2320,.F.);
#1615=ORIENTED_EDGE('',*,*,#2661,.T.);
#1616=ORIENTED_EDGE('',*,*,#2502,.F.);
#1617=ORIENTED_EDGE('',*,*,#2661,.F.);
#1618=ORIENTED_EDGE('',*,*,#2327,.T.);
#1619=ORIENTED_EDGE('',*,*,#2662,.T.);
#1620=ORIENTED_EDGE('',*,*,#2503,.F.);
#1621=ORIENTED_EDGE('',*,*,#2662,.F.);
#1622=ORIENTED_EDGE('',*,*,#2326,.T.);
#1623=ORIENTED_EDGE('',*,*,#2663,.T.);
#1624=ORIENTED_EDGE('',*,*,#2504,.F.);
#1625=ORIENTED_EDGE('',*,*,#2663,.F.);
#1626=ORIENTED_EDGE('',*,*,#2325,.T.);
#1627=ORIENTED_EDGE('',*,*,#2664,.T.);
#1628=ORIENTED_EDGE('',*,*,#2505,.F.);
#1629=ORIENTED_EDGE('',*,*,#2664,.F.);
#1630=ORIENTED_EDGE('',*,*,#2324,.T.);
#1631=ORIENTED_EDGE('',*,*,#2665,.T.);
#1632=ORIENTED_EDGE('',*,*,#2506,.F.);
#1633=ORIENTED_EDGE('',*,*,#2665,.F.);
#1634=ORIENTED_EDGE('',*,*,#2323,.T.);
#1635=ORIENTED_EDGE('',*,*,#2666,.T.);
#1636=ORIENTED_EDGE('',*,*,#2507,.T.);
#1637=ORIENTED_EDGE('',*,*,#2666,.F.);
#1638=ORIENTED_EDGE('',*,*,#2322,.F.);
#1639=ORIENTED_EDGE('',*,*,#2667,.T.);
#1640=ORIENTED_EDGE('',*,*,#2500,.F.);
#1641=ORIENTED_EDGE('',*,*,#2667,.F.);
#1642=ORIENTED_EDGE('',*,*,#2321,.T.);
#1643=ORIENTED_EDGE('',*,*,#2660,.T.);
#1644=ORIENTED_EDGE('',*,*,#2428,.F.);
#1645=ORIENTED_EDGE('',*,*,#2668,.F.);
#1646=ORIENTED_EDGE('',*,*,#2249,.T.);
#1647=ORIENTED_EDGE('',*,*,#2669,.T.);
#1648=ORIENTED_EDGE('',*,*,#2429,.F.);
#1649=ORIENTED_EDGE('',*,*,#2669,.F.);
#1650=ORIENTED_EDGE('',*,*,#2248,.T.);
#1651=ORIENTED_EDGE('',*,*,#2670,.T.);
#1652=ORIENTED_EDGE('',*,*,#2430,.F.);
#1653=ORIENTED_EDGE('',*,*,#2670,.F.);
#1654=ORIENTED_EDGE('',*,*,#2255,.T.);
#1655=ORIENTED_EDGE('',*,*,#2671,.T.);
#1656=ORIENTED_EDGE('',*,*,#2431,.T.);
#1657=ORIENTED_EDGE('',*,*,#2671,.F.);
#1658=ORIENTED_EDGE('',*,*,#2254,.F.);
#1659=ORIENTED_EDGE('',*,*,#2672,.T.);
#1660=ORIENTED_EDGE('',*,*,#2432,.F.);
#1661=ORIENTED_EDGE('',*,*,#2672,.F.);
#1662=ORIENTED_EDGE('',*,*,#2253,.T.);
#1663=ORIENTED_EDGE('',*,*,#2673,.T.);
#1664=ORIENTED_EDGE('',*,*,#2433,.T.);
#1665=ORIENTED_EDGE('',*,*,#2673,.F.);
#1666=ORIENTED_EDGE('',*,*,#2252,.F.);
#1667=ORIENTED_EDGE('',*,*,#2674,.T.);
#1668=ORIENTED_EDGE('',*,*,#2434,.F.);
#1669=ORIENTED_EDGE('',*,*,#2674,.F.);
#1670=ORIENTED_EDGE('',*,*,#2251,.T.);
#1671=ORIENTED_EDGE('',*,*,#2675,.T.);
#1672=ORIENTED_EDGE('',*,*,#2435,.F.);
#1673=ORIENTED_EDGE('',*,*,#2675,.F.);
#1674=ORIENTED_EDGE('',*,*,#2250,.T.);
#1675=ORIENTED_EDGE('',*,*,#2668,.T.);
#1676=ORIENTED_EDGE('',*,*,#2509,.T.);
#1677=ORIENTED_EDGE('',*,*,#2676,.F.);
#1678=ORIENTED_EDGE('',*,*,#2240,.F.);
#1679=ORIENTED_EDGE('',*,*,#2677,.T.);
#1680=ORIENTED_EDGE('',*,*,#2510,.F.);
#1681=ORIENTED_EDGE('',*,*,#2677,.F.);
#1682=ORIENTED_EDGE('',*,*,#2247,.T.);
#1683=ORIENTED_EDGE('',*,*,#2678,.T.);
#1684=ORIENTED_EDGE('',*,*,#2511,.F.);
#1685=ORIENTED_EDGE('',*,*,#2678,.F.);
#1686=ORIENTED_EDGE('',*,*,#2246,.T.);
#1687=ORIENTED_EDGE('',*,*,#2679,.T.);
#1688=ORIENTED_EDGE('',*,*,#2512,.F.);
#1689=ORIENTED_EDGE('',*,*,#2679,.F.);
#1690=ORIENTED_EDGE('',*,*,#2245,.T.);
#1691=ORIENTED_EDGE('',*,*,#2680,.T.);
#1692=ORIENTED_EDGE('',*,*,#2513,.F.);
#1693=ORIENTED_EDGE('',*,*,#2680,.F.);
#1694=ORIENTED_EDGE('',*,*,#2244,.T.);
#1695=ORIENTED_EDGE('',*,*,#2681,.T.);
#1696=ORIENTED_EDGE('',*,*,#2514,.F.);
#1697=ORIENTED_EDGE('',*,*,#2681,.F.);
#1698=ORIENTED_EDGE('',*,*,#2243,.T.);
#1699=ORIENTED_EDGE('',*,*,#2682,.T.);
#1700=ORIENTED_EDGE('',*,*,#2515,.T.);
#1701=ORIENTED_EDGE('',*,*,#2682,.F.);
#1702=ORIENTED_EDGE('',*,*,#2242,.F.);
#1703=ORIENTED_EDGE('',*,*,#2683,.T.);
#1704=ORIENTED_EDGE('',*,*,#2508,.F.);
#1705=ORIENTED_EDGE('',*,*,#2683,.F.);
#1706=ORIENTED_EDGE('',*,*,#2241,.T.);
#1707=ORIENTED_EDGE('',*,*,#2676,.T.);
#1708=ORIENTED_EDGE('',*,*,#2420,.F.);
#1709=ORIENTED_EDGE('',*,*,#2684,.F.);
#1710=ORIENTED_EDGE('',*,*,#2329,.T.);
#1711=ORIENTED_EDGE('',*,*,#2685,.T.);
#1712=ORIENTED_EDGE('',*,*,#2421,.F.);
#1713=ORIENTED_EDGE('',*,*,#2685,.F.);
#1714=ORIENTED_EDGE('',*,*,#2328,.T.);
#1715=ORIENTED_EDGE('',*,*,#2686,.T.);
#1716=ORIENTED_EDGE('',*,*,#2422,.F.);
#1717=ORIENTED_EDGE('',*,*,#2686,.F.);
#1718=ORIENTED_EDGE('',*,*,#2335,.T.);
#1719=ORIENTED_EDGE('',*,*,#2687,.T.);
#1720=ORIENTED_EDGE('',*,*,#2423,.T.);
#1721=ORIENTED_EDGE('',*,*,#2687,.F.);
#1722=ORIENTED_EDGE('',*,*,#2334,.F.);
#1723=ORIENTED_EDGE('',*,*,#2688,.T.);
#1724=ORIENTED_EDGE('',*,*,#2424,.F.);
#1725=ORIENTED_EDGE('',*,*,#2688,.F.);
#1726=ORIENTED_EDGE('',*,*,#2333,.T.);
#1727=ORIENTED_EDGE('',*,*,#2689,.T.);
#1728=ORIENTED_EDGE('',*,*,#2425,.T.);
#1729=ORIENTED_EDGE('',*,*,#2689,.F.);
#1730=ORIENTED_EDGE('',*,*,#2332,.F.);
#1731=ORIENTED_EDGE('',*,*,#2690,.T.);
#1732=ORIENTED_EDGE('',*,*,#2426,.F.);
#1733=ORIENTED_EDGE('',*,*,#2690,.F.);
#1734=ORIENTED_EDGE('',*,*,#2331,.T.);
#1735=ORIENTED_EDGE('',*,*,#2691,.T.);
#1736=ORIENTED_EDGE('',*,*,#2427,.F.);
#1737=ORIENTED_EDGE('',*,*,#2691,.F.);
#1738=ORIENTED_EDGE('',*,*,#2330,.T.);
#1739=ORIENTED_EDGE('',*,*,#2684,.T.);
#1740=ORIENTED_EDGE('',*,*,#2517,.T.);
#1741=ORIENTED_EDGE('',*,*,#2692,.F.);
#1742=ORIENTED_EDGE('',*,*,#2336,.F.);
#1743=ORIENTED_EDGE('',*,*,#2693,.T.);
#1744=ORIENTED_EDGE('',*,*,#2518,.F.);
#1745=ORIENTED_EDGE('',*,*,#2693,.F.);
#1746=ORIENTED_EDGE('',*,*,#2343,.T.);
#1747=ORIENTED_EDGE('',*,*,#2694,.T.);
#1748=ORIENTED_EDGE('',*,*,#2519,.F.);
#1749=ORIENTED_EDGE('',*,*,#2694,.F.);
#1750=ORIENTED_EDGE('',*,*,#2342,.T.);
#1751=ORIENTED_EDGE('',*,*,#2695,.T.);
#1752=ORIENTED_EDGE('',*,*,#2520,.F.);
#1753=ORIENTED_EDGE('',*,*,#2695,.F.);
#1754=ORIENTED_EDGE('',*,*,#2341,.T.);
#1755=ORIENTED_EDGE('',*,*,#2696,.T.);
#1756=ORIENTED_EDGE('',*,*,#2521,.F.);
#1757=ORIENTED_EDGE('',*,*,#2696,.F.);
#1758=ORIENTED_EDGE('',*,*,#2340,.T.);
#1759=ORIENTED_EDGE('',*,*,#2697,.T.);
#1760=ORIENTED_EDGE('',*,*,#2522,.F.);
#1761=ORIENTED_EDGE('',*,*,#2697,.F.);
#1762=ORIENTED_EDGE('',*,*,#2339,.T.);
#1763=ORIENTED_EDGE('',*,*,#2698,.T.);
#1764=ORIENTED_EDGE('',*,*,#2523,.T.);
#1765=ORIENTED_EDGE('',*,*,#2698,.F.);
#1766=ORIENTED_EDGE('',*,*,#2338,.F.);
#1767=ORIENTED_EDGE('',*,*,#2699,.T.);
#1768=ORIENTED_EDGE('',*,*,#2516,.F.);
#1769=ORIENTED_EDGE('',*,*,#2699,.F.);
#1770=ORIENTED_EDGE('',*,*,#2337,.T.);
#1771=ORIENTED_EDGE('',*,*,#2692,.T.);
#1772=ORIENTED_EDGE('',*,*,#2412,.F.);
#1773=ORIENTED_EDGE('',*,*,#2700,.F.);
#1774=ORIENTED_EDGE('',*,*,#2233,.T.);
#1775=ORIENTED_EDGE('',*,*,#2701,.T.);
#1776=ORIENTED_EDGE('',*,*,#2413,.F.);
#1777=ORIENTED_EDGE('',*,*,#2701,.F.);
#1778=ORIENTED_EDGE('',*,*,#2232,.T.);
#1779=ORIENTED_EDGE('',*,*,#2702,.T.);
#1780=ORIENTED_EDGE('',*,*,#2414,.F.);
#1781=ORIENTED_EDGE('',*,*,#2702,.F.);
#1782=ORIENTED_EDGE('',*,*,#2239,.T.);
#1783=ORIENTED_EDGE('',*,*,#2703,.T.);
#1784=ORIENTED_EDGE('',*,*,#2415,.F.);
#1785=ORIENTED_EDGE('',*,*,#2703,.F.);
#1786=ORIENTED_EDGE('',*,*,#2238,.T.);
#1787=ORIENTED_EDGE('',*,*,#2704,.T.);
#1788=ORIENTED_EDGE('',*,*,#2416,.F.);
#1789=ORIENTED_EDGE('',*,*,#2704,.F.);
#1790=ORIENTED_EDGE('',*,*,#2237,.T.);
#1791=ORIENTED_EDGE('',*,*,#2705,.T.);
#1792=ORIENTED_EDGE('',*,*,#2417,.T.);
#1793=ORIENTED_EDGE('',*,*,#2705,.F.);
#1794=ORIENTED_EDGE('',*,*,#2236,.F.);
#1795=ORIENTED_EDGE('',*,*,#2706,.T.);
#1796=ORIENTED_EDGE('',*,*,#2418,.F.);
#1797=ORIENTED_EDGE('',*,*,#2706,.F.);
#1798=ORIENTED_EDGE('',*,*,#2235,.T.);
#1799=ORIENTED_EDGE('',*,*,#2707,.T.);
#1800=ORIENTED_EDGE('',*,*,#2419,.T.);
#1801=ORIENTED_EDGE('',*,*,#2707,.F.);
#1802=ORIENTED_EDGE('',*,*,#2234,.F.);
#1803=ORIENTED_EDGE('',*,*,#2700,.T.);
#1804=ORIENTED_EDGE('',*,*,#2404,.F.);
#1805=ORIENTED_EDGE('',*,*,#2708,.F.);
#1806=ORIENTED_EDGE('',*,*,#2225,.T.);
#1807=ORIENTED_EDGE('',*,*,#2709,.T.);
#1808=ORIENTED_EDGE('',*,*,#2405,.F.);
#1809=ORIENTED_EDGE('',*,*,#2709,.F.);
#1810=ORIENTED_EDGE('',*,*,#2224,.T.);
#1811=ORIENTED_EDGE('',*,*,#2710,.T.);
#1812=ORIENTED_EDGE('',*,*,#2406,.F.);
#1813=ORIENTED_EDGE('',*,*,#2710,.F.);
#1814=ORIENTED_EDGE('',*,*,#2231,.T.);
#1815=ORIENTED_EDGE('',*,*,#2711,.T.);
#1816=ORIENTED_EDGE('',*,*,#2407,.F.);
#1817=ORIENTED_EDGE('',*,*,#2711,.F.);
#1818=ORIENTED_EDGE('',*,*,#2230,.T.);
#1819=ORIENTED_EDGE('',*,*,#2712,.T.);
#1820=ORIENTED_EDGE('',*,*,#2408,.F.);
#1821=ORIENTED_EDGE('',*,*,#2712,.F.);
#1822=ORIENTED_EDGE('',*,*,#2229,.T.);
#1823=ORIENTED_EDGE('',*,*,#2713,.T.);
#1824=ORIENTED_EDGE('',*,*,#2409,.T.);
#1825=ORIENTED_EDGE('',*,*,#2713,.F.);
#1826=ORIENTED_EDGE('',*,*,#2228,.F.);
#1827=ORIENTED_EDGE('',*,*,#2714,.T.);
#1828=ORIENTED_EDGE('',*,*,#2410,.F.);
#1829=ORIENTED_EDGE('',*,*,#2714,.F.);
#1830=ORIENTED_EDGE('',*,*,#2227,.T.);
#1831=ORIENTED_EDGE('',*,*,#2715,.T.);
#1832=ORIENTED_EDGE('',*,*,#2411,.T.);
#1833=ORIENTED_EDGE('',*,*,#2715,.F.);
#1834=ORIENTED_EDGE('',*,*,#2226,.F.);
#1835=ORIENTED_EDGE('',*,*,#2708,.T.);
#1836=ORIENTED_EDGE('',*,*,#2396,.F.);
#1837=ORIENTED_EDGE('',*,*,#2716,.F.);
#1838=ORIENTED_EDGE('',*,*,#2217,.T.);
#1839=ORIENTED_EDGE('',*,*,#2717,.T.);
#1840=ORIENTED_EDGE('',*,*,#2397,.F.);
#1841=ORIENTED_EDGE('',*,*,#2717,.F.);
#1842=ORIENTED_EDGE('',*,*,#2216,.T.);
#1843=ORIENTED_EDGE('',*,*,#2718,.T.);
#1844=ORIENTED_EDGE('',*,*,#2398,.F.);
#1845=ORIENTED_EDGE('',*,*,#2718,.F.);
#1846=ORIENTED_EDGE('',*,*,#2223,.T.);
#1847=ORIENTED_EDGE('',*,*,#2719,.T.);
#1848=ORIENTED_EDGE('',*,*,#2399,.F.);
#1849=ORIENTED_EDGE('',*,*,#2719,.F.);
#1850=ORIENTED_EDGE('',*,*,#2222,.T.);
#1851=ORIENTED_EDGE('',*,*,#2720,.T.);
#1852=ORIENTED_EDGE('',*,*,#2400,.F.);
#1853=ORIENTED_EDGE('',*,*,#2720,.F.);
#1854=ORIENTED_EDGE('',*,*,#2221,.T.);
#1855=ORIENTED_EDGE('',*,*,#2721,.T.);
#1856=ORIENTED_EDGE('',*,*,#2401,.T.);
#1857=ORIENTED_EDGE('',*,*,#2721,.F.);
#1858=ORIENTED_EDGE('',*,*,#2220,.F.);
#1859=ORIENTED_EDGE('',*,*,#2722,.T.);
#1860=ORIENTED_EDGE('',*,*,#2402,.F.);
#1861=ORIENTED_EDGE('',*,*,#2722,.F.);
#1862=ORIENTED_EDGE('',*,*,#2219,.T.);
#1863=ORIENTED_EDGE('',*,*,#2723,.T.);
#1864=ORIENTED_EDGE('',*,*,#2403,.T.);
#1865=ORIENTED_EDGE('',*,*,#2723,.F.);
#1866=ORIENTED_EDGE('',*,*,#2218,.F.);
#1867=ORIENTED_EDGE('',*,*,#2716,.T.);
#1868=ORIENTED_EDGE('',*,*,#2525,.T.);
#1869=ORIENTED_EDGE('',*,*,#2724,.F.);
#1870=ORIENTED_EDGE('',*,*,#2208,.F.);
#1871=ORIENTED_EDGE('',*,*,#2725,.T.);
#1872=ORIENTED_EDGE('',*,*,#2526,.F.);
#1873=ORIENTED_EDGE('',*,*,#2725,.F.);
#1874=ORIENTED_EDGE('',*,*,#2215,.T.);
#1875=ORIENTED_EDGE('',*,*,#2726,.T.);
#1876=ORIENTED_EDGE('',*,*,#2527,.F.);
#1877=ORIENTED_EDGE('',*,*,#2726,.F.);
#1878=ORIENTED_EDGE('',*,*,#2214,.T.);
#1879=ORIENTED_EDGE('',*,*,#2727,.T.);
#1880=ORIENTED_EDGE('',*,*,#2528,.F.);
#1881=ORIENTED_EDGE('',*,*,#2727,.F.);
#1882=ORIENTED_EDGE('',*,*,#2213,.T.);
#1883=ORIENTED_EDGE('',*,*,#2728,.T.);
#1884=ORIENTED_EDGE('',*,*,#2529,.F.);
#1885=ORIENTED_EDGE('',*,*,#2728,.F.);
#1886=ORIENTED_EDGE('',*,*,#2212,.T.);
#1887=ORIENTED_EDGE('',*,*,#2729,.T.);
#1888=ORIENTED_EDGE('',*,*,#2530,.F.);
#1889=ORIENTED_EDGE('',*,*,#2729,.F.);
#1890=ORIENTED_EDGE('',*,*,#2211,.T.);
#1891=ORIENTED_EDGE('',*,*,#2730,.T.);
#1892=ORIENTED_EDGE('',*,*,#2531,.T.);
#1893=ORIENTED_EDGE('',*,*,#2730,.F.);
#1894=ORIENTED_EDGE('',*,*,#2210,.F.);
#1895=ORIENTED_EDGE('',*,*,#2731,.T.);
#1896=ORIENTED_EDGE('',*,*,#2524,.F.);
#1897=ORIENTED_EDGE('',*,*,#2731,.F.);
#1898=ORIENTED_EDGE('',*,*,#2209,.T.);
#1899=ORIENTED_EDGE('',*,*,#2724,.T.);
#1900=ORIENTED_EDGE('',*,*,#2533,.T.);
#1901=ORIENTED_EDGE('',*,*,#2732,.F.);
#1902=ORIENTED_EDGE('',*,*,#2344,.F.);
#1903=ORIENTED_EDGE('',*,*,#2733,.T.);
#1904=ORIENTED_EDGE('',*,*,#2534,.F.);
#1905=ORIENTED_EDGE('',*,*,#2733,.F.);
#1906=ORIENTED_EDGE('',*,*,#2351,.T.);
#1907=ORIENTED_EDGE('',*,*,#2734,.T.);
#1908=ORIENTED_EDGE('',*,*,#2535,.F.);
#1909=ORIENTED_EDGE('',*,*,#2734,.F.);
#1910=ORIENTED_EDGE('',*,*,#2350,.T.);
#1911=ORIENTED_EDGE('',*,*,#2735,.T.);
#1912=ORIENTED_EDGE('',*,*,#2536,.F.);
#1913=ORIENTED_EDGE('',*,*,#2735,.F.);
#1914=ORIENTED_EDGE('',*,*,#2349,.T.);
#1915=ORIENTED_EDGE('',*,*,#2736,.T.);
#1916=ORIENTED_EDGE('',*,*,#2537,.F.);
#1917=ORIENTED_EDGE('',*,*,#2736,.F.);
#1918=ORIENTED_EDGE('',*,*,#2348,.T.);
#1919=ORIENTED_EDGE('',*,*,#2737,.T.);
#1920=ORIENTED_EDGE('',*,*,#2538,.F.);
#1921=ORIENTED_EDGE('',*,*,#2737,.F.);
#1922=ORIENTED_EDGE('',*,*,#2347,.T.);
#1923=ORIENTED_EDGE('',*,*,#2738,.T.);
#1924=ORIENTED_EDGE('',*,*,#2539,.T.);
#1925=ORIENTED_EDGE('',*,*,#2738,.F.);
#1926=ORIENTED_EDGE('',*,*,#2346,.F.);
#1927=ORIENTED_EDGE('',*,*,#2739,.T.);
#1928=ORIENTED_EDGE('',*,*,#2532,.F.);
#1929=ORIENTED_EDGE('',*,*,#2739,.F.);
#1930=ORIENTED_EDGE('',*,*,#2345,.T.);
#1931=ORIENTED_EDGE('',*,*,#2732,.T.);
#1932=ORIENTED_EDGE('',*,*,#2541,.T.);
#1933=ORIENTED_EDGE('',*,*,#2740,.F.);
#1934=ORIENTED_EDGE('',*,*,#2200,.F.);
#1935=ORIENTED_EDGE('',*,*,#2741,.T.);
#1936=ORIENTED_EDGE('',*,*,#2542,.F.);
#1937=ORIENTED_EDGE('',*,*,#2741,.F.);
#1938=ORIENTED_EDGE('',*,*,#2207,.T.);
#1939=ORIENTED_EDGE('',*,*,#2742,.T.);
#1940=ORIENTED_EDGE('',*,*,#2543,.F.);
#1941=ORIENTED_EDGE('',*,*,#2742,.F.);
#1942=ORIENTED_EDGE('',*,*,#2206,.T.);
#1943=ORIENTED_EDGE('',*,*,#2743,.T.);
#1944=ORIENTED_EDGE('',*,*,#2544,.F.);
#1945=ORIENTED_EDGE('',*,*,#2743,.F.);
#1946=ORIENTED_EDGE('',*,*,#2205,.T.);
#1947=ORIENTED_EDGE('',*,*,#2744,.T.);
#1948=ORIENTED_EDGE('',*,*,#2545,.F.);
#1949=ORIENTED_EDGE('',*,*,#2744,.F.);
#1950=ORIENTED_EDGE('',*,*,#2204,.T.);
#1951=ORIENTED_EDGE('',*,*,#2745,.T.);
#1952=ORIENTED_EDGE('',*,*,#2546,.F.);
#1953=ORIENTED_EDGE('',*,*,#2745,.F.);
#1954=ORIENTED_EDGE('',*,*,#2203,.T.);
#1955=ORIENTED_EDGE('',*,*,#2746,.T.);
#1956=ORIENTED_EDGE('',*,*,#2547,.T.);
#1957=ORIENTED_EDGE('',*,*,#2746,.F.);
#1958=ORIENTED_EDGE('',*,*,#2202,.F.);
#1959=ORIENTED_EDGE('',*,*,#2747,.T.);
#1960=ORIENTED_EDGE('',*,*,#2540,.F.);
#1961=ORIENTED_EDGE('',*,*,#2747,.F.);
#1962=ORIENTED_EDGE('',*,*,#2201,.T.);
#1963=ORIENTED_EDGE('',*,*,#2740,.T.);
#1964=ORIENTED_EDGE('',*,*,#2549,.T.);
#1965=ORIENTED_EDGE('',*,*,#2748,.F.);
#1966=ORIENTED_EDGE('',*,*,#2352,.F.);
#1967=ORIENTED_EDGE('',*,*,#2749,.T.);
#1968=ORIENTED_EDGE('',*,*,#2550,.F.);
#1969=ORIENTED_EDGE('',*,*,#2749,.F.);
#1970=ORIENTED_EDGE('',*,*,#2359,.T.);
#1971=ORIENTED_EDGE('',*,*,#2750,.T.);
#1972=ORIENTED_EDGE('',*,*,#2551,.F.);
#1973=ORIENTED_EDGE('',*,*,#2750,.F.);
#1974=ORIENTED_EDGE('',*,*,#2358,.T.);
#1975=ORIENTED_EDGE('',*,*,#2751,.T.);
#1976=ORIENTED_EDGE('',*,*,#2552,.F.);
#1977=ORIENTED_EDGE('',*,*,#2751,.F.);
#1978=ORIENTED_EDGE('',*,*,#2357,.T.);
#1979=ORIENTED_EDGE('',*,*,#2752,.T.);
#1980=ORIENTED_EDGE('',*,*,#2553,.F.);
#1981=ORIENTED_EDGE('',*,*,#2752,.F.);
#1982=ORIENTED_EDGE('',*,*,#2356,.T.);
#1983=ORIENTED_EDGE('',*,*,#2753,.T.);
#1984=ORIENTED_EDGE('',*,*,#2554,.F.);
#1985=ORIENTED_EDGE('',*,*,#2753,.F.);
#1986=ORIENTED_EDGE('',*,*,#2355,.T.);
#1987=ORIENTED_EDGE('',*,*,#2754,.T.);
#1988=ORIENTED_EDGE('',*,*,#2555,.T.);
#1989=ORIENTED_EDGE('',*,*,#2754,.F.);
#1990=ORIENTED_EDGE('',*,*,#2354,.F.);
#1991=ORIENTED_EDGE('',*,*,#2755,.T.);
#1992=ORIENTED_EDGE('',*,*,#2548,.F.);
#1993=ORIENTED_EDGE('',*,*,#2755,.F.);
#1994=ORIENTED_EDGE('',*,*,#2353,.T.);
#1995=ORIENTED_EDGE('',*,*,#2748,.T.);
#1996=ORIENTED_EDGE('',*,*,#2557,.T.);
#1997=ORIENTED_EDGE('',*,*,#2756,.F.);
#1998=ORIENTED_EDGE('',*,*,#2192,.F.);
#1999=ORIENTED_EDGE('',*,*,#2757,.T.);
#2000=ORIENTED_EDGE('',*,*,#2558,.F.);
#2001=ORIENTED_EDGE('',*,*,#2757,.F.);
#2002=ORIENTED_EDGE('',*,*,#2199,.T.);
#2003=ORIENTED_EDGE('',*,*,#2758,.T.);
#2004=ORIENTED_EDGE('',*,*,#2559,.F.);
#2005=ORIENTED_EDGE('',*,*,#2758,.F.);
#2006=ORIENTED_EDGE('',*,*,#2198,.T.);
#2007=ORIENTED_EDGE('',*,*,#2759,.T.);
#2008=ORIENTED_EDGE('',*,*,#2560,.F.);
#2009=ORIENTED_EDGE('',*,*,#2759,.F.);
#2010=ORIENTED_EDGE('',*,*,#2197,.T.);
#2011=ORIENTED_EDGE('',*,*,#2760,.T.);
#2012=ORIENTED_EDGE('',*,*,#2561,.F.);
#2013=ORIENTED_EDGE('',*,*,#2760,.F.);
#2014=ORIENTED_EDGE('',*,*,#2196,.T.);
#2015=ORIENTED_EDGE('',*,*,#2761,.T.);
#2016=ORIENTED_EDGE('',*,*,#2562,.F.);
#2017=ORIENTED_EDGE('',*,*,#2761,.F.);
#2018=ORIENTED_EDGE('',*,*,#2195,.T.);
#2019=ORIENTED_EDGE('',*,*,#2762,.T.);
#2020=ORIENTED_EDGE('',*,*,#2563,.T.);
#2021=ORIENTED_EDGE('',*,*,#2762,.F.);
#2022=ORIENTED_EDGE('',*,*,#2194,.F.);
#2023=ORIENTED_EDGE('',*,*,#2763,.T.);
#2024=ORIENTED_EDGE('',*,*,#2556,.F.);
#2025=ORIENTED_EDGE('',*,*,#2763,.F.);
#2026=ORIENTED_EDGE('',*,*,#2193,.T.);
#2027=ORIENTED_EDGE('',*,*,#2756,.T.);
#2028=ORIENTED_EDGE('',*,*,#2565,.T.);
#2029=ORIENTED_EDGE('',*,*,#2764,.F.);
#2030=ORIENTED_EDGE('',*,*,#2360,.F.);
#2031=ORIENTED_EDGE('',*,*,#2765,.T.);
#2032=ORIENTED_EDGE('',*,*,#2566,.F.);
#2033=ORIENTED_EDGE('',*,*,#2765,.F.);
#2034=ORIENTED_EDGE('',*,*,#2367,.T.);
#2035=ORIENTED_EDGE('',*,*,#2766,.T.);
#2036=ORIENTED_EDGE('',*,*,#2567,.F.);
#2037=ORIENTED_EDGE('',*,*,#2766,.F.);
#2038=ORIENTED_EDGE('',*,*,#2366,.T.);
#2039=ORIENTED_EDGE('',*,*,#2767,.T.);
#2040=ORIENTED_EDGE('',*,*,#2568,.F.);
#2041=ORIENTED_EDGE('',*,*,#2767,.F.);
#2042=ORIENTED_EDGE('',*,*,#2365,.T.);
#2043=ORIENTED_EDGE('',*,*,#2768,.T.);
#2044=ORIENTED_EDGE('',*,*,#2569,.F.);
#2045=ORIENTED_EDGE('',*,*,#2768,.F.);
#2046=ORIENTED_EDGE('',*,*,#2364,.T.);
#2047=ORIENTED_EDGE('',*,*,#2769,.T.);
#2048=ORIENTED_EDGE('',*,*,#2570,.F.);
#2049=ORIENTED_EDGE('',*,*,#2769,.F.);
#2050=ORIENTED_EDGE('',*,*,#2363,.T.);
#2051=ORIENTED_EDGE('',*,*,#2770,.T.);
#2052=ORIENTED_EDGE('',*,*,#2571,.T.);
#2053=ORIENTED_EDGE('',*,*,#2770,.F.);
#2054=ORIENTED_EDGE('',*,*,#2362,.F.);
#2055=ORIENTED_EDGE('',*,*,#2771,.T.);
#2056=ORIENTED_EDGE('',*,*,#2564,.F.);
#2057=ORIENTED_EDGE('',*,*,#2771,.F.);
#2058=ORIENTED_EDGE('',*,*,#2361,.T.);
#2059=ORIENTED_EDGE('',*,*,#2764,.T.);
#2060=ORIENTED_EDGE('',*,*,#2573,.T.);
#2061=ORIENTED_EDGE('',*,*,#2772,.F.);
#2062=ORIENTED_EDGE('',*,*,#2184,.F.);
#2063=ORIENTED_EDGE('',*,*,#2773,.T.);
#2064=ORIENTED_EDGE('',*,*,#2574,.F.);
#2065=ORIENTED_EDGE('',*,*,#2773,.F.);
#2066=ORIENTED_EDGE('',*,*,#2191,.T.);
#2067=ORIENTED_EDGE('',*,*,#2774,.T.);
#2068=ORIENTED_EDGE('',*,*,#2575,.F.);
#2069=ORIENTED_EDGE('',*,*,#2774,.F.);
#2070=ORIENTED_EDGE('',*,*,#2190,.T.);
#2071=ORIENTED_EDGE('',*,*,#2775,.T.);
#2072=ORIENTED_EDGE('',*,*,#2576,.F.);
#2073=ORIENTED_EDGE('',*,*,#2775,.F.);
#2074=ORIENTED_EDGE('',*,*,#2189,.T.);
#2075=ORIENTED_EDGE('',*,*,#2776,.T.);
#2076=ORIENTED_EDGE('',*,*,#2577,.F.);
#2077=ORIENTED_EDGE('',*,*,#2776,.F.);
#2078=ORIENTED_EDGE('',*,*,#2188,.T.);
#2079=ORIENTED_EDGE('',*,*,#2777,.T.);
#2080=ORIENTED_EDGE('',*,*,#2578,.F.);
#2081=ORIENTED_EDGE('',*,*,#2777,.F.);
#2082=ORIENTED_EDGE('',*,*,#2187,.T.);
#2083=ORIENTED_EDGE('',*,*,#2778,.T.);
#2084=ORIENTED_EDGE('',*,*,#2579,.T.);
#2085=ORIENTED_EDGE('',*,*,#2778,.F.);
#2086=ORIENTED_EDGE('',*,*,#2186,.F.);
#2087=ORIENTED_EDGE('',*,*,#2779,.T.);
#2088=ORIENTED_EDGE('',*,*,#2572,.F.);
#2089=ORIENTED_EDGE('',*,*,#2779,.F.);
#2090=ORIENTED_EDGE('',*,*,#2185,.T.);
#2091=ORIENTED_EDGE('',*,*,#2772,.T.);
#2092=ORIENTED_EDGE('',*,*,#2581,.T.);
#2093=ORIENTED_EDGE('',*,*,#2780,.F.);
#2094=ORIENTED_EDGE('',*,*,#2368,.F.);
#2095=ORIENTED_EDGE('',*,*,#2781,.T.);
#2096=ORIENTED_EDGE('',*,*,#2582,.F.);
#2097=ORIENTED_EDGE('',*,*,#2781,.F.);
#2098=ORIENTED_EDGE('',*,*,#2375,.T.);
#2099=ORIENTED_EDGE('',*,*,#2782,.T.);
#2100=ORIENTED_EDGE('',*,*,#2583,.F.);
#2101=ORIENTED_EDGE('',*,*,#2782,.F.);
#2102=ORIENTED_EDGE('',*,*,#2374,.T.);
#2103=ORIENTED_EDGE('',*,*,#2783,.T.);
#2104=ORIENTED_EDGE('',*,*,#2584,.F.);
#2105=ORIENTED_EDGE('',*,*,#2783,.F.);
#2106=ORIENTED_EDGE('',*,*,#2373,.T.);
#2107=ORIENTED_EDGE('',*,*,#2784,.T.);
#2108=ORIENTED_EDGE('',*,*,#2585,.F.);
#2109=ORIENTED_EDGE('',*,*,#2784,.F.);
#2110=ORIENTED_EDGE('',*,*,#2372,.T.);
#2111=ORIENTED_EDGE('',*,*,#2785,.T.);
#2112=ORIENTED_EDGE('',*,*,#2586,.F.);
#2113=ORIENTED_EDGE('',*,*,#2785,.F.);
#2114=ORIENTED_EDGE('',*,*,#2371,.T.);
#2115=ORIENTED_EDGE('',*,*,#2786,.T.);
#2116=ORIENTED_EDGE('',*,*,#2587,.T.);
#2117=ORIENTED_EDGE('',*,*,#2786,.F.);
#2118=ORIENTED_EDGE('',*,*,#2370,.F.);
#2119=ORIENTED_EDGE('',*,*,#2787,.T.);
#2120=ORIENTED_EDGE('',*,*,#2580,.F.);
#2121=ORIENTED_EDGE('',*,*,#2787,.F.);
#2122=ORIENTED_EDGE('',*,*,#2369,.T.);
#2123=ORIENTED_EDGE('',*,*,#2780,.T.);
#2124=ORIENTED_EDGE('',*,*,#2183,.T.);
#2125=ORIENTED_EDGE('',*,*,#2395,.F.);
#2126=ORIENTED_EDGE('',*,*,#2182,.T.);
#2127=ORIENTED_EDGE('',*,*,#2394,.F.);
#2128=ORIENTED_EDGE('',*,*,#2181,.T.);
#2129=ORIENTED_EDGE('',*,*,#2393,.F.);
#2130=ORIENTED_EDGE('',*,*,#2180,.T.);
#2131=ORIENTED_EDGE('',*,*,#2392,.F.);
#2132=ORIENTED_EDGE('',*,*,#2377,.F.);
#2133=ORIENTED_EDGE('',*,*,#2788,.F.);
#2134=ORIENTED_EDGE('',*,*,#2388,.T.);
#2135=ORIENTED_EDGE('',*,*,#2789,.T.);
#2136=ORIENTED_EDGE('',*,*,#2376,.T.);
#2137=ORIENTED_EDGE('',*,*,#2790,.F.);
#2138=ORIENTED_EDGE('',*,*,#2389,.F.);
#2139=ORIENTED_EDGE('',*,*,#2788,.T.);
#2140=ORIENTED_EDGE('',*,*,#2379,.T.);
#2141=ORIENTED_EDGE('',*,*,#2791,.F.);
#2142=ORIENTED_EDGE('',*,*,#2390,.F.);
#2143=ORIENTED_EDGE('',*,*,#2790,.T.);
#2144=ORIENTED_EDGE('',*,*,#2378,.F.);
#2145=ORIENTED_EDGE('',*,*,#2789,.F.);
#2146=ORIENTED_EDGE('',*,*,#2391,.T.);
#2147=ORIENTED_EDGE('',*,*,#2791,.T.);
#2148=ORIENTED_EDGE('',*,*,#2381,.F.);
#2149=ORIENTED_EDGE('',*,*,#2792,.F.);
#2150=ORIENTED_EDGE('',*,*,#2588,.T.);
#2151=ORIENTED_EDGE('',*,*,#2793,.T.);
#2152=ORIENTED_EDGE('',*,*,#2380,.T.);
#2153=ORIENTED_EDGE('',*,*,#2794,.F.);
#2154=ORIENTED_EDGE('',*,*,#2589,.F.);
#2155=ORIENTED_EDGE('',*,*,#2792,.T.);
#2156=ORIENTED_EDGE('',*,*,#2387,.T.);
#2157=ORIENTED_EDGE('',*,*,#2795,.F.);
#2158=ORIENTED_EDGE('',*,*,#2590,.F.);
#2159=ORIENTED_EDGE('',*,*,#2794,.T.);
#2160=ORIENTED_EDGE('',*,*,#2386,.T.);
#2161=ORIENTED_EDGE('',*,*,#2796,.F.);
#2162=ORIENTED_EDGE('',*,*,#2591,.F.);
#2163=ORIENTED_EDGE('',*,*,#2795,.T.);
#2164=ORIENTED_EDGE('',*,*,#2385,.T.);
#2165=ORIENTED_EDGE('',*,*,#2797,.F.);
#2166=ORIENTED_EDGE('',*,*,#2592,.F.);
#2167=ORIENTED_EDGE('',*,*,#2796,.T.);
#2168=ORIENTED_EDGE('',*,*,#2384,.T.);
#2169=ORIENTED_EDGE('',*,*,#2798,.F.);
#2170=ORIENTED_EDGE('',*,*,#2593,.F.);
#2171=ORIENTED_EDGE('',*,*,#2797,.T.);
#2172=ORIENTED_EDGE('',*,*,#2383,.F.);
#2173=ORIENTED_EDGE('',*,*,#2799,.F.);
#2174=ORIENTED_EDGE('',*,*,#2594,.T.);
#2175=ORIENTED_EDGE('',*,*,#2798,.T.);
#2176=ORIENTED_EDGE('',*,*,#2382,.T.);
#2177=ORIENTED_EDGE('',*,*,#2793,.F.);
#2178=ORIENTED_EDGE('',*,*,#2595,.F.);
#2179=ORIENTED_EDGE('',*,*,#2799,.T.);
#2180=EDGE_CURVE('',#2800,#2800,#3216,.T.);
#2181=EDGE_CURVE('',#2801,#2801,#3217,.T.);
#2182=EDGE_CURVE('',#2802,#2802,#3218,.T.);
#2183=EDGE_CURVE('',#2803,#2803,#3219,.T.);
#2184=EDGE_CURVE('',#2804,#2805,#116,.T.);
#2185=EDGE_CURVE('',#2806,#2805,#3220,.T.);
#2186=EDGE_CURVE('',#2806,#2807,#117,.T.);
#2187=EDGE_CURVE('',#2808,#2807,#3221,.T.);
#2188=EDGE_CURVE('',#2809,#2808,#118,.T.);
#2189=EDGE_CURVE('',#2810,#2809,#3222,.T.);
#2190=EDGE_CURVE('',#2811,#2810,#119,.T.);
#2191=EDGE_CURVE('',#2804,#2811,#3223,.T.);
#2192=EDGE_CURVE('',#2812,#2813,#120,.T.);
#2193=EDGE_CURVE('',#2814,#2813,#3224,.T.);
#2194=EDGE_CURVE('',#2814,#2815,#121,.T.);
#2195=EDGE_CURVE('',#2816,#2815,#3225,.T.);
#2196=EDGE_CURVE('',#2817,#2816,#122,.T.);
#2197=EDGE_CURVE('',#2818,#2817,#3226,.T.);
#2198=EDGE_CURVE('',#2819,#2818,#123,.T.);
#2199=EDGE_CURVE('',#2812,#2819,#3227,.T.);
#2200=EDGE_CURVE('',#2820,#2821,#124,.T.);
#2201=EDGE_CURVE('',#2822,#2821,#3228,.T.);
#2202=EDGE_CURVE('',#2822,#2823,#125,.T.);
#2203=EDGE_CURVE('',#2824,#2823,#3229,.T.);
#2204=EDGE_CURVE('',#2825,#2824,#126,.T.);
#2205=EDGE_CURVE('',#2826,#2825,#3230,.T.);
#2206=EDGE_CURVE('',#2827,#2826,#127,.T.);
#2207=EDGE_CURVE('',#2820,#2827,#3231,.T.);
#2208=EDGE_CURVE('',#2828,#2829,#128,.T.);
#2209=EDGE_CURVE('',#2830,#2829,#3232,.T.);
#2210=EDGE_CURVE('',#2830,#2831,#129,.T.);
#2211=EDGE_CURVE('',#2832,#2831,#3233,.T.);
#2212=EDGE_CURVE('',#2833,#2832,#130,.T.);
#2213=EDGE_CURVE('',#2834,#2833,#3234,.T.);
#2214=EDGE_CURVE('',#2835,#2834,#131,.T.);
#2215=EDGE_CURVE('',#2828,#2835,#3235,.T.);
#2216=EDGE_CURVE('',#2836,#2837,#132,.T.);
#2217=EDGE_CURVE('',#2838,#2836,#3236,.T.);
#2218=EDGE_CURVE('',#2838,#2839,#133,.T.);
#2219=EDGE_CURVE('',#2840,#2839,#3237,.T.);
#2220=EDGE_CURVE('',#2840,#2841,#134,.T.);
#2221=EDGE_CURVE('',#2842,#2841,#3238,.T.);
#2222=EDGE_CURVE('',#2843,#2842,#135,.T.);
#2223=EDGE_CURVE('',#2837,#2843,#3239,.T.);
#2224=EDGE_CURVE('',#2844,#2845,#136,.T.);
#2225=EDGE_CURVE('',#2846,#2844,#3240,.T.);
#2226=EDGE_CURVE('',#2846,#2847,#137,.T.);
#2227=EDGE_CURVE('',#2848,#2847,#3241,.T.);
#2228=EDGE_CURVE('',#2848,#2849,#138,.T.);
#2229=EDGE_CURVE('',#2850,#2849,#3242,.T.);
#2230=EDGE_CURVE('',#2851,#2850,#139,.T.);
#2231=EDGE_CURVE('',#2845,#2851,#3243,.T.);
#2232=EDGE_CURVE('',#2852,#2853,#140,.T.);
#2233=EDGE_CURVE('',#2854,#2852,#3244,.T.);
#2234=EDGE_CURVE('',#2854,#2855,#141,.T.);
#2235=EDGE_CURVE('',#2856,#2855,#3245,.T.);
#2236=EDGE_CURVE('',#2856,#2857,#142,.T.);
#2237=EDGE_CURVE('',#2858,#2857,#3246,.T.);
#2238=EDGE_CURVE('',#2859,#2858,#143,.T.);
#2239=EDGE_CURVE('',#2853,#2859,#3247,.T.);
#2240=EDGE_CURVE('',#2860,#2861,#144,.T.);
#2241=EDGE_CURVE('',#2862,#2861,#3248,.T.);
#2242=EDGE_CURVE('',#2862,#2863,#145,.T.);
#2243=EDGE_CURVE('',#2864,#2863,#3249,.T.);
#2244=EDGE_CURVE('',#2865,#2864,#146,.T.);
#2245=EDGE_CURVE('',#2866,#2865,#3250,.T.);
#2246=EDGE_CURVE('',#2867,#2866,#147,.T.);
#2247=EDGE_CURVE('',#2860,#2867,#3251,.T.);
#2248=EDGE_CURVE('',#2868,#2869,#148,.T.);
#2249=EDGE_CURVE('',#2870,#2868,#3252,.T.);
#2250=EDGE_CURVE('',#2871,#2870,#149,.T.);
#2251=EDGE_CURVE('',#2872,#2871,#3253,.T.);
#2252=EDGE_CURVE('',#2872,#2873,#150,.T.);
#2253=EDGE_CURVE('',#2874,#2873,#3254,.T.);
#2254=EDGE_CURVE('',#2874,#2875,#151,.T.);
#2255=EDGE_CURVE('',#2869,#2875,#3255,.T.);
#2256=EDGE_CURVE('',#2876,#2877,#152,.T.);
#2257=EDGE_CURVE('',#2878,#2877,#3256,.T.);
#2258=EDGE_CURVE('',#2878,#2879,#153,.T.);
#2259=EDGE_CURVE('',#2880,#2879,#3257,.T.);
#2260=EDGE_CURVE('',#2881,#2880,#154,.T.);
#2261=EDGE_CURVE('',#2882,#2881,#3258,.T.);
#2262=EDGE_CURVE('',#2883,#2882,#155,.T.);
#2263=EDGE_CURVE('',#2876,#2883,#3259,.T.);
#2264=EDGE_CURVE('',#2884,#2885,#156,.T.);
#2265=EDGE_CURVE('',#2886,#2885,#3260,.T.);
#2266=EDGE_CURVE('',#2886,#2887,#157,.T.);
#2267=EDGE_CURVE('',#2888,#2887,#3261,.T.);
#2268=EDGE_CURVE('',#2889,#2888,#158,.T.);
#2269=EDGE_CURVE('',#2890,#2889,#3262,.T.);
#2270=EDGE_CURVE('',#2891,#2890,#159,.T.);
#2271=EDGE_CURVE('',#2884,#2891,#3263,.T.);
#2272=EDGE_CURVE('',#2892,#2893,#160,.T.);
#2273=EDGE_CURVE('',#2894,#2893,#3264,.T.);
#2274=EDGE_CURVE('',#2894,#2895,#161,.T.);
#2275=EDGE_CURVE('',#2896,#2895,#3265,.T.);
#2276=EDGE_CURVE('',#2897,#2896,#162,.T.);
#2277=EDGE_CURVE('',#2898,#2897,#3266,.T.);
#2278=EDGE_CURVE('',#2899,#2898,#163,.T.);
#2279=EDGE_CURVE('',#2892,#2899,#3267,.T.);
#2280=EDGE_CURVE('',#2900,#2901,#164,.T.);
#2281=EDGE_CURVE('',#2902,#2901,#3268,.T.);
#2282=EDGE_CURVE('',#2903,#2902,#165,.T.);
#2283=EDGE_CURVE('',#2904,#2903,#3269,.T.);
#2284=EDGE_CURVE('',#2905,#2904,#166,.T.);
#2285=EDGE_CURVE('',#2906,#2905,#3270,.T.);
#2286=EDGE_CURVE('',#2906,#2907,#167,.T.);
#2287=EDGE_CURVE('',#2900,#2907,#3271,.T.);
#2288=EDGE_CURVE('',#2908,#2909,#168,.T.);
#2289=EDGE_CURVE('',#2909,#2910,#3272,.T.);
#2290=EDGE_CURVE('',#2911,#2910,#169,.T.);
#2291=EDGE_CURVE('',#2911,#2912,#3273,.T.);
#2292=EDGE_CURVE('',#2913,#2912,#170,.T.);
#2293=EDGE_CURVE('',#2913,#2914,#3274,.T.);
#2294=EDGE_CURVE('',#2914,#2915,#171,.T.);
#2295=EDGE_CURVE('',#2915,#2908,#3275,.T.);
#2296=EDGE_CURVE('',#2916,#2917,#172,.T.);
#2297=EDGE_CURVE('',#2918,#2917,#3276,.T.);
#2298=EDGE_CURVE('',#2918,#2919,#173,.T.);
#2299=EDGE_CURVE('',#2920,#2919,#3277,.T.);
#2300=EDGE_CURVE('',#2921,#2920,#174,.T.);
#2301=EDGE_CURVE('',#2922,#2921,#3278,.T.);
#2302=EDGE_CURVE('',#2923,#2922,#175,.T.);
#2303=EDGE_CURVE('',#2916,#2923,#3279,.T.);
#2304=EDGE_CURVE('',#2924,#2925,#176,.T.);
#2305=EDGE_CURVE('',#2926,#2925,#3280,.T.);
#2306=EDGE_CURVE('',#2926,#2927,#177,.T.);
#2307=EDGE_CURVE('',#2928,#2927,#3281,.T.);
#2308=EDGE_CURVE('',#2929,#2928,#178,.T.);
#2309=EDGE_CURVE('',#2930,#2929,#3282,.T.);
#2310=EDGE_CURVE('',#2931,#2930,#179,.T.);
#2311=EDGE_CURVE('',#2924,#2931,#3283,.T.);
#2312=EDGE_CURVE('',#2932,#2933,#180,.T.);
#2313=EDGE_CURVE('',#2934,#2933,#3284,.T.);
#2314=EDGE_CURVE('',#2934,#2935,#181,.T.);
#2315=EDGE_CURVE('',#2936,#2935,#3285,.T.);
#2316=EDGE_CURVE('',#2937,#2936,#182,.T.);
#2317=EDGE_CURVE('',#2938,#2937,#3286,.T.);
#2318=EDGE_CURVE('',#2939,#2938,#183,.T.);
#2319=EDGE_CURVE('',#2932,#2939,#3287,.T.);
#2320=EDGE_CURVE('',#2940,#2941,#184,.T.);
#2321=EDGE_CURVE('',#2942,#2941,#3288,.T.);
#2322=EDGE_CURVE('',#2942,#2943,#185,.T.);
#2323=EDGE_CURVE('',#2944,#2943,#3289,.T.);
#2324=EDGE_CURVE('',#2945,#2944,#186,.T.);
#2325=EDGE_CURVE('',#2946,#2945,#3290,.T.);
#2326=EDGE_CURVE('',#2947,#2946,#187,.T.);
#2327=EDGE_CURVE('',#2940,#2947,#3291,.T.);
#2328=EDGE_CURVE('',#2948,#2949,#188,.T.);
#2329=EDGE_CURVE('',#2950,#2948,#3292,.T.);
#2330=EDGE_CURVE('',#2951,#2950,#189,.T.);
#2331=EDGE_CURVE('',#2952,#2951,#3293,.T.);
#2332=EDGE_CURVE('',#2952,#2953,#190,.T.);
#2333=EDGE_CURVE('',#2954,#2953,#3294,.T.);
#2334=EDGE_CURVE('',#2954,#2955,#191,.T.);
#2335=EDGE_CURVE('',#2949,#2955,#3295,.T.);
#2336=EDGE_CURVE('',#2956,#2957,#192,.T.);
#2337=EDGE_CURVE('',#2958,#2957,#3296,.T.);
#2338=EDGE_CURVE('',#2958,#2959,#193,.T.);
#2339=EDGE_CURVE('',#2960,#2959,#3297,.T.);
#2340=EDGE_CURVE('',#2961,#2960,#194,.T.);
#2341=EDGE_CURVE('',#2962,#2961,#3298,.T.);
#2342=EDGE_CURVE('',#2963,#2962,#195,.T.);
#2343=EDGE_CURVE('',#2956,#2963,#3299,.T.);
#2344=EDGE_CURVE('',#2964,#2965,#196,.T.);
#2345=EDGE_CURVE('',#2966,#2965,#3300,.T.);
#2346=EDGE_CURVE('',#2966,#2967,#197,.T.);
#2347=EDGE_CURVE('',#2968,#2967,#3301,.T.);
#2348=EDGE_CURVE('',#2969,#2968,#198,.T.);
#2349=EDGE_CURVE('',#2970,#2969,#3302,.T.);
#2350=EDGE_CURVE('',#2971,#2970,#199,.T.);
#2351=EDGE_CURVE('',#2964,#2971,#3303,.T.);
#2352=EDGE_CURVE('',#2972,#2973,#200,.T.);
#2353=EDGE_CURVE('',#2974,#2973,#3304,.T.);
#2354=EDGE_CURVE('',#2974,#2975,#201,.T.);
#2355=EDGE_CURVE('',#2976,#2975,#3305,.T.);
#2356=EDGE_CURVE('',#2977,#2976,#202,.T.);
#2357=EDGE_CURVE('',#2978,#2977,#3306,.T.);
#2358=EDGE_CURVE('',#2979,#2978,#203,.T.);
#2359=EDGE_CURVE('',#2972,#2979,#3307,.T.);
#2360=EDGE_CURVE('',#2980,#2981,#204,.T.);
#2361=EDGE_CURVE('',#2982,#2981,#3308,.T.);
#2362=EDGE_CURVE('',#2982,#2983,#205,.T.);
#2363=EDGE_CURVE('',#2984,#2983,#3309,.T.);
#2364=EDGE_CURVE('',#2985,#2984,#206,.T.);
#2365=EDGE_CURVE('',#2986,#2985,#3310,.T.);
#2366=EDGE_CURVE('',#2987,#2986,#207,.T.);
#2367=EDGE_CURVE('',#2980,#2987,#3311,.T.);
#2368=EDGE_CURVE('',#2988,#2989,#208,.T.);
#2369=EDGE_CURVE('',#2990,#2989,#3312,.T.);
#2370=EDGE_CURVE('',#2990,#2991,#209,.T.);
#2371=EDGE_CURVE('',#2992,#2991,#3313,.T.);
#2372=EDGE_CURVE('',#2993,#2992,#210,.T.);
#2373=EDGE_CURVE('',#2994,#2993,#3314,.T.);
#2374=EDGE_CURVE('',#2995,#2994,#211,.T.);
#2375=EDGE_CURVE('',#2988,#2995,#3315,.T.);
#2376=EDGE_CURVE('',#2996,#2997,#212,.T.);
#2377=EDGE_CURVE('',#2996,#2998,#213,.T.);
#2378=EDGE_CURVE('',#2998,#2999,#214,.T.);
#2379=EDGE_CURVE('',#2997,#2999,#215,.T.);
#2380=EDGE_CURVE('',#3000,#3001,#3316,.T.);
#2381=EDGE_CURVE('',#3000,#3002,#216,.T.);
#2382=EDGE_CURVE('',#3003,#3002,#3317,.T.);
#2383=EDGE_CURVE('',#3003,#3004,#217,.T.);
#2384=EDGE_CURVE('',#3005,#3004,#3318,.T.);
#2385=EDGE_CURVE('',#3006,#3005,#218,.T.);
#2386=EDGE_CURVE('',#3007,#3006,#3319,.T.);
#2387=EDGE_CURVE('',#3001,#3007,#219,.T.);
#2388=EDGE_CURVE('',#3008,#3009,#220,.T.);
#2389=EDGE_CURVE('',#3008,#3010,#221,.T.);
#2390=EDGE_CURVE('',#3010,#3011,#222,.T.);
#2391=EDGE_CURVE('',#3009,#3011,#223,.T.);
#2392=EDGE_CURVE('',#3012,#3012,#3320,.T.);
#2393=EDGE_CURVE('',#3013,#3013,#3321,.T.);
#2394=EDGE_CURVE('',#3014,#3014,#3322,.T.);
#2395=EDGE_CURVE('',#3015,#3015,#3323,.T.);
#2396=EDGE_CURVE('',#3016,#3017,#3324,.T.);
#2397=EDGE_CURVE('',#3017,#3018,#224,.T.);
#2398=EDGE_CURVE('',#3018,#3019,#3325,.T.);
#2399=EDGE_CURVE('',#3019,#3020,#225,.T.);
#2400=EDGE_CURVE('',#3020,#3021,#3326,.T.);
#2401=EDGE_CURVE('',#3022,#3021,#226,.T.);
#2402=EDGE_CURVE('',#3022,#3023,#3327,.T.);
#2403=EDGE_CURVE('',#3016,#3023,#227,.T.);
#2404=EDGE_CURVE('',#3024,#3025,#3328,.T.);
#2405=EDGE_CURVE('',#3025,#3026,#228,.T.);
#2406=EDGE_CURVE('',#3026,#3027,#3329,.T.);
#2407=EDGE_CURVE('',#3027,#3028,#229,.T.);
#2408=EDGE_CURVE('',#3028,#3029,#3330,.T.);
#2409=EDGE_CURVE('',#3030,#3029,#230,.T.);
#2410=EDGE_CURVE('',#3030,#3031,#3331,.T.);
#2411=EDGE_CURVE('',#3024,#3031,#231,.T.);
#2412=EDGE_CURVE('',#3032,#3033,#3332,.T.);
#2413=EDGE_CURVE('',#3033,#3034,#232,.T.);
#2414=EDGE_CURVE('',#3034,#3035,#3333,.T.);
#2415=EDGE_CURVE('',#3035,#3036,#233,.T.);
#2416=EDGE_CURVE('',#3036,#3037,#3334,.T.);
#2417=EDGE_CURVE('',#3038,#3037,#234,.T.);
#2418=EDGE_CURVE('',#3038,#3039,#3335,.T.);
#2419=EDGE_CURVE('',#3032,#3039,#235,.T.);
#2420=EDGE_CURVE('',#3040,#3041,#3336,.T.);
#2421=EDGE_CURVE('',#3041,#3042,#236,.T.);
#2422=EDGE_CURVE('',#3042,#3043,#3337,.T.);
#2423=EDGE_CURVE('',#3044,#3043,#237,.T.);
#2424=EDGE_CURVE('',#3044,#3045,#3338,.T.);
#2425=EDGE_CURVE('',#3046,#3045,#238,.T.);
#2426=EDGE_CURVE('',#3046,#3047,#3339,.T.);
#2427=EDGE_CURVE('',#3047,#3040,#239,.T.);
#2428=EDGE_CURVE('',#3048,#3049,#3340,.T.);
#2429=EDGE_CURVE('',#3049,#3050,#240,.T.);
#2430=EDGE_CURVE('',#3050,#3051,#3341,.T.);
#2431=EDGE_CURVE('',#3052,#3051,#241,.T.);
#2432=EDGE_CURVE('',#3052,#3053,#3342,.T.);
#2433=EDGE_CURVE('',#3054,#3053,#242,.T.);
#2434=EDGE_CURVE('',#3054,#3055,#3343,.T.);
#2435=EDGE_CURVE('',#3055,#3048,#243,.T.);
#2436=EDGE_CURVE('',#3056,#3057,#244,.T.);
#2437=EDGE_CURVE('',#3058,#3056,#3344,.T.);
#2438=EDGE_CURVE('',#3059,#3058,#245,.T.);
#2439=EDGE_CURVE('',#3060,#3059,#3345,.T.);
#2440=EDGE_CURVE('',#3060,#3061,#246,.T.);
#2441=EDGE_CURVE('',#3062,#3061,#3346,.T.);
#2442=EDGE_CURVE('',#3062,#3063,#247,.T.);
#2443=EDGE_CURVE('',#3057,#3063,#3347,.T.);
#2444=EDGE_CURVE('',#3064,#3065,#3348,.T.);
#2445=EDGE_CURVE('',#3066,#3065,#248,.T.);
#2446=EDGE_CURVE('',#3066,#3067,#3349,.T.);
#2447=EDGE_CURVE('',#3068,#3067,#249,.T.);
#2448=EDGE_CURVE('',#3068,#3069,#3350,.T.);
#2449=EDGE_CURVE('',#3069,#3070,#250,.T.);
#2450=EDGE_CURVE('',#3070,#3071,#3351,.T.);
#2451=EDGE_CURVE('',#3071,#3064,#251,.T.);
#2452=EDGE_CURVE('',#3072,#3073,#3352,.T.);
#2453=EDGE_CURVE('',#3074,#3073,#252,.T.);
#2454=EDGE_CURVE('',#3074,#3075,#3353,.T.);
#2455=EDGE_CURVE('',#3075,#3076,#253,.T.);
#2456=EDGE_CURVE('',#3076,#3077,#3354,.T.);
#2457=EDGE_CURVE('',#3077,#3078,#254,.T.);
#2458=EDGE_CURVE('',#3078,#3079,#3355,.T.);
#2459=EDGE_CURVE('',#3072,#3079,#255,.T.);
#2460=EDGE_CURVE('',#3080,#3081,#3356,.T.);
#2461=EDGE_CURVE('',#3082,#3081,#256,.T.);
#2462=EDGE_CURVE('',#3082,#3083,#3357,.T.);
#2463=EDGE_CURVE('',#3083,#3084,#257,.T.);
#2464=EDGE_CURVE('',#3084,#3085,#3358,.T.);
#2465=EDGE_CURVE('',#3085,#3086,#258,.T.);
#2466=EDGE_CURVE('',#3086,#3087,#3359,.T.);
#2467=EDGE_CURVE('',#3080,#3087,#259,.T.);
#2468=EDGE_CURVE('',#3088,#3089,#3360,.T.);
#2469=EDGE_CURVE('',#3090,#3089,#260,.T.);
#2470=EDGE_CURVE('',#3090,#3091,#3361,.T.);
#2471=EDGE_CURVE('',#3091,#3092,#261,.T.);
#2472=EDGE_CURVE('',#3092,#3093,#3362,.T.);
#2473=EDGE_CURVE('',#3093,#3094,#262,.T.);
#2474=EDGE_CURVE('',#3094,#3095,#3363,.T.);
#2475=EDGE_CURVE('',#3088,#3095,#263,.T.);
#2476=EDGE_CURVE('',#3096,#3097,#3364,.T.);
#2477=EDGE_CURVE('',#3098,#3097,#264,.T.);
#2478=EDGE_CURVE('',#3098,#3099,#3365,.T.);
#2479=EDGE_CURVE('',#3099,#3100,#265,.T.);
#2480=EDGE_CURVE('',#3100,#3101,#3366,.T.);
#2481=EDGE_CURVE('',#3101,#3102,#266,.T.);
#2482=EDGE_CURVE('',#3102,#3103,#3367,.T.);
#2483=EDGE_CURVE('',#3096,#3103,#267,.T.);
#2484=EDGE_CURVE('',#3104,#3105,#3368,.T.);
#2485=EDGE_CURVE('',#3106,#3105,#268,.T.);
#2486=EDGE_CURVE('',#3106,#3107,#3369,.T.);
#2487=EDGE_CURVE('',#3107,#3108,#269,.T.);
#2488=EDGE_CURVE('',#3108,#3109,#3370,.T.);
#2489=EDGE_CURVE('',#3109,#3110,#270,.T.);
#2490=EDGE_CURVE('',#3110,#3111,#3371,.T.);
#2491=EDGE_CURVE('',#3104,#3111,#271,.T.);
#2492=EDGE_CURVE('',#3112,#3113,#3372,.T.);
#2493=EDGE_CURVE('',#3114,#3113,#272,.T.);
#2494=EDGE_CURVE('',#3114,#3115,#3373,.T.);
#2495=EDGE_CURVE('',#3115,#3116,#273,.T.);
#2496=EDGE_CURVE('',#3116,#3117,#3374,.T.);
#2497=EDGE_CURVE('',#3117,#3118,#274,.T.);
#2498=EDGE_CURVE('',#3118,#3119,#3375,.T.);
#2499=EDGE_CURVE('',#3112,#3119,#275,.T.);
#2500=EDGE_CURVE('',#3120,#3121,#3376,.T.);
#2501=EDGE_CURVE('',#3122,#3121,#276,.T.);
#2502=EDGE_CURVE('',#3122,#3123,#3377,.T.);
#2503=EDGE_CURVE('',#3123,#3124,#277,.T.);
#2504=EDGE_CURVE('',#3124,#3125,#3378,.T.);
#2505=EDGE_CURVE('',#3125,#3126,#278,.T.);
#2506=EDGE_CURVE('',#3126,#3127,#3379,.T.);
#2507=EDGE_CURVE('',#3120,#3127,#279,.T.);
#2508=EDGE_CURVE('',#3128,#3129,#3380,.T.);
#2509=EDGE_CURVE('',#3130,#3129,#280,.T.);
#2510=EDGE_CURVE('',#3130,#3131,#3381,.T.);
#2511=EDGE_CURVE('',#3131,#3132,#281,.T.);
#2512=EDGE_CURVE('',#3132,#3133,#3382,.T.);
#2513=EDGE_CURVE('',#3133,#3134,#282,.T.);
#2514=EDGE_CURVE('',#3134,#3135,#3383,.T.);
#2515=EDGE_CURVE('',#3128,#3135,#283,.T.);
#2516=EDGE_CURVE('',#3136,#3137,#3384,.T.);
#2517=EDGE_CURVE('',#3138,#3137,#284,.T.);
#2518=EDGE_CURVE('',#3138,#3139,#3385,.T.);
#2519=EDGE_CURVE('',#3139,#3140,#285,.T.);
#2520=EDGE_CURVE('',#3140,#3141,#3386,.T.);
#2521=EDGE_CURVE('',#3141,#3142,#286,.T.);
#2522=EDGE_CURVE('',#3142,#3143,#3387,.T.);
#2523=EDGE_CURVE('',#3136,#3143,#287,.T.);
#2524=EDGE_CURVE('',#3144,#3145,#3388,.T.);
#2525=EDGE_CURVE('',#3146,#3145,#288,.T.);
#2526=EDGE_CURVE('',#3146,#3147,#3389,.T.);
#2527=EDGE_CURVE('',#3147,#3148,#289,.T.);
#2528=EDGE_CURVE('',#3148,#3149,#3390,.T.);
#2529=EDGE_CURVE('',#3149,#3150,#290,.T.);
#2530=EDGE_CURVE('',#3150,#3151,#3391,.T.);
#2531=EDGE_CURVE('',#3144,#3151,#291,.T.);
#2532=EDGE_CURVE('',#3152,#3153,#3392,.T.);
#2533=EDGE_CURVE('',#3154,#3153,#292,.T.);
#2534=EDGE_CURVE('',#3154,#3155,#3393,.T.);
#2535=EDGE_CURVE('',#3155,#3156,#293,.T.);
#2536=EDGE_CURVE('',#3156,#3157,#3394,.T.);
#2537=EDGE_CURVE('',#3157,#3158,#294,.T.);
#2538=EDGE_CURVE('',#3158,#3159,#3395,.T.);
#2539=EDGE_CURVE('',#3152,#3159,#295,.T.);
#2540=EDGE_CURVE('',#3160,#3161,#3396,.T.);
#2541=EDGE_CURVE('',#3162,#3161,#296,.T.);
#2542=EDGE_CURVE('',#3162,#3163,#3397,.T.);
#2543=EDGE_CURVE('',#3163,#3164,#297,.T.);
#2544=EDGE_CURVE('',#3164,#3165,#3398,.T.);
#2545=EDGE_CURVE('',#3165,#3166,#298,.T.);
#2546=EDGE_CURVE('',#3166,#3167,#3399,.T.);
#2547=EDGE_CURVE('',#3160,#3167,#299,.T.);
#2548=EDGE_CURVE('',#3168,#3169,#3400,.T.);
#2549=EDGE_CURVE('',#3170,#3169,#300,.T.);
#2550=EDGE_CURVE('',#3170,#3171,#3401,.T.);
#2551=EDGE_CURVE('',#3171,#3172,#301,.T.);
#2552=EDGE_CURVE('',#3172,#3173,#3402,.T.);
#2553=EDGE_CURVE('',#3173,#3174,#302,.T.);
#2554=EDGE_CURVE('',#3174,#3175,#3403,.T.);
#2555=EDGE_CURVE('',#3168,#3175,#303,.T.);
#2556=EDGE_CURVE('',#3176,#3177,#3404,.T.);
#2557=EDGE_CURVE('',#3178,#3177,#304,.T.);
#2558=EDGE_CURVE('',#3178,#3179,#3405,.T.);
#2559=EDGE_CURVE('',#3179,#3180,#305,.T.);
#2560=EDGE_CURVE('',#3180,#3181,#3406,.T.);
#2561=EDGE_CURVE('',#3181,#3182,#306,.T.);
#2562=EDGE_CURVE('',#3182,#3183,#3407,.T.);
#2563=EDGE_CURVE('',#3176,#3183,#307,.T.);
#2564=EDGE_CURVE('',#3184,#3185,#3408,.T.);
#2565=EDGE_CURVE('',#3186,#3185,#308,.T.);
#2566=EDGE_CURVE('',#3186,#3187,#3409,.T.);
#2567=EDGE_CURVE('',#3187,#3188,#309,.T.);
#2568=EDGE_CURVE('',#3188,#3189,#3410,.T.);
#2569=EDGE_CURVE('',#3189,#3190,#310,.T.);
#2570=EDGE_CURVE('',#3190,#3191,#3411,.T.);
#2571=EDGE_CURVE('',#3184,#3191,#311,.T.);
#2572=EDGE_CURVE('',#3192,#3193,#3412,.T.);
#2573=EDGE_CURVE('',#3194,#3193,#312,.T.);
#2574=EDGE_CURVE('',#3194,#3195,#3413,.T.);
#2575=EDGE_CURVE('',#3195,#3196,#313,.T.);
#2576=EDGE_CURVE('',#3196,#3197,#3414,.T.);
#2577=EDGE_CURVE('',#3197,#3198,#314,.T.);
#2578=EDGE_CURVE('',#3198,#3199,#3415,.T.);
#2579=EDGE_CURVE('',#3192,#3199,#315,.T.);
#2580=EDGE_CURVE('',#3200,#3201,#3416,.T.);
#2581=EDGE_CURVE('',#3202,#3201,#316,.T.);
#2582=EDGE_CURVE('',#3202,#3203,#3417,.T.);
#2583=EDGE_CURVE('',#3203,#3204,#317,.T.);
#2584=EDGE_CURVE('',#3204,#3205,#3418,.T.);
#2585=EDGE_CURVE('',#3205,#3206,#318,.T.);
#2586=EDGE_CURVE('',#3206,#3207,#3419,.T.);
#2587=EDGE_CURVE('',#3200,#3207,#319,.T.);
#2588=EDGE_CURVE('',#3208,#3209,#320,.T.);
#2589=EDGE_CURVE('',#3208,#3210,#3420,.T.);
#2590=EDGE_CURVE('',#3210,#3211,#321,.T.);
#2591=EDGE_CURVE('',#3211,#3212,#3421,.T.);
#2592=EDGE_CURVE('',#3212,#3213,#322,.T.);
#2593=EDGE_CURVE('',#3213,#3214,#3422,.T.);
#2594=EDGE_CURVE('',#3215,#3214,#323,.T.);
#2595=EDGE_CURVE('',#3215,#3209,#3423,.T.);
#2596=EDGE_CURVE('',#2909,#3057,#324,.T.);
#2597=EDGE_CURVE('',#2908,#3056,#325,.T.);
#2598=EDGE_CURVE('',#2910,#3063,#326,.T.);
#2599=EDGE_CURVE('',#2911,#3062,#327,.T.);
#2600=EDGE_CURVE('',#2912,#3061,#328,.T.);
#2601=EDGE_CURVE('',#2913,#3060,#329,.T.);
#2602=EDGE_CURVE('',#2914,#3059,#330,.T.);
#2603=EDGE_CURVE('',#2915,#3058,#331,.T.);
#2604=EDGE_CURVE('',#2901,#3065,#332,.T.);
#2605=EDGE_CURVE('',#2900,#3066,#333,.T.);
#2606=EDGE_CURVE('',#2907,#3067,#334,.T.);
#2607=EDGE_CURVE('',#2906,#3068,#335,.T.);
#2608=EDGE_CURVE('',#2905,#3069,#336,.T.);
#2609=EDGE_CURVE('',#2904,#3070,#337,.T.);
#2610=EDGE_CURVE('',#2903,#3071,#338,.T.);
#2611=EDGE_CURVE('',#2902,#3064,#339,.T.);
#2612=EDGE_CURVE('',#2917,#3073,#340,.T.);
#2613=EDGE_CURVE('',#2916,#3074,#341,.T.);
#2614=EDGE_CURVE('',#2923,#3075,#342,.T.);
#2615=EDGE_CURVE('',#2922,#3076,#343,.T.);
#2616=EDGE_CURVE('',#2921,#3077,#344,.T.);
#2617=EDGE_CURVE('',#2920,#3078,#345,.T.);
#2618=EDGE_CURVE('',#2919,#3079,#346,.T.);
#2619=EDGE_CURVE('',#2918,#3072,#347,.T.);
#2620=EDGE_CURVE('',#2893,#3081,#348,.T.);
#2621=EDGE_CURVE('',#2892,#3082,#349,.T.);
#2622=EDGE_CURVE('',#2899,#3083,#350,.T.);
#2623=EDGE_CURVE('',#2898,#3084,#351,.T.);
#2624=EDGE_CURVE('',#2897,#3085,#352,.T.);
#2625=EDGE_CURVE('',#2896,#3086,#353,.T.);
#2626=EDGE_CURVE('',#2895,#3087,#354,.T.);
#2627=EDGE_CURVE('',#2894,#3080,#355,.T.);
#2628=EDGE_CURVE('',#2925,#3089,#356,.T.);
#2629=EDGE_CURVE('',#2924,#3090,#357,.T.);
#2630=EDGE_CURVE('',#2931,#3091,#358,.T.);
#2631=EDGE_CURVE('',#2930,#3092,#359,.T.);
#2632=EDGE_CURVE('',#2929,#3093,#360,.T.);
#2633=EDGE_CURVE('',#2928,#3094,#361,.T.);
#2634=EDGE_CURVE('',#2927,#3095,#362,.T.);
#2635=EDGE_CURVE('',#2926,#3088,#363,.T.);
#2636=EDGE_CURVE('',#2885,#3097,#364,.T.);
#2637=EDGE_CURVE('',#2884,#3098,#365,.T.);
#2638=EDGE_CURVE('',#2891,#3099,#366,.T.);
#2639=EDGE_CURVE('',#2890,#3100,#367,.T.);
#2640=EDGE_CURVE('',#2889,#3101,#368,.T.);
#2641=EDGE_CURVE('',#2888,#3102,#369,.T.);
#2642=EDGE_CURVE('',#2887,#3103,#370,.T.);
#2643=EDGE_CURVE('',#2886,#3096,#371,.T.);
#2644=EDGE_CURVE('',#2933,#3105,#372,.T.);
#2645=EDGE_CURVE('',#2932,#3106,#373,.T.);
#2646=EDGE_CURVE('',#2939,#3107,#374,.T.);
#2647=EDGE_CURVE('',#2938,#3108,#375,.T.);
#2648=EDGE_CURVE('',#2937,#3109,#376,.T.);
#2649=EDGE_CURVE('',#2936,#3110,#377,.T.);
#2650=EDGE_CURVE('',#2935,#3111,#378,.T.);
#2651=EDGE_CURVE('',#2934,#3104,#379,.T.);
#2652=EDGE_CURVE('',#2877,#3113,#380,.T.);
#2653=EDGE_CURVE('',#2876,#3114,#381,.T.);
#2654=EDGE_CURVE('',#2883,#3115,#382,.T.);
#2655=EDGE_CURVE('',#2882,#3116,#383,.T.);
#2656=EDGE_CURVE('',#2881,#3117,#384,.T.);
#2657=EDGE_CURVE('',#2880,#3118,#385,.T.);
#2658=EDGE_CURVE('',#2879,#3119,#386,.T.);
#2659=EDGE_CURVE('',#2878,#3112,#387,.T.);
#2660=EDGE_CURVE('',#2941,#3121,#388,.T.);
#2661=EDGE_CURVE('',#2940,#3122,#389,.T.);
#2662=EDGE_CURVE('',#2947,#3123,#390,.T.);
#2663=EDGE_CURVE('',#2946,#3124,#391,.T.);
#2664=EDGE_CURVE('',#2945,#3125,#392,.T.);
#2665=EDGE_CURVE('',#2944,#3126,#393,.T.);
#2666=EDGE_CURVE('',#2943,#3127,#394,.T.);
#2667=EDGE_CURVE('',#2942,#3120,#395,.T.);
#2668=EDGE_CURVE('',#2870,#3048,#396,.T.);
#2669=EDGE_CURVE('',#2868,#3049,#397,.T.);
#2670=EDGE_CURVE('',#2869,#3050,#398,.T.);
#2671=EDGE_CURVE('',#2875,#3051,#399,.T.);
#2672=EDGE_CURVE('',#2874,#3052,#400,.T.);
#2673=EDGE_CURVE('',#2873,#3053,#401,.T.);
#2674=EDGE_CURVE('',#2872,#3054,#402,.T.);
#2675=EDGE_CURVE('',#2871,#3055,#403,.T.);
#2676=EDGE_CURVE('',#2861,#3129,#404,.T.);
#2677=EDGE_CURVE('',#2860,#3130,#405,.T.);
#2678=EDGE_CURVE('',#2867,#3131,#406,.T.);
#2679=EDGE_CURVE('',#2866,#3132,#407,.T.);
#2680=EDGE_CURVE('',#2865,#3133,#408,.T.);
#2681=EDGE_CURVE('',#2864,#3134,#409,.T.);
#2682=EDGE_CURVE('',#2863,#3135,#410,.T.);
#2683=EDGE_CURVE('',#2862,#3128,#411,.T.);
#2684=EDGE_CURVE('',#2950,#3040,#412,.T.);
#2685=EDGE_CURVE('',#2948,#3041,#413,.T.);
#2686=EDGE_CURVE('',#2949,#3042,#414,.T.);
#2687=EDGE_CURVE('',#2955,#3043,#415,.T.);
#2688=EDGE_CURVE('',#2954,#3044,#416,.T.);
#2689=EDGE_CURVE('',#2953,#3045,#417,.T.);
#2690=EDGE_CURVE('',#2952,#3046,#418,.T.);
#2691=EDGE_CURVE('',#2951,#3047,#419,.T.);
#2692=EDGE_CURVE('',#2957,#3137,#420,.T.);
#2693=EDGE_CURVE('',#2956,#3138,#421,.T.);
#2694=EDGE_CURVE('',#2963,#3139,#422,.T.);
#2695=EDGE_CURVE('',#2962,#3140,#423,.T.);
#2696=EDGE_CURVE('',#2961,#3141,#424,.T.);
#2697=EDGE_CURVE('',#2960,#3142,#425,.T.);
#2698=EDGE_CURVE('',#2959,#3143,#426,.T.);
#2699=EDGE_CURVE('',#2958,#3136,#427,.T.);
#2700=EDGE_CURVE('',#2854,#3032,#428,.T.);
#2701=EDGE_CURVE('',#2852,#3033,#429,.T.);
#2702=EDGE_CURVE('',#2853,#3034,#430,.T.);
#2703=EDGE_CURVE('',#2859,#3035,#431,.T.);
#2704=EDGE_CURVE('',#2858,#3036,#432,.T.);
#2705=EDGE_CURVE('',#2857,#3037,#433,.T.);
#2706=EDGE_CURVE('',#2856,#3038,#434,.T.);
#2707=EDGE_CURVE('',#2855,#3039,#435,.T.);
#2708=EDGE_CURVE('',#2846,#3024,#436,.T.);
#2709=EDGE_CURVE('',#2844,#3025,#437,.T.);
#2710=EDGE_CURVE('',#2845,#3026,#438,.T.);
#2711=EDGE_CURVE('',#2851,#3027,#439,.T.);
#2712=EDGE_CURVE('',#2850,#3028,#440,.T.);
#2713=EDGE_CURVE('',#2849,#3029,#441,.T.);
#2714=EDGE_CURVE('',#2848,#3030,#442,.T.);
#2715=EDGE_CURVE('',#2847,#3031,#443,.T.);
#2716=EDGE_CURVE('',#2838,#3016,#444,.T.);
#2717=EDGE_CURVE('',#2836,#3017,#445,.T.);
#2718=EDGE_CURVE('',#2837,#3018,#446,.T.);
#2719=EDGE_CURVE('',#2843,#3019,#447,.T.);
#2720=EDGE_CURVE('',#2842,#3020,#448,.T.);
#2721=EDGE_CURVE('',#2841,#3021,#449,.T.);
#2722=EDGE_CURVE('',#2840,#3022,#450,.T.);
#2723=EDGE_CURVE('',#2839,#3023,#451,.T.);
#2724=EDGE_CURVE('',#2829,#3145,#452,.T.);
#2725=EDGE_CURVE('',#2828,#3146,#453,.T.);
#2726=EDGE_CURVE('',#2835,#3147,#454,.T.);
#2727=EDGE_CURVE('',#2834,#3148,#455,.T.);
#2728=EDGE_CURVE('',#2833,#3149,#456,.T.);
#2729=EDGE_CURVE('',#2832,#3150,#457,.T.);
#2730=EDGE_CURVE('',#2831,#3151,#458,.T.);
#2731=EDGE_CURVE('',#2830,#3144,#459,.T.);
#2732=EDGE_CURVE('',#2965,#3153,#460,.T.);
#2733=EDGE_CURVE('',#2964,#3154,#461,.T.);
#2734=EDGE_CURVE('',#2971,#3155,#462,.T.);
#2735=EDGE_CURVE('',#2970,#3156,#463,.T.);
#2736=EDGE_CURVE('',#2969,#3157,#464,.T.);
#2737=EDGE_CURVE('',#2968,#3158,#465,.T.);
#2738=EDGE_CURVE('',#2967,#3159,#466,.T.);
#2739=EDGE_CURVE('',#2966,#3152,#467,.T.);
#2740=EDGE_CURVE('',#2821,#3161,#468,.T.);
#2741=EDGE_CURVE('',#2820,#3162,#469,.T.);
#2742=EDGE_CURVE('',#2827,#3163,#470,.T.);
#2743=EDGE_CURVE('',#2826,#3164,#471,.T.);
#2744=EDGE_CURVE('',#2825,#3165,#472,.T.);
#2745=EDGE_CURVE('',#2824,#3166,#473,.T.);
#2746=EDGE_CURVE('',#2823,#3167,#474,.T.);
#2747=EDGE_CURVE('',#2822,#3160,#475,.T.);
#2748=EDGE_CURVE('',#2973,#3169,#476,.T.);
#2749=EDGE_CURVE('',#2972,#3170,#477,.T.);
#2750=EDGE_CURVE('',#2979,#3171,#478,.T.);
#2751=EDGE_CURVE('',#2978,#3172,#479,.T.);
#2752=EDGE_CURVE('',#2977,#3173,#480,.T.);
#2753=EDGE_CURVE('',#2976,#3174,#481,.T.);
#2754=EDGE_CURVE('',#2975,#3175,#482,.T.);
#2755=EDGE_CURVE('',#2974,#3168,#483,.T.);
#2756=EDGE_CURVE('',#2813,#3177,#484,.T.);
#2757=EDGE_CURVE('',#2812,#3178,#485,.T.);
#2758=EDGE_CURVE('',#2819,#3179,#486,.T.);
#2759=EDGE_CURVE('',#2818,#3180,#487,.T.);
#2760=EDGE_CURVE('',#2817,#3181,#488,.T.);
#2761=EDGE_CURVE('',#2816,#3182,#489,.T.);
#2762=EDGE_CURVE('',#2815,#3183,#490,.T.);
#2763=EDGE_CURVE('',#2814,#3176,#491,.T.);
#2764=EDGE_CURVE('',#2981,#3185,#492,.T.);
#2765=EDGE_CURVE('',#2980,#3186,#493,.T.);
#2766=EDGE_CURVE('',#2987,#3187,#494,.T.);
#2767=EDGE_CURVE('',#2986,#3188,#495,.T.);
#2768=EDGE_CURVE('',#2985,#3189,#496,.T.);
#2769=EDGE_CURVE('',#2984,#3190,#497,.T.);
#2770=EDGE_CURVE('',#2983,#3191,#498,.T.);
#2771=EDGE_CURVE('',#2982,#3184,#499,.T.);
#2772=EDGE_CURVE('',#2805,#3193,#500,.T.);
#2773=EDGE_CURVE('',#2804,#3194,#501,.T.);
#2774=EDGE_CURVE('',#2811,#3195,#502,.T.);
#2775=EDGE_CURVE('',#2810,#3196,#503,.T.);
#2776=EDGE_CURVE('',#2809,#3197,#504,.T.);
#2777=EDGE_CURVE('',#2808,#3198,#505,.T.);
#2778=EDGE_CURVE('',#2807,#3199,#506,.T.);
#2779=EDGE_CURVE('',#2806,#3192,#507,.T.);
#2780=EDGE_CURVE('',#2989,#3201,#508,.T.);
#2781=EDGE_CURVE('',#2988,#3202,#509,.T.);
#2782=EDGE_CURVE('',#2995,#3203,#510,.T.);
#2783=EDGE_CURVE('',#2994,#3204,#511,.T.);
#2784=EDGE_CURVE('',#2993,#3205,#512,.T.);
#2785=EDGE_CURVE('',#2992,#3206,#513,.T.);
#2786=EDGE_CURVE('',#2991,#3207,#514,.T.);
#2787=EDGE_CURVE('',#2990,#3200,#515,.T.);
#2788=EDGE_CURVE('',#3008,#2996,#516,.T.);
#2789=EDGE_CURVE('',#3009,#2998,#517,.T.);
#2790=EDGE_CURVE('',#3010,#2997,#518,.T.);
#2791=EDGE_CURVE('',#3011,#2999,#519,.T.);
#2792=EDGE_CURVE('',#3208,#3000,#520,.T.);
#2793=EDGE_CURVE('',#3209,#3002,#521,.T.);
#2794=EDGE_CURVE('',#3210,#3001,#522,.T.);
#2795=EDGE_CURVE('',#3211,#3007,#523,.T.);
#2796=EDGE_CURVE('',#3212,#3006,#524,.T.);
#2797=EDGE_CURVE('',#3213,#3005,#525,.T.);
#2798=EDGE_CURVE('',#3214,#3004,#526,.T.);
#2799=EDGE_CURVE('',#3215,#3003,#527,.T.);
#2800=VERTEX_POINT('',#5968);
#2801=VERTEX_POINT('',#5970);
#2802=VERTEX_POINT('',#5972);
#2803=VERTEX_POINT('',#5974);
#2804=VERTEX_POINT('',#5976);
#2805=VERTEX_POINT('',#5977);
#2806=VERTEX_POINT('',#5979);
#2807=VERTEX_POINT('',#5981);
#2808=VERTEX_POINT('',#5983);
#2809=VERTEX_POINT('',#5985);
#2810=VERTEX_POINT('',#5987);
#2811=VERTEX_POINT('',#5989);
#2812=VERTEX_POINT('',#5992);
#2813=VERTEX_POINT('',#5993);
#2814=VERTEX_POINT('',#5995);
#2815=VERTEX_POINT('',#5997);
#2816=VERTEX_POINT('',#5999);
#2817=VERTEX_POINT('',#6001);
#2818=VERTEX_POINT('',#6003);
#2819=VERTEX_POINT('',#6005);
#2820=VERTEX_POINT('',#6008);
#2821=VERTEX_POINT('',#6009);
#2822=VERTEX_POINT('',#6011);
#2823=VERTEX_POINT('',#6013);
#2824=VERTEX_POINT('',#6015);
#2825=VERTEX_POINT('',#6017);
#2826=VERTEX_POINT('',#6019);
#2827=VERTEX_POINT('',#6021);
#2828=VERTEX_POINT('',#6024);
#2829=VERTEX_POINT('',#6025);
#2830=VERTEX_POINT('',#6027);
#2831=VERTEX_POINT('',#6029);
#2832=VERTEX_POINT('',#6031);
#2833=VERTEX_POINT('',#6033);
#2834=VERTEX_POINT('',#6035);
#2835=VERTEX_POINT('',#6037);
#2836=VERTEX_POINT('',#6040);
#2837=VERTEX_POINT('',#6041);
#2838=VERTEX_POINT('',#6043);
#2839=VERTEX_POINT('',#6045);
#2840=VERTEX_POINT('',#6047);
#2841=VERTEX_POINT('',#6049);
#2842=VERTEX_POINT('',#6051);
#2843=VERTEX_POINT('',#6053);
#2844=VERTEX_POINT('',#6056);
#2845=VERTEX_POINT('',#6057);
#2846=VERTEX_POINT('',#6059);
#2847=VERTEX_POINT('',#6061);
#2848=VERTEX_POINT('',#6063);
#2849=VERTEX_POINT('',#6065);
#2850=VERTEX_POINT('',#6067);
#2851=VERTEX_POINT('',#6069);
#2852=VERTEX_POINT('',#6072);
#2853=VERTEX_POINT('',#6073);
#2854=VERTEX_POINT('',#6075);
#2855=VERTEX_POINT('',#6077);
#2856=VERTEX_POINT('',#6079);
#2857=VERTEX_POINT('',#6081);
#2858=VERTEX_POINT('',#6083);
#2859=VERTEX_POINT('',#6085);
#2860=VERTEX_POINT('',#6088);
#2861=VERTEX_POINT('',#6089);
#2862=VERTEX_POINT('',#6091);
#2863=VERTEX_POINT('',#6093);
#2864=VERTEX_POINT('',#6095);
#2865=VERTEX_POINT('',#6097);
#2866=VERTEX_POINT('',#6099);
#2867=VERTEX_POINT('',#6101);
#2868=VERTEX_POINT('',#6104);
#2869=VERTEX_POINT('',#6105);
#2870=VERTEX_POINT('',#6107);
#2871=VERTEX_POINT('',#6109);
#2872=VERTEX_POINT('',#6111);
#2873=VERTEX_POINT('',#6113);
#2874=VERTEX_POINT('',#6115);
#2875=VERTEX_POINT('',#6117);
#2876=VERTEX_POINT('',#6120);
#2877=VERTEX_POINT('',#6121);
#2878=VERTEX_POINT('',#6123);
#2879=VERTEX_POINT('',#6125);
#2880=VERTEX_POINT('',#6127);
#2881=VERTEX_POINT('',#6129);
#2882=VERTEX_POINT('',#6131);
#2883=VERTEX_POINT('',#6133);
#2884=VERTEX_POINT('',#6136);
#2885=VERTEX_POINT('',#6137);
#2886=VERTEX_POINT('',#6139);
#2887=VERTEX_POINT('',#6141);
#2888=VERTEX_POINT('',#6143);
#2889=VERTEX_POINT('',#6145);
#2890=VERTEX_POINT('',#6147);
#2891=VERTEX_POINT('',#6149);
#2892=VERTEX_POINT('',#6152);
#2893=VERTEX_POINT('',#6153);
#2894=VERTEX_POINT('',#6155);
#2895=VERTEX_POINT('',#6157);
#2896=VERTEX_POINT('',#6159);
#2897=VERTEX_POINT('',#6161);
#2898=VERTEX_POINT('',#6163);
#2899=VERTEX_POINT('',#6165);
#2900=VERTEX_POINT('',#6168);
#2901=VERTEX_POINT('',#6169);
#2902=VERTEX_POINT('',#6171);
#2903=VERTEX_POINT('',#6173);
#2904=VERTEX_POINT('',#6175);
#2905=VERTEX_POINT('',#6177);
#2906=VERTEX_POINT('',#6179);
#2907=VERTEX_POINT('',#6181);
#2908=VERTEX_POINT('',#6184);
#2909=VERTEX_POINT('',#6185);
#2910=VERTEX_POINT('',#6187);
#2911=VERTEX_POINT('',#6189);
#2912=VERTEX_POINT('',#6191);
#2913=VERTEX_POINT('',#6193);
#2914=VERTEX_POINT('',#6195);
#2915=VERTEX_POINT('',#6197);
#2916=VERTEX_POINT('',#6200);
#2917=VERTEX_POINT('',#6201);
#2918=VERTEX_POINT('',#6203);
#2919=VERTEX_POINT('',#6205);
#2920=VERTEX_POINT('',#6207);
#2921=VERTEX_POINT('',#6209);
#2922=VERTEX_POINT('',#6211);
#2923=VERTEX_POINT('',#6213);
#2924=VERTEX_POINT('',#6216);
#2925=VERTEX_POINT('',#6217);
#2926=VERTEX_POINT('',#6219);
#2927=VERTEX_POINT('',#6221);
#2928=VERTEX_POINT('',#6223);
#2929=VERTEX_POINT('',#6225);
#2930=VERTEX_POINT('',#6227);
#2931=VERTEX_POINT('',#6229);
#2932=VERTEX_POINT('',#6232);
#2933=VERTEX_POINT('',#6233);
#2934=VERTEX_POINT('',#6235);
#2935=VERTEX_POINT('',#6237);
#2936=VERTEX_POINT('',#6239);
#2937=VERTEX_POINT('',#6241);
#2938=VERTEX_POINT('',#6243);
#2939=VERTEX_POINT('',#6245);
#2940=VERTEX_POINT('',#6248);
#2941=VERTEX_POINT('',#6249);
#2942=VERTEX_POINT('',#6251);
#2943=VERTEX_POINT('',#6253);
#2944=VERTEX_POINT('',#6255);
#2945=VERTEX_POINT('',#6257);
#2946=VERTEX_POINT('',#6259);
#2947=VERTEX_POINT('',#6261);
#2948=VERTEX_POINT('',#6264);
#2949=VERTEX_POINT('',#6265);
#2950=VERTEX_POINT('',#6267);
#2951=VERTEX_POINT('',#6269);
#2952=VERTEX_POINT('',#6271);
#2953=VERTEX_POINT('',#6273);
#2954=VERTEX_POINT('',#6275);
#2955=VERTEX_POINT('',#6277);
#2956=VERTEX_POINT('',#6280);
#2957=VERTEX_POINT('',#6281);
#2958=VERTEX_POINT('',#6283);
#2959=VERTEX_POINT('',#6285);
#2960=VERTEX_POINT('',#6287);
#2961=VERTEX_POINT('',#6289);
#2962=VERTEX_POINT('',#6291);
#2963=VERTEX_POINT('',#6293);
#2964=VERTEX_POINT('',#6296);
#2965=VERTEX_POINT('',#6297);
#2966=VERTEX_POINT('',#6299);
#2967=VERTEX_POINT('',#6301);
#2968=VERTEX_POINT('',#6303);
#2969=VERTEX_POINT('',#6305);
#2970=VERTEX_POINT('',#6307);
#2971=VERTEX_POINT('',#6309);
#2972=VERTEX_POINT('',#6312);
#2973=VERTEX_POINT('',#6313);
#2974=VERTEX_POINT('',#6315);
#2975=VERTEX_POINT('',#6317);
#2976=VERTEX_POINT('',#6319);
#2977=VERTEX_POINT('',#6321);
#2978=VERTEX_POINT('',#6323);
#2979=VERTEX_POINT('',#6325);
#2980=VERTEX_POINT('',#6328);
#2981=VERTEX_POINT('',#6329);
#2982=VERTEX_POINT('',#6331);
#2983=VERTEX_POINT('',#6333);
#2984=VERTEX_POINT('',#6335);
#2985=VERTEX_POINT('',#6337);
#2986=VERTEX_POINT('',#6339);
#2987=VERTEX_POINT('',#6341);
#2988=VERTEX_POINT('',#6344);
#2989=VERTEX_POINT('',#6345);
#2990=VERTEX_POINT('',#6347);
#2991=VERTEX_POINT('',#6349);
#2992=VERTEX_POINT('',#6351);
#2993=VERTEX_POINT('',#6353);
#2994=VERTEX_POINT('',#6355);
#2995=VERTEX_POINT('',#6357);
#2996=VERTEX_POINT('',#6360);
#2997=VERTEX_POINT('',#6361);
#2998=VERTEX_POINT('',#6363);
#2999=VERTEX_POINT('',#6365);
#3000=VERTEX_POINT('',#6368);
#3001=VERTEX_POINT('',#6369);
#3002=VERTEX_POINT('',#6371);
#3003=VERTEX_POINT('',#6373);
#3004=VERTEX_POINT('',#6375);
#3005=VERTEX_POINT('',#6377);
#3006=VERTEX_POINT('',#6379);
#3007=VERTEX_POINT('',#6381);
#3008=VERTEX_POINT('',#6385);
#3009=VERTEX_POINT('',#6386);
#3010=VERTEX_POINT('',#6388);
#3011=VERTEX_POINT('',#6390);
#3012=VERTEX_POINT('',#6393);
#3013=VERTEX_POINT('',#6395);
#3014=VERTEX_POINT('',#6397);
#3015=VERTEX_POINT('',#6399);
#3016=VERTEX_POINT('',#6401);
#3017=VERTEX_POINT('',#6402);
#3018=VERTEX_POINT('',#6404);
#3019=VERTEX_POINT('',#6406);
#3020=VERTEX_POINT('',#6408);
#3021=VERTEX_POINT('',#6410);
#3022=VERTEX_POINT('',#6412);
#3023=VERTEX_POINT('',#6414);
#3024=VERTEX_POINT('',#6417);
#3025=VERTEX_POINT('',#6418);
#3026=VERTEX_POINT('',#6420);
#3027=VERTEX_POINT('',#6422);
#3028=VERTEX_POINT('',#6424);
#3029=VERTEX_POINT('',#6426);
#3030=VERTEX_POINT('',#6428);
#3031=VERTEX_POINT('',#6430);
#3032=VERTEX_POINT('',#6433);
#3033=VERTEX_POINT('',#6434);
#3034=VERTEX_POINT('',#6436);
#3035=VERTEX_POINT('',#6438);
#3036=VERTEX_POINT('',#6440);
#3037=VERTEX_POINT('',#6442);
#3038=VERTEX_POINT('',#6444);
#3039=VERTEX_POINT('',#6446);
#3040=VERTEX_POINT('',#6449);
#3041=VERTEX_POINT('',#6450);
#3042=VERTEX_POINT('',#6452);
#3043=VERTEX_POINT('',#6454);
#3044=VERTEX_POINT('',#6456);
#3045=VERTEX_POINT('',#6458);
#3046=VERTEX_POINT('',#6460);
#3047=VERTEX_POINT('',#6462);
#3048=VERTEX_POINT('',#6465);
#3049=VERTEX_POINT('',#6466);
#3050=VERTEX_POINT('',#6468);
#3051=VERTEX_POINT('',#6470);
#3052=VERTEX_POINT('',#6472);
#3053=VERTEX_POINT('',#6474);
#3054=VERTEX_POINT('',#6476);
#3055=VERTEX_POINT('',#6478);
#3056=VERTEX_POINT('',#6481);
#3057=VERTEX_POINT('',#6482);
#3058=VERTEX_POINT('',#6484);
#3059=VERTEX_POINT('',#6486);
#3060=VERTEX_POINT('',#6488);
#3061=VERTEX_POINT('',#6490);
#3062=VERTEX_POINT('',#6492);
#3063=VERTEX_POINT('',#6494);
#3064=VERTEX_POINT('',#6497);
#3065=VERTEX_POINT('',#6498);
#3066=VERTEX_POINT('',#6500);
#3067=VERTEX_POINT('',#6502);
#3068=VERTEX_POINT('',#6504);
#3069=VERTEX_POINT('',#6506);
#3070=VERTEX_POINT('',#6508);
#3071=VERTEX_POINT('',#6510);
#3072=VERTEX_POINT('',#6513);
#3073=VERTEX_POINT('',#6514);
#3074=VERTEX_POINT('',#6516);
#3075=VERTEX_POINT('',#6518);
#3076=VERTEX_POINT('',#6520);
#3077=VERTEX_POINT('',#6522);
#3078=VERTEX_POINT('',#6524);
#3079=VERTEX_POINT('',#6526);
#3080=VERTEX_POINT('',#6529);
#3081=VERTEX_POINT('',#6530);
#3082=VERTEX_POINT('',#6532);
#3083=VERTEX_POINT('',#6534);
#3084=VERTEX_POINT('',#6536);
#3085=VERTEX_POINT('',#6538);
#3086=VERTEX_POINT('',#6540);
#3087=VERTEX_POINT('',#6542);
#3088=VERTEX_POINT('',#6545);
#3089=VERTEX_POINT('',#6546);
#3090=VERTEX_POINT('',#6548);
#3091=VERTEX_POINT('',#6550);
#3092=VERTEX_POINT('',#6552);
#3093=VERTEX_POINT('',#6554);
#3094=VERTEX_POINT('',#6556);
#3095=VERTEX_POINT('',#6558);
#3096=VERTEX_POINT('',#6561);
#3097=VERTEX_POINT('',#6562);
#3098=VERTEX_POINT('',#6564);
#3099=VERTEX_POINT('',#6566);
#3100=VERTEX_POINT('',#6568);
#3101=VERTEX_POINT('',#6570);
#3102=VERTEX_POINT('',#6572);
#3103=VERTEX_POINT('',#6574);
#3104=VERTEX_POINT('',#6577);
#3105=VERTEX_POINT('',#6578);
#3106=VERTEX_POINT('',#6580);
#3107=VERTEX_POINT('',#6582);
#3108=VERTEX_POINT('',#6584);
#3109=VERTEX_POINT('',#6586);
#3110=VERTEX_POINT('',#6588);
#3111=VERTEX_POINT('',#6590);
#3112=VERTEX_POINT('',#6593);
#3113=VERTEX_POINT('',#6594);
#3114=VERTEX_POINT('',#6596);
#3115=VERTEX_POINT('',#6598);
#3116=VERTEX_POINT('',#6600);
#3117=VERTEX_POINT('',#6602);
#3118=VERTEX_POINT('',#6604);
#3119=VERTEX_POINT('',#6606);
#3120=VERTEX_POINT('',#6609);
#3121=VERTEX_POINT('',#6610);
#3122=VERTEX_POINT('',#6612);
#3123=VERTEX_POINT('',#6614);
#3124=VERTEX_POINT('',#6616);
#3125=VERTEX_POINT('',#6618);
#3126=VERTEX_POINT('',#6620);
#3127=VERTEX_POINT('',#6622);
#3128=VERTEX_POINT('',#6625);
#3129=VERTEX_POINT('',#6626);
#3130=VERTEX_POINT('',#6628);
#3131=VERTEX_POINT('',#6630);
#3132=VERTEX_POINT('',#6632);
#3133=VERTEX_POINT('',#6634);
#3134=VERTEX_POINT('',#6636);
#3135=VERTEX_POINT('',#6638);
#3136=VERTEX_POINT('',#6641);
#3137=VERTEX_POINT('',#6642);
#3138=VERTEX_POINT('',#6644);
#3139=VERTEX_POINT('',#6646);
#3140=VERTEX_POINT('',#6648);
#3141=VERTEX_POINT('',#6650);
#3142=VERTEX_POINT('',#6652);
#3143=VERTEX_POINT('',#6654);
#3144=VERTEX_POINT('',#6657);
#3145=VERTEX_POINT('',#6658);
#3146=VERTEX_POINT('',#6660);
#3147=VERTEX_POINT('',#6662);
#3148=VERTEX_POINT('',#6664);
#3149=VERTEX_POINT('',#6666);
#3150=VERTEX_POINT('',#6668);
#3151=VERTEX_POINT('',#6670);
#3152=VERTEX_POINT('',#6673);
#3153=VERTEX_POINT('',#6674);
#3154=VERTEX_POINT('',#6676);
#3155=VERTEX_POINT('',#6678);
#3156=VERTEX_POINT('',#6680);
#3157=VERTEX_POINT('',#6682);
#3158=VERTEX_POINT('',#6684);
#3159=VERTEX_POINT('',#6686);
#3160=VERTEX_POINT('',#6689);
#3161=VERTEX_POINT('',#6690);
#3162=VERTEX_POINT('',#6692);
#3163=VERTEX_POINT('',#6694);
#3164=VERTEX_POINT('',#6696);
#3165=VERTEX_POINT('',#6698);
#3166=VERTEX_POINT('',#6700);
#3167=VERTEX_POINT('',#6702);
#3168=VERTEX_POINT('',#6705);
#3169=VERTEX_POINT('',#6706);
#3170=VERTEX_POINT('',#6708);
#3171=VERTEX_POINT('',#6710);
#3172=VERTEX_POINT('',#6712);
#3173=VERTEX_POINT('',#6714);
#3174=VERTEX_POINT('',#6716);
#3175=VERTEX_POINT('',#6718);
#3176=VERTEX_POINT('',#6721);
#3177=VERTEX_POINT('',#6722);
#3178=VERTEX_POINT('',#6724);
#3179=VERTEX_POINT('',#6726);
#3180=VERTEX_POINT('',#6728);
#3181=VERTEX_POINT('',#6730);
#3182=VERTEX_POINT('',#6732);
#3183=VERTEX_POINT('',#6734);
#3184=VERTEX_POINT('',#6737);
#3185=VERTEX_POINT('',#6738);
#3186=VERTEX_POINT('',#6740);
#3187=VERTEX_POINT('',#6742);
#3188=VERTEX_POINT('',#6744);
#3189=VERTEX_POINT('',#6746);
#3190=VERTEX_POINT('',#6748);
#3191=VERTEX_POINT('',#6750);
#3192=VERTEX_POINT('',#6753);
#3193=VERTEX_POINT('',#6754);
#3194=VERTEX_POINT('',#6756);
#3195=VERTEX_POINT('',#6758);
#3196=VERTEX_POINT('',#6760);
#3197=VERTEX_POINT('',#6762);
#3198=VERTEX_POINT('',#6764);
#3199=VERTEX_POINT('',#6766);
#3200=VERTEX_POINT('',#6769);
#3201=VERTEX_POINT('',#6770);
#3202=VERTEX_POINT('',#6772);
#3203=VERTEX_POINT('',#6774);
#3204=VERTEX_POINT('',#6776);
#3205=VERTEX_POINT('',#6778);
#3206=VERTEX_POINT('',#6780);
#3207=VERTEX_POINT('',#6782);
#3208=VERTEX_POINT('',#6785);
#3209=VERTEX_POINT('',#6786);
#3210=VERTEX_POINT('',#6788);
#3211=VERTEX_POINT('',#6790);
#3212=VERTEX_POINT('',#6792);
#3213=VERTEX_POINT('',#6794);
#3214=VERTEX_POINT('',#6796);
#3215=VERTEX_POINT('',#6798);
#3216=CIRCLE('',#4298,0.00105);
#3217=CIRCLE('',#4299,0.00105);
#3218=CIRCLE('',#4300,0.00105);
#3219=CIRCLE('',#4301,0.00105);
#3220=CIRCLE('',#4302,0.0005);
#3221=CIRCLE('',#4303,0.0005);
#3222=CIRCLE('',#4304,0.0005);
#3223=CIRCLE('',#4305,0.0005);
#3224=CIRCLE('',#4306,0.0005);
#3225=CIRCLE('',#4307,0.0005);
#3226=CIRCLE('',#4308,0.0005);
#3227=CIRCLE('',#4309,0.0005);
#3228=CIRCLE('',#4310,0.0005);
#3229=CIRCLE('',#4311,0.0005);
#3230=CIRCLE('',#4312,0.0005);
#3231=CIRCLE('',#4313,0.0005);
#3232=CIRCLE('',#4314,0.000500000000000025);
#3233=CIRCLE('',#4315,0.0005);
#3234=CIRCLE('',#4316,0.0005);
#3235=CIRCLE('',#4317,0.000500000000000025);
#3236=CIRCLE('',#4318,0.000499999999999988);
#3237=CIRCLE('',#4319,0.0005);
#3238=CIRCLE('',#4320,0.0005);
#3239=CIRCLE('',#4321,0.000499999999999988);
#3240=CIRCLE('',#4322,0.000499999999999989);
#3241=CIRCLE('',#4323,0.0005);
#3242=CIRCLE('',#4324,0.0005);
#3243=CIRCLE('',#4325,0.000499999999999989);
#3244=CIRCLE('',#4326,0.000499999999999988);
#3245=CIRCLE('',#4327,0.0005);
#3246=CIRCLE('',#4328,0.0005);
#3247=CIRCLE('',#4329,0.000499999999999988);
#3248=CIRCLE('',#4330,0.0005);
#3249=CIRCLE('',#4331,0.0005);
#3250=CIRCLE('',#4332,0.0005);
#3251=CIRCLE('',#4333,0.0005);
#3252=CIRCLE('',#4334,0.0005);
#3253=CIRCLE('',#4335,0.0005);
#3254=CIRCLE('',#4336,0.0005);
#3255=CIRCLE('',#4337,0.0005);
#3256=CIRCLE('',#4338,0.0005);
#3257=CIRCLE('',#4339,0.0005);
#3258=CIRCLE('',#4340,0.0005);
#3259=CIRCLE('',#4341,0.0005);
#3260=CIRCLE('',#4342,0.0005);
#3261=CIRCLE('',#4343,0.0005);
#3262=CIRCLE('',#4344,0.0005);
#3263=CIRCLE('',#4345,0.0005);
#3264=CIRCLE('',#4346,0.0005);
#3265=CIRCLE('',#4347,0.0005);
#3266=CIRCLE('',#4348,0.000499999999999977);
#3267=CIRCLE('',#4349,0.000499999999999977);
#3268=CIRCLE('',#4350,0.0005);
#3269=CIRCLE('',#4351,0.00049999999999999);
#3270=CIRCLE('',#4352,0.00049999999999999);
#3271=CIRCLE('',#4353,0.0005);
#3272=CIRCLE('',#4354,0.00548026);
#3273=CIRCLE('',#4355,0.00548026);
#3274=CIRCLE('',#4356,0.00548026);
#3275=CIRCLE('',#4357,0.00548026);
#3276=CIRCLE('',#4358,0.0005);
#3277=CIRCLE('',#4359,0.0005);
#3278=CIRCLE('',#4360,0.000499999999999977);
#3279=CIRCLE('',#4361,0.000499999999999976);
#3280=CIRCLE('',#4362,0.0005);
#3281=CIRCLE('',#4363,0.0005);
#3282=CIRCLE('',#4364,0.000499999999999976);
#3283=CIRCLE('',#4365,0.000499999999999977);
#3284=CIRCLE('',#4366,0.0005);
#3285=CIRCLE('',#4367,0.0005);
#3286=CIRCLE('',#4368,0.0005);
#3287=CIRCLE('',#4369,0.0005);
#3288=CIRCLE('',#4370,0.0005);
#3289=CIRCLE('',#4371,0.0005);
#3290=CIRCLE('',#4372,0.0005);
#3291=CIRCLE('',#4373,0.0005);
#3292=CIRCLE('',#4374,0.0005);
#3293=CIRCLE('',#4375,0.0005);
#3294=CIRCLE('',#4376,0.0005);
#3295=CIRCLE('',#4377,0.0005);
#3296=CIRCLE('',#4378,0.0005);
#3297=CIRCLE('',#4379,0.0005);
#3298=CIRCLE('',#4380,0.0005);
#3299=CIRCLE('',#4381,0.00049999999999999);
#3300=CIRCLE('',#4382,0.0005);
#3301=CIRCLE('',#4383,0.0005);
#3302=CIRCLE('',#4384,0.0005);
#3303=CIRCLE('',#4385,0.0005);
#3304=CIRCLE('',#4386,0.000500000000000024);
#3305=CIRCLE('',#4387,0.0005);
#3306=CIRCLE('',#4388,0.0005);
#3307=CIRCLE('',#4389,0.000500000000000025);
#3308=CIRCLE('',#4390,0.000500000000000025);
#3309=CIRCLE('',#4391,0.000500000000000025);
#3310=CIRCLE('',#4392,0.0005);
#3311=CIRCLE('',#4393,0.0005);
#3312=CIRCLE('',#4394,0.0005);
#3313=CIRCLE('',#4395,0.0005);
#3314=CIRCLE('',#4396,0.000499999999999976);
#3315=CIRCLE('',#4397,0.000499999999999976);
#3316=CIRCLE('',#4398,0.00434558441227156);
#3317=CIRCLE('',#4399,0.00434558441227162);
#3318=CIRCLE('',#4400,0.00434558441227158);
#3319=CIRCLE('',#4401,0.00434558441227158);
#3320=CIRCLE('',#4403,0.00105);
#3321=CIRCLE('',#4404,0.00105);
#3322=CIRCLE('',#4405,0.00105);
#3323=CIRCLE('',#4406,0.00105);
#3324=CIRCLE('',#4407,0.000499999999999988);
#3325=CIRCLE('',#4408,0.000499999999999988);
#3326=CIRCLE('',#4409,0.0005);
#3327=CIRCLE('',#4410,0.0005);
#3328=CIRCLE('',#4411,0.000499999999999989);
#3329=CIRCLE('',#4412,0.000499999999999989);
#3330=CIRCLE('',#4413,0.0005);
#3331=CIRCLE('',#4414,0.0005);
#3332=CIRCLE('',#4415,0.000499999999999988);
#3333=CIRCLE('',#4416,0.000499999999999988);
#3334=CIRCLE('',#4417,0.0005);
#3335=CIRCLE('',#4418,0.0005);
#3336=CIRCLE('',#4419,0.0005);
#3337=CIRCLE('',#4420,0.0005);
#3338=CIRCLE('',#4421,0.0005);
#3339=CIRCLE('',#4422,0.0005);
#3340=CIRCLE('',#4423,0.0005);
#3341=CIRCLE('',#4424,0.0005);
#3342=CIRCLE('',#4425,0.0005);
#3343=CIRCLE('',#4426,0.0005);
#3344=CIRCLE('',#4427,0.00548026);
#3345=CIRCLE('',#4428,0.00548026);
#3346=CIRCLE('',#4429,0.00548026);
#3347=CIRCLE('',#4430,0.00548026);
#3348=CIRCLE('',#4431,0.0005);
#3349=CIRCLE('',#4432,0.0005);
#3350=CIRCLE('',#4433,0.00049999999999999);
#3351=CIRCLE('',#4434,0.00049999999999999);
#3352=CIRCLE('',#4435,0.0005);
#3353=CIRCLE('',#4436,0.000499999999999976);
#3354=CIRCLE('',#4437,0.000499999999999977);
#3355=CIRCLE('',#4438,0.0005);
#3356=CIRCLE('',#4439,0.0005);
#3357=CIRCLE('',#4440,0.000499999999999977);
#3358=CIRCLE('',#4441,0.000499999999999977);
#3359=CIRCLE('',#4442,0.0005);
#3360=CIRCLE('',#4443,0.0005);
#3361=CIRCLE('',#4444,0.000499999999999977);
#3362=CIRCLE('',#4445,0.000499999999999976);
#3363=CIRCLE('',#4446,0.0005);
#3364=CIRCLE('',#4447,0.0005);
#3365=CIRCLE('',#4448,0.0005);
#3366=CIRCLE('',#4449,0.0005);
#3367=CIRCLE('',#4450,0.0005);
#3368=CIRCLE('',#4451,0.0005);
#3369=CIRCLE('',#4452,0.0005);
#3370=CIRCLE('',#4453,0.0005);
#3371=CIRCLE('',#4454,0.0005);
#3372=CIRCLE('',#4455,0.0005);
#3373=CIRCLE('',#4456,0.0005);
#3374=CIRCLE('',#4457,0.0005);
#3375=CIRCLE('',#4458,0.0005);
#3376=CIRCLE('',#4459,0.0005);
#3377=CIRCLE('',#4460,0.0005);
#3378=CIRCLE('',#4461,0.0005);
#3379=CIRCLE('',#4462,0.0005);
#3380=CIRCLE('',#4463,0.0005);
#3381=CIRCLE('',#4464,0.0005);
#3382=CIRCLE('',#4465,0.0005);
#3383=CIRCLE('',#4466,0.0005);
#3384=CIRCLE('',#4467,0.0005);
#3385=CIRCLE('',#4468,0.00049999999999999);
#3386=CIRCLE('',#4469,0.0005);
#3387=CIRCLE('',#4470,0.0005);
#3388=CIRCLE('',#4471,0.000500000000000025);
#3389=CIRCLE('',#4472,0.000500000000000025);
#3390=CIRCLE('',#4473,0.0005);
#3391=CIRCLE('',#4474,0.0005);
#3392=CIRCLE('',#4475,0.0005);
#3393=CIRCLE('',#4476,0.0005);
#3394=CIRCLE('',#4477,0.0005);
#3395=CIRCLE('',#4478,0.0005);
#3396=CIRCLE('',#4479,0.0005);
#3397=CIRCLE('',#4480,0.0005);
#3398=CIRCLE('',#4481,0.0005);
#3399=CIRCLE('',#4482,0.0005);
#3400=CIRCLE('',#4483,0.000500000000000024);
#3401=CIRCLE('',#4484,0.000500000000000025);
#3402=CIRCLE('',#4485,0.0005);
#3403=CIRCLE('',#4486,0.0005);
#3404=CIRCLE('',#4487,0.0005);
#3405=CIRCLE('',#4488,0.0005);
#3406=CIRCLE('',#4489,0.0005);
#3407=CIRCLE('',#4490,0.0005);
#3408=CIRCLE('',#4491,0.000500000000000025);
#3409=CIRCLE('',#4492,0.0005);
#3410=CIRCLE('',#4493,0.0005);
#3411=CIRCLE('',#4494,0.000500000000000025);
#3412=CIRCLE('',#4495,0.0005);
#3413=CIRCLE('',#4496,0.0005);
#3414=CIRCLE('',#4497,0.0005);
#3415=CIRCLE('',#4498,0.0005);
#3416=CIRCLE('',#4499,0.0005);
#3417=CIRCLE('',#4500,0.000499999999999976);
#3418=CIRCLE('',#4501,0.000499999999999976);
#3419=CIRCLE('',#4502,0.0005);
#3420=CIRCLE('',#4503,0.00434558441227156);
#3421=CIRCLE('',#4504,0.00434558441227158);
#3422=CIRCLE('',#4505,0.00434558441227158);
#3423=CIRCLE('',#4506,0.00434558441227162);
#3424=EDGE_LOOP('',(#940));
#3425=EDGE_LOOP('',(#941));
#3426=EDGE_LOOP('',(#942));
#3427=EDGE_LOOP('',(#943));
#3428=EDGE_LOOP('',(#944,#945,#946,#947,#948,#949,#950,#951));
#3429=EDGE_LOOP('',(#952,#953,#954,#955,#956,#957,#958,#959));
#3430=EDGE_LOOP('',(#960,#961,#962,#963,#964,#965,#966,#967));
#3431=EDGE_LOOP('',(#968,#969,#970,#971,#972,#973,#974,#975));
#3432=EDGE_LOOP('',(#976,#977,#978,#979,#980,#981,#982,#983));
#3433=EDGE_LOOP('',(#984,#985,#986,#987,#988,#989,#990,#991));
#3434=EDGE_LOOP('',(#992,#993,#994,#995,#996,#997,#998,#999));
#3435=EDGE_LOOP('',(#1000,#1001,#1002,#1003,#1004,#1005,#1006,#1007));
#3436=EDGE_LOOP('',(#1008,#1009,#1010,#1011,#1012,#1013,#1014,#1015));
#3437=EDGE_LOOP('',(#1016,#1017,#1018,#1019,#1020,#1021,#1022,#1023));
#3438=EDGE_LOOP('',(#1024,#1025,#1026,#1027,#1028,#1029,#1030,#1031));
#3439=EDGE_LOOP('',(#1032,#1033,#1034,#1035,#1036,#1037,#1038,#1039));
#3440=EDGE_LOOP('',(#1040,#1041,#1042,#1043,#1044,#1045,#1046,#1047));
#3441=EDGE_LOOP('',(#1048,#1049,#1050,#1051,#1052,#1053,#1054,#1055));
#3442=EDGE_LOOP('',(#1056,#1057,#1058,#1059,#1060,#1061,#1062,#1063));
#3443=EDGE_LOOP('',(#1064,#1065,#1066,#1067,#1068,#1069,#1070,#1071));
#3444=EDGE_LOOP('',(#1072,#1073,#1074,#1075,#1076,#1077,#1078,#1079));
#3445=EDGE_LOOP('',(#1080,#1081,#1082,#1083,#1084,#1085,#1086,#1087));
#3446=EDGE_LOOP('',(#1088,#1089,#1090,#1091,#1092,#1093,#1094,#1095));
#3447=EDGE_LOOP('',(#1096,#1097,#1098,#1099,#1100,#1101,#1102,#1103));
#3448=EDGE_LOOP('',(#1104,#1105,#1106,#1107,#1108,#1109,#1110,#1111));
#3449=EDGE_LOOP('',(#1112,#1113,#1114,#1115,#1116,#1117,#1118,#1119));
#3450=EDGE_LOOP('',(#1120,#1121,#1122,#1123,#1124,#1125,#1126,#1127));
#3451=EDGE_LOOP('',(#1128,#1129,#1130,#1131,#1132,#1133,#1134,#1135));
#3452=EDGE_LOOP('',(#1136,#1137,#1138,#1139));
#3453=EDGE_LOOP('',(#1140,#1141,#1142,#1143,#1144,#1145,#1146,#1147));
#3454=EDGE_LOOP('',(#1148,#1149,#1150,#1151));
#3455=EDGE_LOOP('',(#1152));
#3456=EDGE_LOOP('',(#1153));
#3457=EDGE_LOOP('',(#1154));
#3458=EDGE_LOOP('',(#1155));
#3459=EDGE_LOOP('',(#1156,#1157,#1158,#1159,#1160,#1161,#1162,#1163));
#3460=EDGE_LOOP('',(#1164,#1165,#1166,#1167,#1168,#1169,#1170,#1171));
#3461=EDGE_LOOP('',(#1172,#1173,#1174,#1175,#1176,#1177,#1178,#1179));
#3462=EDGE_LOOP('',(#1180,#1181,#1182,#1183,#1184,#1185,#1186,#1187));
#3463=EDGE_LOOP('',(#1188,#1189,#1190,#1191,#1192,#1193,#1194,#1195));
#3464=EDGE_LOOP('',(#1196,#1197,#1198,#1199,#1200,#1201,#1202,#1203));
#3465=EDGE_LOOP('',(#1204,#1205,#1206,#1207,#1208,#1209,#1210,#1211));
#3466=EDGE_LOOP('',(#1212,#1213,#1214,#1215,#1216,#1217,#1218,#1219));
#3467=EDGE_LOOP('',(#1220,#1221,#1222,#1223,#1224,#1225,#1226,#1227));
#3468=EDGE_LOOP('',(#1228,#1229,#1230,#1231,#1232,#1233,#1234,#1235));
#3469=EDGE_LOOP('',(#1236,#1237,#1238,#1239,#1240,#1241,#1242,#1243));
#3470=EDGE_LOOP('',(#1244,#1245,#1246,#1247,#1248,#1249,#1250,#1251));
#3471=EDGE_LOOP('',(#1252,#1253,#1254,#1255,#1256,#1257,#1258,#1259));
#3472=EDGE_LOOP('',(#1260,#1261,#1262,#1263,#1264,#1265,#1266,#1267));
#3473=EDGE_LOOP('',(#1268,#1269,#1270,#1271,#1272,#1273,#1274,#1275));
#3474=EDGE_LOOP('',(#1276,#1277,#1278,#1279,#1280,#1281,#1282,#1283));
#3475=EDGE_LOOP('',(#1284,#1285,#1286,#1287,#1288,#1289,#1290,#1291));
#3476=EDGE_LOOP('',(#1292,#1293,#1294,#1295,#1296,#1297,#1298,#1299));
#3477=EDGE_LOOP('',(#1300,#1301,#1302,#1303,#1304,#1305,#1306,#1307));
#3478=EDGE_LOOP('',(#1308,#1309,#1310,#1311,#1312,#1313,#1314,#1315));
#3479=EDGE_LOOP('',(#1316,#1317,#1318,#1319,#1320,#1321,#1322,#1323));
#3480=EDGE_LOOP('',(#1324,#1325,#1326,#1327,#1328,#1329,#1330,#1331));
#3481=EDGE_LOOP('',(#1332,#1333,#1334,#1335,#1336,#1337,#1338,#1339));
#3482=EDGE_LOOP('',(#1340,#1341,#1342,#1343,#1344,#1345,#1346,#1347));
#3483=EDGE_LOOP('',(#1348,#1349,#1350,#1351,#1352,#1353,#1354,#1355));
#3484=EDGE_LOOP('',(#1356,#1357,#1358,#1359));
#3485=EDGE_LOOP('',(#1360,#1361,#1362,#1363));
#3486=EDGE_LOOP('',(#1364,#1365,#1366,#1367));
#3487=EDGE_LOOP('',(#1368,#1369,#1370,#1371));
#3488=EDGE_LOOP('',(#1372,#1373,#1374,#1375));
#3489=EDGE_LOOP('',(#1376,#1377,#1378,#1379));
#3490=EDGE_LOOP('',(#1380,#1381,#1382,#1383));
#3491=EDGE_LOOP('',(#1384,#1385,#1386,#1387));
#3492=EDGE_LOOP('',(#1388,#1389,#1390,#1391));
#3493=EDGE_LOOP('',(#1392,#1393,#1394,#1395));
#3494=EDGE_LOOP('',(#1396,#1397,#1398,#1399));
#3495=EDGE_LOOP('',(#1400,#1401,#1402,#1403));
#3496=EDGE_LOOP('',(#1404,#1405,#1406,#1407));
#3497=EDGE_LOOP('',(#1408,#1409,#1410,#1411));
#3498=EDGE_LOOP('',(#1412,#1413,#1414,#1415));
#3499=EDGE_LOOP('',(#1416,#1417,#1418,#1419));
#3500=EDGE_LOOP('',(#1420,#1421,#1422,#1423));
#3501=EDGE_LOOP('',(#1424,#1425,#1426,#1427));
#3502=EDGE_LOOP('',(#1428,#1429,#1430,#1431));
#3503=EDGE_LOOP('',(#1432,#1433,#1434,#1435));
#3504=EDGE_LOOP('',(#1436,#1437,#1438,#1439));
#3505=EDGE_LOOP('',(#1440,#1441,#1442,#1443));
#3506=EDGE_LOOP('',(#1444,#1445,#1446,#1447));
#3507=EDGE_LOOP('',(#1448,#1449,#1450,#1451));
#3508=EDGE_LOOP('',(#1452,#1453,#1454,#1455));
#3509=EDGE_LOOP('',(#1456,#1457,#1458,#1459));
#3510=EDGE_LOOP('',(#1460,#1461,#1462,#1463));
#3511=EDGE_LOOP('',(#1464,#1465,#1466,#1467));
#3512=EDGE_LOOP('',(#1468,#1469,#1470,#1471));
#3513=EDGE_LOOP('',(#1472,#1473,#1474,#1475));
#3514=EDGE_LOOP('',(#1476,#1477,#1478,#1479));
#3515=EDGE_LOOP('',(#1480,#1481,#1482,#1483));
#3516=EDGE_LOOP('',(#1484,#1485,#1486,#1487));
#3517=EDGE_LOOP('',(#1488,#1489,#1490,#1491));
#3518=EDGE_LOOP('',(#1492,#1493,#1494,#1495));
#3519=EDGE_LOOP('',(#1496,#1497,#1498,#1499));
#3520=EDGE_LOOP('',(#1500,#1501,#1502,#1503));
#3521=EDGE_LOOP('',(#1504,#1505,#1506,#1507));
#3522=EDGE_LOOP('',(#1508,#1509,#1510,#1511));
#3523=EDGE_LOOP('',(#1512,#1513,#1514,#1515));
#3524=EDGE_LOOP('',(#1516,#1517,#1518,#1519));
#3525=EDGE_LOOP('',(#1520,#1521,#1522,#1523));
#3526=EDGE_LOOP('',(#1524,#1525,#1526,#1527));
#3527=EDGE_LOOP('',(#1528,#1529,#1530,#1531));
#3528=EDGE_LOOP('',(#1532,#1533,#1534,#1535));
#3529=EDGE_LOOP('',(#1536,#1537,#1538,#1539));
#3530=EDGE_LOOP('',(#1540,#1541,#1542,#1543));
#3531=EDGE_LOOP('',(#1544,#1545,#1546,#1547));
#3532=EDGE_LOOP('',(#1548,#1549,#1550,#1551));
#3533=EDGE_LOOP('',(#1552,#1553,#1554,#1555));
#3534=EDGE_LOOP('',(#1556,#1557,#1558,#1559));
#3535=EDGE_LOOP('',(#1560,#1561,#1562,#1563));
#3536=EDGE_LOOP('',(#1564,#1565,#1566,#1567));
#3537=EDGE_LOOP('',(#1568,#1569,#1570,#1571));
#3538=EDGE_LOOP('',(#1572,#1573,#1574,#1575));
#3539=EDGE_LOOP('',(#1576,#1577,#1578,#1579));
#3540=EDGE_LOOP('',(#1580,#1581,#1582,#1583));
#3541=EDGE_LOOP('',(#1584,#1585,#1586,#1587));
#3542=EDGE_LOOP('',(#1588,#1589,#1590,#1591));
#3543=EDGE_LOOP('',(#1592,#1593,#1594,#1595));
#3544=EDGE_LOOP('',(#1596,#1597,#1598,#1599));
#3545=EDGE_LOOP('',(#1600,#1601,#1602,#1603));
#3546=EDGE_LOOP('',(#1604,#1605,#1606,#1607));
#3547=EDGE_LOOP('',(#1608,#1609,#1610,#1611));
#3548=EDGE_LOOP('',(#1612,#1613,#1614,#1615));
#3549=EDGE_LOOP('',(#1616,#1617,#1618,#1619));
#3550=EDGE_LOOP('',(#1620,#1621,#1622,#1623));
#3551=EDGE_LOOP('',(#1624,#1625,#1626,#1627));
#3552=EDGE_LOOP('',(#1628,#1629,#1630,#1631));
#3553=EDGE_LOOP('',(#1632,#1633,#1634,#1635));
#3554=EDGE_LOOP('',(#1636,#1637,#1638,#1639));
#3555=EDGE_LOOP('',(#1640,#1641,#1642,#1643));
#3556=EDGE_LOOP('',(#1644,#1645,#1646,#1647));
#3557=EDGE_LOOP('',(#1648,#1649,#1650,#1651));
#3558=EDGE_LOOP('',(#1652,#1653,#1654,#1655));
#3559=EDGE_LOOP('',(#1656,#1657,#1658,#1659));
#3560=EDGE_LOOP('',(#1660,#1661,#1662,#1663));
#3561=EDGE_LOOP('',(#1664,#1665,#1666,#1667));
#3562=EDGE_LOOP('',(#1668,#1669,#1670,#1671));
#3563=EDGE_LOOP('',(#1672,#1673,#1674,#1675));
#3564=EDGE_LOOP('',(#1676,#1677,#1678,#1679));
#3565=EDGE_LOOP('',(#1680,#1681,#1682,#1683));
#3566=EDGE_LOOP('',(#1684,#1685,#1686,#1687));
#3567=EDGE_LOOP('',(#1688,#1689,#1690,#1691));
#3568=EDGE_LOOP('',(#1692,#1693,#1694,#1695));
#3569=EDGE_LOOP('',(#1696,#1697,#1698,#1699));
#3570=EDGE_LOOP('',(#1700,#1701,#1702,#1703));
#3571=EDGE_LOOP('',(#1704,#1705,#1706,#1707));
#3572=EDGE_LOOP('',(#1708,#1709,#1710,#1711));
#3573=EDGE_LOOP('',(#1712,#1713,#1714,#1715));
#3574=EDGE_LOOP('',(#1716,#1717,#1718,#1719));
#3575=EDGE_LOOP('',(#1720,#1721,#1722,#1723));
#3576=EDGE_LOOP('',(#1724,#1725,#1726,#1727));
#3577=EDGE_LOOP('',(#1728,#1729,#1730,#1731));
#3578=EDGE_LOOP('',(#1732,#1733,#1734,#1735));
#3579=EDGE_LOOP('',(#1736,#1737,#1738,#1739));
#3580=EDGE_LOOP('',(#1740,#1741,#1742,#1743));
#3581=EDGE_LOOP('',(#1744,#1745,#1746,#1747));
#3582=EDGE_LOOP('',(#1748,#1749,#1750,#1751));
#3583=EDGE_LOOP('',(#1752,#1753,#1754,#1755));
#3584=EDGE_LOOP('',(#1756,#1757,#1758,#1759));
#3585=EDGE_LOOP('',(#1760,#1761,#1762,#1763));
#3586=EDGE_LOOP('',(#1764,#1765,#1766,#1767));
#3587=EDGE_LOOP('',(#1768,#1769,#1770,#1771));
#3588=EDGE_LOOP('',(#1772,#1773,#1774,#1775));
#3589=EDGE_LOOP('',(#1776,#1777,#1778,#1779));
#3590=EDGE_LOOP('',(#1780,#1781,#1782,#1783));
#3591=EDGE_LOOP('',(#1784,#1785,#1786,#1787));
#3592=EDGE_LOOP('',(#1788,#1789,#1790,#1791));
#3593=EDGE_LOOP('',(#1792,#1793,#1794,#1795));
#3594=EDGE_LOOP('',(#1796,#1797,#1798,#1799));
#3595=EDGE_LOOP('',(#1800,#1801,#1802,#1803));
#3596=EDGE_LOOP('',(#1804,#1805,#1806,#1807));
#3597=EDGE_LOOP('',(#1808,#1809,#1810,#1811));
#3598=EDGE_LOOP('',(#1812,#1813,#1814,#1815));
#3599=EDGE_LOOP('',(#1816,#1817,#1818,#1819));
#3600=EDGE_LOOP('',(#1820,#1821,#1822,#1823));
#3601=EDGE_LOOP('',(#1824,#1825,#1826,#1827));
#3602=EDGE_LOOP('',(#1828,#1829,#1830,#1831));
#3603=EDGE_LOOP('',(#1832,#1833,#1834,#1835));
#3604=EDGE_LOOP('',(#1836,#1837,#1838,#1839));
#3605=EDGE_LOOP('',(#1840,#1841,#1842,#1843));
#3606=EDGE_LOOP('',(#1844,#1845,#1846,#1847));
#3607=EDGE_LOOP('',(#1848,#1849,#1850,#1851));
#3608=EDGE_LOOP('',(#1852,#1853,#1854,#1855));
#3609=EDGE_LOOP('',(#1856,#1857,#1858,#1859));
#3610=EDGE_LOOP('',(#1860,#1861,#1862,#1863));
#3611=EDGE_LOOP('',(#1864,#1865,#1866,#1867));
#3612=EDGE_LOOP('',(#1868,#1869,#1870,#1871));
#3613=EDGE_LOOP('',(#1872,#1873,#1874,#1875));
#3614=EDGE_LOOP('',(#1876,#1877,#1878,#1879));
#3615=EDGE_LOOP('',(#1880,#1881,#1882,#1883));
#3616=EDGE_LOOP('',(#1884,#1885,#1886,#1887));
#3617=EDGE_LOOP('',(#1888,#1889,#1890,#1891));
#3618=EDGE_LOOP('',(#1892,#1893,#1894,#1895));
#3619=EDGE_LOOP('',(#1896,#1897,#1898,#1899));
#3620=EDGE_LOOP('',(#1900,#1901,#1902,#1903));
#3621=EDGE_LOOP('',(#1904,#1905,#1906,#1907));
#3622=EDGE_LOOP('',(#1908,#1909,#1910,#1911));
#3623=EDGE_LOOP('',(#1912,#1913,#1914,#1915));
#3624=EDGE_LOOP('',(#1916,#1917,#1918,#1919));
#3625=EDGE_LOOP('',(#1920,#1921,#1922,#1923));
#3626=EDGE_LOOP('',(#1924,#1925,#1926,#1927));
#3627=EDGE_LOOP('',(#1928,#1929,#1930,#1931));
#3628=EDGE_LOOP('',(#1932,#1933,#1934,#1935));
#3629=EDGE_LOOP('',(#1936,#1937,#1938,#1939));
#3630=EDGE_LOOP('',(#1940,#1941,#1942,#1943));
#3631=EDGE_LOOP('',(#1944,#1945,#1946,#1947));
#3632=EDGE_LOOP('',(#1948,#1949,#1950,#1951));
#3633=EDGE_LOOP('',(#1952,#1953,#1954,#1955));
#3634=EDGE_LOOP('',(#1956,#1957,#1958,#1959));
#3635=EDGE_LOOP('',(#1960,#1961,#1962,#1963));
#3636=EDGE_LOOP('',(#1964,#1965,#1966,#1967));
#3637=EDGE_LOOP('',(#1968,#1969,#1970,#1971));
#3638=EDGE_LOOP('',(#1972,#1973,#1974,#1975));
#3639=EDGE_LOOP('',(#1976,#1977,#1978,#1979));
#3640=EDGE_LOOP('',(#1980,#1981,#1982,#1983));
#3641=EDGE_LOOP('',(#1984,#1985,#1986,#1987));
#3642=EDGE_LOOP('',(#1988,#1989,#1990,#1991));
#3643=EDGE_LOOP('',(#1992,#1993,#1994,#1995));
#3644=EDGE_LOOP('',(#1996,#1997,#1998,#1999));
#3645=EDGE_LOOP('',(#2000,#2001,#2002,#2003));
#3646=EDGE_LOOP('',(#2004,#2005,#2006,#2007));
#3647=EDGE_LOOP('',(#2008,#2009,#2010,#2011));
#3648=EDGE_LOOP('',(#2012,#2013,#2014,#2015));
#3649=EDGE_LOOP('',(#2016,#2017,#2018,#2019));
#3650=EDGE_LOOP('',(#2020,#2021,#2022,#2023));
#3651=EDGE_LOOP('',(#2024,#2025,#2026,#2027));
#3652=EDGE_LOOP('',(#2028,#2029,#2030,#2031));
#3653=EDGE_LOOP('',(#2032,#2033,#2034,#2035));
#3654=EDGE_LOOP('',(#2036,#2037,#2038,#2039));
#3655=EDGE_LOOP('',(#2040,#2041,#2042,#2043));
#3656=EDGE_LOOP('',(#2044,#2045,#2046,#2047));
#3657=EDGE_LOOP('',(#2048,#2049,#2050,#2051));
#3658=EDGE_LOOP('',(#2052,#2053,#2054,#2055));
#3659=EDGE_LOOP('',(#2056,#2057,#2058,#2059));
#3660=EDGE_LOOP('',(#2060,#2061,#2062,#2063));
#3661=EDGE_LOOP('',(#2064,#2065,#2066,#2067));
#3662=EDGE_LOOP('',(#2068,#2069,#2070,#2071));
#3663=EDGE_LOOP('',(#2072,#2073,#2074,#2075));
#3664=EDGE_LOOP('',(#2076,#2077,#2078,#2079));
#3665=EDGE_LOOP('',(#2080,#2081,#2082,#2083));
#3666=EDGE_LOOP('',(#2084,#2085,#2086,#2087));
#3667=EDGE_LOOP('',(#2088,#2089,#2090,#2091));
#3668=EDGE_LOOP('',(#2092,#2093,#2094,#2095));
#3669=EDGE_LOOP('',(#2096,#2097,#2098,#2099));
#3670=EDGE_LOOP('',(#2100,#2101,#2102,#2103));
#3671=EDGE_LOOP('',(#2104,#2105,#2106,#2107));
#3672=EDGE_LOOP('',(#2108,#2109,#2110,#2111));
#3673=EDGE_LOOP('',(#2112,#2113,#2114,#2115));
#3674=EDGE_LOOP('',(#2116,#2117,#2118,#2119));
#3675=EDGE_LOOP('',(#2120,#2121,#2122,#2123));
#3676=EDGE_LOOP('',(#2124));
#3677=EDGE_LOOP('',(#2125));
#3678=EDGE_LOOP('',(#2126));
#3679=EDGE_LOOP('',(#2127));
#3680=EDGE_LOOP('',(#2128));
#3681=EDGE_LOOP('',(#2129));
#3682=EDGE_LOOP('',(#2130));
#3683=EDGE_LOOP('',(#2131));
#3684=EDGE_LOOP('',(#2132,#2133,#2134,#2135));
#3685=EDGE_LOOP('',(#2136,#2137,#2138,#2139));
#3686=EDGE_LOOP('',(#2140,#2141,#2142,#2143));
#3687=EDGE_LOOP('',(#2144,#2145,#2146,#2147));
#3688=EDGE_LOOP('',(#2148,#2149,#2150,#2151));
#3689=EDGE_LOOP('',(#2152,#2153,#2154,#2155));
#3690=EDGE_LOOP('',(#2156,#2157,#2158,#2159));
#3691=EDGE_LOOP('',(#2160,#2161,#2162,#2163));
#3692=EDGE_LOOP('',(#2164,#2165,#2166,#2167));
#3693=EDGE_LOOP('',(#2168,#2169,#2170,#2171));
#3694=EDGE_LOOP('',(#2172,#2173,#2174,#2175));
#3695=EDGE_LOOP('',(#2176,#2177,#2178,#2179));
#3696=FACE_BOUND('',#3424,.T.);
#3697=FACE_BOUND('',#3425,.T.);
#3698=FACE_BOUND('',#3426,.T.);
#3699=FACE_BOUND('',#3427,.T.);
#3700=FACE_BOUND('',#3428,.T.);
#3701=FACE_BOUND('',#3429,.T.);
#3702=FACE_BOUND('',#3430,.T.);
#3703=FACE_BOUND('',#3431,.T.);
#3704=FACE_BOUND('',#3432,.T.);
#3705=FACE_BOUND('',#3433,.T.);
#3706=FACE_BOUND('',#3434,.T.);
#3707=FACE_BOUND('',#3435,.T.);
#3708=FACE_BOUND('',#3436,.T.);
#3709=FACE_BOUND('',#3437,.T.);
#3710=FACE_BOUND('',#3438,.T.);
#3711=FACE_BOUND('',#3439,.T.);
#3712=FACE_BOUND('',#3440,.T.);
#3713=FACE_BOUND('',#3441,.T.);
#3714=FACE_BOUND('',#3442,.T.);
#3715=FACE_BOUND('',#3443,.T.);
#3716=FACE_BOUND('',#3444,.T.);
#3717=FACE_BOUND('',#3445,.T.);
#3718=FACE_BOUND('',#3446,.T.);
#3719=FACE_BOUND('',#3447,.T.);
#3720=FACE_BOUND('',#3448,.T.);
#3721=FACE_BOUND('',#3449,.T.);
#3722=FACE_BOUND('',#3450,.T.);
#3723=FACE_BOUND('',#3451,.T.);
#3724=FACE_BOUND('',#3452,.T.);
#3725=FACE_BOUND('',#3453,.T.);
#3726=FACE_BOUND('',#3454,.T.);
#3727=FACE_BOUND('',#3455,.T.);
#3728=FACE_BOUND('',#3456,.T.);
#3729=FACE_BOUND('',#3457,.T.);
#3730=FACE_BOUND('',#3458,.T.);
#3731=FACE_BOUND('',#3459,.T.);
#3732=FACE_BOUND('',#3460,.T.);
#3733=FACE_BOUND('',#3461,.T.);
#3734=FACE_BOUND('',#3462,.T.);
#3735=FACE_BOUND('',#3463,.T.);
#3736=FACE_BOUND('',#3464,.T.);
#3737=FACE_BOUND('',#3465,.T.);
#3738=FACE_BOUND('',#3466,.T.);
#3739=FACE_BOUND('',#3467,.T.);
#3740=FACE_BOUND('',#3468,.T.);
#3741=FACE_BOUND('',#3469,.T.);
#3742=FACE_BOUND('',#3470,.T.);
#3743=FACE_BOUND('',#3471,.T.);
#3744=FACE_BOUND('',#3472,.T.);
#3745=FACE_BOUND('',#3473,.T.);
#3746=FACE_BOUND('',#3474,.T.);
#3747=FACE_BOUND('',#3475,.T.);
#3748=FACE_BOUND('',#3476,.T.);
#3749=FACE_BOUND('',#3477,.T.);
#3750=FACE_BOUND('',#3478,.T.);
#3751=FACE_BOUND('',#3479,.T.);
#3752=FACE_BOUND('',#3480,.T.);
#3753=FACE_BOUND('',#3481,.T.);
#3754=FACE_BOUND('',#3482,.T.);
#3755=FACE_BOUND('',#3483,.T.);
#3756=FACE_BOUND('',#3484,.T.);
#3757=FACE_BOUND('',#3485,.T.);
#3758=FACE_BOUND('',#3486,.T.);
#3759=FACE_BOUND('',#3487,.T.);
#3760=FACE_BOUND('',#3488,.T.);
#3761=FACE_BOUND('',#3489,.T.);
#3762=FACE_BOUND('',#3490,.T.);
#3763=FACE_BOUND('',#3491,.T.);
#3764=FACE_BOUND('',#3492,.T.);
#3765=FACE_BOUND('',#3493,.T.);
#3766=FACE_BOUND('',#3494,.T.);
#3767=FACE_BOUND('',#3495,.T.);
#3768=FACE_BOUND('',#3496,.T.);
#3769=FACE_BOUND('',#3497,.T.);
#3770=FACE_BOUND('',#3498,.T.);
#3771=FACE_BOUND('',#3499,.T.);
#3772=FACE_BOUND('',#3500,.T.);
#3773=FACE_BOUND('',#3501,.T.);
#3774=FACE_BOUND('',#3502,.T.);
#3775=FACE_BOUND('',#3503,.T.);
#3776=FACE_BOUND('',#3504,.T.);
#3777=FACE_BOUND('',#3505,.T.);
#3778=FACE_BOUND('',#3506,.T.);
#3779=FACE_BOUND('',#3507,.T.);
#3780=FACE_BOUND('',#3508,.T.);
#3781=FACE_BOUND('',#3509,.T.);
#3782=FACE_BOUND('',#3510,.T.);
#3783=FACE_BOUND('',#3511,.T.);
#3784=FACE_BOUND('',#3512,.T.);
#3785=FACE_BOUND('',#3513,.T.);
#3786=FACE_BOUND('',#3514,.T.);
#3787=FACE_BOUND('',#3515,.T.);
#3788=FACE_BOUND('',#3516,.T.);
#3789=FACE_BOUND('',#3517,.T.);
#3790=FACE_BOUND('',#3518,.T.);
#3791=FACE_BOUND('',#3519,.T.);
#3792=FACE_BOUND('',#3520,.T.);
#3793=FACE_BOUND('',#3521,.T.);
#3794=FACE_BOUND('',#3522,.T.);
#3795=FACE_BOUND('',#3523,.T.);
#3796=FACE_BOUND('',#3524,.T.);
#3797=FACE_BOUND('',#3525,.T.);
#3798=FACE_BOUND('',#3526,.T.);
#3799=FACE_BOUND('',#3527,.T.);
#3800=FACE_BOUND('',#3528,.T.);
#3801=FACE_BOUND('',#3529,.T.);
#3802=FACE_BOUND('',#3530,.T.);
#3803=FACE_BOUND('',#3531,.T.);
#3804=FACE_BOUND('',#3532,.T.);
#3805=FACE_BOUND('',#3533,.T.);
#3806=FACE_BOUND('',#3534,.T.);
#3807=FACE_BOUND('',#3535,.T.);
#3808=FACE_BOUND('',#3536,.T.);
#3809=FACE_BOUND('',#3537,.T.);
#3810=FACE_BOUND('',#3538,.T.);
#3811=FACE_BOUND('',#3539,.T.);
#3812=FACE_BOUND('',#3540,.T.);
#3813=FACE_BOUND('',#3541,.T.);
#3814=FACE_BOUND('',#3542,.T.);
#3815=FACE_BOUND('',#3543,.T.);
#3816=FACE_BOUND('',#3544,.T.);
#3817=FACE_BOUND('',#3545,.T.);
#3818=FACE_BOUND('',#3546,.T.);
#3819=FACE_BOUND('',#3547,.T.);
#3820=FACE_BOUND('',#3548,.T.);
#3821=FACE_BOUND('',#3549,.T.);
#3822=FACE_BOUND('',#3550,.T.);
#3823=FACE_BOUND('',#3551,.T.);
#3824=FACE_BOUND('',#3552,.T.);
#3825=FACE_BOUND('',#3553,.T.);
#3826=FACE_BOUND('',#3554,.T.);
#3827=FACE_BOUND('',#3555,.T.);
#3828=FACE_BOUND('',#3556,.T.);
#3829=FACE_BOUND('',#3557,.T.);
#3830=FACE_BOUND('',#3558,.T.);
#3831=FACE_BOUND('',#3559,.T.);
#3832=FACE_BOUND('',#3560,.T.);
#3833=FACE_BOUND('',#3561,.T.);
#3834=FACE_BOUND('',#3562,.T.);
#3835=FACE_BOUND('',#3563,.T.);
#3836=FACE_BOUND('',#3564,.T.);
#3837=FACE_BOUND('',#3565,.T.);
#3838=FACE_BOUND('',#3566,.T.);
#3839=FACE_BOUND('',#3567,.T.);
#3840=FACE_BOUND('',#3568,.T.);
#3841=FACE_BOUND('',#3569,.T.);
#3842=FACE_BOUND('',#3570,.T.);
#3843=FACE_BOUND('',#3571,.T.);
#3844=FACE_BOUND('',#3572,.T.);
#3845=FACE_BOUND('',#3573,.T.);
#3846=FACE_BOUND('',#3574,.T.);
#3847=FACE_BOUND('',#3575,.T.);
#3848=FACE_BOUND('',#3576,.T.);
#3849=FACE_BOUND('',#3577,.T.);
#3850=FACE_BOUND('',#3578,.T.);
#3851=FACE_BOUND('',#3579,.T.);
#3852=FACE_BOUND('',#3580,.T.);
#3853=FACE_BOUND('',#3581,.T.);
#3854=FACE_BOUND('',#3582,.T.);
#3855=FACE_BOUND('',#3583,.T.);
#3856=FACE_BOUND('',#3584,.T.);
#3857=FACE_BOUND('',#3585,.T.);
#3858=FACE_BOUND('',#3586,.T.);
#3859=FACE_BOUND('',#3587,.T.);
#3860=FACE_BOUND('',#3588,.T.);
#3861=FACE_BOUND('',#3589,.T.);
#3862=FACE_BOUND('',#3590,.T.);
#3863=FACE_BOUND('',#3591,.T.);
#3864=FACE_BOUND('',#3592,.T.);
#3865=FACE_BOUND('',#3593,.T.);
#3866=FACE_BOUND('',#3594,.T.);
#3867=FACE_BOUND('',#3595,.T.);
#3868=FACE_BOUND('',#3596,.T.);
#3869=FACE_BOUND('',#3597,.T.);
#3870=FACE_BOUND('',#3598,.T.);
#3871=FACE_BOUND('',#3599,.T.);
#3872=FACE_BOUND('',#3600,.T.);
#3873=FACE_BOUND('',#3601,.T.);
#3874=FACE_BOUND('',#3602,.T.);
#3875=FACE_BOUND('',#3603,.T.);
#3876=FACE_BOUND('',#3604,.T.);
#3877=FACE_BOUND('',#3605,.T.);
#3878=FACE_BOUND('',#3606,.T.);
#3879=FACE_BOUND('',#3607,.T.);
#3880=FACE_BOUND('',#3608,.T.);
#3881=FACE_BOUND('',#3609,.T.);
#3882=FACE_BOUND('',#3610,.T.);
#3883=FACE_BOUND('',#3611,.T.);
#3884=FACE_BOUND('',#3612,.T.);
#3885=FACE_BOUND('',#3613,.T.);
#3886=FACE_BOUND('',#3614,.T.);
#3887=FACE_BOUND('',#3615,.T.);
#3888=FACE_BOUND('',#3616,.T.);
#3889=FACE_BOUND('',#3617,.T.);
#3890=FACE_BOUND('',#3618,.T.);
#3891=FACE_BOUND('',#3619,.T.);
#3892=FACE_BOUND('',#3620,.T.);
#3893=FACE_BOUND('',#3621,.T.);
#3894=FACE_BOUND('',#3622,.T.);
#3895=FACE_BOUND('',#3623,.T.);
#3896=FACE_BOUND('',#3624,.T.);
#3897=FACE_BOUND('',#3625,.T.);
#3898=FACE_BOUND('',#3626,.T.);
#3899=FACE_BOUND('',#3627,.T.);
#3900=FACE_BOUND('',#3628,.T.);
#3901=FACE_BOUND('',#3629,.T.);
#3902=FACE_BOUND('',#3630,.T.);
#3903=FACE_BOUND('',#3631,.T.);
#3904=FACE_BOUND('',#3632,.T.);
#3905=FACE_BOUND('',#3633,.T.);
#3906=FACE_BOUND('',#3634,.T.);
#3907=FACE_BOUND('',#3635,.T.);
#3908=FACE_BOUND('',#3636,.T.);
#3909=FACE_BOUND('',#3637,.T.);
#3910=FACE_BOUND('',#3638,.T.);
#3911=FACE_BOUND('',#3639,.T.);
#3912=FACE_BOUND('',#3640,.T.);
#3913=FACE_BOUND('',#3641,.T.);
#3914=FACE_BOUND('',#3642,.T.);
#3915=FACE_BOUND('',#3643,.T.);
#3916=FACE_BOUND('',#3644,.T.);
#3917=FACE_BOUND('',#3645,.T.);
#3918=FACE_BOUND('',#3646,.T.);
#3919=FACE_BOUND('',#3647,.T.);
#3920=FACE_BOUND('',#3648,.T.);
#3921=FACE_BOUND('',#3649,.T.);
#3922=FACE_BOUND('',#3650,.T.);
#3923=FACE_BOUND('',#3651,.T.);
#3924=FACE_BOUND('',#3652,.T.);
#3925=FACE_BOUND('',#3653,.T.);
#3926=FACE_BOUND('',#3654,.T.);
#3927=FACE_BOUND('',#3655,.T.);
#3928=FACE_BOUND('',#3656,.T.);
#3929=FACE_BOUND('',#3657,.T.);
#3930=FACE_BOUND('',#3658,.T.);
#3931=FACE_BOUND('',#3659,.T.);
#3932=FACE_BOUND('',#3660,.T.);
#3933=FACE_BOUND('',#3661,.T.);
#3934=FACE_BOUND('',#3662,.T.);
#3935=FACE_BOUND('',#3663,.T.);
#3936=FACE_BOUND('',#3664,.T.);
#3937=FACE_BOUND('',#3665,.T.);
#3938=FACE_BOUND('',#3666,.T.);
#3939=FACE_BOUND('',#3667,.T.);
#3940=FACE_BOUND('',#3668,.T.);
#3941=FACE_BOUND('',#3669,.T.);
#3942=FACE_BOUND('',#3670,.T.);
#3943=FACE_BOUND('',#3671,.T.);
#3944=FACE_BOUND('',#3672,.T.);
#3945=FACE_BOUND('',#3673,.T.);
#3946=FACE_BOUND('',#3674,.T.);
#3947=FACE_BOUND('',#3675,.T.);
#3948=FACE_BOUND('',#3676,.T.);
#3949=FACE_BOUND('',#3677,.T.);
#3950=FACE_BOUND('',#3678,.T.);
#3951=FACE_BOUND('',#3679,.T.);
#3952=FACE_BOUND('',#3680,.T.);
#3953=FACE_BOUND('',#3681,.T.);
#3954=FACE_BOUND('',#3682,.T.);
#3955=FACE_BOUND('',#3683,.T.);
#3956=FACE_BOUND('',#3684,.T.);
#3957=FACE_BOUND('',#3685,.T.);
#3958=FACE_BOUND('',#3686,.T.);
#3959=FACE_BOUND('',#3687,.T.);
#3960=FACE_BOUND('',#3688,.T.);
#3961=FACE_BOUND('',#3689,.T.);
#3962=FACE_BOUND('',#3690,.T.);
#3963=FACE_BOUND('',#3691,.T.);
#3964=FACE_BOUND('',#3692,.T.);
#3965=FACE_BOUND('',#3693,.T.);
#3966=FACE_BOUND('',#3694,.T.);
#3967=FACE_BOUND('',#3695,.T.);
#3968=PLANE('',#4297);
#3969=PLANE('',#4402);
#3970=PLANE('',#4507);
#3971=PLANE('',#4509);
#3972=PLANE('',#4511);
#3973=PLANE('',#4513);
#3974=PLANE('',#4515);
#3975=PLANE('',#4517);
#3976=PLANE('',#4519);
#3977=PLANE('',#4521);
#3978=PLANE('',#4523);
#3979=PLANE('',#4525);
#3980=PLANE('',#4527);
#3981=PLANE('',#4529);
#3982=PLANE('',#4531);
#3983=PLANE('',#4533);
#3984=PLANE('',#4535);
#3985=PLANE('',#4537);
#3986=PLANE('',#4539);
#3987=PLANE('',#4541);
#3988=PLANE('',#4543);
#3989=PLANE('',#4545);
#3990=PLANE('',#4547);
#3991=PLANE('',#4549);
#3992=PLANE('',#4551);
#3993=PLANE('',#4553);
#3994=PLANE('',#4555);
#3995=PLANE('',#4557);
#3996=PLANE('',#4559);
#3997=PLANE('',#4561);
#3998=PLANE('',#4563);
#3999=PLANE('',#4565);
#4000=PLANE('',#4567);
#4001=PLANE('',#4569);
#4002=PLANE('',#4571);
#4003=PLANE('',#4573);
#4004=PLANE('',#4575);
#4005=PLANE('',#4577);
#4006=PLANE('',#4580);
#4007=PLANE('',#4582);
#4008=PLANE('',#4584);
#4009=PLANE('',#4586);
#4010=PLANE('',#4587);
#4011=PLANE('',#4589);
#4012=PLANE('',#4591);
#4013=PLANE('',#4593);
#4014=PLANE('',#4596);
#4015=PLANE('',#4598);
#4016=PLANE('',#4600);
#4017=PLANE('',#4602);
#4018=PLANE('',#4603);
#4019=PLANE('',#4605);
#4020=PLANE('',#4607);
#4021=PLANE('',#4609);
#4022=PLANE('',#4612);
#4023=PLANE('',#4614);
#4024=PLANE('',#4616);
#4025=PLANE('',#4618);
#4026=PLANE('',#4620);
#4027=PLANE('',#4622);
#4028=PLANE('',#4624);
#4029=PLANE('',#4626);
#4030=PLANE('',#4628);
#4031=PLANE('',#4630);
#4032=PLANE('',#4632);
#4033=PLANE('',#4634);
#4034=PLANE('',#4635);
#4035=PLANE('',#4637);
#4036=PLANE('',#4639);
#4037=PLANE('',#4641);
#4038=PLANE('',#4643);
#4039=PLANE('',#4645);
#4040=PLANE('',#4647);
#4041=PLANE('',#4649);
#4042=PLANE('',#4651);
#4043=PLANE('',#4653);
#4044=PLANE('',#4655);
#4045=PLANE('',#4657);
#4046=PLANE('',#4659);
#4047=PLANE('',#4661);
#4048=PLANE('',#4663);
#4049=PLANE('',#4665);
#4050=PLANE('',#4667);
#4051=PLANE('',#4669);
#4052=PLANE('',#4671);
#4053=PLANE('',#4673);
#4054=PLANE('',#4675);
#4055=PLANE('',#4677);
#4056=PLANE('',#4679);
#4057=PLANE('',#4681);
#4058=PLANE('',#4683);
#4059=PLANE('',#4685);
#4060=PLANE('',#4687);
#4061=PLANE('',#4689);
#4062=PLANE('',#4691);
#4063=PLANE('',#4693);
#4064=PLANE('',#4695);
#4065=PLANE('',#4697);
#4066=PLANE('',#4703);
#4067=PLANE('',#4704);
#4068=PLANE('',#4705);
#4069=PLANE('',#4706);
#4070=PLANE('',#4707);
#4071=PLANE('',#4709);
#4072=PLANE('',#4711);
#4073=PLANE('',#4713);
#4074=ADVANCED_FACE('',(#3696,#3697,#3698,#3699,#3700,#3701,#3702,#3703,
#3704,#3705,#3706,#3707,#3708,#3709,#3710,#3711,#3712,#3713,#3714,#3715,
#3716,#3717,#3718,#3719,#3720,#3721,#3722,#3723,#3724,#3725),#3968,.T.);
#4075=ADVANCED_FACE('',(#3726,#3727,#3728,#3729,#3730,#3731,#3732,#3733,
#3734,#3735,#3736,#3737,#3738,#3739,#3740,#3741,#3742,#3743,#3744,#3745,
#3746,#3747,#3748,#3749,#3750,#3751,#3752,#3753,#3754,#3755),#3969,.F.);
#4076=ADVANCED_FACE('',(#3756),#3970,.F.);
#4077=ADVANCED_FACE('',(#3757),#12,.T.);
#4078=ADVANCED_FACE('',(#3758),#3971,.T.);
#4079=ADVANCED_FACE('',(#3759),#13,.T.);
#4080=ADVANCED_FACE('',(#3760),#3972,.T.);
#4081=ADVANCED_FACE('',(#3761),#14,.T.);
#4082=ADVANCED_FACE('',(#3762),#3973,.F.);
#4083=ADVANCED_FACE('',(#3763),#15,.T.);
#4084=ADVANCED_FACE('',(#3764),#3974,.F.);
#4085=ADVANCED_FACE('',(#3765),#16,.F.);
#4086=ADVANCED_FACE('',(#3766),#3975,.F.);
#4087=ADVANCED_FACE('',(#3767),#17,.F.);
#4088=ADVANCED_FACE('',(#3768),#3976,.T.);
#4089=ADVANCED_FACE('',(#3769),#18,.F.);
#4090=ADVANCED_FACE('',(#3770),#3977,.T.);
#4091=ADVANCED_FACE('',(#3771),#19,.F.);
#4092=ADVANCED_FACE('',(#3772),#3978,.F.);
#4093=ADVANCED_FACE('',(#3773),#20,.F.);
#4094=ADVANCED_FACE('',(#3774),#3979,.T.);
#4095=ADVANCED_FACE('',(#3775),#21,.F.);
#4096=ADVANCED_FACE('',(#3776),#3980,.T.);
#4097=ADVANCED_FACE('',(#3777),#22,.F.);
#4098=ADVANCED_FACE('',(#3778),#3981,.F.);
#4099=ADVANCED_FACE('',(#3779),#23,.F.);
#4100=ADVANCED_FACE('',(#3780),#3982,.F.);
#4101=ADVANCED_FACE('',(#3781),#24,.F.);
#4102=ADVANCED_FACE('',(#3782),#3983,.T.);
#4103=ADVANCED_FACE('',(#3783),#25,.F.);
#4104=ADVANCED_FACE('',(#3784),#3984,.T.);
#4105=ADVANCED_FACE('',(#3785),#26,.F.);
#4106=ADVANCED_FACE('',(#3786),#3985,.F.);
#4107=ADVANCED_FACE('',(#3787),#27,.F.);
#4108=ADVANCED_FACE('',(#3788),#3986,.F.);
#4109=ADVANCED_FACE('',(#3789),#28,.F.);
#4110=ADVANCED_FACE('',(#3790),#3987,.T.);
#4111=ADVANCED_FACE('',(#3791),#29,.F.);
#4112=ADVANCED_FACE('',(#3792),#3988,.T.);
#4113=ADVANCED_FACE('',(#3793),#30,.F.);
#4114=ADVANCED_FACE('',(#3794),#3989,.F.);
#4115=ADVANCED_FACE('',(#3795),#31,.F.);
#4116=ADVANCED_FACE('',(#3796),#3990,.F.);
#4117=ADVANCED_FACE('',(#3797),#32,.F.);
#4118=ADVANCED_FACE('',(#3798),#3991,.T.);
#4119=ADVANCED_FACE('',(#3799),#33,.F.);
#4120=ADVANCED_FACE('',(#3800),#3992,.T.);
#4121=ADVANCED_FACE('',(#3801),#34,.F.);
#4122=ADVANCED_FACE('',(#3802),#3993,.F.);
#4123=ADVANCED_FACE('',(#3803),#35,.F.);
#4124=ADVANCED_FACE('',(#3804),#3994,.F.);
#4125=ADVANCED_FACE('',(#3805),#36,.F.);
#4126=ADVANCED_FACE('',(#3806),#3995,.T.);
#4127=ADVANCED_FACE('',(#3807),#37,.F.);
#4128=ADVANCED_FACE('',(#3808),#3996,.T.);
#4129=ADVANCED_FACE('',(#3809),#38,.F.);
#4130=ADVANCED_FACE('',(#3810),#3997,.F.);
#4131=ADVANCED_FACE('',(#3811),#39,.F.);
#4132=ADVANCED_FACE('',(#3812),#3998,.F.);
#4133=ADVANCED_FACE('',(#3813),#40,.F.);
#4134=ADVANCED_FACE('',(#3814),#3999,.T.);
#4135=ADVANCED_FACE('',(#3815),#41,.F.);
#4136=ADVANCED_FACE('',(#3816),#4000,.T.);
#4137=ADVANCED_FACE('',(#3817),#42,.F.);
#4138=ADVANCED_FACE('',(#3818),#4001,.F.);
#4139=ADVANCED_FACE('',(#3819),#43,.F.);
#4140=ADVANCED_FACE('',(#3820),#4002,.F.);
#4141=ADVANCED_FACE('',(#3821),#44,.F.);
#4142=ADVANCED_FACE('',(#3822),#4003,.T.);
#4143=ADVANCED_FACE('',(#3823),#45,.F.);
#4144=ADVANCED_FACE('',(#3824),#4004,.T.);
#4145=ADVANCED_FACE('',(#3825),#46,.F.);
#4146=ADVANCED_FACE('',(#3826),#4005,.F.);
#4147=ADVANCED_FACE('',(#3827),#47,.F.);
#4148=ADVANCED_FACE('',(#3828),#48,.F.);
#4149=ADVANCED_FACE('',(#3829),#4006,.T.);
#4150=ADVANCED_FACE('',(#3830),#49,.F.);
#4151=ADVANCED_FACE('',(#3831),#4007,.F.);
#4152=ADVANCED_FACE('',(#3832),#50,.F.);
#4153=ADVANCED_FACE('',(#3833),#4008,.F.);
#4154=ADVANCED_FACE('',(#3834),#51,.F.);
#4155=ADVANCED_FACE('',(#3835),#4009,.T.);
#4156=ADVANCED_FACE('',(#3836),#4010,.F.);
#4157=ADVANCED_FACE('',(#3837),#52,.F.);
#4158=ADVANCED_FACE('',(#3838),#4011,.T.);
#4159=ADVANCED_FACE('',(#3839),#53,.F.);
#4160=ADVANCED_FACE('',(#3840),#4012,.T.);
#4161=ADVANCED_FACE('',(#3841),#54,.F.);
#4162=ADVANCED_FACE('',(#3842),#4013,.F.);
#4163=ADVANCED_FACE('',(#3843),#55,.F.);
#4164=ADVANCED_FACE('',(#3844),#56,.F.);
#4165=ADVANCED_FACE('',(#3845),#4014,.T.);
#4166=ADVANCED_FACE('',(#3846),#57,.F.);
#4167=ADVANCED_FACE('',(#3847),#4015,.F.);
#4168=ADVANCED_FACE('',(#3848),#58,.F.);
#4169=ADVANCED_FACE('',(#3849),#4016,.F.);
#4170=ADVANCED_FACE('',(#3850),#59,.F.);
#4171=ADVANCED_FACE('',(#3851),#4017,.T.);
#4172=ADVANCED_FACE('',(#3852),#4018,.F.);
#4173=ADVANCED_FACE('',(#3853),#60,.F.);
#4174=ADVANCED_FACE('',(#3854),#4019,.T.);
#4175=ADVANCED_FACE('',(#3855),#61,.F.);
#4176=ADVANCED_FACE('',(#3856),#4020,.T.);
#4177=ADVANCED_FACE('',(#3857),#62,.F.);
#4178=ADVANCED_FACE('',(#3858),#4021,.F.);
#4179=ADVANCED_FACE('',(#3859),#63,.F.);
#4180=ADVANCED_FACE('',(#3860),#64,.F.);
#4181=ADVANCED_FACE('',(#3861),#4022,.T.);
#4182=ADVANCED_FACE('',(#3862),#65,.F.);
#4183=ADVANCED_FACE('',(#3863),#4023,.T.);
#4184=ADVANCED_FACE('',(#3864),#66,.F.);
#4185=ADVANCED_FACE('',(#3865),#4024,.F.);
#4186=ADVANCED_FACE('',(#3866),#67,.F.);
#4187=ADVANCED_FACE('',(#3867),#4025,.F.);
#4188=ADVANCED_FACE('',(#3868),#68,.F.);
#4189=ADVANCED_FACE('',(#3869),#4026,.T.);
#4190=ADVANCED_FACE('',(#3870),#69,.F.);
#4191=ADVANCED_FACE('',(#3871),#4027,.T.);
#4192=ADVANCED_FACE('',(#3872),#70,.F.);
#4193=ADVANCED_FACE('',(#3873),#4028,.F.);
#4194=ADVANCED_FACE('',(#3874),#71,.F.);
#4195=ADVANCED_FACE('',(#3875),#4029,.F.);
#4196=ADVANCED_FACE('',(#3876),#72,.F.);
#4197=ADVANCED_FACE('',(#3877),#4030,.T.);
#4198=ADVANCED_FACE('',(#3878),#73,.F.);
#4199=ADVANCED_FACE('',(#3879),#4031,.T.);
#4200=ADVANCED_FACE('',(#3880),#74,.F.);
#4201=ADVANCED_FACE('',(#3881),#4032,.F.);
#4202=ADVANCED_FACE('',(#3882),#75,.F.);
#4203=ADVANCED_FACE('',(#3883),#4033,.F.);
#4204=ADVANCED_FACE('',(#3884),#4034,.F.);
#4205=ADVANCED_FACE('',(#3885),#76,.F.);
#4206=ADVANCED_FACE('',(#3886),#4035,.T.);
#4207=ADVANCED_FACE('',(#3887),#77,.F.);
#4208=ADVANCED_FACE('',(#3888),#4036,.T.);
#4209=ADVANCED_FACE('',(#3889),#78,.F.);
#4210=ADVANCED_FACE('',(#3890),#4037,.F.);
#4211=ADVANCED_FACE('',(#3891),#79,.F.);
#4212=ADVANCED_FACE('',(#3892),#4038,.F.);
#4213=ADVANCED_FACE('',(#3893),#80,.F.);
#4214=ADVANCED_FACE('',(#3894),#4039,.T.);
#4215=ADVANCED_FACE('',(#3895),#81,.F.);
#4216=ADVANCED_FACE('',(#3896),#4040,.T.);
#4217=ADVANCED_FACE('',(#3897),#82,.F.);
#4218=ADVANCED_FACE('',(#3898),#4041,.F.);
#4219=ADVANCED_FACE('',(#3899),#83,.F.);
#4220=ADVANCED_FACE('',(#3900),#4042,.F.);
#4221=ADVANCED_FACE('',(#3901),#84,.F.);
#4222=ADVANCED_FACE('',(#3902),#4043,.T.);
#4223=ADVANCED_FACE('',(#3903),#85,.F.);
#4224=ADVANCED_FACE('',(#3904),#4044,.T.);
#4225=ADVANCED_FACE('',(#3905),#86,.F.);
#4226=ADVANCED_FACE('',(#3906),#4045,.F.);
#4227=ADVANCED_FACE('',(#3907),#87,.F.);
#4228=ADVANCED_FACE('',(#3908),#4046,.F.);
#4229=ADVANCED_FACE('',(#3909),#88,.F.);
#4230=ADVANCED_FACE('',(#3910),#4047,.T.);
#4231=ADVANCED_FACE('',(#3911),#89,.F.);
#4232=ADVANCED_FACE('',(#3912),#4048,.T.);
#4233=ADVANCED_FACE('',(#3913),#90,.F.);
#4234=ADVANCED_FACE('',(#3914),#4049,.F.);
#4235=ADVANCED_FACE('',(#3915),#91,.F.);
#4236=ADVANCED_FACE('',(#3916),#4050,.F.);
#4237=ADVANCED_FACE('',(#3917),#92,.F.);
#4238=ADVANCED_FACE('',(#3918),#4051,.T.);
#4239=ADVANCED_FACE('',(#3919),#93,.F.);
#4240=ADVANCED_FACE('',(#3920),#4052,.T.);
#4241=ADVANCED_FACE('',(#3921),#94,.F.);
#4242=ADVANCED_FACE('',(#3922),#4053,.F.);
#4243=ADVANCED_FACE('',(#3923),#95,.F.);
#4244=ADVANCED_FACE('',(#3924),#4054,.F.);
#4245=ADVANCED_FACE('',(#3925),#96,.F.);
#4246=ADVANCED_FACE('',(#3926),#4055,.T.);
#4247=ADVANCED_FACE('',(#3927),#97,.F.);
#4248=ADVANCED_FACE('',(#3928),#4056,.T.);
#4249=ADVANCED_FACE('',(#3929),#98,.F.);
#4250=ADVANCED_FACE('',(#3930),#4057,.F.);
#4251=ADVANCED_FACE('',(#3931),#99,.F.);
#4252=ADVANCED_FACE('',(#3932),#4058,.F.);
#4253=ADVANCED_FACE('',(#3933),#100,.F.);
#4254=ADVANCED_FACE('',(#3934),#4059,.T.);
#4255=ADVANCED_FACE('',(#3935),#101,.F.);
#4256=ADVANCED_FACE('',(#3936),#4060,.T.);
#4257=ADVANCED_FACE('',(#3937),#102,.F.);
#4258=ADVANCED_FACE('',(#3938),#4061,.F.);
#4259=ADVANCED_FACE('',(#3939),#103,.F.);
#4260=ADVANCED_FACE('',(#3940),#4062,.F.);
#4261=ADVANCED_FACE('',(#3941),#104,.F.);
#4262=ADVANCED_FACE('',(#3942),#4063,.T.);
#4263=ADVANCED_FACE('',(#3943),#105,.F.);
#4264=ADVANCED_FACE('',(#3944),#4064,.T.);
#4265=ADVANCED_FACE('',(#3945),#106,.F.);
#4266=ADVANCED_FACE('',(#3946),#4065,.F.);
#4267=ADVANCED_FACE('',(#3947),#107,.F.);
#4268=ADVANCED_FACE('',(#3948,#3949),#108,.F.);
#4269=ADVANCED_FACE('',(#3950,#3951),#109,.F.);
#4270=ADVANCED_FACE('',(#3952,#3953),#110,.F.);
#4271=ADVANCED_FACE('',(#3954,#3955),#111,.F.);
#4272=ADVANCED_FACE('',(#3956),#4066,.T.);
#4273=ADVANCED_FACE('',(#3957),#4067,.F.);
#4274=ADVANCED_FACE('',(#3958),#4068,.F.);
#4275=ADVANCED_FACE('',(#3959),#4069,.T.);
#4276=ADVANCED_FACE('',(#3960),#4070,.T.);
#4277=ADVANCED_FACE('',(#3961),#112,.F.);
#4278=ADVANCED_FACE('',(#3962),#4071,.F.);
#4279=ADVANCED_FACE('',(#3963),#113,.F.);
#4280=ADVANCED_FACE('',(#3964),#4072,.F.);
#4281=ADVANCED_FACE('',(#3965),#114,.F.);
#4282=ADVANCED_FACE('',(#3966),#4073,.T.);
#4283=ADVANCED_FACE('',(#3967),#115,.F.);
#4284=CLOSED_SHELL('',(#4074,#4075,#4076,#4077,#4078,#4079,#4080,#4081,
#4082,#4083,#4084,#4085,#4086,#4087,#4088,#4089,#4090,#4091,#4092,#4093,
#4094,#4095,#4096,#4097,#4098,#4099,#4100,#4101,#4102,#4103,#4104,#4105,
#4106,#4107,#4108,#4109,#4110,#4111,#4112,#4113,#4114,#4115,#4116,#4117,
#4118,#4119,#4120,#4121,#4122,#4123,#4124,#4125,#4126,#4127,#4128,#4129,
#4130,#4131,#4132,#4133,#4134,#4135,#4136,#4137,#4138,#4139,#4140,#4141,
#4142,#4143,#4144,#4145,#4146,#4147,#4148,#4149,#4150,#4151,#4152,#4153,
#4154,#4155,#4156,#4157,#4158,#4159,#4160,#4161,#4162,#4163,#4164,#4165,
#4166,#4167,#4168,#4169,#4170,#4171,#4172,#4173,#4174,#4175,#4176,#4177,
#4178,#4179,#4180,#4181,#4182,#4183,#4184,#4185,#4186,#4187,#4188,#4189,
#4190,#4191,#4192,#4193,#4194,#4195,#4196,#4197,#4198,#4199,#4200,#4201,
#4202,#4203,#4204,#4205,#4206,#4207,#4208,#4209,#4210,#4211,#4212,#4213,
#4214,#4215,#4216,#4217,#4218,#4219,#4220,#4221,#4222,#4223,#4224,#4225,
#4226,#4227,#4228,#4229,#4230,#4231,#4232,#4233,#4234,#4235,#4236,#4237,
#4238,#4239,#4240,#4241,#4242,#4243,#4244,#4245,#4246,#4247,#4248,#4249,
#4250,#4251,#4252,#4253,#4254,#4255,#4256,#4257,#4258,#4259,#4260,#4261,
#4262,#4263,#4264,#4265,#4266,#4267,#4268,#4269,#4270,#4271,#4272,#4273,
#4274,#4275,#4276,#4277,#4278,#4279,#4280,#4281,#4282,#4283));
#4285=STYLED_ITEM('',(#4286),#4293);
#4286=PRESENTATION_STYLE_ASSIGNMENT((#4287));
#4287=SURFACE_STYLE_USAGE(.BOTH.,#4288);
#4288=SURFACE_SIDE_STYLE('',(#4289));
#4289=SURFACE_STYLE_FILL_AREA(#4290);
#4290=FILL_AREA_STYLE('',(#4291));
#4291=FILL_AREA_STYLE_COLOUR('',#4292);
#4292=COLOUR_RGB('',0.615686274509804,0.811764705882353,0.929411764705882);
#4293=MANIFOLD_SOLID_BREP('Part 1',#4284);
#4294=SHAPE_DEFINITION_REPRESENTATION(#7218,#4295);
#4295=SHAPE_REPRESENTATION('Part 1',(#4296),#7213);
#4296=AXIS2_PLACEMENT_3D('',#5965,#4715,#4716);
#4297=AXIS2_PLACEMENT_3D('',#5966,#4717,#4718);
#4298=AXIS2_PLACEMENT_3D('',#5967,#4719,#4720);
#4299=AXIS2_PLACEMENT_3D('',#5969,#4721,#4722);
#4300=AXIS2_PLACEMENT_3D('',#5971,#4723,#4724);
#4301=AXIS2_PLACEMENT_3D('',#5973,#4725,#4726);
#4302=AXIS2_PLACEMENT_3D('',#5978,#4728,#4729);
#4303=AXIS2_PLACEMENT_3D('',#5982,#4731,#4732);
#4304=AXIS2_PLACEMENT_3D('',#5986,#4734,#4735);
#4305=AXIS2_PLACEMENT_3D('',#5990,#4737,#4738);
#4306=AXIS2_PLACEMENT_3D('',#5994,#4740,#4741);
#4307=AXIS2_PLACEMENT_3D('',#5998,#4743,#4744);
#4308=AXIS2_PLACEMENT_3D('',#6002,#4746,#4747);
#4309=AXIS2_PLACEMENT_3D('',#6006,#4749,#4750);
#4310=AXIS2_PLACEMENT_3D('',#6010,#4752,#4753);
#4311=AXIS2_PLACEMENT_3D('',#6014,#4755,#4756);
#4312=AXIS2_PLACEMENT_3D('',#6018,#4758,#4759);
#4313=AXIS2_PLACEMENT_3D('',#6022,#4761,#4762);
#4314=AXIS2_PLACEMENT_3D('',#6026,#4764,#4765);
#4315=AXIS2_PLACEMENT_3D('',#6030,#4767,#4768);
#4316=AXIS2_PLACEMENT_3D('',#6034,#4770,#4771);
#4317=AXIS2_PLACEMENT_3D('',#6038,#4773,#4774);
#4318=AXIS2_PLACEMENT_3D('',#6042,#4776,#4777);
#4319=AXIS2_PLACEMENT_3D('',#6046,#4779,#4780);
#4320=AXIS2_PLACEMENT_3D('',#6050,#4782,#4783);
#4321=AXIS2_PLACEMENT_3D('',#6054,#4785,#4786);
#4322=AXIS2_PLACEMENT_3D('',#6058,#4788,#4789);
#4323=AXIS2_PLACEMENT_3D('',#6062,#4791,#4792);
#4324=AXIS2_PLACEMENT_3D('',#6066,#4794,#4795);
#4325=AXIS2_PLACEMENT_3D('',#6070,#4797,#4798);
#4326=AXIS2_PLACEMENT_3D('',#6074,#4800,#4801);
#4327=AXIS2_PLACEMENT_3D('',#6078,#4803,#4804);
#4328=AXIS2_PLACEMENT_3D('',#6082,#4806,#4807);
#4329=AXIS2_PLACEMENT_3D('',#6086,#4809,#4810);
#4330=AXIS2_PLACEMENT_3D('',#6090,#4812,#4813);
#4331=AXIS2_PLACEMENT_3D('',#6094,#4815,#4816);
#4332=AXIS2_PLACEMENT_3D('',#6098,#4818,#4819);
#4333=AXIS2_PLACEMENT_3D('',#6102,#4821,#4822);
#4334=AXIS2_PLACEMENT_3D('',#6106,#4824,#4825);
#4335=AXIS2_PLACEMENT_3D('',#6110,#4827,#4828);
#4336=AXIS2_PLACEMENT_3D('',#6114,#4830,#4831);
#4337=AXIS2_PLACEMENT_3D('',#6118,#4833,#4834);
#4338=AXIS2_PLACEMENT_3D('',#6122,#4836,#4837);
#4339=AXIS2_PLACEMENT_3D('',#6126,#4839,#4840);
#4340=AXIS2_PLACEMENT_3D('',#6130,#4842,#4843);
#4341=AXIS2_PLACEMENT_3D('',#6134,#4845,#4846);
#4342=AXIS2_PLACEMENT_3D('',#6138,#4848,#4849);
#4343=AXIS2_PLACEMENT_3D('',#6142,#4851,#4852);
#4344=AXIS2_PLACEMENT_3D('',#6146,#4854,#4855);
#4345=AXIS2_PLACEMENT_3D('',#6150,#4857,#4858);
#4346=AXIS2_PLACEMENT_3D('',#6154,#4860,#4861);
#4347=AXIS2_PLACEMENT_3D('',#6158,#4863,#4864);
#4348=AXIS2_PLACEMENT_3D('',#6162,#4866,#4867);
#4349=AXIS2_PLACEMENT_3D('',#6166,#4869,#4870);
#4350=AXIS2_PLACEMENT_3D('',#6170,#4872,#4873);
#4351=AXIS2_PLACEMENT_3D('',#6174,#4875,#4876);
#4352=AXIS2_PLACEMENT_3D('',#6178,#4878,#4879);
#4353=AXIS2_PLACEMENT_3D('',#6182,#4881,#4882);
#4354=AXIS2_PLACEMENT_3D('',#6186,#4884,#4885);
#4355=AXIS2_PLACEMENT_3D('',#6190,#4887,#4888);
#4356=AXIS2_PLACEMENT_3D('',#6194,#4890,#4891);
#4357=AXIS2_PLACEMENT_3D('',#6198,#4893,#4894);
#4358=AXIS2_PLACEMENT_3D('',#6202,#4896,#4897);
#4359=AXIS2_PLACEMENT_3D('',#6206,#4899,#4900);
#4360=AXIS2_PLACEMENT_3D('',#6210,#4902,#4903);
#4361=AXIS2_PLACEMENT_3D('',#6214,#4905,#4906);
#4362=AXIS2_PLACEMENT_3D('',#6218,#4908,#4909);
#4363=AXIS2_PLACEMENT_3D('',#6222,#4911,#4912);
#4364=AXIS2_PLACEMENT_3D('',#6226,#4914,#4915);
#4365=AXIS2_PLACEMENT_3D('',#6230,#4917,#4918);
#4366=AXIS2_PLACEMENT_3D('',#6234,#4920,#4921);
#4367=AXIS2_PLACEMENT_3D('',#6238,#4923,#4924);
#4368=AXIS2_PLACEMENT_3D('',#6242,#4926,#4927);
#4369=AXIS2_PLACEMENT_3D('',#6246,#4929,#4930);
#4370=AXIS2_PLACEMENT_3D('',#6250,#4932,#4933);
#4371=AXIS2_PLACEMENT_3D('',#6254,#4935,#4936);
#4372=AXIS2_PLACEMENT_3D('',#6258,#4938,#4939);
#4373=AXIS2_PLACEMENT_3D('',#6262,#4941,#4942);
#4374=AXIS2_PLACEMENT_3D('',#6266,#4944,#4945);
#4375=AXIS2_PLACEMENT_3D('',#6270,#4947,#4948);
#4376=AXIS2_PLACEMENT_3D('',#6274,#4950,#4951);
#4377=AXIS2_PLACEMENT_3D('',#6278,#4953,#4954);
#4378=AXIS2_PLACEMENT_3D('',#6282,#4956,#4957);
#4379=AXIS2_PLACEMENT_3D('',#6286,#4959,#4960);
#4380=AXIS2_PLACEMENT_3D('',#6290,#4962,#4963);
#4381=AXIS2_PLACEMENT_3D('',#6294,#4965,#4966);
#4382=AXIS2_PLACEMENT_3D('',#6298,#4968,#4969);
#4383=AXIS2_PLACEMENT_3D('',#6302,#4971,#4972);
#4384=AXIS2_PLACEMENT_3D('',#6306,#4974,#4975);
#4385=AXIS2_PLACEMENT_3D('',#6310,#4977,#4978);
#4386=AXIS2_PLACEMENT_3D('',#6314,#4980,#4981);
#4387=AXIS2_PLACEMENT_3D('',#6318,#4983,#4984);
#4388=AXIS2_PLACEMENT_3D('',#6322,#4986,#4987);
#4389=AXIS2_PLACEMENT_3D('',#6326,#4989,#4990);
#4390=AXIS2_PLACEMENT_3D('',#6330,#4992,#4993);
#4391=AXIS2_PLACEMENT_3D('',#6334,#4995,#4996);
#4392=AXIS2_PLACEMENT_3D('',#6338,#4998,#4999);
#4393=AXIS2_PLACEMENT_3D('',#6342,#5001,#5002);
#4394=AXIS2_PLACEMENT_3D('',#6346,#5004,#5005);
#4395=AXIS2_PLACEMENT_3D('',#6350,#5007,#5008);
#4396=AXIS2_PLACEMENT_3D('',#6354,#5010,#5011);
#4397=AXIS2_PLACEMENT_3D('',#6358,#5013,#5014);
#4398=AXIS2_PLACEMENT_3D('',#6367,#5019,#5020);
#4399=AXIS2_PLACEMENT_3D('',#6372,#5022,#5023);
#4400=AXIS2_PLACEMENT_3D('',#6376,#5025,#5026);
#4401=AXIS2_PLACEMENT_3D('',#6380,#5028,#5029);
#4402=AXIS2_PLACEMENT_3D('',#6383,#5031,#5032);
#4403=AXIS2_PLACEMENT_3D('',#6392,#5037,#5038);
#4404=AXIS2_PLACEMENT_3D('',#6394,#5039,#5040);
#4405=AXIS2_PLACEMENT_3D('',#6396,#5041,#5042);
#4406=AXIS2_PLACEMENT_3D('',#6398,#5043,#5044);
#4407=AXIS2_PLACEMENT_3D('',#6400,#5045,#5046);
#4408=AXIS2_PLACEMENT_3D('',#6405,#5048,#5049);
#4409=AXIS2_PLACEMENT_3D('',#6409,#5051,#5052);
#4410=AXIS2_PLACEMENT_3D('',#6413,#5054,#5055);
#4411=AXIS2_PLACEMENT_3D('',#6416,#5057,#5058);
#4412=AXIS2_PLACEMENT_3D('',#6421,#5060,#5061);
#4413=AXIS2_PLACEMENT_3D('',#6425,#5063,#5064);
#4414=AXIS2_PLACEMENT_3D('',#6429,#5066,#5067);
#4415=AXIS2_PLACEMENT_3D('',#6432,#5069,#5070);
#4416=AXIS2_PLACEMENT_3D('',#6437,#5072,#5073);
#4417=AXIS2_PLACEMENT_3D('',#6441,#5075,#5076);
#4418=AXIS2_PLACEMENT_3D('',#6445,#5078,#5079);
#4419=AXIS2_PLACEMENT_3D('',#6448,#5081,#5082);
#4420=AXIS2_PLACEMENT_3D('',#6453,#5084,#5085);
#4421=AXIS2_PLACEMENT_3D('',#6457,#5087,#5088);
#4422=AXIS2_PLACEMENT_3D('',#6461,#5090,#5091);
#4423=AXIS2_PLACEMENT_3D('',#6464,#5093,#5094);
#4424=AXIS2_PLACEMENT_3D('',#6469,#5096,#5097);
#4425=AXIS2_PLACEMENT_3D('',#6473,#5099,#5100);
#4426=AXIS2_PLACEMENT_3D('',#6477,#5102,#5103);
#4427=AXIS2_PLACEMENT_3D('',#6483,#5106,#5107);
#4428=AXIS2_PLACEMENT_3D('',#6487,#5109,#5110);
#4429=AXIS2_PLACEMENT_3D('',#6491,#5112,#5113);
#4430=AXIS2_PLACEMENT_3D('',#6495,#5115,#5116);
#4431=AXIS2_PLACEMENT_3D('',#6496,#5117,#5118);
#4432=AXIS2_PLACEMENT_3D('',#6501,#5120,#5121);
#4433=AXIS2_PLACEMENT_3D('',#6505,#5123,#5124);
#4434=AXIS2_PLACEMENT_3D('',#6509,#5126,#5127);
#4435=AXIS2_PLACEMENT_3D('',#6512,#5129,#5130);
#4436=AXIS2_PLACEMENT_3D('',#6517,#5132,#5133);
#4437=AXIS2_PLACEMENT_3D('',#6521,#5135,#5136);
#4438=AXIS2_PLACEMENT_3D('',#6525,#5138,#5139);
#4439=AXIS2_PLACEMENT_3D('',#6528,#5141,#5142);
#4440=AXIS2_PLACEMENT_3D('',#6533,#5144,#5145);
#4441=AXIS2_PLACEMENT_3D('',#6537,#5147,#5148);
#4442=AXIS2_PLACEMENT_3D('',#6541,#5150,#5151);
#4443=AXIS2_PLACEMENT_3D('',#6544,#5153,#5154);
#4444=AXIS2_PLACEMENT_3D('',#6549,#5156,#5157);
#4445=AXIS2_PLACEMENT_3D('',#6553,#5159,#5160);
#4446=AXIS2_PLACEMENT_3D('',#6557,#5162,#5163);
#4447=AXIS2_PLACEMENT_3D('',#6560,#5165,#5166);
#4448=AXIS2_PLACEMENT_3D('',#6565,#5168,#5169);
#4449=AXIS2_PLACEMENT_3D('',#6569,#5171,#5172);
#4450=AXIS2_PLACEMENT_3D('',#6573,#5174,#5175);
#4451=AXIS2_PLACEMENT_3D('',#6576,#5177,#5178);
#4452=AXIS2_PLACEMENT_3D('',#6581,#5180,#5181);
#4453=AXIS2_PLACEMENT_3D('',#6585,#5183,#5184);
#4454=AXIS2_PLACEMENT_3D('',#6589,#5186,#5187);
#4455=AXIS2_PLACEMENT_3D('',#6592,#5189,#5190);
#4456=AXIS2_PLACEMENT_3D('',#6597,#5192,#5193);
#4457=AXIS2_PLACEMENT_3D('',#6601,#5195,#5196);
#4458=AXIS2_PLACEMENT_3D('',#6605,#5198,#5199);
#4459=AXIS2_PLACEMENT_3D('',#6608,#5201,#5202);
#4460=AXIS2_PLACEMENT_3D('',#6613,#5204,#5205);
#4461=AXIS2_PLACEMENT_3D('',#6617,#5207,#5208);
#4462=AXIS2_PLACEMENT_3D('',#6621,#5210,#5211);
#4463=AXIS2_PLACEMENT_3D('',#6624,#5213,#5214);
#4464=AXIS2_PLACEMENT_3D('',#6629,#5216,#5217);
#4465=AXIS2_PLACEMENT_3D('',#6633,#5219,#5220);
#4466=AXIS2_PLACEMENT_3D('',#6637,#5222,#5223);
#4467=AXIS2_PLACEMENT_3D('',#6640,#5225,#5226);
#4468=AXIS2_PLACEMENT_3D('',#6645,#5228,#5229);
#4469=AXIS2_PLACEMENT_3D('',#6649,#5231,#5232);
#4470=AXIS2_PLACEMENT_3D('',#6653,#5234,#5235);
#4471=AXIS2_PLACEMENT_3D('',#6656,#5237,#5238);
#4472=AXIS2_PLACEMENT_3D('',#6661,#5240,#5241);
#4473=AXIS2_PLACEMENT_3D('',#6665,#5243,#5244);
#4474=AXIS2_PLACEMENT_3D('',#6669,#5246,#5247);
#4475=AXIS2_PLACEMENT_3D('',#6672,#5249,#5250);
#4476=AXIS2_PLACEMENT_3D('',#6677,#5252,#5253);
#4477=AXIS2_PLACEMENT_3D('',#6681,#5255,#5256);
#4478=AXIS2_PLACEMENT_3D('',#6685,#5258,#5259);
#4479=AXIS2_PLACEMENT_3D('',#6688,#5261,#5262);
#4480=AXIS2_PLACEMENT_3D('',#6693,#5264,#5265);
#4481=AXIS2_PLACEMENT_3D('',#6697,#5267,#5268);
#4482=AXIS2_PLACEMENT_3D('',#6701,#5270,#5271);
#4483=AXIS2_PLACEMENT_3D('',#6704,#5273,#5274);
#4484=AXIS2_PLACEMENT_3D('',#6709,#5276,#5277);
#4485=AXIS2_PLACEMENT_3D('',#6713,#5279,#5280);
#4486=AXIS2_PLACEMENT_3D('',#6717,#5282,#5283);
#4487=AXIS2_PLACEMENT_3D('',#6720,#5285,#5286);
#4488=AXIS2_PLACEMENT_3D('',#6725,#5288,#5289);
#4489=AXIS2_PLACEMENT_3D('',#6729,#5291,#5292);
#4490=AXIS2_PLACEMENT_3D('',#6733,#5294,#5295);
#4491=AXIS2_PLACEMENT_3D('',#6736,#5297,#5298);
#4492=AXIS2_PLACEMENT_3D('',#6741,#5300,#5301);
#4493=AXIS2_PLACEMENT_3D('',#6745,#5303,#5304);
#4494=AXIS2_PLACEMENT_3D('',#6749,#5306,#5307);
#4495=AXIS2_PLACEMENT_3D('',#6752,#5309,#5310);
#4496=AXIS2_PLACEMENT_3D('',#6757,#5312,#5313);
#4497=AXIS2_PLACEMENT_3D('',#6761,#5315,#5316);
#4498=AXIS2_PLACEMENT_3D('',#6765,#5318,#5319);
#4499=AXIS2_PLACEMENT_3D('',#6768,#5321,#5322);
#4500=AXIS2_PLACEMENT_3D('',#6773,#5324,#5325);
#4501=AXIS2_PLACEMENT_3D('',#6777,#5327,#5328);
#4502=AXIS2_PLACEMENT_3D('',#6781,#5330,#5331);
#4503=AXIS2_PLACEMENT_3D('',#6787,#5334,#5335);
#4504=AXIS2_PLACEMENT_3D('',#6791,#5337,#5338);
#4505=AXIS2_PLACEMENT_3D('',#6795,#5340,#5341);
#4506=AXIS2_PLACEMENT_3D('',#6799,#5343,#5344);
#4507=AXIS2_PLACEMENT_3D('',#6800,#5345,#5346);
#4508=AXIS2_PLACEMENT_3D('',#6803,#5349,#5350);
#4509=AXIS2_PLACEMENT_3D('',#6805,#5352,#5353);
#4510=AXIS2_PLACEMENT_3D('',#6807,#5355,#5356);
#4511=AXIS2_PLACEMENT_3D('',#6809,#5358,#5359);
#4512=AXIS2_PLACEMENT_3D('',#6811,#5361,#5362);
#4513=AXIS2_PLACEMENT_3D('',#6813,#5364,#5365);
#4514=AXIS2_PLACEMENT_3D('',#6815,#5367,#5368);
#4515=AXIS2_PLACEMENT_3D('',#6816,#5369,#5370);
#4516=AXIS2_PLACEMENT_3D('',#6819,#5373,#5374);
#4517=AXIS2_PLACEMENT_3D('',#6821,#5376,#5377);
#4518=AXIS2_PLACEMENT_3D('',#6823,#5379,#5380);
#4519=AXIS2_PLACEMENT_3D('',#6825,#5382,#5383);
#4520=AXIS2_PLACEMENT_3D('',#6827,#5385,#5386);
#4521=AXIS2_PLACEMENT_3D('',#6829,#5388,#5389);
#4522=AXIS2_PLACEMENT_3D('',#6831,#5391,#5392);
#4523=AXIS2_PLACEMENT_3D('',#6832,#5393,#5394);
#4524=AXIS2_PLACEMENT_3D('',#6835,#5397,#5398);
#4525=AXIS2_PLACEMENT_3D('',#6837,#5400,#5401);
#4526=AXIS2_PLACEMENT_3D('',#6839,#5403,#5404);
#4527=AXIS2_PLACEMENT_3D('',#6841,#5406,#5407);
#4528=AXIS2_PLACEMENT_3D('',#6843,#5409,#5410);
#4529=AXIS2_PLACEMENT_3D('',#6845,#5412,#5413);
#4530=AXIS2_PLACEMENT_3D('',#6847,#5415,#5416);
#4531=AXIS2_PLACEMENT_3D('',#6848,#5417,#5418);
#4532=AXIS2_PLACEMENT_3D('',#6851,#5421,#5422);
#4533=AXIS2_PLACEMENT_3D('',#6853,#5424,#5425);
#4534=AXIS2_PLACEMENT_3D('',#6855,#5427,#5428);
#4535=AXIS2_PLACEMENT_3D('',#6857,#5430,#5431);
#4536=AXIS2_PLACEMENT_3D('',#6859,#5433,#5434);
#4537=AXIS2_PLACEMENT_3D('',#6861,#5436,#5437);
#4538=AXIS2_PLACEMENT_3D('',#6863,#5439,#5440);
#4539=AXIS2_PLACEMENT_3D('',#6864,#5441,#5442);
#4540=AXIS2_PLACEMENT_3D('',#6867,#5445,#5446);
#4541=AXIS2_PLACEMENT_3D('',#6869,#5448,#5449);
#4542=AXIS2_PLACEMENT_3D('',#6871,#5451,#5452);
#4543=AXIS2_PLACEMENT_3D('',#6873,#5454,#5455);
#4544=AXIS2_PLACEMENT_3D('',#6875,#5457,#5458);
#4545=AXIS2_PLACEMENT_3D('',#6877,#5460,#5461);
#4546=AXIS2_PLACEMENT_3D('',#6879,#5463,#5464);
#4547=AXIS2_PLACEMENT_3D('',#6880,#5465,#5466);
#4548=AXIS2_PLACEMENT_3D('',#6883,#5469,#5470);
#4549=AXIS2_PLACEMENT_3D('',#6885,#5472,#5473);
#4550=AXIS2_PLACEMENT_3D('',#6887,#5475,#5476);
#4551=AXIS2_PLACEMENT_3D('',#6889,#5478,#5479);
#4552=AXIS2_PLACEMENT_3D('',#6891,#5481,#5482);
#4553=AXIS2_PLACEMENT_3D('',#6893,#5484,#5485);
#4554=AXIS2_PLACEMENT_3D('',#6895,#5487,#5488);
#4555=AXIS2_PLACEMENT_3D('',#6896,#5489,#5490);
#4556=AXIS2_PLACEMENT_3D('',#6899,#5493,#5494);
#4557=AXIS2_PLACEMENT_3D('',#6901,#5496,#5497);
#4558=AXIS2_PLACEMENT_3D('',#6903,#5499,#5500);
#4559=AXIS2_PLACEMENT_3D('',#6905,#5502,#5503);
#4560=AXIS2_PLACEMENT_3D('',#6907,#5505,#5506);
#4561=AXIS2_PLACEMENT_3D('',#6909,#5508,#5509);
#4562=AXIS2_PLACEMENT_3D('',#6911,#5511,#5512);
#4563=AXIS2_PLACEMENT_3D('',#6912,#5513,#5514);
#4564=AXIS2_PLACEMENT_3D('',#6915,#5517,#5518);
#4565=AXIS2_PLACEMENT_3D('',#6917,#5520,#5521);
#4566=AXIS2_PLACEMENT_3D('',#6919,#5523,#5524);
#4567=AXIS2_PLACEMENT_3D('',#6921,#5526,#5527);
#4568=AXIS2_PLACEMENT_3D('',#6923,#5529,#5530);
#4569=AXIS2_PLACEMENT_3D('',#6925,#5532,#5533);
#4570=AXIS2_PLACEMENT_3D('',#6927,#5535,#5536);
#4571=AXIS2_PLACEMENT_3D('',#6928,#5537,#5538);
#4572=AXIS2_PLACEMENT_3D('',#6931,#5541,#5542);
#4573=AXIS2_PLACEMENT_3D('',#6933,#5544,#5545);
#4574=AXIS2_PLACEMENT_3D('',#6935,#5547,#5548);
#4575=AXIS2_PLACEMENT_3D('',#6937,#5550,#5551);
#4576=AXIS2_PLACEMENT_3D('',#6939,#5553,#5554);
#4577=AXIS2_PLACEMENT_3D('',#6941,#5556,#5557);
#4578=AXIS2_PLACEMENT_3D('',#6943,#5559,#5560);
#4579=AXIS2_PLACEMENT_3D('',#6944,#5561,#5562);
#4580=AXIS2_PLACEMENT_3D('',#6947,#5565,#5566);
#4581=AXIS2_PLACEMENT_3D('',#6949,#5568,#5569);
#4582=AXIS2_PLACEMENT_3D('',#6951,#5571,#5572);
#4583=AXIS2_PLACEMENT_3D('',#6953,#5574,#5575);
#4584=AXIS2_PLACEMENT_3D('',#6955,#5577,#5578);
#4585=AXIS2_PLACEMENT_3D('',#6957,#5580,#5581);
#4586=AXIS2_PLACEMENT_3D('',#6959,#5583,#5584);
#4587=AXIS2_PLACEMENT_3D('',#6960,#5585,#5586);
#4588=AXIS2_PLACEMENT_3D('',#6963,#5589,#5590);
#4589=AXIS2_PLACEMENT_3D('',#6965,#5592,#5593);
#4590=AXIS2_PLACEMENT_3D('',#6967,#5595,#5596);
#4591=AXIS2_PLACEMENT_3D('',#6969,#5598,#5599);
#4592=AXIS2_PLACEMENT_3D('',#6971,#5601,#5602);
#4593=AXIS2_PLACEMENT_3D('',#6973,#5604,#5605);
#4594=AXIS2_PLACEMENT_3D('',#6975,#5607,#5608);
#4595=AXIS2_PLACEMENT_3D('',#6976,#5609,#5610);
#4596=AXIS2_PLACEMENT_3D('',#6979,#5613,#5614);
#4597=AXIS2_PLACEMENT_3D('',#6981,#5616,#5617);
#4598=AXIS2_PLACEMENT_3D('',#6983,#5619,#5620);
#4599=AXIS2_PLACEMENT_3D('',#6985,#5622,#5623);
#4600=AXIS2_PLACEMENT_3D('',#6987,#5625,#5626);
#4601=AXIS2_PLACEMENT_3D('',#6989,#5628,#5629);
#4602=AXIS2_PLACEMENT_3D('',#6991,#5631,#5632);
#4603=AXIS2_PLACEMENT_3D('',#6992,#5633,#5634);
#4604=AXIS2_PLACEMENT_3D('',#6995,#5637,#5638);
#4605=AXIS2_PLACEMENT_3D('',#6997,#5640,#5641);
#4606=AXIS2_PLACEMENT_3D('',#6999,#5643,#5644);
#4607=AXIS2_PLACEMENT_3D('',#7001,#5646,#5647);
#4608=AXIS2_PLACEMENT_3D('',#7003,#5649,#5650);
#4609=AXIS2_PLACEMENT_3D('',#7005,#5652,#5653);
#4610=AXIS2_PLACEMENT_3D('',#7007,#5655,#5656);
#4611=AXIS2_PLACEMENT_3D('',#7008,#5657,#5658);
#4612=AXIS2_PLACEMENT_3D('',#7011,#5661,#5662);
#4613=AXIS2_PLACEMENT_3D('',#7013,#5664,#5665);
#4614=AXIS2_PLACEMENT_3D('',#7015,#5667,#5668);
#4615=AXIS2_PLACEMENT_3D('',#7017,#5670,#5671);
#4616=AXIS2_PLACEMENT_3D('',#7019,#5673,#5674);
#4617=AXIS2_PLACEMENT_3D('',#7021,#5676,#5677);
#4618=AXIS2_PLACEMENT_3D('',#7023,#5679,#5680);
#4619=AXIS2_PLACEMENT_3D('',#7024,#5681,#5682);
#4620=AXIS2_PLACEMENT_3D('',#7027,#5685,#5686);
#4621=AXIS2_PLACEMENT_3D('',#7029,#5688,#5689);
#4622=AXIS2_PLACEMENT_3D('',#7031,#5691,#5692);
#4623=AXIS2_PLACEMENT_3D('',#7033,#5694,#5695);
#4624=AXIS2_PLACEMENT_3D('',#7035,#5697,#5698);
#4625=AXIS2_PLACEMENT_3D('',#7037,#5700,#5701);
#4626=AXIS2_PLACEMENT_3D('',#7039,#5703,#5704);
#4627=AXIS2_PLACEMENT_3D('',#7040,#5705,#5706);
#4628=AXIS2_PLACEMENT_3D('',#7043,#5709,#5710);
#4629=AXIS2_PLACEMENT_3D('',#7045,#5712,#5713);
#4630=AXIS2_PLACEMENT_3D('',#7047,#5715,#5716);
#4631=AXIS2_PLACEMENT_3D('',#7049,#5718,#5719);
#4632=AXIS2_PLACEMENT_3D('',#7051,#5721,#5722);
#4633=AXIS2_PLACEMENT_3D('',#7053,#5724,#5725);
#4634=AXIS2_PLACEMENT_3D('',#7055,#5727,#5728);
#4635=AXIS2_PLACEMENT_3D('',#7056,#5729,#5730);
#4636=AXIS2_PLACEMENT_3D('',#7059,#5733,#5734);
#4637=AXIS2_PLACEMENT_3D('',#7061,#5736,#5737);
#4638=AXIS2_PLACEMENT_3D('',#7063,#5739,#5740);
#4639=AXIS2_PLACEMENT_3D('',#7065,#5742,#5743);
#4640=AXIS2_PLACEMENT_3D('',#7067,#5745,#5746);
#4641=AXIS2_PLACEMENT_3D('',#7069,#5748,#5749);
#4642=AXIS2_PLACEMENT_3D('',#7071,#5751,#5752);
#4643=AXIS2_PLACEMENT_3D('',#7072,#5753,#5754);
#4644=AXIS2_PLACEMENT_3D('',#7075,#5757,#5758);
#4645=AXIS2_PLACEMENT_3D('',#7077,#5760,#5761);
#4646=AXIS2_PLACEMENT_3D('',#7079,#5763,#5764);
#4647=AXIS2_PLACEMENT_3D('',#7081,#5766,#5767);
#4648=AXIS2_PLACEMENT_3D('',#7083,#5769,#5770);
#4649=AXIS2_PLACEMENT_3D('',#7085,#5772,#5773);
#4650=AXIS2_PLACEMENT_3D('',#7087,#5775,#5776);
#4651=AXIS2_PLACEMENT_3D('',#7088,#5777,#5778);
#4652=AXIS2_PLACEMENT_3D('',#7091,#5781,#5782);
#4653=AXIS2_PLACEMENT_3D('',#7093,#5784,#5785);
#4654=AXIS2_PLACEMENT_3D('',#7095,#5787,#5788);
#4655=AXIS2_PLACEMENT_3D('',#7097,#5790,#5791);
#4656=AXIS2_PLACEMENT_3D('',#7099,#5793,#5794);
#4657=AXIS2_PLACEMENT_3D('',#7101,#5796,#5797);
#4658=AXIS2_PLACEMENT_3D('',#7103,#5799,#5800);
#4659=AXIS2_PLACEMENT_3D('',#7104,#5801,#5802);
#4660=AXIS2_PLACEMENT_3D('',#7107,#5805,#5806);
#4661=AXIS2_PLACEMENT_3D('',#7109,#5808,#5809);
#4662=AXIS2_PLACEMENT_3D('',#7111,#5811,#5812);
#4663=AXIS2_PLACEMENT_3D('',#7113,#5814,#5815);
#4664=AXIS2_PLACEMENT_3D('',#7115,#5817,#5818);
#4665=AXIS2_PLACEMENT_3D('',#7117,#5820,#5821);
#4666=AXIS2_PLACEMENT_3D('',#7119,#5823,#5824);
#4667=AXIS2_PLACEMENT_3D('',#7120,#5825,#5826);
#4668=AXIS2_PLACEMENT_3D('',#7123,#5829,#5830);
#4669=AXIS2_PLACEMENT_3D('',#7125,#5832,#5833);
#4670=AXIS2_PLACEMENT_3D('',#7127,#5835,#5836);
#4671=AXIS2_PLACEMENT_3D('',#7129,#5838,#5839);
#4672=AXIS2_PLACEMENT_3D('',#7131,#5841,#5842);
#4673=AXIS2_PLACEMENT_3D('',#7133,#5844,#5845);
#4674=AXIS2_PLACEMENT_3D('',#7135,#5847,#5848);
#4675=AXIS2_PLACEMENT_3D('',#7136,#5849,#5850);
#4676=AXIS2_PLACEMENT_3D('',#7139,#5853,#5854);
#4677=AXIS2_PLACEMENT_3D('',#7141,#5856,#5857);
#4678=AXIS2_PLACEMENT_3D('',#7143,#5859,#5860);
#4679=AXIS2_PLACEMENT_3D('',#7145,#5862,#5863);
#4680=AXIS2_PLACEMENT_3D('',#7147,#5865,#5866);
#4681=AXIS2_PLACEMENT_3D('',#7149,#5868,#5869);
#4682=AXIS2_PLACEMENT_3D('',#7151,#5871,#5872);
#4683=AXIS2_PLACEMENT_3D('',#7152,#5873,#5874);
#4684=AXIS2_PLACEMENT_3D('',#7155,#5877,#5878);
#4685=AXIS2_PLACEMENT_3D('',#7157,#5880,#5881);
#4686=AXIS2_PLACEMENT_3D('',#7159,#5883,#5884);
#4687=AXIS2_PLACEMENT_3D('',#7161,#5886,#5887);
#4688=AXIS2_PLACEMENT_3D('',#7163,#5889,#5890);
#4689=AXIS2_PLACEMENT_3D('',#7165,#5892,#5893);
#4690=AXIS2_PLACEMENT_3D('',#7167,#5895,#5896);
#4691=AXIS2_PLACEMENT_3D('',#7168,#5897,#5898);
#4692=AXIS2_PLACEMENT_3D('',#7171,#5901,#5902);
#4693=AXIS2_PLACEMENT_3D('',#7173,#5904,#5905);
#4694=AXIS2_PLACEMENT_3D('',#7175,#5907,#5908);
#4695=AXIS2_PLACEMENT_3D('',#7177,#5910,#5911);
#4696=AXIS2_PLACEMENT_3D('',#7179,#5913,#5914);
#4697=AXIS2_PLACEMENT_3D('',#7181,#5916,#5917);
#4698=AXIS2_PLACEMENT_3D('',#7183,#5919,#5920);
#4699=AXIS2_PLACEMENT_3D('',#7184,#5921,#5922);
#4700=AXIS2_PLACEMENT_3D('',#7185,#5923,#5924);
#4701=AXIS2_PLACEMENT_3D('',#7186,#5925,#5926);
#4702=AXIS2_PLACEMENT_3D('',#7187,#5927,#5928);
#4703=AXIS2_PLACEMENT_3D('',#7188,#5929,#5930);
#4704=AXIS2_PLACEMENT_3D('',#7191,#5933,#5934);
#4705=AXIS2_PLACEMENT_3D('',#7193,#5936,#5937);
#4706=AXIS2_PLACEMENT_3D('',#7195,#5939,#5940);
#4707=AXIS2_PLACEMENT_3D('',#7196,#5941,#5942);
#4708=AXIS2_PLACEMENT_3D('',#7199,#5945,#5946);
#4709=AXIS2_PLACEMENT_3D('',#7201,#5948,#5949);
#4710=AXIS2_PLACEMENT_3D('',#7203,#5951,#5952);
#4711=AXIS2_PLACEMENT_3D('',#7205,#5954,#5955);
#4712=AXIS2_PLACEMENT_3D('',#7207,#5957,#5958);
#4713=AXIS2_PLACEMENT_3D('',#7209,#5960,#5961);
#4714=AXIS2_PLACEMENT_3D('',#7211,#5963,#5964);
#4715=DIRECTION('',(0.,0.,1.));
#4716=DIRECTION('',(1.,0.,0.));
#4717=DIRECTION('',(0.,0.,1.));
#4718=DIRECTION('',(1.,0.,0.));
#4719=DIRECTION('',(0.,0.,1.));
#4720=DIRECTION('',(1.,0.,0.));
#4721=DIRECTION('',(0.,0.,1.));
#4722=DIRECTION('',(1.,0.,0.));
#4723=DIRECTION('',(0.,0.,1.));
#4724=DIRECTION('',(1.,0.,0.));
#4725=DIRECTION('',(0.,0.,1.));
#4726=DIRECTION('',(1.,0.,0.));
#4727=DIRECTION('',(1.,0.,0.));
#4728=DIRECTION('',(0.,0.,1.));
#4729=DIRECTION('',(1.,0.,0.));
#4730=DIRECTION('',(0.,-1.,0.));
#4731=DIRECTION('',(0.,0.,1.));
#4732=DIRECTION('',(1.,0.,0.));
#4733=DIRECTION('',(1.,0.,0.));
#4734=DIRECTION('',(0.,0.,1.));
#4735=DIRECTION('',(1.,0.,0.));
#4736=DIRECTION('',(0.,-1.,0.));
#4737=DIRECTION('',(0.,0.,1.));
#4738=DIRECTION('',(1.,0.,0.));
#4739=DIRECTION('',(0.,-1.,0.));
#4740=DIRECTION('',(0.,0.,1.));
#4741=DIRECTION('',(1.,0.,0.));
#4742=DIRECTION('',(-1.,0.,0.));
#4743=DIRECTION('',(0.,0.,1.));
#4744=DIRECTION('',(1.,0.,0.));
#4745=DIRECTION('',(0.,-1.,0.));
#4746=DIRECTION('',(0.,0.,1.));
#4747=DIRECTION('',(1.,0.,0.));
#4748=DIRECTION('',(-1.,0.,0.));
#4749=DIRECTION('',(0.,0.,1.));
#4750=DIRECTION('',(1.,0.,0.));
#4751=DIRECTION('',(0.,-1.,0.));
#4752=DIRECTION('',(0.,0.,1.));
#4753=DIRECTION('',(1.,0.,0.));
#4754=DIRECTION('',(-1.,0.,0.));
#4755=DIRECTION('',(0.,0.,1.));
#4756=DIRECTION('',(1.,0.,0.));
#4757=DIRECTION('',(0.,-1.,0.));
#4758=DIRECTION('',(0.,0.,1.));
#4759=DIRECTION('',(1.,0.,0.));
#4760=DIRECTION('',(-1.,0.,0.));
#4761=DIRECTION('',(0.,0.,1.));
#4762=DIRECTION('',(1.,0.,0.));
#4763=DIRECTION('',(0.,-1.,0.));
#4764=DIRECTION('',(0.,0.,1.));
#4765=DIRECTION('',(1.,0.,0.));
#4766=DIRECTION('',(-1.,0.,0.));
#4767=DIRECTION('',(0.,0.,1.));
#4768=DIRECTION('',(1.,0.,0.));
#4769=DIRECTION('',(0.,-1.,0.));
#4770=DIRECTION('',(0.,0.,1.));
#4771=DIRECTION('',(1.,0.,0.));
#4772=DIRECTION('',(-1.,0.,0.));
#4773=DIRECTION('',(0.,0.,1.));
#4774=DIRECTION('',(1.,0.,0.));
#4775=DIRECTION('',(0.,-1.,0.));
#4776=DIRECTION('',(0.,0.,1.));
#4777=DIRECTION('',(1.,0.,0.));
#4778=DIRECTION('',(1.,0.,0.));
#4779=DIRECTION('',(0.,0.,1.));
#4780=DIRECTION('',(1.,0.,0.));
#4781=DIRECTION('',(0.,-1.,0.));
#4782=DIRECTION('',(0.,0.,1.));
#4783=DIRECTION('',(1.,0.,0.));
#4784=DIRECTION('',(1.,0.,0.));
#4785=DIRECTION('',(0.,0.,1.));
#4786=DIRECTION('',(1.,0.,0.));
#4787=DIRECTION('',(0.,-1.,0.));
#4788=DIRECTION('',(0.,0.,1.));
#4789=DIRECTION('',(1.,0.,0.));
#4790=DIRECTION('',(1.,0.,0.));
#4791=DIRECTION('',(0.,0.,1.));
#4792=DIRECTION('',(1.,0.,0.));
#4793=DIRECTION('',(0.,-1.,0.));
#4794=DIRECTION('',(0.,0.,1.));
#4795=DIRECTION('',(1.,0.,0.));
#4796=DIRECTION('',(1.,0.,0.));
#4797=DIRECTION('',(0.,0.,1.));
#4798=DIRECTION('',(1.,0.,0.));
#4799=DIRECTION('',(0.,-1.,0.));
#4800=DIRECTION('',(0.,0.,1.));
#4801=DIRECTION('',(1.,0.,0.));
#4802=DIRECTION('',(1.,0.,0.));
#4803=DIRECTION('',(0.,0.,1.));
#4804=DIRECTION('',(1.,0.,0.));
#4805=DIRECTION('',(0.,-1.,0.));
#4806=DIRECTION('',(0.,0.,1.));
#4807=DIRECTION('',(1.,0.,0.));
#4808=DIRECTION('',(1.,0.,0.));
#4809=DIRECTION('',(0.,0.,1.));
#4810=DIRECTION('',(1.,0.,0.));
#4811=DIRECTION('',(1.,0.,0.));
#4812=DIRECTION('',(0.,0.,1.));
#4813=DIRECTION('',(1.,0.,0.));
#4814=DIRECTION('',(0.,-1.,0.));
#4815=DIRECTION('',(0.,0.,1.));
#4816=DIRECTION('',(1.,0.,0.));
#4817=DIRECTION('',(1.,0.,0.));
#4818=DIRECTION('',(0.,0.,1.));
#4819=DIRECTION('',(1.,0.,0.));
#4820=DIRECTION('',(0.,-1.,0.));
#4821=DIRECTION('',(0.,0.,1.));
#4822=DIRECTION('',(1.,0.,0.));
#4823=DIRECTION('',(1.,0.,0.));
#4824=DIRECTION('',(0.,0.,1.));
#4825=DIRECTION('',(1.,0.,0.));
#4826=DIRECTION('',(0.,-1.,0.));
#4827=DIRECTION('',(0.,0.,1.));
#4828=DIRECTION('',(1.,0.,0.));
#4829=DIRECTION('',(1.,0.,0.));
#4830=DIRECTION('',(0.,0.,1.));
#4831=DIRECTION('',(1.,0.,0.));
#4832=DIRECTION('',(0.,-1.,0.));
#4833=DIRECTION('',(0.,0.,1.));
#4834=DIRECTION('',(1.,0.,0.));
#4835=DIRECTION('',(1.,0.,0.));
#4836=DIRECTION('',(0.,0.,1.));
#4837=DIRECTION('',(1.,0.,0.));
#4838=DIRECTION('',(0.,-1.,0.));
#4839=DIRECTION('',(0.,0.,1.));
#4840=DIRECTION('',(1.,0.,0.));
#4841=DIRECTION('',(1.,0.,0.));
#4842=DIRECTION('',(0.,0.,1.));
#4843=DIRECTION('',(1.,0.,0.));
#4844=DIRECTION('',(0.,-1.,0.));
#4845=DIRECTION('',(0.,0.,1.));
#4846=DIRECTION('',(1.,0.,0.));
#4847=DIRECTION('',(1.,0.,0.));
#4848=DIRECTION('',(0.,0.,1.));
#4849=DIRECTION('',(1.,0.,0.));
#4850=DIRECTION('',(0.,-1.,0.));
#4851=DIRECTION('',(0.,0.,1.));
#4852=DIRECTION('',(1.,0.,0.));
#4853=DIRECTION('',(1.,0.,0.));
#4854=DIRECTION('',(0.,0.,1.));
#4855=DIRECTION('',(1.,0.,0.));
#4856=DIRECTION('',(0.,-1.,0.));
#4857=DIRECTION('',(0.,0.,1.));
#4858=DIRECTION('',(1.,0.,0.));
#4859=DIRECTION('',(1.,0.,0.));
#4860=DIRECTION('',(0.,0.,1.));
#4861=DIRECTION('',(1.,0.,0.));
#4862=DIRECTION('',(0.,-1.,0.));
#4863=DIRECTION('',(0.,0.,1.));
#4864=DIRECTION('',(1.,0.,0.));
#4865=DIRECTION('',(1.,0.,0.));
#4866=DIRECTION('',(0.,0.,1.));
#4867=DIRECTION('',(1.,0.,0.));
#4868=DIRECTION('',(0.,-1.,0.));
#4869=DIRECTION('',(0.,0.,1.));
#4870=DIRECTION('',(1.,0.,0.));
#4871=DIRECTION('',(0.,-1.,0.));
#4872=DIRECTION('',(0.,0.,1.));
#4873=DIRECTION('',(1.,0.,0.));
#4874=DIRECTION('',(1.,0.,0.));
#4875=DIRECTION('',(0.,0.,1.));
#4876=DIRECTION('',(1.,0.,0.));
#4877=DIRECTION('',(0.,-1.,0.));
#4878=DIRECTION('',(0.,0.,1.));
#4879=DIRECTION('',(1.,0.,0.));
#4880=DIRECTION('',(1.,0.,0.));
#4881=DIRECTION('',(0.,0.,1.));
#4882=DIRECTION('',(1.,0.,0.));
#4883=DIRECTION('',(1.,1.98248503939666E-16,0.));
#4884=DIRECTION('',(0.,0.,1.));
#4885=DIRECTION('',(1.,0.,0.));
#4886=DIRECTION('',(0.,-1.,0.));
#4887=DIRECTION('',(0.,0.,1.));
#4888=DIRECTION('',(1.,0.,0.));
#4889=DIRECTION('',(1.,0.,0.));
#4890=DIRECTION('',(0.,0.,1.));
#4891=DIRECTION('',(1.,0.,0.));
#4892=DIRECTION('',(0.,-1.,0.));
#4893=DIRECTION('',(0.,0.,1.));
#4894=DIRECTION('',(1.,0.,0.));
#4895=DIRECTION('',(1.,0.,0.));
#4896=DIRECTION('',(0.,0.,1.));
#4897=DIRECTION('',(1.,0.,0.));
#4898=DIRECTION('',(0.,-1.,0.));
#4899=DIRECTION('',(0.,0.,1.));
#4900=DIRECTION('',(1.,0.,0.));
#4901=DIRECTION('',(1.,0.,0.));
#4902=DIRECTION('',(0.,0.,1.));
#4903=DIRECTION('',(1.,0.,0.));
#4904=DIRECTION('',(0.,-1.,0.));
#4905=DIRECTION('',(0.,0.,1.));
#4906=DIRECTION('',(1.,0.,0.));
#4907=DIRECTION('',(1.,0.,0.));
#4908=DIRECTION('',(0.,0.,1.));
#4909=DIRECTION('',(1.,0.,0.));
#4910=DIRECTION('',(0.,-1.,0.));
#4911=DIRECTION('',(0.,0.,1.));
#4912=DIRECTION('',(1.,0.,0.));
#4913=DIRECTION('',(1.,0.,0.));
#4914=DIRECTION('',(0.,0.,1.));
#4915=DIRECTION('',(1.,0.,0.));
#4916=DIRECTION('',(0.,-1.,0.));
#4917=DIRECTION('',(0.,0.,1.));
#4918=DIRECTION('',(1.,0.,0.));
#4919=DIRECTION('',(1.,0.,0.));
#4920=DIRECTION('',(0.,0.,1.));
#4921=DIRECTION('',(1.,0.,0.));
#4922=DIRECTION('',(0.,-1.,0.));
#4923=DIRECTION('',(0.,0.,1.));
#4924=DIRECTION('',(1.,0.,0.));
#4925=DIRECTION('',(1.,0.,0.));
#4926=DIRECTION('',(0.,0.,1.));
#4927=DIRECTION('',(1.,0.,0.));
#4928=DIRECTION('',(0.,-1.,0.));
#4929=DIRECTION('',(0.,0.,1.));
#4930=DIRECTION('',(1.,0.,0.));
#4931=DIRECTION('',(0.,-1.,0.));
#4932=DIRECTION('',(0.,0.,1.));
#4933=DIRECTION('',(1.,0.,0.));
#4934=DIRECTION('',(-1.,0.,0.));
#4935=DIRECTION('',(0.,0.,1.));
#4936=DIRECTION('',(1.,0.,0.));
#4937=DIRECTION('',(0.,-1.,0.));
#4938=DIRECTION('',(0.,0.,1.));
#4939=DIRECTION('',(1.,0.,0.));
#4940=DIRECTION('',(-1.,0.,0.));
#4941=DIRECTION('',(0.,0.,1.));
#4942=DIRECTION('',(1.,0.,0.));
#4943=DIRECTION('',(1.,0.,0.));
#4944=DIRECTION('',(0.,0.,1.));
#4945=DIRECTION('',(1.,0.,0.));
#4946=DIRECTION('',(0.,-1.,0.));
#4947=DIRECTION('',(0.,0.,1.));
#4948=DIRECTION('',(1.,0.,0.));
#4949=DIRECTION('',(1.,0.,0.));
#4950=DIRECTION('',(0.,0.,1.));
#4951=DIRECTION('',(1.,0.,0.));
#4952=DIRECTION('',(0.,-1.,0.));
#4953=DIRECTION('',(0.,0.,1.));
#4954=DIRECTION('',(1.,0.,0.));
#4955=DIRECTION('',(1.,0.,0.));
#4956=DIRECTION('',(0.,0.,1.));
#4957=DIRECTION('',(1.,0.,0.));
#4958=DIRECTION('',(0.,-1.,0.));
#4959=DIRECTION('',(0.,0.,1.));
#4960=DIRECTION('',(1.,0.,0.));
#4961=DIRECTION('',(1.,0.,0.));
#4962=DIRECTION('',(0.,0.,1.));
#4963=DIRECTION('',(1.,0.,0.));
#4964=DIRECTION('',(0.,-1.,0.));
#4965=DIRECTION('',(0.,0.,1.));
#4966=DIRECTION('',(1.,0.,0.));
#4967=DIRECTION('',(0.,-1.,0.));
#4968=DIRECTION('',(0.,0.,1.));
#4969=DIRECTION('',(1.,0.,0.));
#4970=DIRECTION('',(-1.,0.,0.));
#4971=DIRECTION('',(0.,0.,1.));
#4972=DIRECTION('',(1.,0.,0.));
#4973=DIRECTION('',(0.,-1.,0.));
#4974=DIRECTION('',(0.,0.,1.));
#4975=DIRECTION('',(1.,0.,0.));
#4976=DIRECTION('',(-1.,0.,0.));
#4977=DIRECTION('',(0.,0.,1.));
#4978=DIRECTION('',(1.,0.,0.));
#4979=DIRECTION('',(0.,-1.,0.));
#4980=DIRECTION('',(0.,0.,1.));
#4981=DIRECTION('',(1.,0.,0.));
#4982=DIRECTION('',(-1.,0.,0.));
#4983=DIRECTION('',(0.,0.,1.));
#4984=DIRECTION('',(1.,0.,0.));
#4985=DIRECTION('',(0.,-1.,0.));
#4986=DIRECTION('',(0.,0.,1.));
#4987=DIRECTION('',(1.,0.,0.));
#4988=DIRECTION('',(-1.,0.,0.));
#4989=DIRECTION('',(0.,0.,1.));
#4990=DIRECTION('',(1.,0.,0.));
#4991=DIRECTION('',(1.,0.,0.));
#4992=DIRECTION('',(0.,0.,1.));
#4993=DIRECTION('',(1.,0.,0.));
#4994=DIRECTION('',(0.,-1.,0.));
#4995=DIRECTION('',(0.,0.,1.));
#4996=DIRECTION('',(1.,0.,0.));
#4997=DIRECTION('',(1.,0.,0.));
#4998=DIRECTION('',(0.,0.,1.));
#4999=DIRECTION('',(1.,0.,0.));
#5000=DIRECTION('',(0.,-1.,0.));
#5001=DIRECTION('',(0.,0.,1.));
#5002=DIRECTION('',(1.,0.,0.));
#5003=DIRECTION('',(1.,0.,0.));
#5004=DIRECTION('',(0.,0.,1.));
#5005=DIRECTION('',(1.,0.,0.));
#5006=DIRECTION('',(0.,-1.,0.));
#5007=DIRECTION('',(0.,0.,1.));
#5008=DIRECTION('',(1.,0.,0.));
#5009=DIRECTION('',(1.,0.,0.));
#5010=DIRECTION('',(0.,0.,1.));
#5011=DIRECTION('',(1.,0.,0.));
#5012=DIRECTION('',(0.,-1.,0.));
#5013=DIRECTION('',(0.,0.,1.));
#5014=DIRECTION('',(1.,0.,0.));
#5015=DIRECTION('',(0.,-1.,0.));
#5016=DIRECTION('',(1.,0.,0.));
#5017=DIRECTION('',(0.,-1.,0.));
#5018=DIRECTION('',(1.,0.,0.));
#5019=DIRECTION('',(0.,0.,1.));
#5020=DIRECTION('',(1.,0.,0.));
#5021=DIRECTION('',(1.,0.,0.));
#5022=DIRECTION('',(0.,0.,1.));
#5023=DIRECTION('',(1.,0.,0.));
#5024=DIRECTION('',(0.,-1.,0.));
#5025=DIRECTION('',(0.,0.,1.));
#5026=DIRECTION('',(1.,0.,0.));
#5027=DIRECTION('',(1.,0.,0.));
#5028=DIRECTION('',(0.,0.,1.));
#5029=DIRECTION('',(1.,0.,0.));
#5030=DIRECTION('',(0.,-1.,0.));
#5031=DIRECTION('',(0.,0.,1.));
#5032=DIRECTION('',(1.,0.,0.));
#5033=DIRECTION('',(1.,0.,0.));
#5034=DIRECTION('',(0.,-1.,0.));
#5035=DIRECTION('',(1.,0.,0.));
#5036=DIRECTION('',(0.,-1.,0.));
#5037=DIRECTION('',(0.,0.,1.));
#5038=DIRECTION('',(1.,0.,0.));
#5039=DIRECTION('',(0.,0.,1.));
#5040=DIRECTION('',(1.,0.,0.));
#5041=DIRECTION('',(0.,0.,1.));
#5042=DIRECTION('',(1.,0.,0.));
#5043=DIRECTION('',(0.,0.,1.));
#5044=DIRECTION('',(1.,0.,0.));
#5045=DIRECTION('',(0.,0.,1.));
#5046=DIRECTION('',(1.,0.,0.));
#5047=DIRECTION('',(0.,-1.,0.));
#5048=DIRECTION('',(0.,0.,1.));
#5049=DIRECTION('',(1.,0.,0.));
#5050=DIRECTION('',(1.,0.,0.));
#5051=DIRECTION('',(0.,0.,1.));
#5052=DIRECTION('',(1.,0.,0.));
#5053=DIRECTION('',(0.,-1.,0.));
#5054=DIRECTION('',(0.,0.,1.));
#5055=DIRECTION('',(1.,0.,0.));
#5056=DIRECTION('',(1.,0.,0.));
#5057=DIRECTION('',(0.,0.,1.));
#5058=DIRECTION('',(1.,0.,0.));
#5059=DIRECTION('',(0.,-1.,0.));
#5060=DIRECTION('',(0.,0.,1.));
#5061=DIRECTION('',(1.,0.,0.));
#5062=DIRECTION('',(1.,0.,0.));
#5063=DIRECTION('',(0.,0.,1.));
#5064=DIRECTION('',(1.,0.,0.));
#5065=DIRECTION('',(0.,-1.,0.));
#5066=DIRECTION('',(0.,0.,1.));
#5067=DIRECTION('',(1.,0.,0.));
#5068=DIRECTION('',(1.,0.,0.));
#5069=DIRECTION('',(0.,0.,1.));
#5070=DIRECTION('',(1.,0.,0.));
#5071=DIRECTION('',(0.,-1.,0.));
#5072=DIRECTION('',(0.,0.,1.));
#5073=DIRECTION('',(1.,0.,0.));
#5074=DIRECTION('',(1.,0.,0.));
#5075=DIRECTION('',(0.,0.,1.));
#5076=DIRECTION('',(1.,0.,0.));
#5077=DIRECTION('',(0.,-1.,0.));
#5078=DIRECTION('',(0.,0.,1.));
#5079=DIRECTION('',(1.,0.,0.));
#5080=DIRECTION('',(1.,0.,0.));
#5081=DIRECTION('',(0.,0.,1.));
#5082=DIRECTION('',(1.,0.,0.));
#5083=DIRECTION('',(1.,0.,0.));
#5084=DIRECTION('',(0.,0.,1.));
#5085=DIRECTION('',(1.,0.,0.));
#5086=DIRECTION('',(0.,-1.,0.));
#5087=DIRECTION('',(0.,0.,1.));
#5088=DIRECTION('',(1.,0.,0.));
#5089=DIRECTION('',(1.,0.,0.));
#5090=DIRECTION('',(0.,0.,1.));
#5091=DIRECTION('',(1.,0.,0.));
#5092=DIRECTION('',(0.,-1.,0.));
#5093=DIRECTION('',(0.,0.,1.));
#5094=DIRECTION('',(1.,0.,0.));
#5095=DIRECTION('',(1.,0.,0.));
#5096=DIRECTION('',(0.,0.,1.));
#5097=DIRECTION('',(1.,0.,0.));
#5098=DIRECTION('',(0.,-1.,0.));
#5099=DIRECTION('',(0.,0.,1.));
#5100=DIRECTION('',(1.,0.,0.));
#5101=DIRECTION('',(1.,0.,0.));
#5102=DIRECTION('',(0.,0.,1.));
#5103=DIRECTION('',(1.,0.,0.));
#5104=DIRECTION('',(0.,-1.,0.));
#5105=DIRECTION('',(1.,1.98248503939666E-16,0.));
#5106=DIRECTION('',(0.,0.,1.));
#5107=DIRECTION('',(1.,0.,0.));
#5108=DIRECTION('',(0.,-1.,0.));
#5109=DIRECTION('',(0.,0.,1.));
#5110=DIRECTION('',(1.,0.,0.));
#5111=DIRECTION('',(1.,0.,0.));
#5112=DIRECTION('',(0.,0.,1.));
#5113=DIRECTION('',(1.,0.,0.));
#5114=DIRECTION('',(0.,-1.,0.));
#5115=DIRECTION('',(0.,0.,1.));
#5116=DIRECTION('',(1.,0.,0.));
#5117=DIRECTION('',(0.,0.,1.));
#5118=DIRECTION('',(1.,0.,0.));
#5119=DIRECTION('',(0.,-1.,0.));
#5120=DIRECTION('',(0.,0.,1.));
#5121=DIRECTION('',(1.,0.,0.));
#5122=DIRECTION('',(1.,0.,0.));
#5123=DIRECTION('',(0.,0.,1.));
#5124=DIRECTION('',(1.,0.,0.));
#5125=DIRECTION('',(0.,-1.,0.));
#5126=DIRECTION('',(0.,0.,1.));
#5127=DIRECTION('',(1.,0.,0.));
#5128=DIRECTION('',(1.,0.,0.));
#5129=DIRECTION('',(0.,0.,1.));
#5130=DIRECTION('',(1.,0.,0.));
#5131=DIRECTION('',(1.,0.,0.));
#5132=DIRECTION('',(0.,0.,1.));
#5133=DIRECTION('',(1.,0.,0.));
#5134=DIRECTION('',(0.,-1.,0.));
#5135=DIRECTION('',(0.,0.,1.));
#5136=DIRECTION('',(1.,0.,0.));
#5137=DIRECTION('',(1.,0.,0.));
#5138=DIRECTION('',(0.,0.,1.));
#5139=DIRECTION('',(1.,0.,0.));
#5140=DIRECTION('',(0.,-1.,0.));
#5141=DIRECTION('',(0.,0.,1.));
#5142=DIRECTION('',(1.,0.,0.));
#5143=DIRECTION('',(1.,0.,0.));
#5144=DIRECTION('',(0.,0.,1.));
#5145=DIRECTION('',(1.,0.,0.));
#5146=DIRECTION('',(0.,-1.,0.));
#5147=DIRECTION('',(0.,0.,1.));
#5148=DIRECTION('',(1.,0.,0.));
#5149=DIRECTION('',(1.,0.,0.));
#5150=DIRECTION('',(0.,0.,1.));
#5151=DIRECTION('',(1.,0.,0.));
#5152=DIRECTION('',(0.,-1.,0.));
#5153=DIRECTION('',(0.,0.,1.));
#5154=DIRECTION('',(1.,0.,0.));
#5155=DIRECTION('',(1.,0.,0.));
#5156=DIRECTION('',(0.,0.,1.));
#5157=DIRECTION('',(1.,0.,0.));
#5158=DIRECTION('',(0.,-1.,0.));
#5159=DIRECTION('',(0.,0.,1.));
#5160=DIRECTION('',(1.,0.,0.));
#5161=DIRECTION('',(1.,0.,0.));
#5162=DIRECTION('',(0.,0.,1.));
#5163=DIRECTION('',(1.,0.,0.));
#5164=DIRECTION('',(0.,-1.,0.));
#5165=DIRECTION('',(0.,0.,1.));
#5166=DIRECTION('',(1.,0.,0.));
#5167=DIRECTION('',(1.,0.,0.));
#5168=DIRECTION('',(0.,0.,1.));
#5169=DIRECTION('',(1.,0.,0.));
#5170=DIRECTION('',(0.,-1.,0.));
#5171=DIRECTION('',(0.,0.,1.));
#5172=DIRECTION('',(1.,0.,0.));
#5173=DIRECTION('',(1.,0.,0.));
#5174=DIRECTION('',(0.,0.,1.));
#5175=DIRECTION('',(1.,0.,0.));
#5176=DIRECTION('',(0.,-1.,0.));
#5177=DIRECTION('',(0.,0.,1.));
#5178=DIRECTION('',(1.,0.,0.));
#5179=DIRECTION('',(1.,0.,0.));
#5180=DIRECTION('',(0.,0.,1.));
#5181=DIRECTION('',(1.,0.,0.));
#5182=DIRECTION('',(0.,-1.,0.));
#5183=DIRECTION('',(0.,0.,1.));
#5184=DIRECTION('',(1.,0.,0.));
#5185=DIRECTION('',(1.,0.,0.));
#5186=DIRECTION('',(0.,0.,1.));
#5187=DIRECTION('',(1.,0.,0.));
#5188=DIRECTION('',(0.,-1.,0.));
#5189=DIRECTION('',(0.,0.,1.));
#5190=DIRECTION('',(1.,0.,0.));
#5191=DIRECTION('',(1.,0.,0.));
#5192=DIRECTION('',(0.,0.,1.));
#5193=DIRECTION('',(1.,0.,0.));
#5194=DIRECTION('',(0.,-1.,0.));
#5195=DIRECTION('',(0.,0.,1.));
#5196=DIRECTION('',(1.,0.,0.));
#5197=DIRECTION('',(1.,0.,0.));
#5198=DIRECTION('',(0.,0.,1.));
#5199=DIRECTION('',(1.,0.,0.));
#5200=DIRECTION('',(0.,-1.,0.));
#5201=DIRECTION('',(0.,0.,1.));
#5202=DIRECTION('',(1.,0.,0.));
#5203=DIRECTION('',(0.,-1.,0.));
#5204=DIRECTION('',(0.,0.,1.));
#5205=DIRECTION('',(1.,0.,0.));
#5206=DIRECTION('',(-1.,0.,0.));
#5207=DIRECTION('',(0.,0.,1.));
#5208=DIRECTION('',(1.,0.,0.));
#5209=DIRECTION('',(0.,-1.,0.));
#5210=DIRECTION('',(0.,0.,1.));
#5211=DIRECTION('',(1.,0.,0.));
#5212=DIRECTION('',(-1.,0.,0.));
#5213=DIRECTION('',(0.,0.,1.));
#5214=DIRECTION('',(1.,0.,0.));
#5215=DIRECTION('',(1.,0.,0.));
#5216=DIRECTION('',(0.,0.,1.));
#5217=DIRECTION('',(1.,0.,0.));
#5218=DIRECTION('',(0.,-1.,0.));
#5219=DIRECTION('',(0.,0.,1.));
#5220=DIRECTION('',(1.,0.,0.));
#5221=DIRECTION('',(1.,0.,0.));
#5222=DIRECTION('',(0.,0.,1.));
#5223=DIRECTION('',(1.,0.,0.));
#5224=DIRECTION('',(0.,-1.,0.));
#5225=DIRECTION('',(0.,0.,1.));
#5226=DIRECTION('',(1.,0.,0.));
#5227=DIRECTION('',(1.,0.,0.));
#5228=DIRECTION('',(0.,0.,1.));
#5229=DIRECTION('',(1.,0.,0.));
#5230=DIRECTION('',(0.,-1.,0.));
#5231=DIRECTION('',(0.,0.,1.));
#5232=DIRECTION('',(1.,0.,0.));
#5233=DIRECTION('',(1.,0.,0.));
#5234=DIRECTION('',(0.,0.,1.));
#5235=DIRECTION('',(1.,0.,0.));
#5236=DIRECTION('',(0.,-1.,0.));
#5237=DIRECTION('',(0.,0.,1.));
#5238=DIRECTION('',(1.,0.,0.));
#5239=DIRECTION('',(0.,-1.,0.));
#5240=DIRECTION('',(0.,0.,1.));
#5241=DIRECTION('',(1.,0.,0.));
#5242=DIRECTION('',(-1.,0.,0.));
#5243=DIRECTION('',(0.,0.,1.));
#5244=DIRECTION('',(1.,0.,0.));
#5245=DIRECTION('',(0.,-1.,0.));
#5246=DIRECTION('',(0.,0.,1.));
#5247=DIRECTION('',(1.,0.,0.));
#5248=DIRECTION('',(-1.,0.,0.));
#5249=DIRECTION('',(0.,0.,1.));
#5250=DIRECTION('',(1.,0.,0.));
#5251=DIRECTION('',(0.,-1.,0.));
#5252=DIRECTION('',(0.,0.,1.));
#5253=DIRECTION('',(1.,0.,0.));
#5254=DIRECTION('',(-1.,0.,0.));
#5255=DIRECTION('',(0.,0.,1.));
#5256=DIRECTION('',(1.,0.,0.));
#5257=DIRECTION('',(0.,-1.,0.));
#5258=DIRECTION('',(0.,0.,1.));
#5259=DIRECTION('',(1.,0.,0.));
#5260=DIRECTION('',(-1.,0.,0.));
#5261=DIRECTION('',(0.,0.,1.));
#5262=DIRECTION('',(1.,0.,0.));
#5263=DIRECTION('',(0.,-1.,0.));
#5264=DIRECTION('',(0.,0.,1.));
#5265=DIRECTION('',(1.,0.,0.));
#5266=DIRECTION('',(-1.,0.,0.));
#5267=DIRECTION('',(0.,0.,1.));
#5268=DIRECTION('',(1.,0.,0.));
#5269=DIRECTION('',(0.,-1.,0.));
#5270=DIRECTION('',(0.,0.,1.));
#5271=DIRECTION('',(1.,0.,0.));
#5272=DIRECTION('',(-1.,0.,0.));
#5273=DIRECTION('',(0.,0.,1.));
#5274=DIRECTION('',(1.,0.,0.));
#5275=DIRECTION('',(0.,-1.,0.));
#5276=DIRECTION('',(0.,0.,1.));
#5277=DIRECTION('',(1.,0.,0.));
#5278=DIRECTION('',(-1.,0.,0.));
#5279=DIRECTION('',(0.,0.,1.));
#5280=DIRECTION('',(1.,0.,0.));
#5281=DIRECTION('',(0.,-1.,0.));
#5282=DIRECTION('',(0.,0.,1.));
#5283=DIRECTION('',(1.,0.,0.));
#5284=DIRECTION('',(-1.,0.,0.));
#5285=DIRECTION('',(0.,0.,1.));
#5286=DIRECTION('',(1.,0.,0.));
#5287=DIRECTION('',(0.,-1.,0.));
#5288=DIRECTION('',(0.,0.,1.));
#5289=DIRECTION('',(1.,0.,0.));
#5290=DIRECTION('',(-1.,0.,0.));
#5291=DIRECTION('',(0.,0.,1.));
#5292=DIRECTION('',(1.,0.,0.));
#5293=DIRECTION('',(0.,-1.,0.));
#5294=DIRECTION('',(0.,0.,1.));
#5295=DIRECTION('',(1.,0.,0.));
#5296=DIRECTION('',(-1.,0.,0.));
#5297=DIRECTION('',(0.,0.,1.));
#5298=DIRECTION('',(1.,0.,0.));
#5299=DIRECTION('',(1.,0.,0.));
#5300=DIRECTION('',(0.,0.,1.));
#5301=DIRECTION('',(1.,0.,0.));
#5302=DIRECTION('',(0.,-1.,0.));
#5303=DIRECTION('',(0.,0.,1.));
#5304=DIRECTION('',(1.,0.,0.));
#5305=DIRECTION('',(1.,0.,0.));
#5306=DIRECTION('',(0.,0.,1.));
#5307=DIRECTION('',(1.,0.,0.));
#5308=DIRECTION('',(0.,-1.,0.));
#5309=DIRECTION('',(0.,0.,1.));
#5310=DIRECTION('',(1.,0.,0.));
#5311=DIRECTION('',(1.,0.,0.));
#5312=DIRECTION('',(0.,0.,1.));
#5313=DIRECTION('',(1.,0.,0.));
#5314=DIRECTION('',(0.,-1.,0.));
#5315=DIRECTION('',(0.,0.,1.));
#5316=DIRECTION('',(1.,0.,0.));
#5317=DIRECTION('',(1.,0.,0.));
#5318=DIRECTION('',(0.,0.,1.));
#5319=DIRECTION('',(1.,0.,0.));
#5320=DIRECTION('',(0.,-1.,0.));
#5321=DIRECTION('',(0.,0.,1.));
#5322=DIRECTION('',(1.,0.,0.));
#5323=DIRECTION('',(1.,0.,0.));
#5324=DIRECTION('',(0.,0.,1.));
#5325=DIRECTION('',(1.,0.,0.));
#5326=DIRECTION('',(0.,-1.,0.));
#5327=DIRECTION('',(0.,0.,1.));
#5328=DIRECTION('',(1.,0.,0.));
#5329=DIRECTION('',(1.,0.,0.));
#5330=DIRECTION('',(0.,0.,1.));
#5331=DIRECTION('',(1.,0.,0.));
#5332=DIRECTION('',(0.,-1.,0.));
#5333=DIRECTION('',(1.,0.,0.));
#5334=DIRECTION('',(0.,0.,1.));
#5335=DIRECTION('',(1.,0.,0.));
#5336=DIRECTION('',(0.,-1.,0.));
#5337=DIRECTION('',(0.,0.,1.));
#5338=DIRECTION('',(1.,0.,0.));
#5339=DIRECTION('',(1.,0.,0.));
#5340=DIRECTION('',(0.,0.,1.));
#5341=DIRECTION('',(1.,0.,0.));
#5342=DIRECTION('',(0.,-1.,0.));
#5343=DIRECTION('',(0.,0.,1.));
#5344=DIRECTION('',(1.,0.,0.));
#5345=DIRECTION('',(-1.98248503939666E-16,1.,0.));
#5346=DIRECTION('',(-1.,-1.98248503939666E-16,0.));
#5347=DIRECTION('',(0.,0.,-1.));
#5348=DIRECTION('',(0.,0.,-1.));
#5349=DIRECTION('',(0.,0.,-1.));
#5350=DIRECTION('',(-1.,0.,0.));
#5351=DIRECTION('',(0.,0.,-1.));
#5352=DIRECTION('',(1.,0.,0.));
#5353=DIRECTION('',(0.,0.,-1.));
#5354=DIRECTION('',(0.,0.,-1.));
#5355=DIRECTION('',(0.,0.,-1.));
#5356=DIRECTION('',(-1.,0.,0.));
#5357=DIRECTION('',(0.,0.,-1.));
#5358=DIRECTION('',(0.,1.,0.));
#5359=DIRECTION('',(0.,0.,1.));
#5360=DIRECTION('',(0.,0.,-1.));
#5361=DIRECTION('',(0.,0.,-1.));
#5362=DIRECTION('',(-1.,0.,0.));
#5363=DIRECTION('',(0.,0.,-1.));
#5364=DIRECTION('',(1.,0.,0.));
#5365=DIRECTION('',(0.,0.,-1.));
#5366=DIRECTION('',(0.,0.,-1.));
#5367=DIRECTION('',(0.,0.,-1.));
#5368=DIRECTION('',(-1.,0.,0.));
#5369=DIRECTION('',(1.,0.,0.));
#5370=DIRECTION('',(0.,0.,-1.));
#5371=DIRECTION('',(0.,0.,-1.));
#5372=DIRECTION('',(0.,0.,-1.));
#5373=DIRECTION('',(0.,0.,-1.));
#5374=DIRECTION('',(-1.,0.,0.));
#5375=DIRECTION('',(0.,0.,-1.));
#5376=DIRECTION('',(0.,1.,0.));
#5377=DIRECTION('',(0.,0.,1.));
#5378=DIRECTION('',(0.,0.,-1.));
#5379=DIRECTION('',(0.,0.,-1.));
#5380=DIRECTION('',(-1.,0.,0.));
#5381=DIRECTION('',(0.,0.,-1.));
#5382=DIRECTION('',(1.,0.,0.));
#5383=DIRECTION('',(0.,0.,-1.));
#5384=DIRECTION('',(0.,0.,-1.));
#5385=DIRECTION('',(0.,0.,-1.));
#5386=DIRECTION('',(-1.,0.,0.));
#5387=DIRECTION('',(0.,0.,-1.));
#5388=DIRECTION('',(0.,1.,0.));
#5389=DIRECTION('',(0.,0.,1.));
#5390=DIRECTION('',(0.,0.,-1.));
#5391=DIRECTION('',(0.,0.,-1.));
#5392=DIRECTION('',(-1.,0.,0.));
#5393=DIRECTION('',(0.,1.,0.));
#5394=DIRECTION('',(0.,0.,1.));
#5395=DIRECTION('',(0.,0.,-1.));
#5396=DIRECTION('',(0.,0.,-1.));
#5397=DIRECTION('',(0.,0.,-1.));
#5398=DIRECTION('',(-1.,0.,0.));
#5399=DIRECTION('',(0.,0.,-1.));
#5400=DIRECTION('',(1.,0.,0.));
#5401=DIRECTION('',(0.,0.,-1.));
#5402=DIRECTION('',(0.,0.,-1.));
#5403=DIRECTION('',(0.,0.,-1.));
#5404=DIRECTION('',(-1.,0.,0.));
#5405=DIRECTION('',(0.,0.,-1.));
#5406=DIRECTION('',(0.,1.,0.));
#5407=DIRECTION('',(0.,0.,1.));
#5408=DIRECTION('',(0.,0.,-1.));
#5409=DIRECTION('',(0.,0.,-1.));
#5410=DIRECTION('',(-1.,0.,0.));
#5411=DIRECTION('',(0.,0.,-1.));
#5412=DIRECTION('',(1.,0.,0.));
#5413=DIRECTION('',(0.,0.,-1.));
#5414=DIRECTION('',(0.,0.,-1.));
#5415=DIRECTION('',(0.,0.,-1.));
#5416=DIRECTION('',(-1.,0.,0.));
#5417=DIRECTION('',(0.,1.,0.));
#5418=DIRECTION('',(0.,0.,1.));
#5419=DIRECTION('',(0.,0.,-1.));
#5420=DIRECTION('',(0.,0.,-1.));
#5421=DIRECTION('',(0.,0.,-1.));
#5422=DIRECTION('',(-1.,0.,0.));
#5423=DIRECTION('',(0.,0.,-1.));
#5424=DIRECTION('',(1.,0.,0.));
#5425=DIRECTION('',(0.,0.,-1.));
#5426=DIRECTION('',(0.,0.,-1.));
#5427=DIRECTION('',(0.,0.,-1.));
#5428=DIRECTION('',(-1.,0.,0.));
#5429=DIRECTION('',(0.,0.,-1.));
#5430=DIRECTION('',(0.,1.,0.));
#5431=DIRECTION('',(0.,0.,1.));
#5432=DIRECTION('',(0.,0.,-1.));
#5433=DIRECTION('',(0.,0.,-1.));
#5434=DIRECTION('',(-1.,0.,0.));
#5435=DIRECTION('',(0.,0.,-1.));
#5436=DIRECTION('',(1.,0.,0.));
#5437=DIRECTION('',(0.,0.,-1.));
#5438=DIRECTION('',(0.,0.,-1.));
#5439=DIRECTION('',(0.,0.,-1.));
#5440=DIRECTION('',(-1.,0.,0.));
#5441=DIRECTION('',(0.,1.,0.));
#5442=DIRECTION('',(0.,0.,1.));
#5443=DIRECTION('',(0.,0.,-1.));
#5444=DIRECTION('',(0.,0.,-1.));
#5445=DIRECTION('',(0.,0.,-1.));
#5446=DIRECTION('',(-1.,0.,0.));
#5447=DIRECTION('',(0.,0.,-1.));
#5448=DIRECTION('',(1.,0.,0.));
#5449=DIRECTION('',(0.,0.,-1.));
#5450=DIRECTION('',(0.,0.,-1.));
#5451=DIRECTION('',(0.,0.,-1.));
#5452=DIRECTION('',(-1.,0.,0.));
#5453=DIRECTION('',(0.,0.,-1.));
#5454=DIRECTION('',(0.,1.,0.));
#5455=DIRECTION('',(0.,0.,1.));
#5456=DIRECTION('',(0.,0.,-1.));
#5457=DIRECTION('',(0.,0.,-1.));
#5458=DIRECTION('',(-1.,0.,0.));
#5459=DIRECTION('',(0.,0.,-1.));
#5460=DIRECTION('',(1.,0.,0.));
#5461=DIRECTION('',(0.,0.,-1.));
#5462=DIRECTION('',(0.,0.,-1.));
#5463=DIRECTION('',(0.,0.,-1.));
#5464=DIRECTION('',(-1.,0.,0.));
#5465=DIRECTION('',(0.,1.,0.));
#5466=DIRECTION('',(0.,0.,1.));
#5467=DIRECTION('',(0.,0.,-1.));
#5468=DIRECTION('',(0.,0.,-1.));
#5469=DIRECTION('',(0.,0.,-1.));
#5470=DIRECTION('',(-1.,0.,0.));
#5471=DIRECTION('',(0.,0.,-1.));
#5472=DIRECTION('',(1.,0.,0.));
#5473=DIRECTION('',(0.,0.,-1.));
#5474=DIRECTION('',(0.,0.,-1.));
#5475=DIRECTION('',(0.,0.,-1.));
#5476=DIRECTION('',(-1.,0.,0.));
#5477=DIRECTION('',(0.,0.,-1.));
#5478=DIRECTION('',(0.,1.,0.));
#5479=DIRECTION('',(0.,0.,1.));
#5480=DIRECTION('',(0.,0.,-1.));
#5481=DIRECTION('',(0.,0.,-1.));
#5482=DIRECTION('',(-1.,0.,0.));
#5483=DIRECTION('',(0.,0.,-1.));
#5484=DIRECTION('',(1.,0.,0.));
#5485=DIRECTION('',(0.,0.,-1.));
#5486=DIRECTION('',(0.,0.,-1.));
#5487=DIRECTION('',(0.,0.,-1.));
#5488=DIRECTION('',(-1.,0.,0.));
#5489=DIRECTION('',(0.,1.,0.));
#5490=DIRECTION('',(0.,0.,1.));
#5491=DIRECTION('',(0.,0.,-1.));
#5492=DIRECTION('',(0.,0.,-1.));
#5493=DIRECTION('',(0.,0.,-1.));
#5494=DIRECTION('',(-1.,0.,0.));
#5495=DIRECTION('',(0.,0.,-1.));
#5496=DIRECTION('',(1.,0.,0.));
#5497=DIRECTION('',(0.,0.,-1.));
#5498=DIRECTION('',(0.,0.,-1.));
#5499=DIRECTION('',(0.,0.,-1.));
#5500=DIRECTION('',(-1.,0.,0.));
#5501=DIRECTION('',(0.,0.,-1.));
#5502=DIRECTION('',(0.,1.,0.));
#5503=DIRECTION('',(0.,0.,1.));
#5504=DIRECTION('',(0.,0.,-1.));
#5505=DIRECTION('',(0.,0.,-1.));
#5506=DIRECTION('',(-1.,0.,0.));
#5507=DIRECTION('',(0.,0.,-1.));
#5508=DIRECTION('',(1.,0.,0.));
#5509=DIRECTION('',(0.,0.,-1.));
#5510=DIRECTION('',(0.,0.,-1.));
#5511=DIRECTION('',(0.,0.,-1.));
#5512=DIRECTION('',(-1.,0.,0.));
#5513=DIRECTION('',(0.,1.,0.));
#5514=DIRECTION('',(0.,0.,1.));
#5515=DIRECTION('',(0.,0.,-1.));
#5516=DIRECTION('',(0.,0.,-1.));
#5517=DIRECTION('',(0.,0.,-1.));
#5518=DIRECTION('',(-1.,0.,0.));
#5519=DIRECTION('',(0.,0.,-1.));
#5520=DIRECTION('',(1.,0.,0.));
#5521=DIRECTION('',(0.,0.,-1.));
#5522=DIRECTION('',(0.,0.,-1.));
#5523=DIRECTION('',(0.,0.,-1.));
#5524=DIRECTION('',(-1.,0.,0.));
#5525=DIRECTION('',(0.,0.,-1.));
#5526=DIRECTION('',(0.,1.,0.));
#5527=DIRECTION('',(0.,0.,1.));
#5528=DIRECTION('',(0.,0.,-1.));
#5529=DIRECTION('',(0.,0.,-1.));
#5530=DIRECTION('',(-1.,0.,0.));
#5531=DIRECTION('',(0.,0.,-1.));
#5532=DIRECTION('',(1.,0.,0.));
#5533=DIRECTION('',(0.,0.,-1.));
#5534=DIRECTION('',(0.,0.,-1.));
#5535=DIRECTION('',(0.,0.,-1.));
#5536=DIRECTION('',(-1.,0.,0.));
#5537=DIRECTION('',(1.,0.,0.));
#5538=DIRECTION('',(0.,0.,-1.));
#5539=DIRECTION('',(0.,0.,-1.));
#5540=DIRECTION('',(0.,0.,-1.));
#5541=DIRECTION('',(0.,0.,-1.));
#5542=DIRECTION('',(-1.,0.,0.));
#5543=DIRECTION('',(0.,0.,-1.));
#5544=DIRECTION('',(0.,-1.,0.));
#5545=DIRECTION('',(0.,0.,-1.));
#5546=DIRECTION('',(0.,0.,-1.));
#5547=DIRECTION('',(0.,0.,-1.));
#5548=DIRECTION('',(-1.,0.,0.));
#5549=DIRECTION('',(0.,0.,-1.));
#5550=DIRECTION('',(1.,0.,0.));
#5551=DIRECTION('',(0.,0.,-1.));
#5552=DIRECTION('',(0.,0.,-1.));
#5553=DIRECTION('',(0.,0.,-1.));
#5554=DIRECTION('',(-1.,0.,0.));
#5555=DIRECTION('',(0.,0.,-1.));
#5556=DIRECTION('',(0.,-1.,0.));
#5557=DIRECTION('',(0.,0.,-1.));
#5558=DIRECTION('',(0.,0.,-1.));
#5559=DIRECTION('',(0.,0.,-1.));
#5560=DIRECTION('',(-1.,0.,0.));
#5561=DIRECTION('',(0.,0.,-1.));
#5562=DIRECTION('',(-1.,0.,0.));
#5563=DIRECTION('',(0.,0.,-1.));
#5564=DIRECTION('',(0.,0.,-1.));
#5565=DIRECTION('',(0.,1.,0.));
#5566=DIRECTION('',(0.,0.,1.));
#5567=DIRECTION('',(0.,0.,-1.));
#5568=DIRECTION('',(0.,0.,-1.));
#5569=DIRECTION('',(-1.,0.,0.));
#5570=DIRECTION('',(0.,0.,-1.));
#5571=DIRECTION('',(1.,0.,0.));
#5572=DIRECTION('',(0.,0.,-1.));
#5573=DIRECTION('',(0.,0.,-1.));
#5574=DIRECTION('',(0.,0.,-1.));
#5575=DIRECTION('',(-1.,0.,0.));
#5576=DIRECTION('',(0.,0.,-1.));
#5577=DIRECTION('',(0.,1.,0.));
#5578=DIRECTION('',(0.,0.,1.));
#5579=DIRECTION('',(0.,0.,-1.));
#5580=DIRECTION('',(0.,0.,-1.));
#5581=DIRECTION('',(-1.,0.,0.));
#5582=DIRECTION('',(0.,0.,-1.));
#5583=DIRECTION('',(1.,0.,0.));
#5584=DIRECTION('',(0.,0.,-1.));
#5585=DIRECTION('',(0.,1.,0.));
#5586=DIRECTION('',(0.,0.,1.));
#5587=DIRECTION('',(0.,0.,-1.));
#5588=DIRECTION('',(0.,0.,-1.));
#5589=DIRECTION('',(0.,0.,-1.));
#5590=DIRECTION('',(-1.,0.,0.));
#5591=DIRECTION('',(0.,0.,-1.));
#5592=DIRECTION('',(1.,0.,0.));
#5593=DIRECTION('',(0.,0.,-1.));
#5594=DIRECTION('',(0.,0.,-1.));
#5595=DIRECTION('',(0.,0.,-1.));
#5596=DIRECTION('',(-1.,0.,0.));
#5597=DIRECTION('',(0.,0.,-1.));
#5598=DIRECTION('',(0.,1.,0.));
#5599=DIRECTION('',(0.,0.,1.));
#5600=DIRECTION('',(0.,0.,-1.));
#5601=DIRECTION('',(0.,0.,-1.));
#5602=DIRECTION('',(-1.,0.,0.));
#5603=DIRECTION('',(0.,0.,-1.));
#5604=DIRECTION('',(1.,0.,0.));
#5605=DIRECTION('',(0.,0.,-1.));
#5606=DIRECTION('',(0.,0.,-1.));
#5607=DIRECTION('',(0.,0.,-1.));
#5608=DIRECTION('',(-1.,0.,0.));
#5609=DIRECTION('',(0.,0.,-1.));
#5610=DIRECTION('',(-1.,0.,0.));
#5611=DIRECTION('',(0.,0.,-1.));
#5612=DIRECTION('',(0.,0.,-1.));
#5613=DIRECTION('',(0.,1.,0.));
#5614=DIRECTION('',(0.,0.,1.));
#5615=DIRECTION('',(0.,0.,-1.));
#5616=DIRECTION('',(0.,0.,-1.));
#5617=DIRECTION('',(-1.,0.,0.));
#5618=DIRECTION('',(0.,0.,-1.));
#5619=DIRECTION('',(1.,0.,0.));
#5620=DIRECTION('',(0.,0.,-1.));
#5621=DIRECTION('',(0.,0.,-1.));
#5622=DIRECTION('',(0.,0.,-1.));
#5623=DIRECTION('',(-1.,0.,0.));
#5624=DIRECTION('',(0.,0.,-1.));
#5625=DIRECTION('',(0.,1.,0.));
#5626=DIRECTION('',(0.,0.,1.));
#5627=DIRECTION('',(0.,0.,-1.));
#5628=DIRECTION('',(0.,0.,-1.));
#5629=DIRECTION('',(-1.,0.,0.));
#5630=DIRECTION('',(0.,0.,-1.));
#5631=DIRECTION('',(1.,0.,0.));
#5632=DIRECTION('',(0.,0.,-1.));
#5633=DIRECTION('',(0.,1.,0.));
#5634=DIRECTION('',(0.,0.,1.));
#5635=DIRECTION('',(0.,0.,-1.));
#5636=DIRECTION('',(0.,0.,-1.));
#5637=DIRECTION('',(0.,0.,-1.));
#5638=DIRECTION('',(-1.,0.,0.));
#5639=DIRECTION('',(0.,0.,-1.));
#5640=DIRECTION('',(1.,0.,0.));
#5641=DIRECTION('',(0.,0.,-1.));
#5642=DIRECTION('',(0.,0.,-1.));
#5643=DIRECTION('',(0.,0.,-1.));
#5644=DIRECTION('',(-1.,0.,0.));
#5645=DIRECTION('',(0.,0.,-1.));
#5646=DIRECTION('',(0.,1.,0.));
#5647=DIRECTION('',(0.,0.,1.));
#5648=DIRECTION('',(0.,0.,-1.));
#5649=DIRECTION('',(0.,0.,-1.));
#5650=DIRECTION('',(-1.,0.,0.));
#5651=DIRECTION('',(0.,0.,-1.));
#5652=DIRECTION('',(1.,0.,0.));
#5653=DIRECTION('',(0.,0.,-1.));
#5654=DIRECTION('',(0.,0.,-1.));
#5655=DIRECTION('',(0.,0.,-1.));
#5656=DIRECTION('',(-1.,0.,0.));
#5657=DIRECTION('',(0.,0.,-1.));
#5658=DIRECTION('',(-1.,0.,0.));
#5659=DIRECTION('',(0.,0.,-1.));
#5660=DIRECTION('',(0.,0.,-1.));
#5661=DIRECTION('',(1.,0.,0.));
#5662=DIRECTION('',(0.,0.,-1.));
#5663=DIRECTION('',(0.,0.,-1.));
#5664=DIRECTION('',(0.,0.,-1.));
#5665=DIRECTION('',(-1.,0.,0.));
#5666=DIRECTION('',(0.,0.,-1.));
#5667=DIRECTION('',(0.,1.,0.));
#5668=DIRECTION('',(0.,0.,1.));
#5669=DIRECTION('',(0.,0.,-1.));
#5670=DIRECTION('',(0.,0.,-1.));
#5671=DIRECTION('',(-1.,0.,0.));
#5672=DIRECTION('',(0.,0.,-1.));
#5673=DIRECTION('',(1.,0.,0.));
#5674=DIRECTION('',(0.,0.,-1.));
#5675=DIRECTION('',(0.,0.,-1.));
#5676=DIRECTION('',(0.,0.,-1.));
#5677=DIRECTION('',(-1.,0.,0.));
#5678=DIRECTION('',(0.,0.,-1.));
#5679=DIRECTION('',(0.,1.,0.));
#5680=DIRECTION('',(0.,0.,1.));
#5681=DIRECTION('',(0.,0.,-1.));
#5682=DIRECTION('',(-1.,0.,0.));
#5683=DIRECTION('',(0.,0.,-1.));
#5684=DIRECTION('',(0.,0.,-1.));
#5685=DIRECTION('',(1.,0.,0.));
#5686=DIRECTION('',(0.,0.,-1.));
#5687=DIRECTION('',(0.,0.,-1.));
#5688=DIRECTION('',(0.,0.,-1.));
#5689=DIRECTION('',(-1.,0.,0.));
#5690=DIRECTION('',(0.,0.,-1.));
#5691=DIRECTION('',(0.,1.,0.));
#5692=DIRECTION('',(0.,0.,1.));
#5693=DIRECTION('',(0.,0.,-1.));
#5694=DIRECTION('',(0.,0.,-1.));
#5695=DIRECTION('',(-1.,0.,0.));
#5696=DIRECTION('',(0.,0.,-1.));
#5697=DIRECTION('',(1.,0.,0.));
#5698=DIRECTION('',(0.,0.,-1.));
#5699=DIRECTION('',(0.,0.,-1.));
#5700=DIRECTION('',(0.,0.,-1.));
#5701=DIRECTION('',(-1.,0.,0.));
#5702=DIRECTION('',(0.,0.,-1.));
#5703=DIRECTION('',(0.,1.,0.));
#5704=DIRECTION('',(0.,0.,1.));
#5705=DIRECTION('',(0.,0.,-1.));
#5706=DIRECTION('',(-1.,0.,0.));
#5707=DIRECTION('',(0.,0.,-1.));
#5708=DIRECTION('',(0.,0.,-1.));
#5709=DIRECTION('',(1.,0.,0.));
#5710=DIRECTION('',(0.,0.,-1.));
#5711=DIRECTION('',(0.,0.,-1.));
#5712=DIRECTION('',(0.,0.,-1.));
#5713=DIRECTION('',(-1.,0.,0.));
#5714=DIRECTION('',(0.,0.,-1.));
#5715=DIRECTION('',(0.,1.,0.));
#5716=DIRECTION('',(0.,0.,1.));
#5717=DIRECTION('',(0.,0.,-1.));
#5718=DIRECTION('',(0.,0.,-1.));
#5719=DIRECTION('',(-1.,0.,0.));
#5720=DIRECTION('',(0.,0.,-1.));
#5721=DIRECTION('',(1.,0.,0.));
#5722=DIRECTION('',(0.,0.,-1.));
#5723=DIRECTION('',(0.,0.,-1.));
#5724=DIRECTION('',(0.,0.,-1.));
#5725=DIRECTION('',(-1.,0.,0.));
#5726=DIRECTION('',(0.,0.,-1.));
#5727=DIRECTION('',(0.,1.,0.));
#5728=DIRECTION('',(0.,0.,1.));
#5729=DIRECTION('',(1.,0.,0.));
#5730=DIRECTION('',(0.,0.,-1.));
#5731=DIRECTION('',(0.,0.,-1.));
#5732=DIRECTION('',(0.,0.,-1.));
#5733=DIRECTION('',(0.,0.,-1.));
#5734=DIRECTION('',(-1.,0.,0.));
#5735=DIRECTION('',(0.,0.,-1.));
#5736=DIRECTION('',(0.,-1.,0.));
#5737=DIRECTION('',(0.,0.,-1.));
#5738=DIRECTION('',(0.,0.,-1.));
#5739=DIRECTION('',(0.,0.,-1.));
#5740=DIRECTION('',(-1.,0.,0.));
#5741=DIRECTION('',(0.,0.,-1.));
#5742=DIRECTION('',(1.,0.,0.));
#5743=DIRECTION('',(0.,0.,-1.));
#5744=DIRECTION('',(0.,0.,-1.));
#5745=DIRECTION('',(0.,0.,-1.));
#5746=DIRECTION('',(-1.,0.,0.));
#5747=DIRECTION('',(0.,0.,-1.));
#5748=DIRECTION('',(0.,-1.,0.));
#5749=DIRECTION('',(0.,0.,-1.));
#5750=DIRECTION('',(0.,0.,-1.));
#5751=DIRECTION('',(0.,0.,-1.));
#5752=DIRECTION('',(-1.,0.,0.));
#5753=DIRECTION('',(1.,0.,0.));
#5754=DIRECTION('',(0.,0.,-1.));
#5755=DIRECTION('',(0.,0.,-1.));
#5756=DIRECTION('',(0.,0.,-1.));
#5757=DIRECTION('',(0.,0.,-1.));
#5758=DIRECTION('',(-1.,0.,0.));
#5759=DIRECTION('',(0.,0.,-1.));
#5760=DIRECTION('',(0.,-1.,0.));
#5761=DIRECTION('',(0.,0.,-1.));
#5762=DIRECTION('',(0.,0.,-1.));
#5763=DIRECTION('',(0.,0.,-1.));
#5764=DIRECTION('',(-1.,0.,0.));
#5765=DIRECTION('',(0.,0.,-1.));
#5766=DIRECTION('',(1.,0.,0.));
#5767=DIRECTION('',(0.,0.,-1.));
#5768=DIRECTION('',(0.,0.,-1.));
#5769=DIRECTION('',(0.,0.,-1.));
#5770=DIRECTION('',(-1.,0.,0.));
#5771=DIRECTION('',(0.,0.,-1.));
#5772=DIRECTION('',(0.,-1.,0.));
#5773=DIRECTION('',(0.,0.,-1.));
#5774=DIRECTION('',(0.,0.,-1.));
#5775=DIRECTION('',(0.,0.,-1.));
#5776=DIRECTION('',(-1.,0.,0.));
#5777=DIRECTION('',(1.,0.,0.));
#5778=DIRECTION('',(0.,0.,-1.));
#5779=DIRECTION('',(0.,0.,-1.));
#5780=DIRECTION('',(0.,0.,-1.));
#5781=DIRECTION('',(0.,0.,-1.));
#5782=DIRECTION('',(-1.,0.,0.));
#5783=DIRECTION('',(0.,0.,-1.));
#5784=DIRECTION('',(0.,-1.,0.));
#5785=DIRECTION('',(0.,0.,-1.));
#5786=DIRECTION('',(0.,0.,-1.));
#5787=DIRECTION('',(0.,0.,-1.));
#5788=DIRECTION('',(-1.,0.,0.));
#5789=DIRECTION('',(0.,0.,-1.));
#5790=DIRECTION('',(1.,0.,0.));
#5791=DIRECTION('',(0.,0.,-1.));
#5792=DIRECTION('',(0.,0.,-1.));
#5793=DIRECTION('',(0.,0.,-1.));
#5794=DIRECTION('',(-1.,0.,0.));
#5795=DIRECTION('',(0.,0.,-1.));
#5796=DIRECTION('',(0.,-1.,0.));
#5797=DIRECTION('',(0.,0.,-1.));
#5798=DIRECTION('',(0.,0.,-1.));
#5799=DIRECTION('',(0.,0.,-1.));
#5800=DIRECTION('',(-1.,0.,0.));
#5801=DIRECTION('',(1.,0.,0.));
#5802=DIRECTION('',(0.,0.,-1.));
#5803=DIRECTION('',(0.,0.,-1.));
#5804=DIRECTION('',(0.,0.,-1.));
#5805=DIRECTION('',(0.,0.,-1.));
#5806=DIRECTION('',(-1.,0.,0.));
#5807=DIRECTION('',(0.,0.,-1.));
#5808=DIRECTION('',(0.,-1.,0.));
#5809=DIRECTION('',(0.,0.,-1.));
#5810=DIRECTION('',(0.,0.,-1.));
#5811=DIRECTION('',(0.,0.,-1.));
#5812=DIRECTION('',(-1.,0.,0.));
#5813=DIRECTION('',(0.,0.,-1.));
#5814=DIRECTION('',(1.,0.,0.));
#5815=DIRECTION('',(0.,0.,-1.));
#5816=DIRECTION('',(0.,0.,-1.));
#5817=DIRECTION('',(0.,0.,-1.));
#5818=DIRECTION('',(-1.,0.,0.));
#5819=DIRECTION('',(0.,0.,-1.));
#5820=DIRECTION('',(0.,-1.,0.));
#5821=DIRECTION('',(0.,0.,-1.));
#5822=DIRECTION('',(0.,0.,-1.));
#5823=DIRECTION('',(0.,0.,-1.));
#5824=DIRECTION('',(-1.,0.,0.));
#5825=DIRECTION('',(1.,0.,0.));
#5826=DIRECTION('',(0.,0.,-1.));
#5827=DIRECTION('',(0.,0.,-1.));
#5828=DIRECTION('',(0.,0.,-1.));
#5829=DIRECTION('',(0.,0.,-1.));
#5830=DIRECTION('',(-1.,0.,0.));
#5831=DIRECTION('',(0.,0.,-1.));
#5832=DIRECTION('',(0.,-1.,0.));
#5833=DIRECTION('',(0.,0.,-1.));
#5834=DIRECTION('',(0.,0.,-1.));
#5835=DIRECTION('',(0.,0.,-1.));
#5836=DIRECTION('',(-1.,0.,0.));
#5837=DIRECTION('',(0.,0.,-1.));
#5838=DIRECTION('',(1.,0.,0.));
#5839=DIRECTION('',(0.,0.,-1.));
#5840=DIRECTION('',(0.,0.,-1.));
#5841=DIRECTION('',(0.,0.,-1.));
#5842=DIRECTION('',(-1.,0.,0.));
#5843=DIRECTION('',(0.,0.,-1.));
#5844=DIRECTION('',(0.,-1.,0.));
#5845=DIRECTION('',(0.,0.,-1.));
#5846=DIRECTION('',(0.,0.,-1.));
#5847=DIRECTION('',(0.,0.,-1.));
#5848=DIRECTION('',(-1.,0.,0.));
#5849=DIRECTION('',(0.,1.,0.));
#5850=DIRECTION('',(0.,0.,1.));
#5851=DIRECTION('',(0.,0.,-1.));
#5852=DIRECTION('',(0.,0.,-1.));
#5853=DIRECTION('',(0.,0.,-1.));
#5854=DIRECTION('',(-1.,0.,0.));
#5855=DIRECTION('',(0.,0.,-1.));
#5856=DIRECTION('',(1.,0.,0.));
#5857=DIRECTION('',(0.,0.,-1.));
#5858=DIRECTION('',(0.,0.,-1.));
#5859=DIRECTION('',(0.,0.,-1.));
#5860=DIRECTION('',(-1.,0.,0.));
#5861=DIRECTION('',(0.,0.,-1.));
#5862=DIRECTION('',(0.,1.,0.));
#5863=DIRECTION('',(0.,0.,1.));
#5864=DIRECTION('',(0.,0.,-1.));
#5865=DIRECTION('',(0.,0.,-1.));
#5866=DIRECTION('',(-1.,0.,0.));
#5867=DIRECTION('',(0.,0.,-1.));
#5868=DIRECTION('',(1.,0.,0.));
#5869=DIRECTION('',(0.,0.,-1.));
#5870=DIRECTION('',(0.,0.,-1.));
#5871=DIRECTION('',(0.,0.,-1.));
#5872=DIRECTION('',(-1.,0.,0.));
#5873=DIRECTION('',(0.,1.,0.));
#5874=DIRECTION('',(0.,0.,1.));
#5875=DIRECTION('',(0.,0.,-1.));
#5876=DIRECTION('',(0.,0.,-1.));
#5877=DIRECTION('',(0.,0.,-1.));
#5878=DIRECTION('',(-1.,0.,0.));
#5879=DIRECTION('',(0.,0.,-1.));
#5880=DIRECTION('',(1.,0.,0.));
#5881=DIRECTION('',(0.,0.,-1.));
#5882=DIRECTION('',(0.,0.,-1.));
#5883=DIRECTION('',(0.,0.,-1.));
#5884=DIRECTION('',(-1.,0.,0.));
#5885=DIRECTION('',(0.,0.,-1.));
#5886=DIRECTION('',(0.,1.,0.));
#5887=DIRECTION('',(0.,0.,1.));
#5888=DIRECTION('',(0.,0.,-1.));
#5889=DIRECTION('',(0.,0.,-1.));
#5890=DIRECTION('',(-1.,0.,0.));
#5891=DIRECTION('',(0.,0.,-1.));
#5892=DIRECTION('',(1.,0.,0.));
#5893=DIRECTION('',(0.,0.,-1.));
#5894=DIRECTION('',(0.,0.,-1.));
#5895=DIRECTION('',(0.,0.,-1.));
#5896=DIRECTION('',(-1.,0.,0.));
#5897=DIRECTION('',(0.,1.,0.));
#5898=DIRECTION('',(0.,0.,1.));
#5899=DIRECTION('',(0.,0.,-1.));
#5900=DIRECTION('',(0.,0.,-1.));
#5901=DIRECTION('',(0.,0.,-1.));
#5902=DIRECTION('',(-1.,0.,0.));
#5903=DIRECTION('',(0.,0.,-1.));
#5904=DIRECTION('',(1.,0.,0.));
#5905=DIRECTION('',(0.,0.,-1.));
#5906=DIRECTION('',(0.,0.,-1.));
#5907=DIRECTION('',(0.,0.,-1.));
#5908=DIRECTION('',(-1.,0.,0.));
#5909=DIRECTION('',(0.,0.,-1.));
#5910=DIRECTION('',(0.,1.,0.));
#5911=DIRECTION('',(0.,0.,1.));
#5912=DIRECTION('',(0.,0.,-1.));
#5913=DIRECTION('',(0.,0.,-1.));
#5914=DIRECTION('',(-1.,0.,0.));
#5915=DIRECTION('',(0.,0.,-1.));
#5916=DIRECTION('',(1.,0.,0.));
#5917=DIRECTION('',(0.,0.,-1.));
#5918=DIRECTION('',(0.,0.,-1.));
#5919=DIRECTION('',(0.,0.,-1.));
#5920=DIRECTION('',(-1.,0.,0.));
#5921=DIRECTION('',(0.,0.,-1.));
#5922=DIRECTION('',(-1.,0.,0.));
#5923=DIRECTION('',(0.,0.,-1.));
#5924=DIRECTION('',(-1.,0.,0.));
#5925=DIRECTION('',(0.,0.,-1.));
#5926=DIRECTION('',(-1.,0.,0.));
#5927=DIRECTION('',(0.,0.,-1.));
#5928=DIRECTION('',(-1.,0.,0.));
#5929=DIRECTION('',(0.,-1.,0.));
#5930=DIRECTION('',(0.,0.,-1.));
#5931=DIRECTION('',(0.,0.,1.));
#5932=DIRECTION('',(0.,0.,1.));
#5933=DIRECTION('',(-1.,0.,0.));
#5934=DIRECTION('',(0.,0.,1.));
#5935=DIRECTION('',(0.,0.,1.));
#5936=DIRECTION('',(0.,-1.,0.));
#5937=DIRECTION('',(0.,0.,-1.));
#5938=DIRECTION('',(0.,0.,1.));
#5939=DIRECTION('',(-1.,0.,0.));
#5940=DIRECTION('',(0.,0.,1.));
#5941=DIRECTION('',(0.,-1.,0.));
#5942=DIRECTION('',(0.,0.,-1.));
#5943=DIRECTION('',(0.,0.,1.));
#5944=DIRECTION('',(0.,0.,1.));
#5945=DIRECTION('',(0.,0.,1.));
#5946=DIRECTION('',(1.,0.,0.));
#5947=DIRECTION('',(0.,0.,1.));
#5948=DIRECTION('',(-1.,0.,0.));
#5949=DIRECTION('',(0.,0.,1.));
#5950=DIRECTION('',(0.,0.,1.));
#5951=DIRECTION('',(0.,0.,1.));
#5952=DIRECTION('',(1.,0.,0.));
#5953=DIRECTION('',(0.,0.,1.));
#5954=DIRECTION('',(0.,-1.,0.));
#5955=DIRECTION('',(0.,0.,-1.));
#5956=DIRECTION('',(0.,0.,1.));
#5957=DIRECTION('',(0.,0.,1.));
#5958=DIRECTION('',(1.,0.,0.));
#5959=DIRECTION('',(0.,0.,1.));
#5960=DIRECTION('',(-1.,0.,0.));
#5961=DIRECTION('',(0.,0.,1.));
#5962=DIRECTION('',(0.,0.,1.));
#5963=DIRECTION('',(0.,0.,1.));
#5964=DIRECTION('',(1.,0.,0.));
#5965=CARTESIAN_POINT('',(0.,0.,0.));
#5966=CARTESIAN_POINT('',(-0.000341425000000062,0.008343625,0.0015));
#5967=CARTESIAN_POINT('',(0.12166795,0.06192175,0.0015));
#5968=CARTESIAN_POINT('',(0.12271795,0.06192175,0.0015));
#5969=CARTESIAN_POINT('',(0.12166795,-0.0452345,0.0015));
#5970=CARTESIAN_POINT('',(0.12271795,-0.0452345,0.0015));
#5971=CARTESIAN_POINT('',(0.19310545,-0.0452345,0.0015));
#5972=CARTESIAN_POINT('',(0.19415545,-0.0452345,0.0015));
#5973=CARTESIAN_POINT('',(0.19310545,0.06192175,0.0015));
#5974=CARTESIAN_POINT('',(0.19415545,0.06192175,0.0015));
#5975=CARTESIAN_POINT('',(0.166925,0.0451,0.0015));
#5976=CARTESIAN_POINT('',(0.160425,0.0451,0.0015));
#5977=CARTESIAN_POINT('',(0.173425,0.0451,0.0015));
#5978=CARTESIAN_POINT('',(0.173425,0.0446,0.0015));
#5979=CARTESIAN_POINT('',(0.173925,0.0446,0.0015));
#5980=CARTESIAN_POINT('',(0.173925,0.0381,0.0015));
#5981=CARTESIAN_POINT('',(0.173925,0.0316,0.0015));
#5982=CARTESIAN_POINT('',(0.173425,0.0316,0.0015));
#5983=CARTESIAN_POINT('',(0.173425,0.0311,0.0015));
#5984=CARTESIAN_POINT('',(0.166925,0.0311,0.0015));
#5985=CARTESIAN_POINT('',(0.160425,0.0311,0.0015));
#5986=CARTESIAN_POINT('',(0.160425,0.0316,0.0015));
#5987=CARTESIAN_POINT('',(0.159925,0.0316,0.0015));
#5988=CARTESIAN_POINT('',(0.159925,0.0381,0.0015));
#5989=CARTESIAN_POINT('',(0.159925,0.0446,0.0015));
#5990=CARTESIAN_POINT('',(0.160425,0.0446,0.0015));
#5991=CARTESIAN_POINT('',(0.191975,0.021463,0.0015));
#5992=CARTESIAN_POINT('',(0.191975,0.024463,0.0015));
#5993=CARTESIAN_POINT('',(0.191975,0.018463,0.0015));
#5994=CARTESIAN_POINT('',(0.191475,0.018463,0.0015));
#5995=CARTESIAN_POINT('',(0.191475,0.017963,0.0015));
#5996=CARTESIAN_POINT('',(0.184475,0.017963,0.0015));
#5997=CARTESIAN_POINT('',(0.177475,0.017963,0.0015));
#5998=CARTESIAN_POINT('',(0.177475,0.018463,0.0015));
#5999=CARTESIAN_POINT('',(0.176975,0.018463,0.0015));
#6000=CARTESIAN_POINT('',(0.176975,0.021463,0.0015));
#6001=CARTESIAN_POINT('',(0.176975,0.024463,0.0015));
#6002=CARTESIAN_POINT('',(0.177475,0.024463,0.0015));
#6003=CARTESIAN_POINT('',(0.177475,0.024963,0.0015));
#6004=CARTESIAN_POINT('',(0.184475,0.024963,0.0015));
#6005=CARTESIAN_POINT('',(0.191475,0.024963,0.0015));
#6006=CARTESIAN_POINT('',(0.191475,0.024463,0.0015));
#6007=CARTESIAN_POINT('',(0.191975,-0.002413,0.0015));
#6008=CARTESIAN_POINT('',(0.191975,0.000587,0.0015));
#6009=CARTESIAN_POINT('',(0.191975,-0.005413,0.0015));
#6010=CARTESIAN_POINT('',(0.191475,-0.005413,0.0015));
#6011=CARTESIAN_POINT('',(0.191475,-0.005913,0.0015));
#6012=CARTESIAN_POINT('',(0.184475,-0.005913,0.0015));
#6013=CARTESIAN_POINT('',(0.177475,-0.005913,0.0015));
#6014=CARTESIAN_POINT('',(0.177475,-0.005413,0.0015));
#6015=CARTESIAN_POINT('',(0.176975,-0.005413,0.0015));
#6016=CARTESIAN_POINT('',(0.176975,-0.002413,0.0015));
#6017=CARTESIAN_POINT('',(0.176975,0.000587,0.0015));
#6018=CARTESIAN_POINT('',(0.177475,0.000587,0.0015));
#6019=CARTESIAN_POINT('',(0.177475,0.001087,0.0015));
#6020=CARTESIAN_POINT('',(0.184475,0.001087,0.0015));
#6021=CARTESIAN_POINT('',(0.191475,0.001087,0.0015));
#6022=CARTESIAN_POINT('',(0.191475,0.000587,0.0015));
#6023=CARTESIAN_POINT('',(0.192975,-0.028575,0.0015));
#6024=CARTESIAN_POINT('',(0.192975,-0.022075,0.0015));
#6025=CARTESIAN_POINT('',(0.192975,-0.035075,0.0015));
#6026=CARTESIAN_POINT('',(0.192475,-0.035075,0.0015));
#6027=CARTESIAN_POINT('',(0.192475,-0.035575,0.0015));
#6028=CARTESIAN_POINT('',(0.185975,-0.035575,0.0015));
#6029=CARTESIAN_POINT('',(0.179475,-0.035575,0.0015));
#6030=CARTESIAN_POINT('',(0.179475,-0.035075,0.0015));
#6031=CARTESIAN_POINT('',(0.178975,-0.035075,0.0015));
#6032=CARTESIAN_POINT('',(0.178975,-0.028575,0.0015));
#6033=CARTESIAN_POINT('',(0.178975,-0.022075,0.0015));
#6034=CARTESIAN_POINT('',(0.179475,-0.022075,0.0015));
#6035=CARTESIAN_POINT('',(0.179475,-0.021575,0.0015));
#6036=CARTESIAN_POINT('',(0.185975,-0.021575,0.0015));
#6037=CARTESIAN_POINT('',(0.192475,-0.021575,0.0015));
#6038=CARTESIAN_POINT('',(0.192475,-0.022075,0.0015));
#6039=CARTESIAN_POINT('',(0.121825,0.01905,0.0015));
#6040=CARTESIAN_POINT('',(0.121825,0.02555,0.0015));
#6041=CARTESIAN_POINT('',(0.121825,0.01255,0.0015));
#6042=CARTESIAN_POINT('',(0.122325,0.02555,0.0015));
#6043=CARTESIAN_POINT('',(0.122325,0.02605,0.0015));
#6044=CARTESIAN_POINT('',(0.128825,0.02605,0.0015));
#6045=CARTESIAN_POINT('',(0.135325,0.02605,0.0015));
#6046=CARTESIAN_POINT('',(0.135325,0.02555,0.0015));
#6047=CARTESIAN_POINT('',(0.135825,0.02555,0.0015));
#6048=CARTESIAN_POINT('',(0.135825,0.01905,0.0015));
#6049=CARTESIAN_POINT('',(0.135825,0.01255,0.0015));
#6050=CARTESIAN_POINT('',(0.135325,0.01255,0.0015));
#6051=CARTESIAN_POINT('',(0.135325,0.01205,0.0015));
#6052=CARTESIAN_POINT('',(0.128825,0.01205,0.0015));
#6053=CARTESIAN_POINT('',(0.122325,0.01205,0.0015));
#6054=CARTESIAN_POINT('',(0.122325,0.01255,0.0015));
#6055=CARTESIAN_POINT('',(0.121825,0.,0.0015));
#6056=CARTESIAN_POINT('',(0.121825,0.0065,0.0015));
#6057=CARTESIAN_POINT('',(0.121825,-0.0065,0.0015));
#6058=CARTESIAN_POINT('',(0.122325,0.0065,0.0015));
#6059=CARTESIAN_POINT('',(0.122325,0.007,0.0015));
#6060=CARTESIAN_POINT('',(0.128825,0.007,0.0015));
#6061=CARTESIAN_POINT('',(0.135325,0.007,0.0015));
#6062=CARTESIAN_POINT('',(0.135325,0.0065,0.0015));
#6063=CARTESIAN_POINT('',(0.135825,0.0065,0.0015));
#6064=CARTESIAN_POINT('',(0.135825,0.,0.0015));
#6065=CARTESIAN_POINT('',(0.135825,-0.0065,0.0015));
#6066=CARTESIAN_POINT('',(0.135325,-0.0065,0.0015));
#6067=CARTESIAN_POINT('',(0.135325,-0.007,0.0015));
#6068=CARTESIAN_POINT('',(0.128825,-0.007,0.0015));
#6069=CARTESIAN_POINT('',(0.122325,-0.007,0.0015));
#6070=CARTESIAN_POINT('',(0.122325,-0.0065,0.0015));
#6071=CARTESIAN_POINT('',(0.121825,-0.01905,0.0015));
#6072=CARTESIAN_POINT('',(0.121825,-0.01255,0.0015));
#6073=CARTESIAN_POINT('',(0.121825,-0.02555,0.0015));
#6074=CARTESIAN_POINT('',(0.122325,-0.01255,0.0015));
#6075=CARTESIAN_POINT('',(0.122325,-0.01205,0.0015));
#6076=CARTESIAN_POINT('',(0.128825,-0.01205,0.0015));
#6077=CARTESIAN_POINT('',(0.135325,-0.01205,0.0015));
#6078=CARTESIAN_POINT('',(0.135325,-0.01255,0.0015));
#6079=CARTESIAN_POINT('',(0.135825,-0.01255,0.0015));
#6080=CARTESIAN_POINT('',(0.135825,-0.01905,0.0015));
#6081=CARTESIAN_POINT('',(0.135825,-0.02555,0.0015));
#6082=CARTESIAN_POINT('',(0.135325,-0.02555,0.0015));
#6083=CARTESIAN_POINT('',(0.135325,-0.02605,0.0015));
#6084=CARTESIAN_POINT('',(0.128825,-0.02605,0.0015));
#6085=CARTESIAN_POINT('',(0.122325,-0.02605,0.0015));
#6086=CARTESIAN_POINT('',(0.122325,-0.02555,0.0015));
#6087=CARTESIAN_POINT('',(0.150288,-0.0321,0.0015));
#6088=CARTESIAN_POINT('',(0.147288,-0.0321,0.0015));
#6089=CARTESIAN_POINT('',(0.153288,-0.0321,0.0015));
#6090=CARTESIAN_POINT('',(0.153288,-0.0326,0.0015));
#6091=CARTESIAN_POINT('',(0.153788,-0.0326,0.0015));
#6092=CARTESIAN_POINT('',(0.153788,-0.03885,0.0015));
#6093=CARTESIAN_POINT('',(0.153788,-0.0466,0.0015));
#6094=CARTESIAN_POINT('',(0.153288,-0.0466,0.0015));
#6095=CARTESIAN_POINT('',(0.153288,-0.0471,0.0015));
#6096=CARTESIAN_POINT('',(0.150288,-0.0471,0.0015));
#6097=CARTESIAN_POINT('',(0.147288,-0.0471,0.0015));
#6098=CARTESIAN_POINT('',(0.147288,-0.0466,0.0015));
#6099=CARTESIAN_POINT('',(0.146788,-0.0466,0.0015));
#6100=CARTESIAN_POINT('',(0.146788,-0.03885,0.0015));
#6101=CARTESIAN_POINT('',(0.146788,-0.0326,0.0015));
#6102=CARTESIAN_POINT('',(0.147288,-0.0326,0.0015));
#6103=CARTESIAN_POINT('',(0.166925,-0.0451,0.0015));
#6104=CARTESIAN_POINT('',(0.160425,-0.0451,0.0015));
#6105=CARTESIAN_POINT('',(0.173425,-0.0451,0.0015));
#6106=CARTESIAN_POINT('',(0.160425,-0.0446,0.0015));
#6107=CARTESIAN_POINT('',(0.159925,-0.0446,0.0015));
#6108=CARTESIAN_POINT('',(0.159925,-0.0381,0.0015));
#6109=CARTESIAN_POINT('',(0.159925,-0.0316,0.0015));
#6110=CARTESIAN_POINT('',(0.160425,-0.0316,0.0015));
#6111=CARTESIAN_POINT('',(0.160425,-0.0311,0.0015));
#6112=CARTESIAN_POINT('',(0.166925,-0.0311,0.0015));
#6113=CARTESIAN_POINT('',(0.173425,-0.0311,0.0015));
#6114=CARTESIAN_POINT('',(0.173425,-0.0316,0.0015));
#6115=CARTESIAN_POINT('',(0.173925,-0.0316,0.0015));
#6116=CARTESIAN_POINT('',(0.173925,-0.0381,0.0015));
#6117=CARTESIAN_POINT('',(0.173925,-0.0446,0.0015));
#6118=CARTESIAN_POINT('',(0.173425,-0.0446,0.0015));
#6119=CARTESIAN_POINT('',(0.166925,0.02605,0.0015));
#6120=CARTESIAN_POINT('',(0.160425,0.02605,0.0015));
#6121=CARTESIAN_POINT('',(0.173425,0.02605,0.0015));
#6122=CARTESIAN_POINT('',(0.173425,0.02555,0.0015));
#6123=CARTESIAN_POINT('',(0.173925,0.02555,0.0015));
#6124=CARTESIAN_POINT('',(0.173925,0.01905,0.0015));
#6125=CARTESIAN_POINT('',(0.173925,0.01255,0.0015));
#6126=CARTESIAN_POINT('',(0.173425,0.01255,0.0015));
#6127=CARTESIAN_POINT('',(0.173425,0.01205,0.0015));
#6128=CARTESIAN_POINT('',(0.166925,0.01205,0.0015));
#6129=CARTESIAN_POINT('',(0.160425,0.01205,0.0015));
#6130=CARTESIAN_POINT('',(0.160425,0.01255,0.0015));
#6131=CARTESIAN_POINT('',(0.159925,0.01255,0.0015));
#6132=CARTESIAN_POINT('',(0.159925,0.01905,0.0015));
#6133=CARTESIAN_POINT('',(0.159925,0.02555,0.0015));
#6134=CARTESIAN_POINT('',(0.160425,0.02555,0.0015));
#6135=CARTESIAN_POINT('',(0.166925,-0.01205,0.0015));
#6136=CARTESIAN_POINT('',(0.160425,-0.01205,0.0015));
#6137=CARTESIAN_POINT('',(0.173425,-0.01205,0.0015));
#6138=CARTESIAN_POINT('',(0.173425,-0.01255,0.0015));
#6139=CARTESIAN_POINT('',(0.173925,-0.01255,0.0015));
#6140=CARTESIAN_POINT('',(0.173925,-0.01905,0.0015));
#6141=CARTESIAN_POINT('',(0.173925,-0.02555,0.0015));
#6142=CARTESIAN_POINT('',(0.173425,-0.02555,0.0015));
#6143=CARTESIAN_POINT('',(0.173425,-0.02605,0.0015));
#6144=CARTESIAN_POINT('',(0.166925,-0.02605,0.0015));
#6145=CARTESIAN_POINT('',(0.160425,-0.02605,0.0015));
#6146=CARTESIAN_POINT('',(0.160425,-0.02555,0.0015));
#6147=CARTESIAN_POINT('',(0.159925,-0.02555,0.0015));
#6148=CARTESIAN_POINT('',(0.159925,-0.01905,0.0015));
#6149=CARTESIAN_POINT('',(0.159925,-0.01255,0.0015));
#6150=CARTESIAN_POINT('',(0.160425,-0.01255,0.0015));
#6151=CARTESIAN_POINT('',(0.147875,0.007,0.0015));
#6152=CARTESIAN_POINT('',(0.141375,0.007,0.0015));
#6153=CARTESIAN_POINT('',(0.154375,0.007,0.0015));
#6154=CARTESIAN_POINT('',(0.154375,0.0065,0.0015));
#6155=CARTESIAN_POINT('',(0.154875,0.0065,0.0015));
#6156=CARTESIAN_POINT('',(0.154875,0.,0.0015));
#6157=CARTESIAN_POINT('',(0.154875,-0.0065,0.0015));
#6158=CARTESIAN_POINT('',(0.154375,-0.0065,0.0015));
#6159=CARTESIAN_POINT('',(0.154375,-0.007,0.0015));
#6160=CARTESIAN_POINT('',(0.147875,-0.007,0.0015));
#6161=CARTESIAN_POINT('',(0.141375,-0.007,0.0015));
#6162=CARTESIAN_POINT('',(0.141375,-0.0065,0.0015));
#6163=CARTESIAN_POINT('',(0.140875,-0.0065,0.0015));
#6164=CARTESIAN_POINT('',(0.140875,0.,0.0015));
#6165=CARTESIAN_POINT('',(0.140875,0.0065,0.0015));
#6166=CARTESIAN_POINT('',(0.141375,0.0065,0.0015));
#6167=CARTESIAN_POINT('',(0.135825,0.0381,0.0015));
#6168=CARTESIAN_POINT('',(0.135825,0.0446,0.0015));
#6169=CARTESIAN_POINT('',(0.135825,0.0316,0.0015));
#6170=CARTESIAN_POINT('',(0.135325,0.0316,0.0015));
#6171=CARTESIAN_POINT('',(0.135325,0.0311,0.0015));
#6172=CARTESIAN_POINT('',(0.128825,0.0311,0.0015));
#6173=CARTESIAN_POINT('',(0.122325,0.0311,0.0015));
#6174=CARTESIAN_POINT('',(0.122325,0.0316,0.0015));
#6175=CARTESIAN_POINT('',(0.121825,0.0316,0.0015));
#6176=CARTESIAN_POINT('',(0.121825,0.0381,0.0015));
#6177=CARTESIAN_POINT('',(0.121825,0.0446,0.0015));
#6178=CARTESIAN_POINT('',(0.122325,0.0446,0.0015));
#6179=CARTESIAN_POINT('',(0.122325,0.0451,0.0015));
#6180=CARTESIAN_POINT('',(0.128825,0.0451,0.0015));
#6181=CARTESIAN_POINT('',(0.135325,0.0451,0.0015));
#6182=CARTESIAN_POINT('',(0.135325,0.0446,0.0015));
#6183=CARTESIAN_POINT('',(0.1573867,-0.049997,0.0015));
#6184=CARTESIAN_POINT('',(0.12238571,-0.049997,0.0015));
#6185=CARTESIAN_POINT('',(0.19238769,-0.049997,0.0015));
#6186=CARTESIAN_POINT('',(0.19238769,-0.04451674,0.0015));
#6187=CARTESIAN_POINT('',(0.19786795,-0.04451674,0.0015));
#6188=CARTESIAN_POINT('',(0.19786795,0.008343625,0.0015));
#6189=CARTESIAN_POINT('',(0.19786795,0.06120399,0.0015));
#6190=CARTESIAN_POINT('',(0.19238769,0.06120399,0.0015));
#6191=CARTESIAN_POINT('',(0.19238769,0.06668425,0.0015));
#6192=CARTESIAN_POINT('',(0.1573867,0.06668425,0.0015));
#6193=CARTESIAN_POINT('',(0.12238571,0.06668425,0.0015));
#6194=CARTESIAN_POINT('',(0.12238571,0.06120399,0.0015));
#6195=CARTESIAN_POINT('',(0.11690545,0.06120399,0.0015));
#6196=CARTESIAN_POINT('',(0.11690545,0.008343625,0.0015));
#6197=CARTESIAN_POINT('',(0.11690545,-0.04451674,0.0015));
#6198=CARTESIAN_POINT('',(0.12238571,-0.04451674,0.0015));
#6199=CARTESIAN_POINT('',(0.147875,0.02605,0.0015));
#6200=CARTESIAN_POINT('',(0.141375,0.02605,0.0015));
#6201=CARTESIAN_POINT('',(0.154375,0.02605,0.0015));
#6202=CARTESIAN_POINT('',(0.154375,0.02555,0.0015));
#6203=CARTESIAN_POINT('',(0.154875,0.02555,0.0015));
#6204=CARTESIAN_POINT('',(0.154875,0.01905,0.0015));
#6205=CARTESIAN_POINT('',(0.154875,0.01255,0.0015));
#6206=CARTESIAN_POINT('',(0.154375,0.01255,0.0015));
#6207=CARTESIAN_POINT('',(0.154375,0.01205,0.0015));
#6208=CARTESIAN_POINT('',(0.147875,0.01205,0.0015));
#6209=CARTESIAN_POINT('',(0.141375,0.01205,0.0015));
#6210=CARTESIAN_POINT('',(0.141375,0.01255,0.0015));
#6211=CARTESIAN_POINT('',(0.140875,0.01255,0.0015));
#6212=CARTESIAN_POINT('',(0.140875,0.01905,0.0015));
#6213=CARTESIAN_POINT('',(0.140875,0.02555,0.0015));
#6214=CARTESIAN_POINT('',(0.141375,0.02555,0.0015));
#6215=CARTESIAN_POINT('',(0.147875,-0.01205,0.0015));
#6216=CARTESIAN_POINT('',(0.141375,-0.01205,0.0015));
#6217=CARTESIAN_POINT('',(0.154375,-0.01205,0.0015));
#6218=CARTESIAN_POINT('',(0.154375,-0.01255,0.0015));
#6219=CARTESIAN_POINT('',(0.154875,-0.01255,0.0015));
#6220=CARTESIAN_POINT('',(0.154875,-0.01905,0.0015));
#6221=CARTESIAN_POINT('',(0.154875,-0.02555,0.0015));
#6222=CARTESIAN_POINT('',(0.154375,-0.02555,0.0015));
#6223=CARTESIAN_POINT('',(0.154375,-0.02605,0.0015));
#6224=CARTESIAN_POINT('',(0.147875,-0.02605,0.0015));
#6225=CARTESIAN_POINT('',(0.141375,-0.02605,0.0015));
#6226=CARTESIAN_POINT('',(0.141375,-0.02555,0.0015));
#6227=CARTESIAN_POINT('',(0.140875,-0.02555,0.0015));
#6228=CARTESIAN_POINT('',(0.140875,-0.01905,0.0015));
#6229=CARTESIAN_POINT('',(0.140875,-0.01255,0.0015));
#6230=CARTESIAN_POINT('',(0.141375,-0.01255,0.0015));
#6231=CARTESIAN_POINT('',(0.166925,0.007,0.0015));
#6232=CARTESIAN_POINT('',(0.160425,0.007,0.0015));
#6233=CARTESIAN_POINT('',(0.173425,0.007,0.0015));
#6234=CARTESIAN_POINT('',(0.173425,0.0065,0.0015));
#6235=CARTESIAN_POINT('',(0.173925,0.0065,0.0015));
#6236=CARTESIAN_POINT('',(0.173925,0.,0.0015));
#6237=CARTESIAN_POINT('',(0.173925,-0.0065,0.0015));
#6238=CARTESIAN_POINT('',(0.173425,-0.0065,0.0015));
#6239=CARTESIAN_POINT('',(0.173425,-0.007,0.0015));
#6240=CARTESIAN_POINT('',(0.166925,-0.007,0.0015));
#6241=CARTESIAN_POINT('',(0.160425,-0.007,0.0015));
#6242=CARTESIAN_POINT('',(0.160425,-0.0065,0.0015));
#6243=CARTESIAN_POINT('',(0.159925,-0.0065,0.0015));
#6244=CARTESIAN_POINT('',(0.159925,0.,0.0015));
#6245=CARTESIAN_POINT('',(0.159925,0.0065,0.0015));
#6246=CARTESIAN_POINT('',(0.160425,0.0065,0.0015));
#6247=CARTESIAN_POINT('',(0.191975,-0.040513,0.0015));
#6248=CARTESIAN_POINT('',(0.191975,-0.037513,0.0015));
#6249=CARTESIAN_POINT('',(0.191975,-0.043513,0.0015));
#6250=CARTESIAN_POINT('',(0.191475,-0.043513,0.0015));
#6251=CARTESIAN_POINT('',(0.191475,-0.044013,0.0015));
#6252=CARTESIAN_POINT('',(0.184475,-0.044013,0.0015));
#6253=CARTESIAN_POINT('',(0.177475,-0.044013,0.0015));
#6254=CARTESIAN_POINT('',(0.177475,-0.043513,0.0015));
#6255=CARTESIAN_POINT('',(0.176975,-0.043513,0.0015));
#6256=CARTESIAN_POINT('',(0.176975,-0.040513,0.0015));
#6257=CARTESIAN_POINT('',(0.176975,-0.037513,0.0015));
#6258=CARTESIAN_POINT('',(0.177475,-0.037513,0.0015));
#6259=CARTESIAN_POINT('',(0.177475,-0.037013,0.0015));
#6260=CARTESIAN_POINT('',(0.184475,-0.037013,0.0015));
#6261=CARTESIAN_POINT('',(0.191475,-0.037013,0.0015));
#6262=CARTESIAN_POINT('',(0.191475,-0.037513,0.0015));
#6263=CARTESIAN_POINT('',(0.13835,-0.0451,0.0015));
#6264=CARTESIAN_POINT('',(0.13185,-0.0451,0.0015));
#6265=CARTESIAN_POINT('',(0.14485,-0.0451,0.0015));
#6266=CARTESIAN_POINT('',(0.13185,-0.0446,0.0015));
#6267=CARTESIAN_POINT('',(0.13135,-0.0446,0.0015));
#6268=CARTESIAN_POINT('',(0.13135,-0.0381,0.0015));
#6269=CARTESIAN_POINT('',(0.13135,-0.0316,0.0015));
#6270=CARTESIAN_POINT('',(0.13185,-0.0316,0.0015));
#6271=CARTESIAN_POINT('',(0.13185,-0.0311,0.0015));
#6272=CARTESIAN_POINT('',(0.13835,-0.0311,0.0015));
#6273=CARTESIAN_POINT('',(0.14485,-0.0311,0.0015));
#6274=CARTESIAN_POINT('',(0.14485,-0.0316,0.0015));
#6275=CARTESIAN_POINT('',(0.14535,-0.0316,0.0015));
#6276=CARTESIAN_POINT('',(0.14535,-0.0381,0.0015));
#6277=CARTESIAN_POINT('',(0.14535,-0.0446,0.0015));
#6278=CARTESIAN_POINT('',(0.14485,-0.0446,0.0015));
#6279=CARTESIAN_POINT('',(0.126412,-0.0321,0.0015));
#6280=CARTESIAN_POINT('',(0.123412,-0.0321,0.0015));
#6281=CARTESIAN_POINT('',(0.129412,-0.0321,0.0015));
#6282=CARTESIAN_POINT('',(0.129412,-0.0326,0.0015));
#6283=CARTESIAN_POINT('',(0.129912,-0.0326,0.0015));
#6284=CARTESIAN_POINT('',(0.129912,-0.03885,0.0015));
#6285=CARTESIAN_POINT('',(0.129912,-0.0466,0.0015));
#6286=CARTESIAN_POINT('',(0.129412,-0.0466,0.0015));
#6287=CARTESIAN_POINT('',(0.129412,-0.0471,0.0015));
#6288=CARTESIAN_POINT('',(0.126412,-0.0471,0.0015));
#6289=CARTESIAN_POINT('',(0.123412,-0.0471,0.0015));
#6290=CARTESIAN_POINT('',(0.123412,-0.0466,0.0015));
#6291=CARTESIAN_POINT('',(0.122912,-0.0466,0.0015));
#6292=CARTESIAN_POINT('',(0.122912,-0.03885,0.0015));
#6293=CARTESIAN_POINT('',(0.122912,-0.0326,0.0015));
#6294=CARTESIAN_POINT('',(0.123412,-0.0326,0.0015));
#6295=CARTESIAN_POINT('',(0.191975,-0.016637,0.0015));
#6296=CARTESIAN_POINT('',(0.191975,-0.013637,0.0015));
#6297=CARTESIAN_POINT('',(0.191975,-0.019637,0.0015));
#6298=CARTESIAN_POINT('',(0.191475,-0.019637,0.0015));
#6299=CARTESIAN_POINT('',(0.191475,-0.020137,0.0015));
#6300=CARTESIAN_POINT('',(0.184475,-0.020137,0.0015));
#6301=CARTESIAN_POINT('',(0.177475,-0.020137,0.0015));
#6302=CARTESIAN_POINT('',(0.177475,-0.019637,0.0015));
#6303=CARTESIAN_POINT('',(0.176975,-0.019637,0.0015));
#6304=CARTESIAN_POINT('',(0.176975,-0.016637,0.0015));
#6305=CARTESIAN_POINT('',(0.176975,-0.013637,0.0015));
#6306=CARTESIAN_POINT('',(0.177475,-0.013637,0.0015));
#6307=CARTESIAN_POINT('',(0.177475,-0.013137,0.0015));
#6308=CARTESIAN_POINT('',(0.184475,-0.013137,0.0015));
#6309=CARTESIAN_POINT('',(0.191475,-0.013137,0.0015));
#6310=CARTESIAN_POINT('',(0.191475,-0.013637,0.0015));
#6311=CARTESIAN_POINT('',(0.192975,0.009525,0.0015));
#6312=CARTESIAN_POINT('',(0.192975,0.016025,0.0015));
#6313=CARTESIAN_POINT('',(0.192975,0.003025,0.0015));
#6314=CARTESIAN_POINT('',(0.192475,0.00302500000000005,0.0015));
#6315=CARTESIAN_POINT('',(0.192475,0.002525,0.0015));
#6316=CARTESIAN_POINT('',(0.185975,0.002525,0.0015));
#6317=CARTESIAN_POINT('',(0.179475,0.002525,0.0015));
#6318=CARTESIAN_POINT('',(0.179475,0.003025,0.0015));
#6319=CARTESIAN_POINT('',(0.178975,0.003025,0.0015));
#6320=CARTESIAN_POINT('',(0.178975,0.009525,0.0015));
#6321=CARTESIAN_POINT('',(0.178975,0.016025,0.0015));
#6322=CARTESIAN_POINT('',(0.179475,0.016025,0.0015));
#6323=CARTESIAN_POINT('',(0.179475,0.016525,0.0015));
#6324=CARTESIAN_POINT('',(0.185975,0.016525,0.0015));
#6325=CARTESIAN_POINT('',(0.192475,0.016525,0.0015));
#6326=CARTESIAN_POINT('',(0.192475,0.016025,0.0015));
#6327=CARTESIAN_POINT('',(0.185975,0.0451,0.0015));
#6328=CARTESIAN_POINT('',(0.179475,0.0451,0.0015));
#6329=CARTESIAN_POINT('',(0.192475,0.0451,0.0015));
#6330=CARTESIAN_POINT('',(0.192475,0.0446,0.0015));
#6331=CARTESIAN_POINT('',(0.192975,0.0446,0.0015));
#6332=CARTESIAN_POINT('',(0.192975,0.0381,0.0015));
#6333=CARTESIAN_POINT('',(0.192975,0.0316,0.0015));
#6334=CARTESIAN_POINT('',(0.192475,0.0316,0.0015));
#6335=CARTESIAN_POINT('',(0.192475,0.0311,0.0015));
#6336=CARTESIAN_POINT('',(0.185975,0.0311,0.0015));
#6337=CARTESIAN_POINT('',(0.179475,0.0311,0.0015));
#6338=CARTESIAN_POINT('',(0.179475,0.0316,0.0015));
#6339=CARTESIAN_POINT('',(0.178975,0.0316,0.0015));
#6340=CARTESIAN_POINT('',(0.178975,0.0381,0.0015));
#6341=CARTESIAN_POINT('',(0.178975,0.0446,0.0015));
#6342=CARTESIAN_POINT('',(0.179475,0.0446,0.0015));
#6343=CARTESIAN_POINT('',(0.147875,0.0451,0.0015));
#6344=CARTESIAN_POINT('',(0.141375,0.0451,0.0015));
#6345=CARTESIAN_POINT('',(0.154375,0.0451,0.0015));
#6346=CARTESIAN_POINT('',(0.154375,0.0446,0.0015));
#6347=CARTESIAN_POINT('',(0.154875,0.0446,0.0015));
#6348=CARTESIAN_POINT('',(0.154875,0.0381,0.0015));
#6349=CARTESIAN_POINT('',(0.154875,0.0316,0.0015));
#6350=CARTESIAN_POINT('',(0.154375,0.0316,0.0015));
#6351=CARTESIAN_POINT('',(0.154375,0.0311,0.0015));
#6352=CARTESIAN_POINT('',(0.147875,0.0311,0.0015));
#6353=CARTESIAN_POINT('',(0.141375,0.0311,0.0015));
#6354=CARTESIAN_POINT('',(0.141375,0.0316,0.0015));
#6355=CARTESIAN_POINT('',(0.140875,0.0316,0.0015));
#6356=CARTESIAN_POINT('',(0.140875,0.0381,0.0015));
#6357=CARTESIAN_POINT('',(0.140875,0.0446,0.0015));
#6358=CARTESIAN_POINT('',(0.141375,0.0446,0.0015));
#6359=CARTESIAN_POINT('',(0.17674975,0.058973155,0.0015));
#6360=CARTESIAN_POINT('',(0.17674975,0.06518225,0.0015));
#6361=CARTESIAN_POINT('',(0.17674975,0.05276406,0.0015));
#6362=CARTESIAN_POINT('',(0.18295885,0.06518225,0.0015));
#6363=CARTESIAN_POINT('',(0.18916795,0.06518225,0.0015));
#6364=CARTESIAN_POINT('',(0.18916795,0.058973155,0.0015));
#6365=CARTESIAN_POINT('',(0.18916795,0.05276406,0.0015));
#6366=CARTESIAN_POINT('',(0.18295885,0.05276406,0.0015));
#6367=CARTESIAN_POINT('',(0.130586553116495,0.0603386655877284,0.0015));
#6368=CARTESIAN_POINT('',(0.130586553116495,0.06468425,0.0015));
#6369=CARTESIAN_POINT('',(0.126240968704224,0.0603386655877284,0.0015));
#6370=CARTESIAN_POINT('',(0.148571498692036,0.06468425,0.0015));
#6371=CARTESIAN_POINT('',(0.166556444267576,0.06468425,0.0015));
#6372=CARTESIAN_POINT('',(0.166556444267576,0.0603386655877284,0.0015));
#6373=CARTESIAN_POINT('',(0.170902028679848,0.0603386655877284,0.0015));
#6374=CARTESIAN_POINT('',(0.170902028679847,0.056392125,0.0015));
#6375=CARTESIAN_POINT('',(0.170902028679847,0.0524455844122716,0.0015));
#6376=CARTESIAN_POINT('',(0.166556444267576,0.0524455844122716,0.0015));
#6377=CARTESIAN_POINT('',(0.166556444267576,0.0481,0.0015));
#6378=CARTESIAN_POINT('',(0.148571498692036,0.0481,0.0015));
#6379=CARTESIAN_POINT('',(0.130586553116495,0.0481,0.0015));
#6380=CARTESIAN_POINT('',(0.130586553116495,0.0524455844122716,0.0015));
#6381=CARTESIAN_POINT('',(0.126240968704224,0.0524455844122716,0.0015));
#6382=CARTESIAN_POINT('',(0.126240968704224,0.056392125,0.0015));
#6383=CARTESIAN_POINT('',(-0.000341425000000062,0.008343625,0.));
#6384=CARTESIAN_POINT('',(0.18295885,0.06518225,0.));
#6385=CARTESIAN_POINT('',(0.17674975,0.06518225,0.));
#6386=CARTESIAN_POINT('',(0.18916795,0.06518225,0.));
#6387=CARTESIAN_POINT('',(0.17674975,0.058973155,0.));
#6388=CARTESIAN_POINT('',(0.17674975,0.05276406,0.));
#6389=CARTESIAN_POINT('',(0.18295885,0.05276406,0.));
#6390=CARTESIAN_POINT('',(0.18916795,0.05276406,0.));
#6391=CARTESIAN_POINT('',(0.18916795,0.058973155,0.));
#6392=CARTESIAN_POINT('',(0.12166795,0.06192175,0.));
#6393=CARTESIAN_POINT('',(0.12271795,0.06192175,0.));
#6394=CARTESIAN_POINT('',(0.12166795,-0.0452345,0.));
#6395=CARTESIAN_POINT('',(0.12271795,-0.0452345,0.));
#6396=CARTESIAN_POINT('',(0.19310545,-0.0452345,0.));
#6397=CARTESIAN_POINT('',(0.19415545,-0.0452345,0.));
#6398=CARTESIAN_POINT('',(0.19310545,0.06192175,0.));
#6399=CARTESIAN_POINT('',(0.19415545,0.06192175,0.));
#6400=CARTESIAN_POINT('',(0.122325,0.02555,0.));
#6401=CARTESIAN_POINT('',(0.122325,0.02605,0.));
#6402=CARTESIAN_POINT('',(0.121825,0.02555,0.));
#6403=CARTESIAN_POINT('',(0.121825,0.01905,0.));
#6404=CARTESIAN_POINT('',(0.121825,0.01255,0.));
#6405=CARTESIAN_POINT('',(0.122325,0.01255,0.));
#6406=CARTESIAN_POINT('',(0.122325,0.01205,0.));
#6407=CARTESIAN_POINT('',(0.128825,0.01205,0.));
#6408=CARTESIAN_POINT('',(0.135325,0.01205,0.));
#6409=CARTESIAN_POINT('',(0.135325,0.01255,0.));
#6410=CARTESIAN_POINT('',(0.135825,0.01255,0.));
#6411=CARTESIAN_POINT('',(0.135825,0.01905,0.));
#6412=CARTESIAN_POINT('',(0.135825,0.02555,0.));
#6413=CARTESIAN_POINT('',(0.135325,0.02555,0.));
#6414=CARTESIAN_POINT('',(0.135325,0.02605,0.));
#6415=CARTESIAN_POINT('',(0.128825,0.02605,0.));
#6416=CARTESIAN_POINT('',(0.122325,0.0065,0.));
#6417=CARTESIAN_POINT('',(0.122325,0.007,0.));
#6418=CARTESIAN_POINT('',(0.121825,0.0065,0.));
#6419=CARTESIAN_POINT('',(0.121825,0.,0.));
#6420=CARTESIAN_POINT('',(0.121825,-0.0065,0.));
#6421=CARTESIAN_POINT('',(0.122325,-0.0065,0.));
#6422=CARTESIAN_POINT('',(0.122325,-0.007,0.));
#6423=CARTESIAN_POINT('',(0.128825,-0.007,0.));
#6424=CARTESIAN_POINT('',(0.135325,-0.007,0.));
#6425=CARTESIAN_POINT('',(0.135325,-0.0065,0.));
#6426=CARTESIAN_POINT('',(0.135825,-0.0065,0.));
#6427=CARTESIAN_POINT('',(0.135825,0.,0.));
#6428=CARTESIAN_POINT('',(0.135825,0.0065,0.));
#6429=CARTESIAN_POINT('',(0.135325,0.0065,0.));
#6430=CARTESIAN_POINT('',(0.135325,0.007,0.));
#6431=CARTESIAN_POINT('',(0.128825,0.007,0.));
#6432=CARTESIAN_POINT('',(0.122325,-0.01255,0.));
#6433=CARTESIAN_POINT('',(0.122325,-0.01205,0.));
#6434=CARTESIAN_POINT('',(0.121825,-0.01255,0.));
#6435=CARTESIAN_POINT('',(0.121825,-0.01905,0.));
#6436=CARTESIAN_POINT('',(0.121825,-0.02555,0.));
#6437=CARTESIAN_POINT('',(0.122325,-0.02555,0.));
#6438=CARTESIAN_POINT('',(0.122325,-0.02605,0.));
#6439=CARTESIAN_POINT('',(0.128825,-0.02605,0.));
#6440=CARTESIAN_POINT('',(0.135325,-0.02605,0.));
#6441=CARTESIAN_POINT('',(0.135325,-0.02555,0.));
#6442=CARTESIAN_POINT('',(0.135825,-0.02555,0.));
#6443=CARTESIAN_POINT('',(0.135825,-0.01905,0.));
#6444=CARTESIAN_POINT('',(0.135825,-0.01255,0.));
#6445=CARTESIAN_POINT('',(0.135325,-0.01255,0.));
#6446=CARTESIAN_POINT('',(0.135325,-0.01205,0.));
#6447=CARTESIAN_POINT('',(0.128825,-0.01205,0.));
#6448=CARTESIAN_POINT('',(0.13185,-0.0446,0.));
#6449=CARTESIAN_POINT('',(0.13135,-0.0446,0.));
#6450=CARTESIAN_POINT('',(0.13185,-0.0451,0.));
#6451=CARTESIAN_POINT('',(0.13835,-0.0451,0.));
#6452=CARTESIAN_POINT('',(0.14485,-0.0451,0.));
#6453=CARTESIAN_POINT('',(0.14485,-0.0446,0.));
#6454=CARTESIAN_POINT('',(0.14535,-0.0446,0.));
#6455=CARTESIAN_POINT('',(0.14535,-0.0381,0.));
#6456=CARTESIAN_POINT('',(0.14535,-0.0316,0.));
#6457=CARTESIAN_POINT('',(0.14485,-0.0316,0.));
#6458=CARTESIAN_POINT('',(0.14485,-0.0311,0.));
#6459=CARTESIAN_POINT('',(0.13835,-0.0311,0.));
#6460=CARTESIAN_POINT('',(0.13185,-0.0311,0.));
#6461=CARTESIAN_POINT('',(0.13185,-0.0316,0.));
#6462=CARTESIAN_POINT('',(0.13135,-0.0316,0.));
#6463=CARTESIAN_POINT('',(0.13135,-0.0381,0.));
#6464=CARTESIAN_POINT('',(0.160425,-0.0446,0.));
#6465=CARTESIAN_POINT('',(0.159925,-0.0446,0.));
#6466=CARTESIAN_POINT('',(0.160425,-0.0451,0.));
#6467=CARTESIAN_POINT('',(0.166925,-0.0451,0.));
#6468=CARTESIAN_POINT('',(0.173425,-0.0451,0.));
#6469=CARTESIAN_POINT('',(0.173425,-0.0446,0.));
#6470=CARTESIAN_POINT('',(0.173925,-0.0446,0.));
#6471=CARTESIAN_POINT('',(0.173925,-0.0381,0.));
#6472=CARTESIAN_POINT('',(0.173925,-0.0316,0.));
#6473=CARTESIAN_POINT('',(0.173425,-0.0316,0.));
#6474=CARTESIAN_POINT('',(0.173425,-0.0311,0.));
#6475=CARTESIAN_POINT('',(0.166925,-0.0311,0.));
#6476=CARTESIAN_POINT('',(0.160425,-0.0311,0.));
#6477=CARTESIAN_POINT('',(0.160425,-0.0316,0.));
#6478=CARTESIAN_POINT('',(0.159925,-0.0316,0.));
#6479=CARTESIAN_POINT('',(0.159925,-0.0381,0.));
#6480=CARTESIAN_POINT('',(0.1573867,-0.049997,0.));
#6481=CARTESIAN_POINT('',(0.12238571,-0.049997,0.));
#6482=CARTESIAN_POINT('',(0.19238769,-0.049997,0.));
#6483=CARTESIAN_POINT('',(0.12238571,-0.04451674,0.));
#6484=CARTESIAN_POINT('',(0.11690545,-0.04451674,0.));
#6485=CARTESIAN_POINT('',(0.11690545,0.008343625,0.));
#6486=CARTESIAN_POINT('',(0.11690545,0.06120399,0.));
#6487=CARTESIAN_POINT('',(0.12238571,0.06120399,0.));
#6488=CARTESIAN_POINT('',(0.12238571,0.06668425,0.));
#6489=CARTESIAN_POINT('',(0.1573867,0.06668425,0.));
#6490=CARTESIAN_POINT('',(0.19238769,0.06668425,0.));
#6491=CARTESIAN_POINT('',(0.19238769,0.06120399,0.));
#6492=CARTESIAN_POINT('',(0.19786795,0.06120399,0.));
#6493=CARTESIAN_POINT('',(0.19786795,0.008343625,0.));
#6494=CARTESIAN_POINT('',(0.19786795,-0.04451674,0.));
#6495=CARTESIAN_POINT('',(0.19238769,-0.04451674,0.));
#6496=CARTESIAN_POINT('',(0.135325,0.0316,0.));
#6497=CARTESIAN_POINT('',(0.135325,0.0311,0.));
#6498=CARTESIAN_POINT('',(0.135825,0.0316,0.));
#6499=CARTESIAN_POINT('',(0.135825,0.0381,0.));
#6500=CARTESIAN_POINT('',(0.135825,0.0446,0.));
#6501=CARTESIAN_POINT('',(0.135325,0.0446,0.));
#6502=CARTESIAN_POINT('',(0.135325,0.0451,0.));
#6503=CARTESIAN_POINT('',(0.128825,0.0451,0.));
#6504=CARTESIAN_POINT('',(0.122325,0.0451,0.));
#6505=CARTESIAN_POINT('',(0.122325,0.0446,0.));
#6506=CARTESIAN_POINT('',(0.121825,0.0446,0.));
#6507=CARTESIAN_POINT('',(0.121825,0.0381,0.));
#6508=CARTESIAN_POINT('',(0.121825,0.0316,0.));
#6509=CARTESIAN_POINT('',(0.122325,0.0316,0.));
#6510=CARTESIAN_POINT('',(0.122325,0.0311,0.));
#6511=CARTESIAN_POINT('',(0.128825,0.0311,0.));
#6512=CARTESIAN_POINT('',(0.154375,0.02555,0.));
#6513=CARTESIAN_POINT('',(0.154875,0.02555,0.));
#6514=CARTESIAN_POINT('',(0.154375,0.02605,0.));
#6515=CARTESIAN_POINT('',(0.147875,0.02605,0.));
#6516=CARTESIAN_POINT('',(0.141375,0.02605,0.));
#6517=CARTESIAN_POINT('',(0.141375,0.02555,0.));
#6518=CARTESIAN_POINT('',(0.140875,0.02555,0.));
#6519=CARTESIAN_POINT('',(0.140875,0.01905,0.));
#6520=CARTESIAN_POINT('',(0.140875,0.01255,0.));
#6521=CARTESIAN_POINT('',(0.141375,0.01255,0.));
#6522=CARTESIAN_POINT('',(0.141375,0.01205,0.));
#6523=CARTESIAN_POINT('',(0.147875,0.01205,0.));
#6524=CARTESIAN_POINT('',(0.154375,0.01205,0.));
#6525=CARTESIAN_POINT('',(0.154375,0.01255,0.));
#6526=CARTESIAN_POINT('',(0.154875,0.01255,0.));
#6527=CARTESIAN_POINT('',(0.154875,0.01905,0.));
#6528=CARTESIAN_POINT('',(0.154375,0.0065,0.));
#6529=CARTESIAN_POINT('',(0.154875,0.0065,0.));
#6530=CARTESIAN_POINT('',(0.154375,0.007,0.));
#6531=CARTESIAN_POINT('',(0.147875,0.007,0.));
#6532=CARTESIAN_POINT('',(0.141375,0.007,0.));
#6533=CARTESIAN_POINT('',(0.141375,0.0065,0.));
#6534=CARTESIAN_POINT('',(0.140875,0.0065,0.));
#6535=CARTESIAN_POINT('',(0.140875,0.,0.));
#6536=CARTESIAN_POINT('',(0.140875,-0.0065,0.));
#6537=CARTESIAN_POINT('',(0.141375,-0.0065,0.));
#6538=CARTESIAN_POINT('',(0.141375,-0.007,0.));
#6539=CARTESIAN_POINT('',(0.147875,-0.007,0.));
#6540=CARTESIAN_POINT('',(0.154375,-0.007,0.));
#6541=CARTESIAN_POINT('',(0.154375,-0.0065,0.));
#6542=CARTESIAN_POINT('',(0.154875,-0.0065,0.));
#6543=CARTESIAN_POINT('',(0.154875,0.,0.));
#6544=CARTESIAN_POINT('',(0.154375,-0.01255,0.));
#6545=CARTESIAN_POINT('',(0.154875,-0.01255,0.));
#6546=CARTESIAN_POINT('',(0.154375,-0.01205,0.));
#6547=CARTESIAN_POINT('',(0.147875,-0.01205,0.));
#6548=CARTESIAN_POINT('',(0.141375,-0.01205,0.));
#6549=CARTESIAN_POINT('',(0.141375,-0.01255,0.));
#6550=CARTESIAN_POINT('',(0.140875,-0.01255,0.));
#6551=CARTESIAN_POINT('',(0.140875,-0.01905,0.));
#6552=CARTESIAN_POINT('',(0.140875,-0.02555,0.));
#6553=CARTESIAN_POINT('',(0.141375,-0.02555,0.));
#6554=CARTESIAN_POINT('',(0.141375,-0.02605,0.));
#6555=CARTESIAN_POINT('',(0.147875,-0.02605,0.));
#6556=CARTESIAN_POINT('',(0.154375,-0.02605,0.));
#6557=CARTESIAN_POINT('',(0.154375,-0.02555,0.));
#6558=CARTESIAN_POINT('',(0.154875,-0.02555,0.));
#6559=CARTESIAN_POINT('',(0.154875,-0.01905,0.));
#6560=CARTESIAN_POINT('',(0.173425,-0.01255,0.));
#6561=CARTESIAN_POINT('',(0.173925,-0.01255,0.));
#6562=CARTESIAN_POINT('',(0.173425,-0.01205,0.));
#6563=CARTESIAN_POINT('',(0.166925,-0.01205,0.));
#6564=CARTESIAN_POINT('',(0.160425,-0.01205,0.));
#6565=CARTESIAN_POINT('',(0.160425,-0.01255,0.));
#6566=CARTESIAN_POINT('',(0.159925,-0.01255,0.));
#6567=CARTESIAN_POINT('',(0.159925,-0.01905,0.));
#6568=CARTESIAN_POINT('',(0.159925,-0.02555,0.));
#6569=CARTESIAN_POINT('',(0.160425,-0.02555,0.));
#6570=CARTESIAN_POINT('',(0.160425,-0.02605,0.));
#6571=CARTESIAN_POINT('',(0.166925,-0.02605,0.));
#6572=CARTESIAN_POINT('',(0.173425,-0.02605,0.));
#6573=CARTESIAN_POINT('',(0.173425,-0.02555,0.));
#6574=CARTESIAN_POINT('',(0.173925,-0.02555,0.));
#6575=CARTESIAN_POINT('',(0.173925,-0.01905,0.));
#6576=CARTESIAN_POINT('',(0.173425,0.0065,0.));
#6577=CARTESIAN_POINT('',(0.173925,0.0065,0.));
#6578=CARTESIAN_POINT('',(0.173425,0.007,0.));
#6579=CARTESIAN_POINT('',(0.166925,0.007,0.));
#6580=CARTESIAN_POINT('',(0.160425,0.007,0.));
#6581=CARTESIAN_POINT('',(0.160425,0.0065,0.));
#6582=CARTESIAN_POINT('',(0.159925,0.0065,0.));
#6583=CARTESIAN_POINT('',(0.159925,0.,0.));
#6584=CARTESIAN_POINT('',(0.159925,-0.0065,0.));
#6585=CARTESIAN_POINT('',(0.160425,-0.0065,0.));
#6586=CARTESIAN_POINT('',(0.160425,-0.007,0.));
#6587=CARTESIAN_POINT('',(0.166925,-0.007,0.));
#6588=CARTESIAN_POINT('',(0.173425,-0.007,0.));
#6589=CARTESIAN_POINT('',(0.173425,-0.0065,0.));
#6590=CARTESIAN_POINT('',(0.173925,-0.0065,0.));
#6591=CARTESIAN_POINT('',(0.173925,0.,0.));
#6592=CARTESIAN_POINT('',(0.173425,0.02555,0.));
#6593=CARTESIAN_POINT('',(0.173925,0.02555,0.));
#6594=CARTESIAN_POINT('',(0.173425,0.02605,0.));
#6595=CARTESIAN_POINT('',(0.166925,0.02605,0.));
#6596=CARTESIAN_POINT('',(0.160425,0.02605,0.));
#6597=CARTESIAN_POINT('',(0.160425,0.02555,0.));
#6598=CARTESIAN_POINT('',(0.159925,0.02555,0.));
#6599=CARTESIAN_POINT('',(0.159925,0.01905,0.));
#6600=CARTESIAN_POINT('',(0.159925,0.01255,0.));
#6601=CARTESIAN_POINT('',(0.160425,0.01255,0.));
#6602=CARTESIAN_POINT('',(0.160425,0.01205,0.));
#6603=CARTESIAN_POINT('',(0.166925,0.01205,0.));
#6604=CARTESIAN_POINT('',(0.173425,0.01205,0.));
#6605=CARTESIAN_POINT('',(0.173425,0.01255,0.));
#6606=CARTESIAN_POINT('',(0.173925,0.01255,0.));
#6607=CARTESIAN_POINT('',(0.173925,0.01905,0.));
#6608=CARTESIAN_POINT('',(0.191475,-0.043513,0.));
#6609=CARTESIAN_POINT('',(0.191475,-0.044013,0.));
#6610=CARTESIAN_POINT('',(0.191975,-0.043513,0.));
#6611=CARTESIAN_POINT('',(0.191975,-0.040513,0.));
#6612=CARTESIAN_POINT('',(0.191975,-0.037513,0.));
#6613=CARTESIAN_POINT('',(0.191475,-0.037513,0.));
#6614=CARTESIAN_POINT('',(0.191475,-0.037013,0.));
#6615=CARTESIAN_POINT('',(0.184475,-0.037013,0.));
#6616=CARTESIAN_POINT('',(0.177475,-0.037013,0.));
#6617=CARTESIAN_POINT('',(0.177475,-0.037513,0.));
#6618=CARTESIAN_POINT('',(0.176975,-0.037513,0.));
#6619=CARTESIAN_POINT('',(0.176975,-0.040513,0.));
#6620=CARTESIAN_POINT('',(0.176975,-0.043513,0.));
#6621=CARTESIAN_POINT('',(0.177475,-0.043513,0.));
#6622=CARTESIAN_POINT('',(0.177475,-0.044013,0.));
#6623=CARTESIAN_POINT('',(0.184475,-0.044013,0.));
#6624=CARTESIAN_POINT('',(0.153288,-0.0326,0.));
#6625=CARTESIAN_POINT('',(0.153788,-0.0326,0.));
#6626=CARTESIAN_POINT('',(0.153288,-0.0321,0.));
#6627=CARTESIAN_POINT('',(0.150288,-0.0321,0.));
#6628=CARTESIAN_POINT('',(0.147288,-0.0321,0.));
#6629=CARTESIAN_POINT('',(0.147288,-0.0326,0.));
#6630=CARTESIAN_POINT('',(0.146788,-0.0326,0.));
#6631=CARTESIAN_POINT('',(0.146788,-0.03885,0.));
#6632=CARTESIAN_POINT('',(0.146788,-0.0466,0.));
#6633=CARTESIAN_POINT('',(0.147288,-0.0466,0.));
#6634=CARTESIAN_POINT('',(0.147288,-0.0471,0.));
#6635=CARTESIAN_POINT('',(0.150288,-0.0471,0.));
#6636=CARTESIAN_POINT('',(0.153288,-0.0471,0.));
#6637=CARTESIAN_POINT('',(0.153288,-0.0466,0.));
#6638=CARTESIAN_POINT('',(0.153788,-0.0466,0.));
#6639=CARTESIAN_POINT('',(0.153788,-0.03885,0.));
#6640=CARTESIAN_POINT('',(0.129412,-0.0326,0.));
#6641=CARTESIAN_POINT('',(0.129912,-0.0326,0.));
#6642=CARTESIAN_POINT('',(0.129412,-0.0321,0.));
#6643=CARTESIAN_POINT('',(0.126412,-0.0321,0.));
#6644=CARTESIAN_POINT('',(0.123412,-0.0321,0.));
#6645=CARTESIAN_POINT('',(0.123412,-0.0326,0.));
#6646=CARTESIAN_POINT('',(0.122912,-0.0326,0.));
#6647=CARTESIAN_POINT('',(0.122912,-0.03885,0.));
#6648=CARTESIAN_POINT('',(0.122912,-0.0466,0.));
#6649=CARTESIAN_POINT('',(0.123412,-0.0466,0.));
#6650=CARTESIAN_POINT('',(0.123412,-0.0471,0.));
#6651=CARTESIAN_POINT('',(0.126412,-0.0471,0.));
#6652=CARTESIAN_POINT('',(0.129412,-0.0471,0.));
#6653=CARTESIAN_POINT('',(0.129412,-0.0466,0.));
#6654=CARTESIAN_POINT('',(0.129912,-0.0466,0.));
#6655=CARTESIAN_POINT('',(0.129912,-0.03885,0.));
#6656=CARTESIAN_POINT('',(0.192475,-0.035075,0.));
#6657=CARTESIAN_POINT('',(0.192475,-0.035575,0.));
#6658=CARTESIAN_POINT('',(0.192975,-0.035075,0.));
#6659=CARTESIAN_POINT('',(0.192975,-0.028575,0.));
#6660=CARTESIAN_POINT('',(0.192975,-0.022075,0.));
#6661=CARTESIAN_POINT('',(0.192475,-0.022075,0.));
#6662=CARTESIAN_POINT('',(0.192475,-0.021575,0.));
#6663=CARTESIAN_POINT('',(0.185975,-0.021575,0.));
#6664=CARTESIAN_POINT('',(0.179475,-0.021575,0.));
#6665=CARTESIAN_POINT('',(0.179475,-0.022075,0.));
#6666=CARTESIAN_POINT('',(0.178975,-0.022075,0.));
#6667=CARTESIAN_POINT('',(0.178975,-0.028575,0.));
#6668=CARTESIAN_POINT('',(0.178975,-0.035075,0.));
#6669=CARTESIAN_POINT('',(0.179475,-0.035075,0.));
#6670=CARTESIAN_POINT('',(0.179475,-0.035575,0.));
#6671=CARTESIAN_POINT('',(0.185975,-0.035575,0.));
#6672=CARTESIAN_POINT('',(0.191475,-0.019637,0.));
#6673=CARTESIAN_POINT('',(0.191475,-0.020137,0.));
#6674=CARTESIAN_POINT('',(0.191975,-0.019637,0.));
#6675=CARTESIAN_POINT('',(0.191975,-0.016637,0.));
#6676=CARTESIAN_POINT('',(0.191975,-0.013637,0.));
#6677=CARTESIAN_POINT('',(0.191475,-0.013637,0.));
#6678=CARTESIAN_POINT('',(0.191475,-0.013137,0.));
#6679=CARTESIAN_POINT('',(0.184475,-0.013137,0.));
#6680=CARTESIAN_POINT('',(0.177475,-0.013137,0.));
#6681=CARTESIAN_POINT('',(0.177475,-0.013637,0.));
#6682=CARTESIAN_POINT('',(0.176975,-0.013637,0.));
#6683=CARTESIAN_POINT('',(0.176975,-0.016637,0.));
#6684=CARTESIAN_POINT('',(0.176975,-0.019637,0.));
#6685=CARTESIAN_POINT('',(0.177475,-0.019637,0.));
#6686=CARTESIAN_POINT('',(0.177475,-0.020137,0.));
#6687=CARTESIAN_POINT('',(0.184475,-0.020137,0.));
#6688=CARTESIAN_POINT('',(0.191475,-0.005413,0.));
#6689=CARTESIAN_POINT('',(0.191475,-0.005913,0.));
#6690=CARTESIAN_POINT('',(0.191975,-0.005413,0.));
#6691=CARTESIAN_POINT('',(0.191975,-0.002413,0.));
#6692=CARTESIAN_POINT('',(0.191975,0.000587,0.));
#6693=CARTESIAN_POINT('',(0.191475,0.000587,0.));
#6694=CARTESIAN_POINT('',(0.191475,0.001087,0.));
#6695=CARTESIAN_POINT('',(0.184475,0.001087,0.));
#6696=CARTESIAN_POINT('',(0.177475,0.001087,0.));
#6697=CARTESIAN_POINT('',(0.177475,0.000587,0.));
#6698=CARTESIAN_POINT('',(0.176975,0.000587,0.));
#6699=CARTESIAN_POINT('',(0.176975,-0.002413,0.));
#6700=CARTESIAN_POINT('',(0.176975,-0.005413,0.));
#6701=CARTESIAN_POINT('',(0.177475,-0.005413,0.));
#6702=CARTESIAN_POINT('',(0.177475,-0.005913,0.));
#6703=CARTESIAN_POINT('',(0.184475,-0.005913,0.));
#6704=CARTESIAN_POINT('',(0.192475,0.00302500000000005,0.));
#6705=CARTESIAN_POINT('',(0.192475,0.002525,0.));
#6706=CARTESIAN_POINT('',(0.192975,0.00302500000000005,0.));
#6707=CARTESIAN_POINT('',(0.192975,0.009525,0.));
#6708=CARTESIAN_POINT('',(0.192975,0.016025,0.));
#6709=CARTESIAN_POINT('',(0.192475,0.016025,0.));
#6710=CARTESIAN_POINT('',(0.192475,0.016525,0.));
#6711=CARTESIAN_POINT('',(0.185975,0.016525,0.));
#6712=CARTESIAN_POINT('',(0.179475,0.016525,0.));
#6713=CARTESIAN_POINT('',(0.179475,0.016025,0.));
#6714=CARTESIAN_POINT('',(0.178975,0.016025,0.));
#6715=CARTESIAN_POINT('',(0.178975,0.009525,0.));
#6716=CARTESIAN_POINT('',(0.178975,0.003025,0.));
#6717=CARTESIAN_POINT('',(0.179475,0.003025,0.));
#6718=CARTESIAN_POINT('',(0.179475,0.002525,0.));
#6719=CARTESIAN_POINT('',(0.185975,0.002525,0.));
#6720=CARTESIAN_POINT('',(0.191475,0.018463,0.));
#6721=CARTESIAN_POINT('',(0.191475,0.017963,0.));
#6722=CARTESIAN_POINT('',(0.191975,0.018463,0.));
#6723=CARTESIAN_POINT('',(0.191975,0.021463,0.));
#6724=CARTESIAN_POINT('',(0.191975,0.024463,0.));
#6725=CARTESIAN_POINT('',(0.191475,0.024463,0.));
#6726=CARTESIAN_POINT('',(0.191475,0.024963,0.));
#6727=CARTESIAN_POINT('',(0.184475,0.024963,0.));
#6728=CARTESIAN_POINT('',(0.177475,0.024963,0.));
#6729=CARTESIAN_POINT('',(0.177475,0.024463,0.));
#6730=CARTESIAN_POINT('',(0.176975,0.024463,0.));
#6731=CARTESIAN_POINT('',(0.176975,0.021463,0.));
#6732=CARTESIAN_POINT('',(0.176975,0.018463,0.));
#6733=CARTESIAN_POINT('',(0.177475,0.018463,0.));
#6734=CARTESIAN_POINT('',(0.177475,0.017963,0.));
#6735=CARTESIAN_POINT('',(0.184475,0.017963,0.));
#6736=CARTESIAN_POINT('',(0.192475,0.0446,0.));
#6737=CARTESIAN_POINT('',(0.192975,0.0446,0.));
#6738=CARTESIAN_POINT('',(0.192475,0.0451,0.));
#6739=CARTESIAN_POINT('',(0.185975,0.0451,0.));
#6740=CARTESIAN_POINT('',(0.179475,0.0451,0.));
#6741=CARTESIAN_POINT('',(0.179475,0.0446,0.));
#6742=CARTESIAN_POINT('',(0.178975,0.0446,0.));
#6743=CARTESIAN_POINT('',(0.178975,0.0381,0.));
#6744=CARTESIAN_POINT('',(0.178975,0.0316,0.));
#6745=CARTESIAN_POINT('',(0.179475,0.0316,0.));
#6746=CARTESIAN_POINT('',(0.179475,0.0311,0.));
#6747=CARTESIAN_POINT('',(0.185975,0.0311,0.));
#6748=CARTESIAN_POINT('',(0.192475,0.0311,0.));
#6749=CARTESIAN_POINT('',(0.192475,0.0316,0.));
#6750=CARTESIAN_POINT('',(0.192975,0.0316,0.));
#6751=CARTESIAN_POINT('',(0.192975,0.0381,0.));
#6752=CARTESIAN_POINT('',(0.173425,0.0446,0.));
#6753=CARTESIAN_POINT('',(0.173925,0.0446,0.));
#6754=CARTESIAN_POINT('',(0.173425,0.0451,0.));
#6755=CARTESIAN_POINT('',(0.166925,0.0451,0.));
#6756=CARTESIAN_POINT('',(0.160425,0.0451,0.));
#6757=CARTESIAN_POINT('',(0.160425,0.0446,0.));
#6758=CARTESIAN_POINT('',(0.159925,0.0446,0.));
#6759=CARTESIAN_POINT('',(0.159925,0.0381,0.));
#6760=CARTESIAN_POINT('',(0.159925,0.0316,0.));
#6761=CARTESIAN_POINT('',(0.160425,0.0316,0.));
#6762=CARTESIAN_POINT('',(0.160425,0.0311,0.));
#6763=CARTESIAN_POINT('',(0.166925,0.0311,0.));
#6764=CARTESIAN_POINT('',(0.173425,0.0311,0.));
#6765=CARTESIAN_POINT('',(0.173425,0.0316,0.));
#6766=CARTESIAN_POINT('',(0.173925,0.0316,0.));
#6767=CARTESIAN_POINT('',(0.173925,0.0381,0.));
#6768=CARTESIAN_POINT('',(0.154375,0.0446,0.));
#6769=CARTESIAN_POINT('',(0.154875,0.0446,0.));
#6770=CARTESIAN_POINT('',(0.154375,0.0451,0.));
#6771=CARTESIAN_POINT('',(0.147875,0.0451,0.));
#6772=CARTESIAN_POINT('',(0.141375,0.0451,0.));
#6773=CARTESIAN_POINT('',(0.141375,0.0446,0.));
#6774=CARTESIAN_POINT('',(0.140875,0.0446,0.));
#6775=CARTESIAN_POINT('',(0.140875,0.0381,0.));
#6776=CARTESIAN_POINT('',(0.140875,0.0316,0.));
#6777=CARTESIAN_POINT('',(0.141375,0.0316,0.));
#6778=CARTESIAN_POINT('',(0.141375,0.0311,0.));
#6779=CARTESIAN_POINT('',(0.147875,0.0311,0.));
#6780=CARTESIAN_POINT('',(0.154375,0.0311,0.));
#6781=CARTESIAN_POINT('',(0.154375,0.0316,0.));
#6782=CARTESIAN_POINT('',(0.154875,0.0316,0.));
#6783=CARTESIAN_POINT('',(0.154875,0.0381,0.));
#6784=CARTESIAN_POINT('',(0.148571498692036,0.06468425,0.));
#6785=CARTESIAN_POINT('',(0.130586553116495,0.06468425,0.));
#6786=CARTESIAN_POINT('',(0.166556444267576,0.06468425,0.));
#6787=CARTESIAN_POINT('',(0.130586553116495,0.0603386655877284,0.));
#6788=CARTESIAN_POINT('',(0.126240968704224,0.0603386655877284,0.));
#6789=CARTESIAN_POINT('',(0.126240968704224,0.056392125,0.));
#6790=CARTESIAN_POINT('',(0.126240968704224,0.0524455844122716,0.));
#6791=CARTESIAN_POINT('',(0.130586553116495,0.0524455844122716,0.));
#6792=CARTESIAN_POINT('',(0.130586553116495,0.0481,0.));
#6793=CARTESIAN_POINT('',(0.148571498692036,0.0481,0.));
#6794=CARTESIAN_POINT('',(0.166556444267576,0.0481,0.));
#6795=CARTESIAN_POINT('',(0.166556444267576,0.0524455844122716,0.));
#6796=CARTESIAN_POINT('',(0.170902028679847,0.0524455844122716,0.));
#6797=CARTESIAN_POINT('',(0.170902028679847,0.056392125,0.));
#6798=CARTESIAN_POINT('',(0.170902028679847,0.0603386655877284,0.));
#6799=CARTESIAN_POINT('',(0.166556444267576,0.0603386655877284,0.));
#6800=CARTESIAN_POINT('',(0.1573867,-0.049997,0.0015));
#6801=CARTESIAN_POINT('',(0.19238769,-0.049997,0.0015));
#6802=CARTESIAN_POINT('',(0.12238571,-0.049997,0.0015));
#6803=CARTESIAN_POINT('',(0.19238769,-0.04451674,0.0015));
#6804=CARTESIAN_POINT('',(0.19786795,-0.04451674,0.0015));
#6805=CARTESIAN_POINT('',(0.19786795,0.008343625,0.0015));
#6806=CARTESIAN_POINT('',(0.19786795,0.06120399,0.0015));
#6807=CARTESIAN_POINT('',(0.19238769,0.06120399,0.0015));
#6808=CARTESIAN_POINT('',(0.19238769,0.06668425,0.0015));
#6809=CARTESIAN_POINT('',(0.1573867,0.06668425,0.0015));
#6810=CARTESIAN_POINT('',(0.12238571,0.06668425,0.0015));
#6811=CARTESIAN_POINT('',(0.12238571,0.06120399,0.0015));
#6812=CARTESIAN_POINT('',(0.11690545,0.06120399,0.0015));
#6813=CARTESIAN_POINT('',(0.11690545,0.008343625,0.0015));
#6814=CARTESIAN_POINT('',(0.11690545,-0.04451674,0.0015));
#6815=CARTESIAN_POINT('',(0.12238571,-0.04451674,0.0015));
#6816=CARTESIAN_POINT('',(0.135825,0.0381,0.0015));
#6817=CARTESIAN_POINT('',(0.135825,0.0316,0.0015));
#6818=CARTESIAN_POINT('',(0.135825,0.0446,0.0015));
#6819=CARTESIAN_POINT('',(0.135325,0.0446,0.0015));
#6820=CARTESIAN_POINT('',(0.135325,0.0451,0.0015));
#6821=CARTESIAN_POINT('',(0.128825,0.0451,0.0015));
#6822=CARTESIAN_POINT('',(0.122325,0.0451,0.0015));
#6823=CARTESIAN_POINT('',(0.122325,0.0446,0.0015));
#6824=CARTESIAN_POINT('',(0.121825,0.0446,0.0015));
#6825=CARTESIAN_POINT('',(0.121825,0.0381,0.0015));
#6826=CARTESIAN_POINT('',(0.121825,0.0316,0.0015));
#6827=CARTESIAN_POINT('',(0.122325,0.0316,0.0015));
#6828=CARTESIAN_POINT('',(0.122325,0.0311,0.0015));
#6829=CARTESIAN_POINT('',(0.128825,0.0311,0.0015));
#6830=CARTESIAN_POINT('',(0.135325,0.0311,0.0015));
#6831=CARTESIAN_POINT('',(0.135325,0.0316,0.0015));
#6832=CARTESIAN_POINT('',(0.147875,0.02605,0.0015));
#6833=CARTESIAN_POINT('',(0.154375,0.02605,0.0015));
#6834=CARTESIAN_POINT('',(0.141375,0.02605,0.0015));
#6835=CARTESIAN_POINT('',(0.141375,0.02555,0.0015));
#6836=CARTESIAN_POINT('',(0.140875,0.02555,0.0015));
#6837=CARTESIAN_POINT('',(0.140875,0.01905,0.0015));
#6838=CARTESIAN_POINT('',(0.140875,0.01255,0.0015));
#6839=CARTESIAN_POINT('',(0.141375,0.01255,0.0015));
#6840=CARTESIAN_POINT('',(0.141375,0.01205,0.0015));
#6841=CARTESIAN_POINT('',(0.147875,0.01205,0.0015));
#6842=CARTESIAN_POINT('',(0.154375,0.01205,0.0015));
#6843=CARTESIAN_POINT('',(0.154375,0.01255,0.0015));
#6844=CARTESIAN_POINT('',(0.154875,0.01255,0.0015));
#6845=CARTESIAN_POINT('',(0.154875,0.01905,0.0015));
#6846=CARTESIAN_POINT('',(0.154875,0.02555,0.0015));
#6847=CARTESIAN_POINT('',(0.154375,0.02555,0.0015));
#6848=CARTESIAN_POINT('',(0.147875,0.007,0.0015));
#6849=CARTESIAN_POINT('',(0.154375,0.007,0.0015));
#6850=CARTESIAN_POINT('',(0.141375,0.007,0.0015));
#6851=CARTESIAN_POINT('',(0.141375,0.0065,0.0015));
#6852=CARTESIAN_POINT('',(0.140875,0.0065,0.0015));
#6853=CARTESIAN_POINT('',(0.140875,0.,0.0015));
#6854=CARTESIAN_POINT('',(0.140875,-0.0065,0.0015));
#6855=CARTESIAN_POINT('',(0.141375,-0.0065,0.0015));
#6856=CARTESIAN_POINT('',(0.141375,-0.007,0.0015));
#6857=CARTESIAN_POINT('',(0.147875,-0.007,0.0015));
#6858=CARTESIAN_POINT('',(0.154375,-0.007,0.0015));
#6859=CARTESIAN_POINT('',(0.154375,-0.0065,0.0015));
#6860=CARTESIAN_POINT('',(0.154875,-0.0065,0.0015));
#6861=CARTESIAN_POINT('',(0.154875,0.,0.0015));
#6862=CARTESIAN_POINT('',(0.154875,0.0065,0.0015));
#6863=CARTESIAN_POINT('',(0.154375,0.0065,0.0015));
#6864=CARTESIAN_POINT('',(0.147875,-0.01205,0.0015));
#6865=CARTESIAN_POINT('',(0.154375,-0.01205,0.0015));
#6866=CARTESIAN_POINT('',(0.141375,-0.01205,0.0015));
#6867=CARTESIAN_POINT('',(0.141375,-0.01255,0.0015));
#6868=CARTESIAN_POINT('',(0.140875,-0.01255,0.0015));
#6869=CARTESIAN_POINT('',(0.140875,-0.01905,0.0015));
#6870=CARTESIAN_POINT('',(0.140875,-0.02555,0.0015));
#6871=CARTESIAN_POINT('',(0.141375,-0.02555,0.0015));
#6872=CARTESIAN_POINT('',(0.141375,-0.02605,0.0015));
#6873=CARTESIAN_POINT('',(0.147875,-0.02605,0.0015));
#6874=CARTESIAN_POINT('',(0.154375,-0.02605,0.0015));
#6875=CARTESIAN_POINT('',(0.154375,-0.02555,0.0015));
#6876=CARTESIAN_POINT('',(0.154875,-0.02555,0.0015));
#6877=CARTESIAN_POINT('',(0.154875,-0.01905,0.0015));
#6878=CARTESIAN_POINT('',(0.154875,-0.01255,0.0015));
#6879=CARTESIAN_POINT('',(0.154375,-0.01255,0.0015));
#6880=CARTESIAN_POINT('',(0.166925,-0.01205,0.0015));
#6881=CARTESIAN_POINT('',(0.173425,-0.01205,0.0015));
#6882=CARTESIAN_POINT('',(0.160425,-0.01205,0.0015));
#6883=CARTESIAN_POINT('',(0.160425,-0.01255,0.0015));
#6884=CARTESIAN_POINT('',(0.159925,-0.01255,0.0015));
#6885=CARTESIAN_POINT('',(0.159925,-0.01905,0.0015));
#6886=CARTESIAN_POINT('',(0.159925,-0.02555,0.0015));
#6887=CARTESIAN_POINT('',(0.160425,-0.02555,0.0015));
#6888=CARTESIAN_POINT('',(0.160425,-0.02605,0.0015));
#6889=CARTESIAN_POINT('',(0.166925,-0.02605,0.0015));
#6890=CARTESIAN_POINT('',(0.173425,-0.02605,0.0015));
#6891=CARTESIAN_POINT('',(0.173425,-0.02555,0.0015));
#6892=CARTESIAN_POINT('',(0.173925,-0.02555,0.0015));
#6893=CARTESIAN_POINT('',(0.173925,-0.01905,0.0015));
#6894=CARTESIAN_POINT('',(0.173925,-0.01255,0.0015));
#6895=CARTESIAN_POINT('',(0.173425,-0.01255,0.0015));
#6896=CARTESIAN_POINT('',(0.166925,0.007,0.0015));
#6897=CARTESIAN_POINT('',(0.173425,0.007,0.0015));
#6898=CARTESIAN_POINT('',(0.160425,0.007,0.0015));
#6899=CARTESIAN_POINT('',(0.160425,0.0065,0.0015));
#6900=CARTESIAN_POINT('',(0.159925,0.0065,0.0015));
#6901=CARTESIAN_POINT('',(0.159925,0.,0.0015));
#6902=CARTESIAN_POINT('',(0.159925,-0.0065,0.0015));
#6903=CARTESIAN_POINT('',(0.160425,-0.0065,0.0015));
#6904=CARTESIAN_POINT('',(0.160425,-0.007,0.0015));
#6905=CARTESIAN_POINT('',(0.166925,-0.007,0.0015));
#6906=CARTESIAN_POINT('',(0.173425,-0.007,0.0015));
#6907=CARTESIAN_POINT('',(0.173425,-0.0065,0.0015));
#6908=CARTESIAN_POINT('',(0.173925,-0.0065,0.0015));
#6909=CARTESIAN_POINT('',(0.173925,0.,0.0015));
#6910=CARTESIAN_POINT('',(0.173925,0.0065,0.0015));
#6911=CARTESIAN_POINT('',(0.173425,0.0065,0.0015));
#6912=CARTESIAN_POINT('',(0.166925,0.02605,0.0015));
#6913=CARTESIAN_POINT('',(0.173425,0.02605,0.0015));
#6914=CARTESIAN_POINT('',(0.160425,0.02605,0.0015));
#6915=CARTESIAN_POINT('',(0.160425,0.02555,0.0015));
#6916=CARTESIAN_POINT('',(0.159925,0.02555,0.0015));
#6917=CARTESIAN_POINT('',(0.159925,0.01905,0.0015));
#6918=CARTESIAN_POINT('',(0.159925,0.01255,0.0015));
#6919=CARTESIAN_POINT('',(0.160425,0.01255,0.0015));
#6920=CARTESIAN_POINT('',(0.160425,0.01205,0.0015));
#6921=CARTESIAN_POINT('',(0.166925,0.01205,0.0015));
#6922=CARTESIAN_POINT('',(0.173425,0.01205,0.0015));
#6923=CARTESIAN_POINT('',(0.173425,0.01255,0.0015));
#6924=CARTESIAN_POINT('',(0.173925,0.01255,0.0015));
#6925=CARTESIAN_POINT('',(0.173925,0.01905,0.0015));
#6926=CARTESIAN_POINT('',(0.173925,0.02555,0.0015));
#6927=CARTESIAN_POINT('',(0.173425,0.02555,0.0015));
#6928=CARTESIAN_POINT('',(0.191975,-0.040513,0.0015));
#6929=CARTESIAN_POINT('',(0.191975,-0.043513,0.0015));
#6930=CARTESIAN_POINT('',(0.191975,-0.037513,0.0015));
#6931=CARTESIAN_POINT('',(0.191475,-0.037513,0.0015));
#6932=CARTESIAN_POINT('',(0.191475,-0.037013,0.0015));
#6933=CARTESIAN_POINT('',(0.184475,-0.037013,0.0015));
#6934=CARTESIAN_POINT('',(0.177475,-0.037013,0.0015));
#6935=CARTESIAN_POINT('',(0.177475,-0.037513,0.0015));
#6936=CARTESIAN_POINT('',(0.176975,-0.037513,0.0015));
#6937=CARTESIAN_POINT('',(0.176975,-0.040513,0.0015));
#6938=CARTESIAN_POINT('',(0.176975,-0.043513,0.0015));
#6939=CARTESIAN_POINT('',(0.177475,-0.043513,0.0015));
#6940=CARTESIAN_POINT('',(0.177475,-0.044013,0.0015));
#6941=CARTESIAN_POINT('',(0.184475,-0.044013,0.0015));
#6942=CARTESIAN_POINT('',(0.191475,-0.044013,0.0015));
#6943=CARTESIAN_POINT('',(0.191475,-0.043513,0.0015));
#6944=CARTESIAN_POINT('',(0.160425,-0.0446,0.0015));
#6945=CARTESIAN_POINT('',(0.159925,-0.0446,0.0015));
#6946=CARTESIAN_POINT('',(0.160425,-0.0451,0.0015));
#6947=CARTESIAN_POINT('',(0.166925,-0.0451,0.0015));
#6948=CARTESIAN_POINT('',(0.173425,-0.0451,0.0015));
#6949=CARTESIAN_POINT('',(0.173425,-0.0446,0.0015));
#6950=CARTESIAN_POINT('',(0.173925,-0.0446,0.0015));
#6951=CARTESIAN_POINT('',(0.173925,-0.0381,0.0015));
#6952=CARTESIAN_POINT('',(0.173925,-0.0316,0.0015));
#6953=CARTESIAN_POINT('',(0.173425,-0.0316,0.0015));
#6954=CARTESIAN_POINT('',(0.173425,-0.0311,0.0015));
#6955=CARTESIAN_POINT('',(0.166925,-0.0311,0.0015));
#6956=CARTESIAN_POINT('',(0.160425,-0.0311,0.0015));
#6957=CARTESIAN_POINT('',(0.160425,-0.0316,0.0015));
#6958=CARTESIAN_POINT('',(0.159925,-0.0316,0.0015));
#6959=CARTESIAN_POINT('',(0.159925,-0.0381,0.0015));
#6960=CARTESIAN_POINT('',(0.150288,-0.0321,0.0015));
#6961=CARTESIAN_POINT('',(0.153288,-0.0321,0.0015));
#6962=CARTESIAN_POINT('',(0.147288,-0.0321,0.0015));
#6963=CARTESIAN_POINT('',(0.147288,-0.0326,0.0015));
#6964=CARTESIAN_POINT('',(0.146788,-0.0326,0.0015));
#6965=CARTESIAN_POINT('',(0.146788,-0.03885,0.0015));
#6966=CARTESIAN_POINT('',(0.146788,-0.0466,0.0015));
#6967=CARTESIAN_POINT('',(0.147288,-0.0466,0.0015));
#6968=CARTESIAN_POINT('',(0.147288,-0.0471,0.0015));
#6969=CARTESIAN_POINT('',(0.150288,-0.0471,0.0015));
#6970=CARTESIAN_POINT('',(0.153288,-0.0471,0.0015));
#6971=CARTESIAN_POINT('',(0.153288,-0.0466,0.0015));
#6972=CARTESIAN_POINT('',(0.153788,-0.0466,0.0015));
#6973=CARTESIAN_POINT('',(0.153788,-0.03885,0.0015));
#6974=CARTESIAN_POINT('',(0.153788,-0.0326,0.0015));
#6975=CARTESIAN_POINT('',(0.153288,-0.0326,0.0015));
#6976=CARTESIAN_POINT('',(0.13185,-0.0446,0.0015));
#6977=CARTESIAN_POINT('',(0.13135,-0.0446,0.0015));
#6978=CARTESIAN_POINT('',(0.13185,-0.0451,0.0015));
#6979=CARTESIAN_POINT('',(0.13835,-0.0451,0.0015));
#6980=CARTESIAN_POINT('',(0.14485,-0.0451,0.0015));
#6981=CARTESIAN_POINT('',(0.14485,-0.0446,0.0015));
#6982=CARTESIAN_POINT('',(0.14535,-0.0446,0.0015));
#6983=CARTESIAN_POINT('',(0.14535,-0.0381,0.0015));
#6984=CARTESIAN_POINT('',(0.14535,-0.0316,0.0015));
#6985=CARTESIAN_POINT('',(0.14485,-0.0316,0.0015));
#6986=CARTESIAN_POINT('',(0.14485,-0.0311,0.0015));
#6987=CARTESIAN_POINT('',(0.13835,-0.0311,0.0015));
#6988=CARTESIAN_POINT('',(0.13185,-0.0311,0.0015));
#6989=CARTESIAN_POINT('',(0.13185,-0.0316,0.0015));
#6990=CARTESIAN_POINT('',(0.13135,-0.0316,0.0015));
#6991=CARTESIAN_POINT('',(0.13135,-0.0381,0.0015));
#6992=CARTESIAN_POINT('',(0.126412,-0.0321,0.0015));
#6993=CARTESIAN_POINT('',(0.129412,-0.0321,0.0015));
#6994=CARTESIAN_POINT('',(0.123412,-0.0321,0.0015));
#6995=CARTESIAN_POINT('',(0.123412,-0.0326,0.0015));
#6996=CARTESIAN_POINT('',(0.122912,-0.0326,0.0015));
#6997=CARTESIAN_POINT('',(0.122912,-0.03885,0.0015));
#6998=CARTESIAN_POINT('',(0.122912,-0.0466,0.0015));
#6999=CARTESIAN_POINT('',(0.123412,-0.0466,0.0015));
#7000=CARTESIAN_POINT('',(0.123412,-0.0471,0.0015));
#7001=CARTESIAN_POINT('',(0.126412,-0.0471,0.0015));
#7002=CARTESIAN_POINT('',(0.129412,-0.0471,0.0015));
#7003=CARTESIAN_POINT('',(0.129412,-0.0466,0.0015));
#7004=CARTESIAN_POINT('',(0.129912,-0.0466,0.0015));
#7005=CARTESIAN_POINT('',(0.129912,-0.03885,0.0015));
#7006=CARTESIAN_POINT('',(0.129912,-0.0326,0.0015));
#7007=CARTESIAN_POINT('',(0.129412,-0.0326,0.0015));
#7008=CARTESIAN_POINT('',(0.122325,-0.01255,0.0015));
#7009=CARTESIAN_POINT('',(0.122325,-0.01205,0.0015));
#7010=CARTESIAN_POINT('',(0.121825,-0.01255,0.0015));
#7011=CARTESIAN_POINT('',(0.121825,-0.01905,0.0015));
#7012=CARTESIAN_POINT('',(0.121825,-0.02555,0.0015));
#7013=CARTESIAN_POINT('',(0.122325,-0.02555,0.0015));
#7014=CARTESIAN_POINT('',(0.122325,-0.02605,0.0015));
#7015=CARTESIAN_POINT('',(0.128825,-0.02605,0.0015));
#7016=CARTESIAN_POINT('',(0.135325,-0.02605,0.0015));
#7017=CARTESIAN_POINT('',(0.135325,-0.02555,0.0015));
#7018=CARTESIAN_POINT('',(0.135825,-0.02555,0.0015));
#7019=CARTESIAN_POINT('',(0.135825,-0.01905,0.0015));
#7020=CARTESIAN_POINT('',(0.135825,-0.01255,0.0015));
#7021=CARTESIAN_POINT('',(0.135325,-0.01255,0.0015));
#7022=CARTESIAN_POINT('',(0.135325,-0.01205,0.0015));
#7023=CARTESIAN_POINT('',(0.128825,-0.01205,0.0015));
#7024=CARTESIAN_POINT('',(0.122325,0.0065,0.0015));
#7025=CARTESIAN_POINT('',(0.122325,0.007,0.0015));
#7026=CARTESIAN_POINT('',(0.121825,0.0065,0.0015));
#7027=CARTESIAN_POINT('',(0.121825,0.,0.0015));
#7028=CARTESIAN_POINT('',(0.121825,-0.0065,0.0015));
#7029=CARTESIAN_POINT('',(0.122325,-0.0065,0.0015));
#7030=CARTESIAN_POINT('',(0.122325,-0.007,0.0015));
#7031=CARTESIAN_POINT('',(0.128825,-0.007,0.0015));
#7032=CARTESIAN_POINT('',(0.135325,-0.007,0.0015));
#7033=CARTESIAN_POINT('',(0.135325,-0.0065,0.0015));
#7034=CARTESIAN_POINT('',(0.135825,-0.0065,0.0015));
#7035=CARTESIAN_POINT('',(0.135825,0.,0.0015));
#7036=CARTESIAN_POINT('',(0.135825,0.0065,0.0015));
#7037=CARTESIAN_POINT('',(0.135325,0.0065,0.0015));
#7038=CARTESIAN_POINT('',(0.135325,0.007,0.0015));
#7039=CARTESIAN_POINT('',(0.128825,0.007,0.0015));
#7040=CARTESIAN_POINT('',(0.122325,0.02555,0.0015));
#7041=CARTESIAN_POINT('',(0.122325,0.02605,0.0015));
#7042=CARTESIAN_POINT('',(0.121825,0.02555,0.0015));
#7043=CARTESIAN_POINT('',(0.121825,0.01905,0.0015));
#7044=CARTESIAN_POINT('',(0.121825,0.01255,0.0015));
#7045=CARTESIAN_POINT('',(0.122325,0.01255,0.0015));
#7046=CARTESIAN_POINT('',(0.122325,0.01205,0.0015));
#7047=CARTESIAN_POINT('',(0.128825,0.01205,0.0015));
#7048=CARTESIAN_POINT('',(0.135325,0.01205,0.0015));
#7049=CARTESIAN_POINT('',(0.135325,0.01255,0.0015));
#7050=CARTESIAN_POINT('',(0.135825,0.01255,0.0015));
#7051=CARTESIAN_POINT('',(0.135825,0.01905,0.0015));
#7052=CARTESIAN_POINT('',(0.135825,0.02555,0.0015));
#7053=CARTESIAN_POINT('',(0.135325,0.02555,0.0015));
#7054=CARTESIAN_POINT('',(0.135325,0.02605,0.0015));
#7055=CARTESIAN_POINT('',(0.128825,0.02605,0.0015));
#7056=CARTESIAN_POINT('',(0.192975,-0.028575,0.0015));
#7057=CARTESIAN_POINT('',(0.192975,-0.035075,0.0015));
#7058=CARTESIAN_POINT('',(0.192975,-0.022075,0.0015));
#7059=CARTESIAN_POINT('',(0.192475,-0.022075,0.0015));
#7060=CARTESIAN_POINT('',(0.192475,-0.021575,0.0015));
#7061=CARTESIAN_POINT('',(0.185975,-0.021575,0.0015));
#7062=CARTESIAN_POINT('',(0.179475,-0.021575,0.0015));
#7063=CARTESIAN_POINT('',(0.179475,-0.022075,0.0015));
#7064=CARTESIAN_POINT('',(0.178975,-0.022075,0.0015));
#7065=CARTESIAN_POINT('',(0.178975,-0.028575,0.0015));
#7066=CARTESIAN_POINT('',(0.178975,-0.035075,0.0015));
#7067=CARTESIAN_POINT('',(0.179475,-0.035075,0.0015));
#7068=CARTESIAN_POINT('',(0.179475,-0.035575,0.0015));
#7069=CARTESIAN_POINT('',(0.185975,-0.035575,0.0015));
#7070=CARTESIAN_POINT('',(0.192475,-0.035575,0.0015));
#7071=CARTESIAN_POINT('',(0.192475,-0.035075,0.0015));
#7072=CARTESIAN_POINT('',(0.191975,-0.016637,0.0015));
#7073=CARTESIAN_POINT('',(0.191975,-0.019637,0.0015));
#7074=CARTESIAN_POINT('',(0.191975,-0.013637,0.0015));
#7075=CARTESIAN_POINT('',(0.191475,-0.013637,0.0015));
#7076=CARTESIAN_POINT('',(0.191475,-0.013137,0.0015));
#7077=CARTESIAN_POINT('',(0.184475,-0.013137,0.0015));
#7078=CARTESIAN_POINT('',(0.177475,-0.013137,0.0015));
#7079=CARTESIAN_POINT('',(0.177475,-0.013637,0.0015));
#7080=CARTESIAN_POINT('',(0.176975,-0.013637,0.0015));
#7081=CARTESIAN_POINT('',(0.176975,-0.016637,0.0015));
#7082=CARTESIAN_POINT('',(0.176975,-0.019637,0.0015));
#7083=CARTESIAN_POINT('',(0.177475,-0.019637,0.0015));
#7084=CARTESIAN_POINT('',(0.177475,-0.020137,0.0015));
#7085=CARTESIAN_POINT('',(0.184475,-0.020137,0.0015));
#7086=CARTESIAN_POINT('',(0.191475,-0.020137,0.0015));
#7087=CARTESIAN_POINT('',(0.191475,-0.019637,0.0015));
#7088=CARTESIAN_POINT('',(0.191975,-0.002413,0.0015));
#7089=CARTESIAN_POINT('',(0.191975,-0.005413,0.0015));
#7090=CARTESIAN_POINT('',(0.191975,0.000587,0.0015));
#7091=CARTESIAN_POINT('',(0.191475,0.000587,0.0015));
#7092=CARTESIAN_POINT('',(0.191475,0.001087,0.0015));
#7093=CARTESIAN_POINT('',(0.184475,0.001087,0.0015));
#7094=CARTESIAN_POINT('',(0.177475,0.001087,0.0015));
#7095=CARTESIAN_POINT('',(0.177475,0.000587,0.0015));
#7096=CARTESIAN_POINT('',(0.176975,0.000587,0.0015));
#7097=CARTESIAN_POINT('',(0.176975,-0.002413,0.0015));
#7098=CARTESIAN_POINT('',(0.176975,-0.005413,0.0015));
#7099=CARTESIAN_POINT('',(0.177475,-0.005413,0.0015));
#7100=CARTESIAN_POINT('',(0.177475,-0.005913,0.0015));
#7101=CARTESIAN_POINT('',(0.184475,-0.005913,0.0015));
#7102=CARTESIAN_POINT('',(0.191475,-0.005913,0.0015));
#7103=CARTESIAN_POINT('',(0.191475,-0.005413,0.0015));
#7104=CARTESIAN_POINT('',(0.192975,0.009525,0.0015));
#7105=CARTESIAN_POINT('',(0.192975,0.003025,0.0015));
#7106=CARTESIAN_POINT('',(0.192975,0.016025,0.0015));
#7107=CARTESIAN_POINT('',(0.192475,0.016025,0.0015));
#7108=CARTESIAN_POINT('',(0.192475,0.016525,0.0015));
#7109=CARTESIAN_POINT('',(0.185975,0.016525,0.0015));
#7110=CARTESIAN_POINT('',(0.179475,0.016525,0.0015));
#7111=CARTESIAN_POINT('',(0.179475,0.016025,0.0015));
#7112=CARTESIAN_POINT('',(0.178975,0.016025,0.0015));
#7113=CARTESIAN_POINT('',(0.178975,0.009525,0.0015));
#7114=CARTESIAN_POINT('',(0.178975,0.003025,0.0015));
#7115=CARTESIAN_POINT('',(0.179475,0.003025,0.0015));
#7116=CARTESIAN_POINT('',(0.179475,0.002525,0.0015));
#7117=CARTESIAN_POINT('',(0.185975,0.002525,0.0015));
#7118=CARTESIAN_POINT('',(0.192475,0.002525,0.0015));
#7119=CARTESIAN_POINT('',(0.192475,0.00302500000000005,0.0015));
#7120=CARTESIAN_POINT('',(0.191975,0.021463,0.0015));
#7121=CARTESIAN_POINT('',(0.191975,0.018463,0.0015));
#7122=CARTESIAN_POINT('',(0.191975,0.024463,0.0015));
#7123=CARTESIAN_POINT('',(0.191475,0.024463,0.0015));
#7124=CARTESIAN_POINT('',(0.191475,0.024963,0.0015));
#7125=CARTESIAN_POINT('',(0.184475,0.024963,0.0015));
#7126=CARTESIAN_POINT('',(0.177475,0.024963,0.0015));
#7127=CARTESIAN_POINT('',(0.177475,0.024463,0.0015));
#7128=CARTESIAN_POINT('',(0.176975,0.024463,0.0015));
#7129=CARTESIAN_POINT('',(0.176975,0.021463,0.0015));
#7130=CARTESIAN_POINT('',(0.176975,0.018463,0.0015));
#7131=CARTESIAN_POINT('',(0.177475,0.018463,0.0015));
#7132=CARTESIAN_POINT('',(0.177475,0.017963,0.0015));
#7133=CARTESIAN_POINT('',(0.184475,0.017963,0.0015));
#7134=CARTESIAN_POINT('',(0.191475,0.017963,0.0015));
#7135=CARTESIAN_POINT('',(0.191475,0.018463,0.0015));
#7136=CARTESIAN_POINT('',(0.185975,0.0451,0.0015));
#7137=CARTESIAN_POINT('',(0.192475,0.0451,0.0015));
#7138=CARTESIAN_POINT('',(0.179475,0.0451,0.0015));
#7139=CARTESIAN_POINT('',(0.179475,0.0446,0.0015));
#7140=CARTESIAN_POINT('',(0.178975,0.0446,0.0015));
#7141=CARTESIAN_POINT('',(0.178975,0.0381,0.0015));
#7142=CARTESIAN_POINT('',(0.178975,0.0316,0.0015));
#7143=CARTESIAN_POINT('',(0.179475,0.0316,0.0015));
#7144=CARTESIAN_POINT('',(0.179475,0.0311,0.0015));
#7145=CARTESIAN_POINT('',(0.185975,0.0311,0.0015));
#7146=CARTESIAN_POINT('',(0.192475,0.0311,0.0015));
#7147=CARTESIAN_POINT('',(0.192475,0.0316,0.0015));
#7148=CARTESIAN_POINT('',(0.192975,0.0316,0.0015));
#7149=CARTESIAN_POINT('',(0.192975,0.0381,0.0015));
#7150=CARTESIAN_POINT('',(0.192975,0.0446,0.0015));
#7151=CARTESIAN_POINT('',(0.192475,0.0446,0.0015));
#7152=CARTESIAN_POINT('',(0.166925,0.0451,0.0015));
#7153=CARTESIAN_POINT('',(0.173425,0.0451,0.0015));
#7154=CARTESIAN_POINT('',(0.160425,0.0451,0.0015));
#7155=CARTESIAN_POINT('',(0.160425,0.0446,0.0015));
#7156=CARTESIAN_POINT('',(0.159925,0.0446,0.0015));
#7157=CARTESIAN_POINT('',(0.159925,0.0381,0.0015));
#7158=CARTESIAN_POINT('',(0.159925,0.0316,0.0015));
#7159=CARTESIAN_POINT('',(0.160425,0.0316,0.0015));
#7160=CARTESIAN_POINT('',(0.160425,0.0311,0.0015));
#7161=CARTESIAN_POINT('',(0.166925,0.0311,0.0015));
#7162=CARTESIAN_POINT('',(0.173425,0.0311,0.0015));
#7163=CARTESIAN_POINT('',(0.173425,0.0316,0.0015));
#7164=CARTESIAN_POINT('',(0.173925,0.0316,0.0015));
#7165=CARTESIAN_POINT('',(0.173925,0.0381,0.0015));
#7166=CARTESIAN_POINT('',(0.173925,0.0446,0.0015));
#7167=CARTESIAN_POINT('',(0.173425,0.0446,0.0015));
#7168=CARTESIAN_POINT('',(0.147875,0.0451,0.0015));
#7169=CARTESIAN_POINT('',(0.154375,0.0451,0.0015));
#7170=CARTESIAN_POINT('',(0.141375,0.0451,0.0015));
#7171=CARTESIAN_POINT('',(0.141375,0.0446,0.0015));
#7172=CARTESIAN_POINT('',(0.140875,0.0446,0.0015));
#7173=CARTESIAN_POINT('',(0.140875,0.0381,0.0015));
#7174=CARTESIAN_POINT('',(0.140875,0.0316,0.0015));
#7175=CARTESIAN_POINT('',(0.141375,0.0316,0.0015));
#7176=CARTESIAN_POINT('',(0.141375,0.0311,0.0015));
#7177=CARTESIAN_POINT('',(0.147875,0.0311,0.0015));
#7178=CARTESIAN_POINT('',(0.154375,0.0311,0.0015));
#7179=CARTESIAN_POINT('',(0.154375,0.0316,0.0015));
#7180=CARTESIAN_POINT('',(0.154875,0.0316,0.0015));
#7181=CARTESIAN_POINT('',(0.154875,0.0381,0.0015));
#7182=CARTESIAN_POINT('',(0.154875,0.0446,0.0015));
#7183=CARTESIAN_POINT('',(0.154375,0.0446,0.0015));
#7184=CARTESIAN_POINT('',(0.19310545,0.06192175,0.0015));
#7185=CARTESIAN_POINT('',(0.19310545,-0.0452345,0.0015));
#7186=CARTESIAN_POINT('',(0.12166795,-0.0452345,0.0015));
#7187=CARTESIAN_POINT('',(0.12166795,0.06192175,0.0015));
#7188=CARTESIAN_POINT('',(0.18295885,0.06518225,0.));
#7189=CARTESIAN_POINT('',(0.17674975,0.06518225,0.));
#7190=CARTESIAN_POINT('',(0.18916795,0.06518225,0.));
#7191=CARTESIAN_POINT('',(0.17674975,0.058973155,0.));
#7192=CARTESIAN_POINT('',(0.17674975,0.05276406,0.));
#7193=CARTESIAN_POINT('',(0.18295885,0.05276406,0.));
#7194=CARTESIAN_POINT('',(0.18916795,0.05276406,0.));
#7195=CARTESIAN_POINT('',(0.18916795,0.058973155,0.));
#7196=CARTESIAN_POINT('',(0.148571498692036,0.06468425,0.));
#7197=CARTESIAN_POINT('',(0.130586553116495,0.06468425,0.));
#7198=CARTESIAN_POINT('',(0.166556444267576,0.06468425,0.));
#7199=CARTESIAN_POINT('',(0.130586553116495,0.0603386655877284,0.));
#7200=CARTESIAN_POINT('',(0.126240968704224,0.0603386655877284,0.));
#7201=CARTESIAN_POINT('',(0.126240968704224,0.056392125,0.));
#7202=CARTESIAN_POINT('',(0.126240968704224,0.0524455844122716,0.));
#7203=CARTESIAN_POINT('',(0.130586553116495,0.0524455844122716,0.));
#7204=CARTESIAN_POINT('',(0.130586553116495,0.0481,0.));
#7205=CARTESIAN_POINT('',(0.148571498692036,0.0481,0.));
#7206=CARTESIAN_POINT('',(0.166556444267576,0.0481,0.));
#7207=CARTESIAN_POINT('',(0.166556444267576,0.0524455844122716,0.));
#7208=CARTESIAN_POINT('',(0.170902028679847,0.0524455844122716,0.));
#7209=CARTESIAN_POINT('',(0.170902028679847,0.056392125,0.));
#7210=CARTESIAN_POINT('',(0.170902028679847,0.0603386655877284,0.));
#7211=CARTESIAN_POINT('',(0.166556444267576,0.0603386655877284,0.));
#7212=MECHANICAL_DESIGN_GEOMETRIC_PRESENTATION_REPRESENTATION('',(#4285),
#7213);
#7213=(
GEOMETRIC_REPRESENTATION_CONTEXT(3)
GLOBAL_UNCERTAINTY_ASSIGNED_CONTEXT((#7214))
GLOBAL_UNIT_ASSIGNED_CONTEXT((#7217,#7216,#7215))
REPRESENTATION_CONTEXT('Part 1','TOP_LEVEL_ASSEMBLY_PART')
);
#7214=UNCERTAINTY_MEASURE_WITH_UNIT(LENGTH_MEASURE(1.E-8),#7217,
'DISTANCE_ACCURACY_VALUE','Maximum Tolerance applied to model');
#7215=(
NAMED_UNIT(*)
SI_UNIT($,.STERADIAN.)
SOLID_ANGLE_UNIT()
);
#7216=(
NAMED_UNIT(*)
PLANE_ANGLE_UNIT()
SI_UNIT($,.RADIAN.)
);
#7217=(
LENGTH_UNIT()
NAMED_UNIT(*)
SI_UNIT($,.METRE.)
);
#7218=PRODUCT_DEFINITION_SHAPE('','',#7219);
#7219=PRODUCT_DEFINITION('','',#7221,#7220);
#7220=PRODUCT_DEFINITION_CONTEXT('',#7227,'design');
#7221=PRODUCT_DEFINITION_FORMATION_WITH_SPECIFIED_SOURCE('','',#7223,
 .NOT_KNOWN.);
#7222=PRODUCT_RELATED_PRODUCT_CATEGORY('','',(#7223));
#7223=PRODUCT('Part 1','Part 1','Part 1',(#7225));
#7224=PRODUCT_CATEGORY('','');
#7225=PRODUCT_CONTEXT('',#7227,'mechanical');
#7226=APPLICATION_PROTOCOL_DEFINITION('international standard',
'ap242_managed_model_based_3d_engineering',2020,#7227);
#7227=APPLICATION_CONTEXT('managed model based 3d engineering');
ENDSEC;
END-ISO-10303-21;
