ISO-10303-21;
HEADER;
/* Generated by software containing ST-Developer
 * from STEP Tools, Inc. (www.steptools.com) 
 */
/* OPTION: using custom renumber hook */

FILE_DESCRIPTION(
/* description */ ('STEP AP242 Edition 2',
'CAx-IF Rec.Pracs.---Representation and Presentation of Product Manufa
cturing Information (PMI)---4.0---2014-10-13',
'CAx-IF Rec.Pracs.---3D Tessellated Geometry---0.4---2014-09-14','2;1',
'CAx-IF Rec.Pracs.---User Defined Attributes---1.5---2016-08-15'),
/* implementation_level */ '2;1');

FILE_NAME(
/* name */ 'KEEBY 60+20 - Part 2',
/* time_stamp */ '2026-06-06T03:46:26Z',
/* author */ (''),
/* organization */ (''),
/* preprocessor_version */ 'ST-DEVELOPER v20',
/* originating_system */ 'ONSHAPE BY PTC INC, 1.216',
/* authorisation */ '  ');

FILE_SCHEMA (('AP242_MANAGED_MODEL_BASED_3D_ENGINEERING_MIM_LF { 1 0 10303 442 3 1 4 }'));
ENDSEC;

DATA;
#10=SHAPE_REPRESENTATION_RELATIONSHIP('','',#12167,#11);
#11=ADVANCED_BREP_SHAPE_REPRESENTATION('',(#12165),#20461);
#12=CYLINDRICAL_SURFACE('',#12764,0.00548026);
#13=CYLINDRICAL_SURFACE('',#12766,0.00548026);
#14=CYLINDRICAL_SURFACE('',#12768,0.00548026);
#15=CYLINDRICAL_SURFACE('',#12770,0.00548026);
#16=CYLINDRICAL_SURFACE('',#12772,0.0005);
#17=CYLINDRICAL_SURFACE('',#12774,0.000500000000000025);
#18=CYLINDRICAL_SURFACE('',#12776,0.000500000000000025);
#19=CYLINDRICAL_SURFACE('',#12778,0.0005);
#20=CYLINDRICAL_SURFACE('',#12780,0.0005);
#21=CYLINDRICAL_SURFACE('',#12782,0.0005);
#22=CYLINDRICAL_SURFACE('',#12784,0.0005);
#23=CYLINDRICAL_SURFACE('',#12786,0.0005);
#24=CYLINDRICAL_SURFACE('',#12788,0.000500000000000007);
#25=CYLINDRICAL_SURFACE('',#12790,0.0005);
#26=CYLINDRICAL_SURFACE('',#12792,0.0005);
#27=CYLINDRICAL_SURFACE('',#12794,0.000500000000000007);
#28=CYLINDRICAL_SURFACE('',#12796,0.0005);
#29=CYLINDRICAL_SURFACE('',#12798,0.0005);
#30=CYLINDRICAL_SURFACE('',#12800,0.0005);
#31=CYLINDRICAL_SURFACE('',#12802,0.0005);
#32=CYLINDRICAL_SURFACE('',#12804,0.0005);
#33=CYLINDRICAL_SURFACE('',#12806,0.0005);
#34=CYLINDRICAL_SURFACE('',#12808,0.000500000000000007);
#35=CYLINDRICAL_SURFACE('',#12810,0.000500000000000007);
#36=CYLINDRICAL_SURFACE('',#12812,0.0005);
#37=CYLINDRICAL_SURFACE('',#12814,0.000499999999999988);
#38=CYLINDRICAL_SURFACE('',#12816,0.000500000000000013);
#39=CYLINDRICAL_SURFACE('',#12818,0.000500000000000018);
#40=CYLINDRICAL_SURFACE('',#12820,0.0005);
#41=CYLINDRICAL_SURFACE('',#12822,0.0005);
#42=CYLINDRICAL_SURFACE('',#12824,0.0005);
#43=CYLINDRICAL_SURFACE('',#12826,0.0005);
#44=CYLINDRICAL_SURFACE('',#12828,0.000500000000000012);
#45=CYLINDRICAL_SURFACE('',#12830,0.000500000000000012);
#46=CYLINDRICAL_SURFACE('',#12832,0.0005);
#47=CYLINDRICAL_SURFACE('',#12834,0.0005);
#48=CYLINDRICAL_SURFACE('',#12836,0.0005);
#49=CYLINDRICAL_SURFACE('',#12838,0.0005);
#50=CYLINDRICAL_SURFACE('',#12840,0.0005);
#51=CYLINDRICAL_SURFACE('',#12842,0.0005);
#52=CYLINDRICAL_SURFACE('',#12843,0.0005);
#53=CYLINDRICAL_SURFACE('',#12845,0.000499999999999994);
#54=CYLINDRICAL_SURFACE('',#12847,0.000499999999999994);
#55=CYLINDRICAL_SURFACE('',#12849,0.0005);
#56=CYLINDRICAL_SURFACE('',#12852,0.0005);
#57=CYLINDRICAL_SURFACE('',#12854,0.000500000000000007);
#58=CYLINDRICAL_SURFACE('',#12856,0.000500000000000007);
#59=CYLINDRICAL_SURFACE('',#12858,0.0005);
#60=CYLINDRICAL_SURFACE('',#12859,0.0005);
#61=CYLINDRICAL_SURFACE('',#12861,0.0005);
#62=CYLINDRICAL_SURFACE('',#12863,0.0005);
#63=CYLINDRICAL_SURFACE('',#12865,0.0005);
#64=CYLINDRICAL_SURFACE('',#12868,0.0005);
#65=CYLINDRICAL_SURFACE('',#12870,0.0005);
#66=CYLINDRICAL_SURFACE('',#12872,0.0005);
#67=CYLINDRICAL_SURFACE('',#12874,0.0005);
#68=CYLINDRICAL_SURFACE('',#12876,0.0005);
#69=CYLINDRICAL_SURFACE('',#12878,0.0005);
#70=CYLINDRICAL_SURFACE('',#12880,0.000499999999999989);
#71=CYLINDRICAL_SURFACE('',#12882,0.000499999999999989);
#72=CYLINDRICAL_SURFACE('',#12884,0.0005);
#73=CYLINDRICAL_SURFACE('',#12886,0.0005);
#74=CYLINDRICAL_SURFACE('',#12888,0.0005);
#75=CYLINDRICAL_SURFACE('',#12890,0.0005);
#76=CYLINDRICAL_SURFACE('',#12892,0.000500000000000013);
#77=CYLINDRICAL_SURFACE('',#12894,0.000500000000000013);
#78=CYLINDRICAL_SURFACE('',#12896,0.0005);
#79=CYLINDRICAL_SURFACE('',#12898,0.0005);
#80=CYLINDRICAL_SURFACE('',#12900,0.0005);
#81=CYLINDRICAL_SURFACE('',#12902,0.0005);
#82=CYLINDRICAL_SURFACE('',#12904,0.000499999999999994);
#83=CYLINDRICAL_SURFACE('',#12906,0.0005);
#84=CYLINDRICAL_SURFACE('',#12908,0.000500000000000007);
#85=CYLINDRICAL_SURFACE('',#12910,0.000500000000000007);
#86=CYLINDRICAL_SURFACE('',#12912,0.0005);
#87=CYLINDRICAL_SURFACE('',#12914,0.0005);
#88=CYLINDRICAL_SURFACE('',#12916,0.0005);
#89=CYLINDRICAL_SURFACE('',#12918,0.0005);
#90=CYLINDRICAL_SURFACE('',#12920,0.0005);
#91=CYLINDRICAL_SURFACE('',#12922,0.0005);
#92=CYLINDRICAL_SURFACE('',#12924,0.0005);
#93=CYLINDRICAL_SURFACE('',#12926,0.0005);
#94=CYLINDRICAL_SURFACE('',#12928,0.000499999999999988);
#95=CYLINDRICAL_SURFACE('',#12930,0.000499999999999988);
#96=CYLINDRICAL_SURFACE('',#12932,0.000500000000000011);
#97=CYLINDRICAL_SURFACE('',#12934,0.000500000000000011);
#98=CYLINDRICAL_SURFACE('',#12936,0.0005);
#99=CYLINDRICAL_SURFACE('',#12938,0.0005);
#100=CYLINDRICAL_SURFACE('',#12940,0.0005);
#101=CYLINDRICAL_SURFACE('',#12942,0.0005);
#102=CYLINDRICAL_SURFACE('',#12944,0.0005);
#103=CYLINDRICAL_SURFACE('',#12946,0.0005);
#104=CYLINDRICAL_SURFACE('',#12948,0.0005);
#105=CYLINDRICAL_SURFACE('',#12950,0.0005);
#106=CYLINDRICAL_SURFACE('',#12952,0.0005);
#107=CYLINDRICAL_SURFACE('',#12954,0.0005);
#108=CYLINDRICAL_SURFACE('',#12955,0.0005);
#109=CYLINDRICAL_SURFACE('',#12957,0.0005);
#110=CYLINDRICAL_SURFACE('',#12959,0.0005);
#111=CYLINDRICAL_SURFACE('',#12961,0.0005);
#112=CYLINDRICAL_SURFACE('',#12964,0.0005);
#113=CYLINDRICAL_SURFACE('',#12966,0.0005);
#114=CYLINDRICAL_SURFACE('',#12968,0.0005);
#115=CYLINDRICAL_SURFACE('',#12970,0.0005);
#116=CYLINDRICAL_SURFACE('',#12971,0.0005);
#117=CYLINDRICAL_SURFACE('',#12973,0.000499999999999976);
#118=CYLINDRICAL_SURFACE('',#12975,0.000499999999999976);
#119=CYLINDRICAL_SURFACE('',#12977,0.0005);
#120=CYLINDRICAL_SURFACE('',#12980,0.0005);
#121=CYLINDRICAL_SURFACE('',#12982,0.0005);
#122=CYLINDRICAL_SURFACE('',#12984,0.0005);
#123=CYLINDRICAL_SURFACE('',#12986,0.0005);
#124=CYLINDRICAL_SURFACE('',#12988,0.000500000000000024);
#125=CYLINDRICAL_SURFACE('',#12990,0.000500000000000025);
#126=CYLINDRICAL_SURFACE('',#12992,0.0005);
#127=CYLINDRICAL_SURFACE('',#12994,0.0005);
#128=CYLINDRICAL_SURFACE('',#12996,0.000500000000000024);
#129=CYLINDRICAL_SURFACE('',#12998,0.000500000000000024);
#130=CYLINDRICAL_SURFACE('',#13000,0.0005);
#131=CYLINDRICAL_SURFACE('',#13002,0.0005);
#132=CYLINDRICAL_SURFACE('',#13004,0.0005);
#133=CYLINDRICAL_SURFACE('',#13006,0.0005);
#134=CYLINDRICAL_SURFACE('',#13008,0.0005);
#135=CYLINDRICAL_SURFACE('',#13010,0.0005);
#136=CYLINDRICAL_SURFACE('',#13012,0.0005);
#137=CYLINDRICAL_SURFACE('',#13014,0.0005);
#138=CYLINDRICAL_SURFACE('',#13016,0.0005);
#139=CYLINDRICAL_SURFACE('',#13018,0.0005);
#140=CYLINDRICAL_SURFACE('',#13020,0.0005);
#141=CYLINDRICAL_SURFACE('',#13022,0.0005);
#142=CYLINDRICAL_SURFACE('',#13024,0.00049999999999999);
#143=CYLINDRICAL_SURFACE('',#13026,0.00049999999999999);
#144=CYLINDRICAL_SURFACE('',#13028,0.0005);
#145=CYLINDRICAL_SURFACE('',#13030,0.0005);
#146=CYLINDRICAL_SURFACE('',#13032,0.0005);
#147=CYLINDRICAL_SURFACE('',#13034,0.0005);
#148=CYLINDRICAL_SURFACE('',#13036,0.000500000000000024);
#149=CYLINDRICAL_SURFACE('',#13038,0.000500000000000025);
#150=CYLINDRICAL_SURFACE('',#13040,0.000499999999999988);
#151=CYLINDRICAL_SURFACE('',#13042,0.000499999999999988);
#152=CYLINDRICAL_SURFACE('',#13044,0.0005);
#153=CYLINDRICAL_SURFACE('',#13046,0.0005);
#154=CYLINDRICAL_SURFACE('',#13048,0.0005);
#155=CYLINDRICAL_SURFACE('',#13050,0.0005);
#156=CYLINDRICAL_SURFACE('',#13052,0.0005);
#157=CYLINDRICAL_SURFACE('',#13054,0.0005);
#158=CYLINDRICAL_SURFACE('',#13056,0.0005);
#159=CYLINDRICAL_SURFACE('',#13058,0.0005);
#160=CYLINDRICAL_SURFACE('',#13060,0.000500000000000025);
#161=CYLINDRICAL_SURFACE('',#13062,0.000500000000000024);
#162=CYLINDRICAL_SURFACE('',#13064,0.0005);
#163=CYLINDRICAL_SURFACE('',#13066,0.0005);
#164=CYLINDRICAL_SURFACE('',#13068,0.0005);
#165=CYLINDRICAL_SURFACE('',#13070,0.0005);
#166=CYLINDRICAL_SURFACE('',#13072,0.0005);
#167=CYLINDRICAL_SURFACE('',#13074,0.0005);
#168=CYLINDRICAL_SURFACE('',#13076,0.0005);
#169=CYLINDRICAL_SURFACE('',#13078,0.0005);
#170=CYLINDRICAL_SURFACE('',#13080,0.0005);
#171=CYLINDRICAL_SURFACE('',#13082,0.0005);
#172=CYLINDRICAL_SURFACE('',#13083,0.0005);
#173=CYLINDRICAL_SURFACE('',#13085,0.0005);
#174=CYLINDRICAL_SURFACE('',#13087,0.0005);
#175=CYLINDRICAL_SURFACE('',#13089,0.0005);
#176=CYLINDRICAL_SURFACE('',#13092,0.0005);
#177=CYLINDRICAL_SURFACE('',#13094,0.0005);
#178=CYLINDRICAL_SURFACE('',#13096,0.0005);
#179=CYLINDRICAL_SURFACE('',#13098,0.0005);
#180=CYLINDRICAL_SURFACE('',#13100,0.0005);
#181=CYLINDRICAL_SURFACE('',#13102,0.0005);
#182=CYLINDRICAL_SURFACE('',#13104,0.0005);
#183=CYLINDRICAL_SURFACE('',#13106,0.0005);
#184=CYLINDRICAL_SURFACE('',#13108,0.0005);
#185=CYLINDRICAL_SURFACE('',#13110,0.0005);
#186=CYLINDRICAL_SURFACE('',#13112,0.0005);
#187=CYLINDRICAL_SURFACE('',#13114,0.0005);
#188=CYLINDRICAL_SURFACE('',#13115,0.000499999999999994);
#189=CYLINDRICAL_SURFACE('',#13117,0.000500000000000007);
#190=CYLINDRICAL_SURFACE('',#13119,0.000500000000000007);
#191=CYLINDRICAL_SURFACE('',#13121,0.000499999999999994);
#192=CYLINDRICAL_SURFACE('',#13124,0.0005);
#193=CYLINDRICAL_SURFACE('',#13126,0.0005);
#194=CYLINDRICAL_SURFACE('',#13128,0.0005);
#195=CYLINDRICAL_SURFACE('',#13130,0.0005);
#196=CYLINDRICAL_SURFACE('',#13132,0.0005);
#197=CYLINDRICAL_SURFACE('',#13134,0.0005);
#198=CYLINDRICAL_SURFACE('',#13136,0.0005);
#199=CYLINDRICAL_SURFACE('',#13138,0.0005);
#200=CYLINDRICAL_SURFACE('',#13140,0.000499999999999994);
#201=CYLINDRICAL_SURFACE('',#13142,0.0005);
#202=CYLINDRICAL_SURFACE('',#13144,0.000500000000000009);
#203=CYLINDRICAL_SURFACE('',#13146,0.000500000000000007);
#204=CYLINDRICAL_SURFACE('',#13148,0.000499999999999989);
#205=CYLINDRICAL_SURFACE('',#13150,0.000499999999999988);
#206=CYLINDRICAL_SURFACE('',#13152,0.0005);
#207=CYLINDRICAL_SURFACE('',#13154,0.0005);
#208=CYLINDRICAL_SURFACE('',#13156,0.0005);
#209=CYLINDRICAL_SURFACE('',#13158,0.0005);
#210=CYLINDRICAL_SURFACE('',#13160,0.0005);
#211=CYLINDRICAL_SURFACE('',#13162,0.0005);
#212=CYLINDRICAL_SURFACE('',#13164,0.0005);
#213=CYLINDRICAL_SURFACE('',#13166,0.0005);
#214=CYLINDRICAL_SURFACE('',#13168,0.0005);
#215=CYLINDRICAL_SURFACE('',#13170,0.0005);
#216=CYLINDRICAL_SURFACE('',#13171,0.0005);
#217=CYLINDRICAL_SURFACE('',#13173,0.000500000000000011);
#218=CYLINDRICAL_SURFACE('',#13175,0.000500000000000011);
#219=CYLINDRICAL_SURFACE('',#13177,0.0005);
#220=CYLINDRICAL_SURFACE('',#13180,0.0005);
#221=CYLINDRICAL_SURFACE('',#13182,0.0005);
#222=CYLINDRICAL_SURFACE('',#13184,0.0005);
#223=CYLINDRICAL_SURFACE('',#13186,0.0005);
#224=CYLINDRICAL_SURFACE('',#13188,0.0005);
#225=CYLINDRICAL_SURFACE('',#13190,0.0005);
#226=CYLINDRICAL_SURFACE('',#13192,0.0005);
#227=CYLINDRICAL_SURFACE('',#13194,0.000500000000000007);
#228=CYLINDRICAL_SURFACE('',#13196,0.0005);
#229=CYLINDRICAL_SURFACE('',#13198,0.0005);
#230=CYLINDRICAL_SURFACE('',#13200,0.0005);
#231=CYLINDRICAL_SURFACE('',#13202,0.0005);
#232=CYLINDRICAL_SURFACE('',#13204,0.0005);
#233=CYLINDRICAL_SURFACE('',#13206,0.0005);
#234=CYLINDRICAL_SURFACE('',#13208,0.0005);
#235=CYLINDRICAL_SURFACE('',#13210,0.0005);
#236=CYLINDRICAL_SURFACE('',#13212,0.0005);
#237=CYLINDRICAL_SURFACE('',#13214,0.0005);
#238=CYLINDRICAL_SURFACE('',#13216,0.0005);
#239=CYLINDRICAL_SURFACE('',#13218,0.0005);
#240=CYLINDRICAL_SURFACE('',#13220,0.0005);
#241=CYLINDRICAL_SURFACE('',#13222,0.0005);
#242=CYLINDRICAL_SURFACE('',#13224,0.0005);
#243=CYLINDRICAL_SURFACE('',#13226,0.0005);
#244=CYLINDRICAL_SURFACE('',#13228,0.0005);
#245=CYLINDRICAL_SURFACE('',#13230,0.0005);
#246=CYLINDRICAL_SURFACE('',#13232,0.0005);
#247=CYLINDRICAL_SURFACE('',#13234,0.0005);
#248=CYLINDRICAL_SURFACE('',#13236,0.000500000000000007);
#249=CYLINDRICAL_SURFACE('',#13238,0.000500000000000006);
#250=CYLINDRICAL_SURFACE('',#13240,0.0005);
#251=CYLINDRICAL_SURFACE('',#13242,0.0005);
#252=CYLINDRICAL_SURFACE('',#13244,0.0005);
#253=CYLINDRICAL_SURFACE('',#13246,0.0005);
#254=CYLINDRICAL_SURFACE('',#13248,0.0005);
#255=CYLINDRICAL_SURFACE('',#13250,0.0005);
#256=CYLINDRICAL_SURFACE('',#13252,0.0005);
#257=CYLINDRICAL_SURFACE('',#13254,0.0005);
#258=CYLINDRICAL_SURFACE('',#13256,0.0005);
#259=CYLINDRICAL_SURFACE('',#13258,0.0005);
#260=CYLINDRICAL_SURFACE('',#13260,0.0005);
#261=CYLINDRICAL_SURFACE('',#13262,0.0005);
#262=CYLINDRICAL_SURFACE('',#13264,0.0005);
#263=CYLINDRICAL_SURFACE('',#13266,0.0005);
#264=CYLINDRICAL_SURFACE('',#13268,0.0005);
#265=CYLINDRICAL_SURFACE('',#13270,0.0005);
#266=CYLINDRICAL_SURFACE('',#13272,0.0005);
#267=CYLINDRICAL_SURFACE('',#13274,0.000499999999999994);
#268=CYLINDRICAL_SURFACE('',#13276,0.0005);
#269=CYLINDRICAL_SURFACE('',#13278,0.0005);
#270=CYLINDRICAL_SURFACE('',#13280,0.0005);
#271=CYLINDRICAL_SURFACE('',#13282,0.0005);
#272=CYLINDRICAL_SURFACE('',#13283,0.0005);
#273=CYLINDRICAL_SURFACE('',#13285,0.0005);
#274=CYLINDRICAL_SURFACE('',#13287,0.0005);
#275=CYLINDRICAL_SURFACE('',#13289,0.0005);
#276=CYLINDRICAL_SURFACE('',#13292,0.0005);
#277=CYLINDRICAL_SURFACE('',#13294,0.000500000000000006);
#278=CYLINDRICAL_SURFACE('',#13296,0.000500000000000007);
#279=CYLINDRICAL_SURFACE('',#13298,0.0005);
#280=CYLINDRICAL_SURFACE('',#13300,0.0005);
#281=CYLINDRICAL_SURFACE('',#13302,0.0005);
#282=CYLINDRICAL_SURFACE('',#13304,0.0005);
#283=CYLINDRICAL_SURFACE('',#13306,0.0005);
#284=CYLINDRICAL_SURFACE('',#13308,0.0005);
#285=CYLINDRICAL_SURFACE('',#13310,0.0005);
#286=CYLINDRICAL_SURFACE('',#13312,0.0005);
#287=CYLINDRICAL_SURFACE('',#13314,0.0005);
#288=CYLINDRICAL_SURFACE('',#13316,0.0005);
#289=CYLINDRICAL_SURFACE('',#13318,0.0005);
#290=CYLINDRICAL_SURFACE('',#13320,0.0005);
#291=CYLINDRICAL_SURFACE('',#13322,0.0005);
#292=CYLINDRICAL_SURFACE('',#13324,0.0005);
#293=CYLINDRICAL_SURFACE('',#13326,0.0005);
#294=CYLINDRICAL_SURFACE('',#13328,0.0005);
#295=CYLINDRICAL_SURFACE('',#13330,0.0005);
#296=CYLINDRICAL_SURFACE('',#13332,0.0005);
#297=CYLINDRICAL_SURFACE('',#13334,0.0005);
#298=CYLINDRICAL_SURFACE('',#13336,0.0005);
#299=CYLINDRICAL_SURFACE('',#13338,0.0005);
#300=CYLINDRICAL_SURFACE('',#13339,0.00105);
#301=CYLINDRICAL_SURFACE('',#13340,0.00105);
#302=CYLINDRICAL_SURFACE('',#13341,0.00105);
#303=CYLINDRICAL_SURFACE('',#13342,0.00105);
#304=CYLINDRICAL_SURFACE('',#13348,0.0043455844122716);
#305=CYLINDRICAL_SURFACE('',#13350,0.0043455844122716);
#306=CYLINDRICAL_SURFACE('',#13352,0.0043455844122716);
#307=CYLINDRICAL_SURFACE('',#13354,0.00434558441227158);
#308=CIRCLE('',#12170,0.00434558441227158);
#309=CIRCLE('',#12171,0.0043455844122716);
#310=CIRCLE('',#12172,0.0043455844122716);
#311=CIRCLE('',#12173,0.0043455844122716);
#312=CIRCLE('',#12174,0.00105);
#313=CIRCLE('',#12175,0.00105);
#314=CIRCLE('',#12176,0.00105);
#315=CIRCLE('',#12177,0.00105);
#316=CIRCLE('',#12178,0.0005);
#317=CIRCLE('',#12179,0.0005);
#318=CIRCLE('',#12180,0.0005);
#319=CIRCLE('',#12181,0.0005);
#320=CIRCLE('',#12182,0.0005);
#321=CIRCLE('',#12183,0.0005);
#322=CIRCLE('',#12184,0.0005);
#323=CIRCLE('',#12185,0.0005);
#324=CIRCLE('',#12186,0.0005);
#325=CIRCLE('',#12187,0.000500000000000007);
#326=CIRCLE('',#12188,0.000500000000000006);
#327=CIRCLE('',#12189,0.0005);
#328=CIRCLE('',#12190,0.0005);
#329=CIRCLE('',#12191,0.0005);
#330=CIRCLE('',#12192,0.0005);
#331=CIRCLE('',#12193,0.0005);
#332=CIRCLE('',#12194,0.000499999999999994);
#333=CIRCLE('',#12195,0.0005);
#334=CIRCLE('',#12196,0.0005);
#335=CIRCLE('',#12197,0.0005);
#336=CIRCLE('',#12198,0.0005);
#337=CIRCLE('',#12199,0.0005);
#338=CIRCLE('',#12200,0.0005);
#339=CIRCLE('',#12201,0.0005);
#340=CIRCLE('',#12202,0.0005);
#341=CIRCLE('',#12203,0.0005);
#342=CIRCLE('',#12204,0.000500000000000006);
#343=CIRCLE('',#12205,0.000500000000000007);
#344=CIRCLE('',#12206,0.0005);
#345=CIRCLE('',#12207,0.0005);
#346=CIRCLE('',#12208,0.0005);
#347=CIRCLE('',#12209,0.0005);
#348=CIRCLE('',#12210,0.0005);
#349=CIRCLE('',#12211,0.0005);
#350=CIRCLE('',#12212,0.0005);
#351=CIRCLE('',#12213,0.0005);
#352=CIRCLE('',#12214,0.000500000000000007);
#353=CIRCLE('',#12215,0.0005);
#354=CIRCLE('',#12216,0.0005);
#355=CIRCLE('',#12217,0.0005);
#356=CIRCLE('',#12218,0.0005);
#357=CIRCLE('',#12219,0.0005);
#358=CIRCLE('',#12220,0.0005);
#359=CIRCLE('',#12221,0.0005);
#360=CIRCLE('',#12222,0.0005);
#361=CIRCLE('',#12223,0.0005);
#362=CIRCLE('',#12224,0.000499999999999988);
#363=CIRCLE('',#12225,0.000499999999999989);
#364=CIRCLE('',#12226,0.0005);
#365=CIRCLE('',#12227,0.0005);
#366=CIRCLE('',#12228,0.0005);
#367=CIRCLE('',#12229,0.0005);
#368=CIRCLE('',#12230,0.0005);
#369=CIRCLE('',#12231,0.0005);
#370=CIRCLE('',#12232,0.0005);
#371=CIRCLE('',#12233,0.0005);
#372=CIRCLE('',#12234,0.0005);
#373=CIRCLE('',#12235,0.0005);
#374=CIRCLE('',#12236,0.0005);
#375=CIRCLE('',#12237,0.0005);
#376=CIRCLE('',#12238,0.0005);
#377=CIRCLE('',#12239,0.0005);
#378=CIRCLE('',#12240,0.0005);
#379=CIRCLE('',#12241,0.0005);
#380=CIRCLE('',#12242,0.0005);
#381=CIRCLE('',#12243,0.0005);
#382=CIRCLE('',#12244,0.0005);
#383=CIRCLE('',#12245,0.0005);
#384=CIRCLE('',#12246,0.0005);
#385=CIRCLE('',#12247,0.0005);
#386=CIRCLE('',#12248,0.0005);
#387=CIRCLE('',#12249,0.0005);
#388=CIRCLE('',#12250,0.000499999999999988);
#389=CIRCLE('',#12251,0.000499999999999988);
#390=CIRCLE('',#12252,0.000500000000000025);
#391=CIRCLE('',#12253,0.000500000000000024);
#392=CIRCLE('',#12254,0.00049999999999999);
#393=CIRCLE('',#12255,0.00049999999999999);
#394=CIRCLE('',#12256,0.0005);
#395=CIRCLE('',#12257,0.0005);
#396=CIRCLE('',#12258,0.0005);
#397=CIRCLE('',#12259,0.0005);
#398=CIRCLE('',#12260,0.0005);
#399=CIRCLE('',#12261,0.0005);
#400=CIRCLE('',#12262,0.0005);
#401=CIRCLE('',#12263,0.0005);
#402=CIRCLE('',#12264,0.000500000000000025);
#403=CIRCLE('',#12265,0.000500000000000024);
#404=CIRCLE('',#12266,0.0005);
#405=CIRCLE('',#12267,0.0005);
#406=CIRCLE('',#12268,0.0005);
#407=CIRCLE('',#12269,0.0005);
#408=CIRCLE('',#12270,0.0005);
#409=CIRCLE('',#12271,0.0005);
#410=CIRCLE('',#12272,0.0005);
#411=CIRCLE('',#12273,0.0005);
#412=CIRCLE('',#12274,0.0005);
#413=CIRCLE('',#12275,0.0005);
#414=CIRCLE('',#12276,0.0005);
#415=CIRCLE('',#12277,0.0005);
#416=CIRCLE('',#12278,0.000499999999999988);
#417=CIRCLE('',#12279,0.000499999999999988);
#418=CIRCLE('',#12280,0.0005);
#419=CIRCLE('',#12281,0.0005);
#420=CIRCLE('',#12282,0.0005);
#421=CIRCLE('',#12283,0.0005);
#422=CIRCLE('',#12284,0.000500000000000007);
#423=CIRCLE('',#12285,0.000500000000000007);
#424=CIRCLE('',#12286,0.0005);
#425=CIRCLE('',#12287,0.0005);
#426=CIRCLE('',#12288,0.000500000000000013);
#427=CIRCLE('',#12289,0.000500000000000013);
#428=CIRCLE('',#12290,0.000499999999999989);
#429=CIRCLE('',#12291,0.000499999999999989);
#430=CIRCLE('',#12292,0.0005);
#431=CIRCLE('',#12293,0.0005);
#432=CIRCLE('',#12294,0.0005);
#433=CIRCLE('',#12295,0.000500000000000007);
#434=CIRCLE('',#12296,0.000500000000000007);
#435=CIRCLE('',#12297,0.0005);
#436=CIRCLE('',#12298,0.0005);
#437=CIRCLE('',#12299,0.0005);
#438=CIRCLE('',#12300,0.000499999999999994);
#439=CIRCLE('',#12301,0.000499999999999994);
#440=CIRCLE('',#12302,0.0005);
#441=CIRCLE('',#12303,0.0005);
#442=CIRCLE('',#12304,0.000500000000000012);
#443=CIRCLE('',#12305,0.000500000000000012);
#444=CIRCLE('',#12306,0.000500000000000018);
#445=CIRCLE('',#12307,0.000500000000000013);
#446=CIRCLE('',#12308,0.000499999999999988);
#447=CIRCLE('',#12309,0.0005);
#448=CIRCLE('',#12310,0.0005);
#449=CIRCLE('',#12311,0.0005);
#450=CIRCLE('',#12312,0.0005);
#451=CIRCLE('',#12313,0.0005);
#452=CIRCLE('',#12314,0.0005);
#453=CIRCLE('',#12315,0.0005);
#454=CIRCLE('',#12316,0.0005);
#455=CIRCLE('',#12317,0.0005);
#456=CIRCLE('',#12318,0.00548026);
#457=CIRCLE('',#12319,0.00548026);
#458=CIRCLE('',#12320,0.00548026);
#459=CIRCLE('',#12321,0.00548026);
#460=CIRCLE('',#12322,0.0005);
#461=CIRCLE('',#12323,0.000500000000000025);
#462=CIRCLE('',#12324,0.000500000000000025);
#463=CIRCLE('',#12325,0.0005);
#464=CIRCLE('',#12326,0.000500000000000007);
#465=CIRCLE('',#12327,0.0005);
#466=CIRCLE('',#12328,0.0005);
#467=CIRCLE('',#12329,0.000500000000000007);
#468=CIRCLE('',#12330,0.000500000000000007);
#469=CIRCLE('',#12331,0.000500000000000007);
#470=CIRCLE('',#12332,0.0005);
#471=CIRCLE('',#12333,0.0005);
#472=CIRCLE('',#12334,0.0005);
#473=CIRCLE('',#12335,0.0005);
#474=CIRCLE('',#12336,0.0005);
#475=CIRCLE('',#12337,0.0005);
#476=CIRCLE('',#12338,0.0005);
#477=CIRCLE('',#12339,0.0005);
#478=CIRCLE('',#12340,0.0005);
#479=CIRCLE('',#12341,0.0005);
#480=CIRCLE('',#12342,0.0005);
#481=CIRCLE('',#12343,0.0005);
#482=CIRCLE('',#12344,0.0005);
#483=CIRCLE('',#12345,0.0005);
#484=CIRCLE('',#12346,0.0005);
#485=CIRCLE('',#12347,0.0005);
#486=CIRCLE('',#12348,0.0005);
#487=CIRCLE('',#12349,0.0005);
#488=CIRCLE('',#12350,0.0005);
#489=CIRCLE('',#12351,0.0005);
#490=CIRCLE('',#12352,0.0005);
#491=CIRCLE('',#12353,0.0005);
#492=CIRCLE('',#12354,0.0005);
#493=CIRCLE('',#12355,0.000499999999999994);
#494=CIRCLE('',#12356,0.0005);
#495=CIRCLE('',#12357,0.0005);
#496=CIRCLE('',#12358,0.0005);
#497=CIRCLE('',#12359,0.0005);
#498=CIRCLE('',#12360,0.0005);
#499=CIRCLE('',#12361,0.0005);
#500=CIRCLE('',#12362,0.0005);
#501=CIRCLE('',#12363,0.0005);
#502=CIRCLE('',#12364,0.000500000000000011);
#503=CIRCLE('',#12365,0.000500000000000011);
#504=CIRCLE('',#12366,0.0005);
#505=CIRCLE('',#12367,0.0005);
#506=CIRCLE('',#12368,0.0005);
#507=CIRCLE('',#12369,0.0005);
#508=CIRCLE('',#12370,0.0005);
#509=CIRCLE('',#12371,0.0005);
#510=CIRCLE('',#12372,0.000499999999999976);
#511=CIRCLE('',#12373,0.000499999999999976);
#512=CIRCLE('',#12374,0.0005);
#513=CIRCLE('',#12375,0.0005);
#514=CIRCLE('',#12376,0.0005);
#515=CIRCLE('',#12377,0.0005);
#516=CIRCLE('',#12378,0.0005);
#517=CIRCLE('',#12379,0.0005);
#518=CIRCLE('',#12380,0.000500000000000024);
#519=CIRCLE('',#12381,0.000500000000000024);
#520=CIRCLE('',#12382,0.0005);
#521=CIRCLE('',#12383,0.0005);
#522=CIRCLE('',#12384,0.0005);
#523=CIRCLE('',#12385,0.0005);
#524=CIRCLE('',#12386,0.0005);
#525=CIRCLE('',#12387,0.0005);
#526=CIRCLE('',#12388,0.0005);
#527=CIRCLE('',#12389,0.0005);
#528=CIRCLE('',#12390,0.0005);
#529=CIRCLE('',#12391,0.0005);
#530=CIRCLE('',#12392,0.0005);
#531=CIRCLE('',#12393,0.0005);
#532=CIRCLE('',#12394,0.0005);
#533=CIRCLE('',#12395,0.0005);
#534=CIRCLE('',#12396,0.000500000000000024);
#535=CIRCLE('',#12397,0.000500000000000025);
#536=CIRCLE('',#12398,0.0005);
#537=CIRCLE('',#12399,0.0005);
#538=CIRCLE('',#12400,0.0005);
#539=CIRCLE('',#12401,0.0005);
#540=CIRCLE('',#12402,0.0005);
#541=CIRCLE('',#12403,0.0005);
#542=CIRCLE('',#12404,0.0005);
#543=CIRCLE('',#12405,0.0005);
#544=CIRCLE('',#12406,0.000499999999999994);
#545=CIRCLE('',#12407,0.000499999999999994);
#546=CIRCLE('',#12408,0.000500000000000007);
#547=CIRCLE('',#12409,0.000500000000000007);
#548=CIRCLE('',#12410,0.0005);
#549=CIRCLE('',#12411,0.0005);
#550=CIRCLE('',#12412,0.0005);
#551=CIRCLE('',#12413,0.0005);
#552=CIRCLE('',#12414,0.000500000000000007);
#553=CIRCLE('',#12415,0.000500000000000009);
#554=CIRCLE('',#12416,0.0005);
#555=CIRCLE('',#12417,0.000499999999999994);
#556=CIRCLE('',#12418,0.0005);
#557=CIRCLE('',#12419,0.0005);
#558=CIRCLE('',#12420,0.0005);
#559=CIRCLE('',#12421,0.0005);
#560=CIRCLE('',#12422,0.0005);
#561=CIRCLE('',#12423,0.0005);
#562=CIRCLE('',#12424,0.000500000000000011);
#563=CIRCLE('',#12425,0.000500000000000011);
#564=CIRCLE('',#12426,0.0005);
#565=CIRCLE('',#12427,0.0005);
#566=CIRCLE('',#12428,0.0005);
#567=CIRCLE('',#12429,0.0005);
#568=CIRCLE('',#12430,0.0005);
#569=CIRCLE('',#12431,0.0005);
#570=CIRCLE('',#12432,0.0005);
#571=CIRCLE('',#12433,0.0005);
#572=CIRCLE('',#12434,0.0005);
#573=CIRCLE('',#12435,0.0005);
#574=CIRCLE('',#12436,0.0005);
#575=CIRCLE('',#12437,0.0005);
#576=CIRCLE('',#12438,0.0005);
#577=CIRCLE('',#12439,0.0005);
#578=CIRCLE('',#12440,0.0005);
#579=CIRCLE('',#12441,0.0005);
#580=CIRCLE('',#12442,0.0005);
#581=CIRCLE('',#12443,0.0005);
#582=CIRCLE('',#12444,0.0005);
#583=CIRCLE('',#12445,0.0005);
#584=CIRCLE('',#12446,0.0005);
#585=CIRCLE('',#12447,0.0005);
#586=CIRCLE('',#12448,0.0005);
#587=CIRCLE('',#12449,0.0005);
#588=CIRCLE('',#12450,0.0005);
#589=CIRCLE('',#12451,0.0005);
#590=CIRCLE('',#12452,0.0005);
#591=CIRCLE('',#12453,0.0005);
#592=CIRCLE('',#12454,0.0005);
#593=CIRCLE('',#12455,0.0005);
#594=CIRCLE('',#12456,0.0005);
#595=CIRCLE('',#12457,0.0005);
#596=CIRCLE('',#12458,0.0005);
#597=CIRCLE('',#12459,0.0005);
#598=CIRCLE('',#12460,0.0005);
#599=CIRCLE('',#12461,0.0005);
#600=CIRCLE('',#12462,0.0005);
#601=CIRCLE('',#12463,0.0005);
#602=CIRCLE('',#12464,0.0005);
#603=CIRCLE('',#12465,0.0005);
#604=CIRCLE('',#12467,0.00434558441227158);
#605=CIRCLE('',#12468,0.0043455844122716);
#606=CIRCLE('',#12469,0.0043455844122716);
#607=CIRCLE('',#12470,0.0043455844122716);
#608=CIRCLE('',#12471,0.0005);
#609=CIRCLE('',#12472,0.0005);
#610=CIRCLE('',#12473,0.0005);
#611=CIRCLE('',#12474,0.0005);
#612=CIRCLE('',#12475,0.0005);
#613=CIRCLE('',#12476,0.0005);
#614=CIRCLE('',#12477,0.0005);
#615=CIRCLE('',#12478,0.0005);
#616=CIRCLE('',#12479,0.0005);
#617=CIRCLE('',#12480,0.0005);
#618=CIRCLE('',#12481,0.0005);
#619=CIRCLE('',#12482,0.0005);
#620=CIRCLE('',#12483,0.0005);
#621=CIRCLE('',#12484,0.0005);
#622=CIRCLE('',#12485,0.0005);
#623=CIRCLE('',#12486,0.0005);
#624=CIRCLE('',#12487,0.0005);
#625=CIRCLE('',#12488,0.0005);
#626=CIRCLE('',#12489,0.0005);
#627=CIRCLE('',#12490,0.0005);
#628=CIRCLE('',#12491,0.0005);
#629=CIRCLE('',#12492,0.0005);
#630=CIRCLE('',#12493,0.000500000000000006);
#631=CIRCLE('',#12494,0.000500000000000007);
#632=CIRCLE('',#12495,0.0005);
#633=CIRCLE('',#12496,0.0005);
#634=CIRCLE('',#12497,0.0005);
#635=CIRCLE('',#12498,0.0005);
#636=CIRCLE('',#12499,0.000499999999999994);
#637=CIRCLE('',#12500,0.0005);
#638=CIRCLE('',#12501,0.0005);
#639=CIRCLE('',#12502,0.0005);
#640=CIRCLE('',#12503,0.0005);
#641=CIRCLE('',#12504,0.0005);
#642=CIRCLE('',#12505,0.0005);
#643=CIRCLE('',#12506,0.0005);
#644=CIRCLE('',#12507,0.0005);
#645=CIRCLE('',#12508,0.0005);
#646=CIRCLE('',#12509,0.0005);
#647=CIRCLE('',#12510,0.0005);
#648=CIRCLE('',#12511,0.0005);
#649=CIRCLE('',#12512,0.0005);
#650=CIRCLE('',#12513,0.0005);
#651=CIRCLE('',#12514,0.0005);
#652=CIRCLE('',#12515,0.0005);
#653=CIRCLE('',#12516,0.000500000000000007);
#654=CIRCLE('',#12517,0.000500000000000006);
#655=CIRCLE('',#12518,0.0005);
#656=CIRCLE('',#12519,0.0005);
#657=CIRCLE('',#12520,0.0005);
#658=CIRCLE('',#12521,0.0005);
#659=CIRCLE('',#12522,0.0005);
#660=CIRCLE('',#12523,0.0005);
#661=CIRCLE('',#12524,0.0005);
#662=CIRCLE('',#12525,0.0005);
#663=CIRCLE('',#12526,0.0005);
#664=CIRCLE('',#12527,0.0005);
#665=CIRCLE('',#12528,0.0005);
#666=CIRCLE('',#12529,0.0005);
#667=CIRCLE('',#12530,0.0005);
#668=CIRCLE('',#12531,0.0005);
#669=CIRCLE('',#12532,0.0005);
#670=CIRCLE('',#12533,0.0005);
#671=CIRCLE('',#12534,0.0005);
#672=CIRCLE('',#12535,0.0005);
#673=CIRCLE('',#12536,0.0005);
#674=CIRCLE('',#12537,0.0005);
#675=CIRCLE('',#12538,0.0005);
#676=CIRCLE('',#12539,0.000500000000000007);
#677=CIRCLE('',#12540,0.0005);
#678=CIRCLE('',#12541,0.0005);
#679=CIRCLE('',#12542,0.0005);
#680=CIRCLE('',#12543,0.0005);
#681=CIRCLE('',#12544,0.0005);
#682=CIRCLE('',#12545,0.0005);
#683=CIRCLE('',#12546,0.0005);
#684=CIRCLE('',#12547,0.0005);
#685=CIRCLE('',#12548,0.0005);
#686=CIRCLE('',#12549,0.0005);
#687=CIRCLE('',#12550,0.0005);
#688=CIRCLE('',#12551,0.0005);
#689=CIRCLE('',#12552,0.0005);
#690=CIRCLE('',#12553,0.0005);
#691=CIRCLE('',#12554,0.0005);
#692=CIRCLE('',#12555,0.0005);
#693=CIRCLE('',#12556,0.000499999999999989);
#694=CIRCLE('',#12557,0.000499999999999988);
#695=CIRCLE('',#12558,0.0005);
#696=CIRCLE('',#12559,0.000500000000000007);
#697=CIRCLE('',#12560,0.000499999999999994);
#698=CIRCLE('',#12561,0.0005);
#699=CIRCLE('',#12562,0.000500000000000009);
#700=CIRCLE('',#12563,0.0005);
#701=CIRCLE('',#12564,0.0005);
#702=CIRCLE('',#12565,0.0005);
#703=CIRCLE('',#12566,0.0005);
#704=CIRCLE('',#12567,0.0005);
#705=CIRCLE('',#12568,0.0005);
#706=CIRCLE('',#12569,0.0005);
#707=CIRCLE('',#12570,0.0005);
#708=CIRCLE('',#12571,0.0005);
#709=CIRCLE('',#12572,0.0005);
#710=CIRCLE('',#12573,0.0005);
#711=CIRCLE('',#12574,0.0005);
#712=CIRCLE('',#12575,0.0005);
#713=CIRCLE('',#12576,0.0005);
#714=CIRCLE('',#12577,0.0005);
#715=CIRCLE('',#12578,0.0005);
#716=CIRCLE('',#12579,0.0005);
#717=CIRCLE('',#12580,0.0005);
#718=CIRCLE('',#12581,0.0005);
#719=CIRCLE('',#12582,0.0005);
#720=CIRCLE('',#12583,0.0005);
#721=CIRCLE('',#12584,0.0005);
#722=CIRCLE('',#12585,0.0005);
#723=CIRCLE('',#12586,0.0005);
#724=CIRCLE('',#12587,0.0005);
#725=CIRCLE('',#12588,0.0005);
#726=CIRCLE('',#12589,0.0005);
#727=CIRCLE('',#12590,0.0005);
#728=CIRCLE('',#12591,0.0005);
#729=CIRCLE('',#12592,0.000500000000000025);
#730=CIRCLE('',#12593,0.000500000000000024);
#731=CIRCLE('',#12594,0.0005);
#732=CIRCLE('',#12595,0.0005);
#733=CIRCLE('',#12596,0.0005);
#734=CIRCLE('',#12597,0.0005);
#735=CIRCLE('',#12598,0.0005);
#736=CIRCLE('',#12599,0.0005);
#737=CIRCLE('',#12600,0.0005);
#738=CIRCLE('',#12601,0.0005);
#739=CIRCLE('',#12602,0.0005);
#740=CIRCLE('',#12603,0.000499999999999988);
#741=CIRCLE('',#12604,0.000500000000000024);
#742=CIRCLE('',#12605,0.000500000000000025);
#743=CIRCLE('',#12606,0.000499999999999988);
#744=CIRCLE('',#12607,0.0005);
#745=CIRCLE('',#12608,0.0005);
#746=CIRCLE('',#12609,0.0005);
#747=CIRCLE('',#12610,0.0005);
#748=CIRCLE('',#12611,0.00049999999999999);
#749=CIRCLE('',#12612,0.0005);
#750=CIRCLE('',#12613,0.0005);
#751=CIRCLE('',#12614,0.00049999999999999);
#752=CIRCLE('',#12615,0.0005);
#753=CIRCLE('',#12616,0.0005);
#754=CIRCLE('',#12617,0.0005);
#755=CIRCLE('',#12618,0.0005);
#756=CIRCLE('',#12619,0.0005);
#757=CIRCLE('',#12620,0.0005);
#758=CIRCLE('',#12621,0.0005);
#759=CIRCLE('',#12622,0.0005);
#760=CIRCLE('',#12623,0.0005);
#761=CIRCLE('',#12624,0.000500000000000024);
#762=CIRCLE('',#12625,0.000500000000000024);
#763=CIRCLE('',#12626,0.0005);
#764=CIRCLE('',#12627,0.0005);
#765=CIRCLE('',#12628,0.000500000000000024);
#766=CIRCLE('',#12629,0.000500000000000025);
#767=CIRCLE('',#12630,0.0005);
#768=CIRCLE('',#12631,0.0005);
#769=CIRCLE('',#12632,0.0005);
#770=CIRCLE('',#12633,0.0005);
#771=CIRCLE('',#12634,0.0005);
#772=CIRCLE('',#12635,0.0005);
#773=CIRCLE('',#12636,0.0005);
#774=CIRCLE('',#12637,0.0005);
#775=CIRCLE('',#12638,0.0005);
#776=CIRCLE('',#12639,0.0005);
#777=CIRCLE('',#12640,0.0005);
#778=CIRCLE('',#12641,0.0005);
#779=CIRCLE('',#12642,0.0005);
#780=CIRCLE('',#12643,0.0005);
#781=CIRCLE('',#12644,0.0005);
#782=CIRCLE('',#12645,0.0005);
#783=CIRCLE('',#12646,0.0005);
#784=CIRCLE('',#12647,0.0005);
#785=CIRCLE('',#12648,0.000500000000000011);
#786=CIRCLE('',#12649,0.000500000000000011);
#787=CIRCLE('',#12650,0.0005);
#788=CIRCLE('',#12651,0.000499999999999988);
#789=CIRCLE('',#12652,0.0005);
#790=CIRCLE('',#12653,0.0005);
#791=CIRCLE('',#12654,0.000499999999999988);
#792=CIRCLE('',#12655,0.0005);
#793=CIRCLE('',#12656,0.0005);
#794=CIRCLE('',#12657,0.0005);
#795=CIRCLE('',#12658,0.0005);
#796=CIRCLE('',#12659,0.0005);
#797=CIRCLE('',#12660,0.000500000000000007);
#798=CIRCLE('',#12661,0.000500000000000007);
#799=CIRCLE('',#12662,0.0005);
#800=CIRCLE('',#12663,0.0005);
#801=CIRCLE('',#12664,0.0005);
#802=CIRCLE('',#12665,0.0005);
#803=CIRCLE('',#12666,0.000499999999999994);
#804=CIRCLE('',#12667,0.0005);
#805=CIRCLE('',#12668,0.000500000000000013);
#806=CIRCLE('',#12669,0.000500000000000013);
#807=CIRCLE('',#12670,0.0005);
#808=CIRCLE('',#12671,0.0005);
#809=CIRCLE('',#12672,0.0005);
#810=CIRCLE('',#12673,0.0005);
#811=CIRCLE('',#12674,0.0005);
#812=CIRCLE('',#12675,0.000499999999999989);
#813=CIRCLE('',#12676,0.0005);
#814=CIRCLE('',#12677,0.0005);
#815=CIRCLE('',#12678,0.000499999999999989);
#816=CIRCLE('',#12679,0.0005);
#817=CIRCLE('',#12680,0.0005);
#818=CIRCLE('',#12681,0.0005);
#819=CIRCLE('',#12682,0.0005);
#820=CIRCLE('',#12683,0.0005);
#821=CIRCLE('',#12684,0.0005);
#822=CIRCLE('',#12685,0.000500000000000007);
#823=CIRCLE('',#12686,0.000500000000000007);
#824=CIRCLE('',#12687,0.0005);
#825=CIRCLE('',#12688,0.0005);
#826=CIRCLE('',#12689,0.0005);
#827=CIRCLE('',#12690,0.0005);
#828=CIRCLE('',#12691,0.0005);
#829=CIRCLE('',#12692,0.000500000000000012);
#830=CIRCLE('',#12693,0.000500000000000012);
#831=CIRCLE('',#12694,0.0005);
#832=CIRCLE('',#12695,0.0005);
#833=CIRCLE('',#12696,0.0005);
#834=CIRCLE('',#12697,0.0005);
#835=CIRCLE('',#12698,0.0005);
#836=CIRCLE('',#12699,0.000500000000000018);
#837=CIRCLE('',#12700,0.0005);
#838=CIRCLE('',#12701,0.000499999999999988);
#839=CIRCLE('',#12702,0.000500000000000013);
#840=CIRCLE('',#12703,0.000500000000000007);
#841=CIRCLE('',#12704,0.0005);
#842=CIRCLE('',#12705,0.0005);
#843=CIRCLE('',#12706,0.000500000000000007);
#844=CIRCLE('',#12707,0.0005);
#845=CIRCLE('',#12708,0.0005);
#846=CIRCLE('',#12709,0.0005);
#847=CIRCLE('',#12710,0.0005);
#848=CIRCLE('',#12711,0.000500000000000007);
#849=CIRCLE('',#12712,0.000500000000000007);
#850=CIRCLE('',#12713,0.0005);
#851=CIRCLE('',#12714,0.0005);
#852=CIRCLE('',#12715,0.0005);
#853=CIRCLE('',#12716,0.0005);
#854=CIRCLE('',#12717,0.0005);
#855=CIRCLE('',#12718,0.0005);
#856=CIRCLE('',#12719,0.0005);
#857=CIRCLE('',#12720,0.0005);
#858=CIRCLE('',#12721,0.000500000000000025);
#859=CIRCLE('',#12722,0.000500000000000025);
#860=CIRCLE('',#12723,0.00548026);
#861=CIRCLE('',#12724,0.00548026);
#862=CIRCLE('',#12725,0.00548026);
#863=CIRCLE('',#12726,0.00548026);
#864=CIRCLE('',#12727,0.0005);
#865=CIRCLE('',#12728,0.000499999999999994);
#866=CIRCLE('',#12729,0.000499999999999994);
#867=CIRCLE('',#12730,0.0005);
#868=CIRCLE('',#12731,0.0005);
#869=CIRCLE('',#12732,0.0005);
#870=CIRCLE('',#12733,0.0005);
#871=CIRCLE('',#12734,0.0005);
#872=CIRCLE('',#12735,0.0005);
#873=CIRCLE('',#12736,0.0005);
#874=CIRCLE('',#12737,0.0005);
#875=CIRCLE('',#12738,0.0005);
#876=CIRCLE('',#12739,0.0005);
#877=CIRCLE('',#12740,0.000499999999999976);
#878=CIRCLE('',#12741,0.000499999999999976);
#879=CIRCLE('',#12742,0.0005);
#880=CIRCLE('',#12743,0.0005);
#881=CIRCLE('',#12744,0.0005);
#882=CIRCLE('',#12745,0.0005);
#883=CIRCLE('',#12746,0.0005);
#884=CIRCLE('',#12747,0.000499999999999994);
#885=CIRCLE('',#12748,0.000500000000000007);
#886=CIRCLE('',#12749,0.000500000000000007);
#887=CIRCLE('',#12750,0.000499999999999994);
#888=CIRCLE('',#12751,0.0005);
#889=CIRCLE('',#12752,0.000500000000000011);
#890=CIRCLE('',#12753,0.000500000000000011);
#891=CIRCLE('',#12754,0.0005);
#892=CIRCLE('',#12755,0.0005);
#893=CIRCLE('',#12756,0.0005);
#894=CIRCLE('',#12757,0.0005);
#895=CIRCLE('',#12758,0.0005);
#896=CIRCLE('',#12759,0.00105);
#897=CIRCLE('',#12760,0.00105);
#898=CIRCLE('',#12761,0.00105);
#899=CIRCLE('',#12762,0.00105);
#900=ORIENTED_EDGE('',*,*,#4444,.F.);
#901=ORIENTED_EDGE('',*,*,#4445,.F.);
#902=ORIENTED_EDGE('',*,*,#4446,.F.);
#903=ORIENTED_EDGE('',*,*,#4447,.F.);
#904=ORIENTED_EDGE('',*,*,#4448,.T.);
#905=ORIENTED_EDGE('',*,*,#4449,.F.);
#906=ORIENTED_EDGE('',*,*,#4450,.T.);
#907=ORIENTED_EDGE('',*,*,#4451,.F.);
#908=ORIENTED_EDGE('',*,*,#4452,.F.);
#909=ORIENTED_EDGE('',*,*,#4453,.F.);
#910=ORIENTED_EDGE('',*,*,#4454,.F.);
#911=ORIENTED_EDGE('',*,*,#4455,.F.);
#912=ORIENTED_EDGE('',*,*,#4456,.T.);
#913=ORIENTED_EDGE('',*,*,#4457,.F.);
#914=ORIENTED_EDGE('',*,*,#4458,.T.);
#915=ORIENTED_EDGE('',*,*,#4459,.F.);
#916=ORIENTED_EDGE('',*,*,#4460,.F.);
#917=ORIENTED_EDGE('',*,*,#4461,.F.);
#918=ORIENTED_EDGE('',*,*,#4462,.F.);
#919=ORIENTED_EDGE('',*,*,#4463,.F.);
#920=ORIENTED_EDGE('',*,*,#4464,.T.);
#921=ORIENTED_EDGE('',*,*,#4465,.F.);
#922=ORIENTED_EDGE('',*,*,#4466,.T.);
#923=ORIENTED_EDGE('',*,*,#4467,.F.);
#924=ORIENTED_EDGE('',*,*,#4468,.F.);
#925=ORIENTED_EDGE('',*,*,#4469,.F.);
#926=ORIENTED_EDGE('',*,*,#4470,.F.);
#927=ORIENTED_EDGE('',*,*,#4471,.F.);
#928=ORIENTED_EDGE('',*,*,#4472,.T.);
#929=ORIENTED_EDGE('',*,*,#4473,.F.);
#930=ORIENTED_EDGE('',*,*,#4474,.T.);
#931=ORIENTED_EDGE('',*,*,#4475,.F.);
#932=ORIENTED_EDGE('',*,*,#4476,.F.);
#933=ORIENTED_EDGE('',*,*,#4477,.F.);
#934=ORIENTED_EDGE('',*,*,#4478,.F.);
#935=ORIENTED_EDGE('',*,*,#4479,.F.);
#936=ORIENTED_EDGE('',*,*,#4480,.F.);
#937=ORIENTED_EDGE('',*,*,#4481,.F.);
#938=ORIENTED_EDGE('',*,*,#4482,.F.);
#939=ORIENTED_EDGE('',*,*,#4483,.F.);
#940=ORIENTED_EDGE('',*,*,#4484,.T.);
#941=ORIENTED_EDGE('',*,*,#4485,.F.);
#942=ORIENTED_EDGE('',*,*,#4486,.T.);
#943=ORIENTED_EDGE('',*,*,#4487,.F.);
#944=ORIENTED_EDGE('',*,*,#4488,.T.);
#945=ORIENTED_EDGE('',*,*,#4489,.F.);
#946=ORIENTED_EDGE('',*,*,#4490,.T.);
#947=ORIENTED_EDGE('',*,*,#4491,.F.);
#948=ORIENTED_EDGE('',*,*,#4492,.F.);
#949=ORIENTED_EDGE('',*,*,#4493,.F.);
#950=ORIENTED_EDGE('',*,*,#4494,.F.);
#951=ORIENTED_EDGE('',*,*,#4495,.F.);
#952=ORIENTED_EDGE('',*,*,#4496,.T.);
#953=ORIENTED_EDGE('',*,*,#4497,.F.);
#954=ORIENTED_EDGE('',*,*,#4498,.T.);
#955=ORIENTED_EDGE('',*,*,#4499,.F.);
#956=ORIENTED_EDGE('',*,*,#4500,.F.);
#957=ORIENTED_EDGE('',*,*,#4501,.F.);
#958=ORIENTED_EDGE('',*,*,#4502,.F.);
#959=ORIENTED_EDGE('',*,*,#4503,.F.);
#960=ORIENTED_EDGE('',*,*,#4504,.T.);
#961=ORIENTED_EDGE('',*,*,#4505,.F.);
#962=ORIENTED_EDGE('',*,*,#4506,.T.);
#963=ORIENTED_EDGE('',*,*,#4507,.F.);
#964=ORIENTED_EDGE('',*,*,#4508,.F.);
#965=ORIENTED_EDGE('',*,*,#4509,.F.);
#966=ORIENTED_EDGE('',*,*,#4510,.F.);
#967=ORIENTED_EDGE('',*,*,#4511,.F.);
#968=ORIENTED_EDGE('',*,*,#4512,.T.);
#969=ORIENTED_EDGE('',*,*,#4513,.F.);
#970=ORIENTED_EDGE('',*,*,#4514,.T.);
#971=ORIENTED_EDGE('',*,*,#4515,.F.);
#972=ORIENTED_EDGE('',*,*,#4516,.F.);
#973=ORIENTED_EDGE('',*,*,#4517,.F.);
#974=ORIENTED_EDGE('',*,*,#4518,.F.);
#975=ORIENTED_EDGE('',*,*,#4519,.F.);
#976=ORIENTED_EDGE('',*,*,#4520,.T.);
#977=ORIENTED_EDGE('',*,*,#4521,.F.);
#978=ORIENTED_EDGE('',*,*,#4522,.T.);
#979=ORIENTED_EDGE('',*,*,#4523,.F.);
#980=ORIENTED_EDGE('',*,*,#4524,.F.);
#981=ORIENTED_EDGE('',*,*,#4525,.F.);
#982=ORIENTED_EDGE('',*,*,#4526,.F.);
#983=ORIENTED_EDGE('',*,*,#4527,.F.);
#984=ORIENTED_EDGE('',*,*,#4528,.T.);
#985=ORIENTED_EDGE('',*,*,#4529,.F.);
#986=ORIENTED_EDGE('',*,*,#4530,.T.);
#987=ORIENTED_EDGE('',*,*,#4531,.F.);
#988=ORIENTED_EDGE('',*,*,#4532,.F.);
#989=ORIENTED_EDGE('',*,*,#4533,.F.);
#990=ORIENTED_EDGE('',*,*,#4534,.F.);
#991=ORIENTED_EDGE('',*,*,#4535,.F.);
#992=ORIENTED_EDGE('',*,*,#4536,.T.);
#993=ORIENTED_EDGE('',*,*,#4537,.F.);
#994=ORIENTED_EDGE('',*,*,#4538,.T.);
#995=ORIENTED_EDGE('',*,*,#4539,.F.);
#996=ORIENTED_EDGE('',*,*,#4540,.F.);
#997=ORIENTED_EDGE('',*,*,#4541,.F.);
#998=ORIENTED_EDGE('',*,*,#4542,.F.);
#999=ORIENTED_EDGE('',*,*,#4543,.F.);
#1000=ORIENTED_EDGE('',*,*,#4544,.T.);
#1001=ORIENTED_EDGE('',*,*,#4545,.F.);
#1002=ORIENTED_EDGE('',*,*,#4546,.T.);
#1003=ORIENTED_EDGE('',*,*,#4547,.F.);
#1004=ORIENTED_EDGE('',*,*,#4548,.F.);
#1005=ORIENTED_EDGE('',*,*,#4549,.F.);
#1006=ORIENTED_EDGE('',*,*,#4550,.F.);
#1007=ORIENTED_EDGE('',*,*,#4551,.F.);
#1008=ORIENTED_EDGE('',*,*,#4552,.T.);
#1009=ORIENTED_EDGE('',*,*,#4553,.F.);
#1010=ORIENTED_EDGE('',*,*,#4554,.T.);
#1011=ORIENTED_EDGE('',*,*,#4555,.F.);
#1012=ORIENTED_EDGE('',*,*,#4556,.F.);
#1013=ORIENTED_EDGE('',*,*,#4557,.F.);
#1014=ORIENTED_EDGE('',*,*,#4558,.F.);
#1015=ORIENTED_EDGE('',*,*,#4559,.F.);
#1016=ORIENTED_EDGE('',*,*,#4560,.T.);
#1017=ORIENTED_EDGE('',*,*,#4561,.F.);
#1018=ORIENTED_EDGE('',*,*,#4562,.T.);
#1019=ORIENTED_EDGE('',*,*,#4563,.F.);
#1020=ORIENTED_EDGE('',*,*,#4564,.F.);
#1021=ORIENTED_EDGE('',*,*,#4565,.F.);
#1022=ORIENTED_EDGE('',*,*,#4566,.F.);
#1023=ORIENTED_EDGE('',*,*,#4567,.F.);
#1024=ORIENTED_EDGE('',*,*,#4568,.T.);
#1025=ORIENTED_EDGE('',*,*,#4569,.F.);
#1026=ORIENTED_EDGE('',*,*,#4570,.T.);
#1027=ORIENTED_EDGE('',*,*,#4571,.F.);
#1028=ORIENTED_EDGE('',*,*,#4572,.F.);
#1029=ORIENTED_EDGE('',*,*,#4573,.F.);
#1030=ORIENTED_EDGE('',*,*,#4574,.F.);
#1031=ORIENTED_EDGE('',*,*,#4575,.F.);
#1032=ORIENTED_EDGE('',*,*,#4576,.F.);
#1033=ORIENTED_EDGE('',*,*,#4577,.F.);
#1034=ORIENTED_EDGE('',*,*,#4578,.F.);
#1035=ORIENTED_EDGE('',*,*,#4579,.F.);
#1036=ORIENTED_EDGE('',*,*,#4580,.T.);
#1037=ORIENTED_EDGE('',*,*,#4581,.F.);
#1038=ORIENTED_EDGE('',*,*,#4582,.T.);
#1039=ORIENTED_EDGE('',*,*,#4583,.F.);
#1040=ORIENTED_EDGE('',*,*,#4584,.T.);
#1041=ORIENTED_EDGE('',*,*,#4585,.F.);
#1042=ORIENTED_EDGE('',*,*,#4586,.T.);
#1043=ORIENTED_EDGE('',*,*,#4587,.F.);
#1044=ORIENTED_EDGE('',*,*,#4588,.F.);
#1045=ORIENTED_EDGE('',*,*,#4589,.F.);
#1046=ORIENTED_EDGE('',*,*,#4590,.F.);
#1047=ORIENTED_EDGE('',*,*,#4591,.F.);
#1048=ORIENTED_EDGE('',*,*,#4592,.T.);
#1049=ORIENTED_EDGE('',*,*,#4593,.F.);
#1050=ORIENTED_EDGE('',*,*,#4594,.T.);
#1051=ORIENTED_EDGE('',*,*,#4595,.F.);
#1052=ORIENTED_EDGE('',*,*,#4596,.F.);
#1053=ORIENTED_EDGE('',*,*,#4597,.F.);
#1054=ORIENTED_EDGE('',*,*,#4598,.F.);
#1055=ORIENTED_EDGE('',*,*,#4599,.F.);
#1056=ORIENTED_EDGE('',*,*,#4600,.T.);
#1057=ORIENTED_EDGE('',*,*,#4601,.F.);
#1058=ORIENTED_EDGE('',*,*,#4602,.T.);
#1059=ORIENTED_EDGE('',*,*,#4603,.F.);
#1060=ORIENTED_EDGE('',*,*,#4604,.F.);
#1061=ORIENTED_EDGE('',*,*,#4605,.F.);
#1062=ORIENTED_EDGE('',*,*,#4606,.F.);
#1063=ORIENTED_EDGE('',*,*,#4607,.F.);
#1064=ORIENTED_EDGE('',*,*,#4608,.T.);
#1065=ORIENTED_EDGE('',*,*,#4609,.F.);
#1066=ORIENTED_EDGE('',*,*,#4610,.T.);
#1067=ORIENTED_EDGE('',*,*,#4611,.F.);
#1068=ORIENTED_EDGE('',*,*,#4612,.F.);
#1069=ORIENTED_EDGE('',*,*,#4613,.F.);
#1070=ORIENTED_EDGE('',*,*,#4614,.F.);
#1071=ORIENTED_EDGE('',*,*,#4615,.F.);
#1072=ORIENTED_EDGE('',*,*,#4616,.T.);
#1073=ORIENTED_EDGE('',*,*,#4617,.F.);
#1074=ORIENTED_EDGE('',*,*,#4618,.T.);
#1075=ORIENTED_EDGE('',*,*,#4619,.F.);
#1076=ORIENTED_EDGE('',*,*,#4620,.F.);
#1077=ORIENTED_EDGE('',*,*,#4621,.F.);
#1078=ORIENTED_EDGE('',*,*,#4622,.F.);
#1079=ORIENTED_EDGE('',*,*,#4623,.F.);
#1080=ORIENTED_EDGE('',*,*,#4624,.T.);
#1081=ORIENTED_EDGE('',*,*,#4625,.F.);
#1082=ORIENTED_EDGE('',*,*,#4626,.T.);
#1083=ORIENTED_EDGE('',*,*,#4627,.F.);
#1084=ORIENTED_EDGE('',*,*,#4628,.F.);
#1085=ORIENTED_EDGE('',*,*,#4629,.F.);
#1086=ORIENTED_EDGE('',*,*,#4630,.F.);
#1087=ORIENTED_EDGE('',*,*,#4631,.F.);
#1088=ORIENTED_EDGE('',*,*,#4632,.T.);
#1089=ORIENTED_EDGE('',*,*,#4633,.F.);
#1090=ORIENTED_EDGE('',*,*,#4634,.T.);
#1091=ORIENTED_EDGE('',*,*,#4635,.F.);
#1092=ORIENTED_EDGE('',*,*,#4636,.F.);
#1093=ORIENTED_EDGE('',*,*,#4637,.F.);
#1094=ORIENTED_EDGE('',*,*,#4638,.F.);
#1095=ORIENTED_EDGE('',*,*,#4639,.F.);
#1096=ORIENTED_EDGE('',*,*,#4640,.F.);
#1097=ORIENTED_EDGE('',*,*,#4641,.F.);
#1098=ORIENTED_EDGE('',*,*,#4642,.F.);
#1099=ORIENTED_EDGE('',*,*,#4643,.F.);
#1100=ORIENTED_EDGE('',*,*,#4644,.T.);
#1101=ORIENTED_EDGE('',*,*,#4645,.F.);
#1102=ORIENTED_EDGE('',*,*,#4646,.T.);
#1103=ORIENTED_EDGE('',*,*,#4647,.F.);
#1104=ORIENTED_EDGE('',*,*,#4648,.T.);
#1105=ORIENTED_EDGE('',*,*,#4649,.F.);
#1106=ORIENTED_EDGE('',*,*,#4650,.T.);
#1107=ORIENTED_EDGE('',*,*,#4651,.F.);
#1108=ORIENTED_EDGE('',*,*,#4652,.F.);
#1109=ORIENTED_EDGE('',*,*,#4653,.F.);
#1110=ORIENTED_EDGE('',*,*,#4654,.F.);
#1111=ORIENTED_EDGE('',*,*,#4655,.F.);
#1112=ORIENTED_EDGE('',*,*,#4656,.T.);
#1113=ORIENTED_EDGE('',*,*,#4657,.F.);
#1114=ORIENTED_EDGE('',*,*,#4658,.T.);
#1115=ORIENTED_EDGE('',*,*,#4659,.F.);
#1116=ORIENTED_EDGE('',*,*,#4660,.F.);
#1117=ORIENTED_EDGE('',*,*,#4661,.F.);
#1118=ORIENTED_EDGE('',*,*,#4662,.F.);
#1119=ORIENTED_EDGE('',*,*,#4663,.F.);
#1120=ORIENTED_EDGE('',*,*,#4664,.T.);
#1121=ORIENTED_EDGE('',*,*,#4665,.F.);
#1122=ORIENTED_EDGE('',*,*,#4666,.T.);
#1123=ORIENTED_EDGE('',*,*,#4667,.F.);
#1124=ORIENTED_EDGE('',*,*,#4668,.F.);
#1125=ORIENTED_EDGE('',*,*,#4669,.F.);
#1126=ORIENTED_EDGE('',*,*,#4670,.F.);
#1127=ORIENTED_EDGE('',*,*,#4671,.F.);
#1128=ORIENTED_EDGE('',*,*,#4672,.T.);
#1129=ORIENTED_EDGE('',*,*,#4673,.F.);
#1130=ORIENTED_EDGE('',*,*,#4674,.T.);
#1131=ORIENTED_EDGE('',*,*,#4675,.F.);
#1132=ORIENTED_EDGE('',*,*,#4676,.F.);
#1133=ORIENTED_EDGE('',*,*,#4677,.F.);
#1134=ORIENTED_EDGE('',*,*,#4678,.F.);
#1135=ORIENTED_EDGE('',*,*,#4679,.F.);
#1136=ORIENTED_EDGE('',*,*,#4680,.T.);
#1137=ORIENTED_EDGE('',*,*,#4681,.F.);
#1138=ORIENTED_EDGE('',*,*,#4682,.T.);
#1139=ORIENTED_EDGE('',*,*,#4683,.F.);
#1140=ORIENTED_EDGE('',*,*,#4684,.F.);
#1141=ORIENTED_EDGE('',*,*,#4685,.F.);
#1142=ORIENTED_EDGE('',*,*,#4686,.F.);
#1143=ORIENTED_EDGE('',*,*,#4687,.F.);
#1144=ORIENTED_EDGE('',*,*,#4688,.T.);
#1145=ORIENTED_EDGE('',*,*,#4689,.F.);
#1146=ORIENTED_EDGE('',*,*,#4690,.T.);
#1147=ORIENTED_EDGE('',*,*,#4691,.F.);
#1148=ORIENTED_EDGE('',*,*,#4692,.F.);
#1149=ORIENTED_EDGE('',*,*,#4693,.F.);
#1150=ORIENTED_EDGE('',*,*,#4694,.F.);
#1151=ORIENTED_EDGE('',*,*,#4695,.F.);
#1152=ORIENTED_EDGE('',*,*,#4696,.F.);
#1153=ORIENTED_EDGE('',*,*,#4697,.F.);
#1154=ORIENTED_EDGE('',*,*,#4698,.F.);
#1155=ORIENTED_EDGE('',*,*,#4699,.F.);
#1156=ORIENTED_EDGE('',*,*,#4700,.T.);
#1157=ORIENTED_EDGE('',*,*,#4701,.F.);
#1158=ORIENTED_EDGE('',*,*,#4702,.T.);
#1159=ORIENTED_EDGE('',*,*,#4703,.F.);
#1160=ORIENTED_EDGE('',*,*,#4704,.T.);
#1161=ORIENTED_EDGE('',*,*,#4705,.F.);
#1162=ORIENTED_EDGE('',*,*,#4706,.T.);
#1163=ORIENTED_EDGE('',*,*,#4707,.F.);
#1164=ORIENTED_EDGE('',*,*,#4708,.F.);
#1165=ORIENTED_EDGE('',*,*,#4709,.F.);
#1166=ORIENTED_EDGE('',*,*,#4710,.F.);
#1167=ORIENTED_EDGE('',*,*,#4711,.F.);
#1168=ORIENTED_EDGE('',*,*,#4712,.T.);
#1169=ORIENTED_EDGE('',*,*,#4713,.F.);
#1170=ORIENTED_EDGE('',*,*,#4714,.T.);
#1171=ORIENTED_EDGE('',*,*,#4715,.F.);
#1172=ORIENTED_EDGE('',*,*,#4716,.F.);
#1173=ORIENTED_EDGE('',*,*,#4717,.F.);
#1174=ORIENTED_EDGE('',*,*,#4718,.F.);
#1175=ORIENTED_EDGE('',*,*,#4719,.F.);
#1176=ORIENTED_EDGE('',*,*,#4720,.T.);
#1177=ORIENTED_EDGE('',*,*,#4721,.F.);
#1178=ORIENTED_EDGE('',*,*,#4722,.T.);
#1179=ORIENTED_EDGE('',*,*,#4723,.F.);
#1180=ORIENTED_EDGE('',*,*,#4724,.F.);
#1181=ORIENTED_EDGE('',*,*,#4725,.F.);
#1182=ORIENTED_EDGE('',*,*,#4726,.F.);
#1183=ORIENTED_EDGE('',*,*,#4727,.F.);
#1184=ORIENTED_EDGE('',*,*,#4728,.T.);
#1185=ORIENTED_EDGE('',*,*,#4729,.F.);
#1186=ORIENTED_EDGE('',*,*,#4730,.T.);
#1187=ORIENTED_EDGE('',*,*,#4731,.F.);
#1188=ORIENTED_EDGE('',*,*,#4732,.F.);
#1189=ORIENTED_EDGE('',*,*,#4733,.F.);
#1190=ORIENTED_EDGE('',*,*,#4734,.F.);
#1191=ORIENTED_EDGE('',*,*,#4735,.F.);
#1192=ORIENTED_EDGE('',*,*,#4736,.T.);
#1193=ORIENTED_EDGE('',*,*,#4737,.T.);
#1194=ORIENTED_EDGE('',*,*,#4738,.F.);
#1195=ORIENTED_EDGE('',*,*,#4739,.T.);
#1196=ORIENTED_EDGE('',*,*,#4740,.F.);
#1197=ORIENTED_EDGE('',*,*,#4741,.T.);
#1198=ORIENTED_EDGE('',*,*,#4742,.T.);
#1199=ORIENTED_EDGE('',*,*,#4743,.T.);
#1200=ORIENTED_EDGE('',*,*,#4744,.T.);
#1201=ORIENTED_EDGE('',*,*,#4745,.F.);
#1202=ORIENTED_EDGE('',*,*,#4746,.F.);
#1203=ORIENTED_EDGE('',*,*,#4747,.F.);
#1204=ORIENTED_EDGE('',*,*,#4748,.F.);
#1205=ORIENTED_EDGE('',*,*,#4749,.F.);
#1206=ORIENTED_EDGE('',*,*,#4750,.T.);
#1207=ORIENTED_EDGE('',*,*,#4751,.F.);
#1208=ORIENTED_EDGE('',*,*,#4752,.T.);
#1209=ORIENTED_EDGE('',*,*,#4753,.F.);
#1210=ORIENTED_EDGE('',*,*,#4754,.T.);
#1211=ORIENTED_EDGE('',*,*,#4755,.F.);
#1212=ORIENTED_EDGE('',*,*,#4756,.F.);
#1213=ORIENTED_EDGE('',*,*,#4757,.F.);
#1214=ORIENTED_EDGE('',*,*,#4758,.F.);
#1215=ORIENTED_EDGE('',*,*,#4759,.F.);
#1216=ORIENTED_EDGE('',*,*,#4760,.T.);
#1217=ORIENTED_EDGE('',*,*,#4761,.F.);
#1218=ORIENTED_EDGE('',*,*,#4762,.T.);
#1219=ORIENTED_EDGE('',*,*,#4763,.F.);
#1220=ORIENTED_EDGE('',*,*,#4764,.F.);
#1221=ORIENTED_EDGE('',*,*,#4765,.F.);
#1222=ORIENTED_EDGE('',*,*,#4766,.F.);
#1223=ORIENTED_EDGE('',*,*,#4767,.F.);
#1224=ORIENTED_EDGE('',*,*,#4768,.T.);
#1225=ORIENTED_EDGE('',*,*,#4769,.F.);
#1226=ORIENTED_EDGE('',*,*,#4770,.T.);
#1227=ORIENTED_EDGE('',*,*,#4771,.F.);
#1228=ORIENTED_EDGE('',*,*,#4772,.F.);
#1229=ORIENTED_EDGE('',*,*,#4773,.F.);
#1230=ORIENTED_EDGE('',*,*,#4774,.F.);
#1231=ORIENTED_EDGE('',*,*,#4775,.F.);
#1232=ORIENTED_EDGE('',*,*,#4776,.T.);
#1233=ORIENTED_EDGE('',*,*,#4777,.F.);
#1234=ORIENTED_EDGE('',*,*,#4778,.T.);
#1235=ORIENTED_EDGE('',*,*,#4779,.F.);
#1236=ORIENTED_EDGE('',*,*,#4780,.F.);
#1237=ORIENTED_EDGE('',*,*,#4781,.F.);
#1238=ORIENTED_EDGE('',*,*,#4782,.F.);
#1239=ORIENTED_EDGE('',*,*,#4783,.F.);
#1240=ORIENTED_EDGE('',*,*,#4784,.F.);
#1241=ORIENTED_EDGE('',*,*,#4785,.F.);
#1242=ORIENTED_EDGE('',*,*,#4786,.F.);
#1243=ORIENTED_EDGE('',*,*,#4787,.F.);
#1244=ORIENTED_EDGE('',*,*,#4788,.T.);
#1245=ORIENTED_EDGE('',*,*,#4789,.F.);
#1246=ORIENTED_EDGE('',*,*,#4790,.T.);
#1247=ORIENTED_EDGE('',*,*,#4791,.F.);
#1248=ORIENTED_EDGE('',*,*,#4792,.T.);
#1249=ORIENTED_EDGE('',*,*,#4793,.F.);
#1250=ORIENTED_EDGE('',*,*,#4794,.T.);
#1251=ORIENTED_EDGE('',*,*,#4795,.F.);
#1252=ORIENTED_EDGE('',*,*,#4796,.F.);
#1253=ORIENTED_EDGE('',*,*,#4797,.F.);
#1254=ORIENTED_EDGE('',*,*,#4798,.F.);
#1255=ORIENTED_EDGE('',*,*,#4799,.F.);
#1256=ORIENTED_EDGE('',*,*,#4800,.T.);
#1257=ORIENTED_EDGE('',*,*,#4801,.F.);
#1258=ORIENTED_EDGE('',*,*,#4802,.T.);
#1259=ORIENTED_EDGE('',*,*,#4803,.F.);
#1260=ORIENTED_EDGE('',*,*,#4804,.F.);
#1261=ORIENTED_EDGE('',*,*,#4805,.F.);
#1262=ORIENTED_EDGE('',*,*,#4806,.F.);
#1263=ORIENTED_EDGE('',*,*,#4807,.F.);
#1264=ORIENTED_EDGE('',*,*,#4808,.T.);
#1265=ORIENTED_EDGE('',*,*,#4809,.F.);
#1266=ORIENTED_EDGE('',*,*,#4810,.T.);
#1267=ORIENTED_EDGE('',*,*,#4811,.F.);
#1268=ORIENTED_EDGE('',*,*,#4812,.F.);
#1269=ORIENTED_EDGE('',*,*,#4813,.F.);
#1270=ORIENTED_EDGE('',*,*,#4814,.F.);
#1271=ORIENTED_EDGE('',*,*,#4815,.F.);
#1272=ORIENTED_EDGE('',*,*,#4816,.T.);
#1273=ORIENTED_EDGE('',*,*,#4817,.F.);
#1274=ORIENTED_EDGE('',*,*,#4818,.T.);
#1275=ORIENTED_EDGE('',*,*,#4819,.F.);
#1276=ORIENTED_EDGE('',*,*,#4820,.F.);
#1277=ORIENTED_EDGE('',*,*,#4821,.F.);
#1278=ORIENTED_EDGE('',*,*,#4822,.F.);
#1279=ORIENTED_EDGE('',*,*,#4823,.F.);
#1280=ORIENTED_EDGE('',*,*,#4824,.T.);
#1281=ORIENTED_EDGE('',*,*,#4825,.F.);
#1282=ORIENTED_EDGE('',*,*,#4826,.T.);
#1283=ORIENTED_EDGE('',*,*,#4827,.F.);
#1284=ORIENTED_EDGE('',*,*,#4828,.F.);
#1285=ORIENTED_EDGE('',*,*,#4829,.F.);
#1286=ORIENTED_EDGE('',*,*,#4830,.F.);
#1287=ORIENTED_EDGE('',*,*,#4831,.F.);
#1288=ORIENTED_EDGE('',*,*,#4832,.T.);
#1289=ORIENTED_EDGE('',*,*,#4833,.F.);
#1290=ORIENTED_EDGE('',*,*,#4834,.T.);
#1291=ORIENTED_EDGE('',*,*,#4835,.F.);
#1292=ORIENTED_EDGE('',*,*,#4836,.F.);
#1293=ORIENTED_EDGE('',*,*,#4837,.F.);
#1294=ORIENTED_EDGE('',*,*,#4838,.F.);
#1295=ORIENTED_EDGE('',*,*,#4839,.F.);
#1296=ORIENTED_EDGE('',*,*,#4840,.F.);
#1297=ORIENTED_EDGE('',*,*,#4841,.F.);
#1298=ORIENTED_EDGE('',*,*,#4842,.F.);
#1299=ORIENTED_EDGE('',*,*,#4843,.F.);
#1300=ORIENTED_EDGE('',*,*,#4844,.T.);
#1301=ORIENTED_EDGE('',*,*,#4845,.F.);
#1302=ORIENTED_EDGE('',*,*,#4846,.T.);
#1303=ORIENTED_EDGE('',*,*,#4847,.F.);
#1304=ORIENTED_EDGE('',*,*,#4848,.T.);
#1305=ORIENTED_EDGE('',*,*,#4849,.F.);
#1306=ORIENTED_EDGE('',*,*,#4850,.T.);
#1307=ORIENTED_EDGE('',*,*,#4851,.F.);
#1308=ORIENTED_EDGE('',*,*,#4852,.F.);
#1309=ORIENTED_EDGE('',*,*,#4853,.F.);
#1310=ORIENTED_EDGE('',*,*,#4854,.F.);
#1311=ORIENTED_EDGE('',*,*,#4855,.F.);
#1312=ORIENTED_EDGE('',*,*,#4856,.T.);
#1313=ORIENTED_EDGE('',*,*,#4857,.F.);
#1314=ORIENTED_EDGE('',*,*,#4858,.T.);
#1315=ORIENTED_EDGE('',*,*,#4859,.F.);
#1316=ORIENTED_EDGE('',*,*,#4860,.F.);
#1317=ORIENTED_EDGE('',*,*,#4861,.F.);
#1318=ORIENTED_EDGE('',*,*,#4862,.F.);
#1319=ORIENTED_EDGE('',*,*,#4863,.F.);
#1320=ORIENTED_EDGE('',*,*,#4864,.T.);
#1321=ORIENTED_EDGE('',*,*,#4865,.F.);
#1322=ORIENTED_EDGE('',*,*,#4866,.T.);
#1323=ORIENTED_EDGE('',*,*,#4867,.F.);
#1324=ORIENTED_EDGE('',*,*,#4868,.F.);
#1325=ORIENTED_EDGE('',*,*,#4869,.F.);
#1326=ORIENTED_EDGE('',*,*,#4870,.F.);
#1327=ORIENTED_EDGE('',*,*,#4871,.F.);
#1328=ORIENTED_EDGE('',*,*,#4872,.T.);
#1329=ORIENTED_EDGE('',*,*,#4873,.F.);
#1330=ORIENTED_EDGE('',*,*,#4874,.T.);
#1331=ORIENTED_EDGE('',*,*,#4875,.F.);
#1332=ORIENTED_EDGE('',*,*,#4876,.F.);
#1333=ORIENTED_EDGE('',*,*,#4877,.F.);
#1334=ORIENTED_EDGE('',*,*,#4878,.F.);
#1335=ORIENTED_EDGE('',*,*,#4879,.F.);
#1336=ORIENTED_EDGE('',*,*,#4880,.T.);
#1337=ORIENTED_EDGE('',*,*,#4881,.F.);
#1338=ORIENTED_EDGE('',*,*,#4882,.T.);
#1339=ORIENTED_EDGE('',*,*,#4883,.F.);
#1340=ORIENTED_EDGE('',*,*,#4884,.F.);
#1341=ORIENTED_EDGE('',*,*,#4885,.F.);
#1342=ORIENTED_EDGE('',*,*,#4886,.F.);
#1343=ORIENTED_EDGE('',*,*,#4887,.F.);
#1344=ORIENTED_EDGE('',*,*,#4888,.T.);
#1345=ORIENTED_EDGE('',*,*,#4889,.F.);
#1346=ORIENTED_EDGE('',*,*,#4890,.T.);
#1347=ORIENTED_EDGE('',*,*,#4891,.F.);
#1348=ORIENTED_EDGE('',*,*,#4892,.F.);
#1349=ORIENTED_EDGE('',*,*,#4893,.F.);
#1350=ORIENTED_EDGE('',*,*,#4894,.F.);
#1351=ORIENTED_EDGE('',*,*,#4895,.F.);
#1352=ORIENTED_EDGE('',*,*,#4896,.T.);
#1353=ORIENTED_EDGE('',*,*,#4897,.F.);
#1354=ORIENTED_EDGE('',*,*,#4898,.T.);
#1355=ORIENTED_EDGE('',*,*,#4899,.F.);
#1356=ORIENTED_EDGE('',*,*,#4900,.F.);
#1357=ORIENTED_EDGE('',*,*,#4901,.F.);
#1358=ORIENTED_EDGE('',*,*,#4902,.F.);
#1359=ORIENTED_EDGE('',*,*,#4903,.F.);
#1360=ORIENTED_EDGE('',*,*,#4904,.T.);
#1361=ORIENTED_EDGE('',*,*,#4905,.F.);
#1362=ORIENTED_EDGE('',*,*,#4906,.T.);
#1363=ORIENTED_EDGE('',*,*,#4907,.F.);
#1364=ORIENTED_EDGE('',*,*,#4908,.F.);
#1365=ORIENTED_EDGE('',*,*,#4909,.F.);
#1366=ORIENTED_EDGE('',*,*,#4910,.F.);
#1367=ORIENTED_EDGE('',*,*,#4911,.F.);
#1368=ORIENTED_EDGE('',*,*,#4912,.F.);
#1369=ORIENTED_EDGE('',*,*,#4913,.F.);
#1370=ORIENTED_EDGE('',*,*,#4914,.F.);
#1371=ORIENTED_EDGE('',*,*,#4915,.F.);
#1372=ORIENTED_EDGE('',*,*,#4916,.T.);
#1373=ORIENTED_EDGE('',*,*,#4917,.F.);
#1374=ORIENTED_EDGE('',*,*,#4918,.T.);
#1375=ORIENTED_EDGE('',*,*,#4919,.F.);
#1376=ORIENTED_EDGE('',*,*,#4920,.T.);
#1377=ORIENTED_EDGE('',*,*,#4921,.F.);
#1378=ORIENTED_EDGE('',*,*,#4922,.T.);
#1379=ORIENTED_EDGE('',*,*,#4923,.F.);
#1380=ORIENTED_EDGE('',*,*,#4924,.F.);
#1381=ORIENTED_EDGE('',*,*,#4925,.F.);
#1382=ORIENTED_EDGE('',*,*,#4926,.F.);
#1383=ORIENTED_EDGE('',*,*,#4927,.F.);
#1384=ORIENTED_EDGE('',*,*,#4928,.T.);
#1385=ORIENTED_EDGE('',*,*,#4929,.F.);
#1386=ORIENTED_EDGE('',*,*,#4930,.T.);
#1387=ORIENTED_EDGE('',*,*,#4931,.F.);
#1388=ORIENTED_EDGE('',*,*,#4932,.F.);
#1389=ORIENTED_EDGE('',*,*,#4933,.F.);
#1390=ORIENTED_EDGE('',*,*,#4934,.F.);
#1391=ORIENTED_EDGE('',*,*,#4935,.F.);
#1392=ORIENTED_EDGE('',*,*,#4936,.T.);
#1393=ORIENTED_EDGE('',*,*,#4937,.F.);
#1394=ORIENTED_EDGE('',*,*,#4938,.T.);
#1395=ORIENTED_EDGE('',*,*,#4939,.F.);
#1396=ORIENTED_EDGE('',*,*,#4940,.F.);
#1397=ORIENTED_EDGE('',*,*,#4941,.F.);
#1398=ORIENTED_EDGE('',*,*,#4942,.F.);
#1399=ORIENTED_EDGE('',*,*,#4943,.F.);
#1400=ORIENTED_EDGE('',*,*,#4944,.F.);
#1401=ORIENTED_EDGE('',*,*,#4945,.F.);
#1402=ORIENTED_EDGE('',*,*,#4946,.F.);
#1403=ORIENTED_EDGE('',*,*,#4947,.F.);
#1404=ORIENTED_EDGE('',*,*,#4948,.T.);
#1405=ORIENTED_EDGE('',*,*,#4949,.F.);
#1406=ORIENTED_EDGE('',*,*,#4950,.T.);
#1407=ORIENTED_EDGE('',*,*,#4951,.F.);
#1408=ORIENTED_EDGE('',*,*,#4952,.T.);
#1409=ORIENTED_EDGE('',*,*,#4953,.F.);
#1410=ORIENTED_EDGE('',*,*,#4954,.T.);
#1411=ORIENTED_EDGE('',*,*,#4955,.F.);
#1412=ORIENTED_EDGE('',*,*,#4956,.F.);
#1413=ORIENTED_EDGE('',*,*,#4957,.F.);
#1414=ORIENTED_EDGE('',*,*,#4958,.F.);
#1415=ORIENTED_EDGE('',*,*,#4959,.F.);
#1416=ORIENTED_EDGE('',*,*,#4960,.T.);
#1417=ORIENTED_EDGE('',*,*,#4961,.F.);
#1418=ORIENTED_EDGE('',*,*,#4962,.T.);
#1419=ORIENTED_EDGE('',*,*,#4963,.F.);
#1420=ORIENTED_EDGE('',*,*,#4964,.F.);
#1421=ORIENTED_EDGE('',*,*,#4965,.F.);
#1422=ORIENTED_EDGE('',*,*,#4966,.F.);
#1423=ORIENTED_EDGE('',*,*,#4967,.F.);
#1424=ORIENTED_EDGE('',*,*,#4968,.T.);
#1425=ORIENTED_EDGE('',*,*,#4969,.F.);
#1426=ORIENTED_EDGE('',*,*,#4970,.T.);
#1427=ORIENTED_EDGE('',*,*,#4971,.F.);
#1428=ORIENTED_EDGE('',*,*,#4972,.F.);
#1429=ORIENTED_EDGE('',*,*,#4973,.F.);
#1430=ORIENTED_EDGE('',*,*,#4974,.F.);
#1431=ORIENTED_EDGE('',*,*,#4975,.F.);
#1432=ORIENTED_EDGE('',*,*,#4976,.T.);
#1433=ORIENTED_EDGE('',*,*,#4977,.F.);
#1434=ORIENTED_EDGE('',*,*,#4978,.T.);
#1435=ORIENTED_EDGE('',*,*,#4979,.F.);
#1436=ORIENTED_EDGE('',*,*,#4980,.F.);
#1437=ORIENTED_EDGE('',*,*,#4981,.F.);
#1438=ORIENTED_EDGE('',*,*,#4982,.F.);
#1439=ORIENTED_EDGE('',*,*,#4983,.F.);
#1440=ORIENTED_EDGE('',*,*,#4984,.T.);
#1441=ORIENTED_EDGE('',*,*,#4985,.F.);
#1442=ORIENTED_EDGE('',*,*,#4986,.T.);
#1443=ORIENTED_EDGE('',*,*,#4987,.F.);
#1444=ORIENTED_EDGE('',*,*,#4988,.F.);
#1445=ORIENTED_EDGE('',*,*,#4989,.F.);
#1446=ORIENTED_EDGE('',*,*,#4990,.F.);
#1447=ORIENTED_EDGE('',*,*,#4991,.F.);
#1448=ORIENTED_EDGE('',*,*,#4992,.T.);
#1449=ORIENTED_EDGE('',*,*,#4993,.F.);
#1450=ORIENTED_EDGE('',*,*,#4994,.T.);
#1451=ORIENTED_EDGE('',*,*,#4995,.F.);
#1452=ORIENTED_EDGE('',*,*,#4996,.F.);
#1453=ORIENTED_EDGE('',*,*,#4997,.F.);
#1454=ORIENTED_EDGE('',*,*,#4998,.F.);
#1455=ORIENTED_EDGE('',*,*,#4999,.F.);
#1456=ORIENTED_EDGE('',*,*,#5000,.T.);
#1457=ORIENTED_EDGE('',*,*,#5001,.F.);
#1458=ORIENTED_EDGE('',*,*,#5002,.T.);
#1459=ORIENTED_EDGE('',*,*,#5003,.F.);
#1460=ORIENTED_EDGE('',*,*,#5004,.F.);
#1461=ORIENTED_EDGE('',*,*,#5005,.F.);
#1462=ORIENTED_EDGE('',*,*,#5006,.F.);
#1463=ORIENTED_EDGE('',*,*,#5007,.F.);
#1464=ORIENTED_EDGE('',*,*,#5008,.T.);
#1465=ORIENTED_EDGE('',*,*,#5009,.F.);
#1466=ORIENTED_EDGE('',*,*,#5010,.T.);
#1467=ORIENTED_EDGE('',*,*,#5011,.F.);
#1468=ORIENTED_EDGE('',*,*,#5012,.F.);
#1469=ORIENTED_EDGE('',*,*,#5013,.F.);
#1470=ORIENTED_EDGE('',*,*,#5014,.F.);
#1471=ORIENTED_EDGE('',*,*,#5015,.F.);
#1472=ORIENTED_EDGE('',*,*,#5016,.T.);
#1473=ORIENTED_EDGE('',*,*,#5017,.F.);
#1474=ORIENTED_EDGE('',*,*,#5018,.T.);
#1475=ORIENTED_EDGE('',*,*,#5019,.F.);
#1476=ORIENTED_EDGE('',*,*,#5020,.F.);
#1477=ORIENTED_EDGE('',*,*,#5021,.F.);
#1478=ORIENTED_EDGE('',*,*,#5022,.F.);
#1479=ORIENTED_EDGE('',*,*,#5023,.F.);
#1480=ORIENTED_EDGE('',*,*,#5024,.T.);
#1481=ORIENTED_EDGE('',*,*,#5025,.F.);
#1482=ORIENTED_EDGE('',*,*,#5026,.T.);
#1483=ORIENTED_EDGE('',*,*,#5027,.F.);
#1484=ORIENTED_EDGE('',*,*,#5028,.F.);
#1485=ORIENTED_EDGE('',*,*,#5029,.F.);
#1486=ORIENTED_EDGE('',*,*,#5030,.F.);
#1487=ORIENTED_EDGE('',*,*,#5031,.F.);
#1488=ORIENTED_EDGE('',*,*,#5032,.F.);
#1489=ORIENTED_EDGE('',*,*,#5033,.T.);
#1490=ORIENTED_EDGE('',*,*,#5034,.T.);
#1491=ORIENTED_EDGE('',*,*,#5035,.F.);
#1492=ORIENTED_EDGE('',*,*,#5036,.T.);
#1493=ORIENTED_EDGE('',*,*,#5037,.T.);
#1494=ORIENTED_EDGE('',*,*,#5038,.T.);
#1495=ORIENTED_EDGE('',*,*,#5039,.F.);
#1496=ORIENTED_EDGE('',*,*,#5040,.T.);
#1497=ORIENTED_EDGE('',*,*,#5041,.F.);
#1498=ORIENTED_EDGE('',*,*,#5042,.T.);
#1499=ORIENTED_EDGE('',*,*,#5043,.T.);
#1500=ORIENTED_EDGE('',*,*,#5044,.T.);
#1501=ORIENTED_EDGE('',*,*,#5045,.F.);
#1502=ORIENTED_EDGE('',*,*,#5046,.T.);
#1503=ORIENTED_EDGE('',*,*,#5047,.T.);
#1504=ORIENTED_EDGE('',*,*,#5048,.T.);
#1505=ORIENTED_EDGE('',*,*,#5049,.T.);
#1506=ORIENTED_EDGE('',*,*,#5050,.T.);
#1507=ORIENTED_EDGE('',*,*,#5051,.F.);
#1508=ORIENTED_EDGE('',*,*,#5052,.T.);
#1509=ORIENTED_EDGE('',*,*,#5053,.F.);
#1510=ORIENTED_EDGE('',*,*,#5054,.T.);
#1511=ORIENTED_EDGE('',*,*,#5055,.T.);
#1512=ORIENTED_EDGE('',*,*,#5056,.T.);
#1513=ORIENTED_EDGE('',*,*,#5057,.T.);
#1514=ORIENTED_EDGE('',*,*,#5058,.T.);
#1515=ORIENTED_EDGE('',*,*,#5059,.F.);
#1516=ORIENTED_EDGE('',*,*,#5060,.T.);
#1517=ORIENTED_EDGE('',*,*,#5061,.F.);
#1518=ORIENTED_EDGE('',*,*,#5062,.T.);
#1519=ORIENTED_EDGE('',*,*,#5063,.T.);
#1520=ORIENTED_EDGE('',*,*,#5064,.T.);
#1521=ORIENTED_EDGE('',*,*,#5065,.T.);
#1522=ORIENTED_EDGE('',*,*,#5066,.T.);
#1523=ORIENTED_EDGE('',*,*,#5067,.F.);
#1524=ORIENTED_EDGE('',*,*,#5068,.T.);
#1525=ORIENTED_EDGE('',*,*,#5069,.F.);
#1526=ORIENTED_EDGE('',*,*,#5070,.T.);
#1527=ORIENTED_EDGE('',*,*,#5071,.T.);
#1528=ORIENTED_EDGE('',*,*,#5072,.T.);
#1529=ORIENTED_EDGE('',*,*,#5073,.T.);
#1530=ORIENTED_EDGE('',*,*,#5074,.T.);
#1531=ORIENTED_EDGE('',*,*,#5075,.F.);
#1532=ORIENTED_EDGE('',*,*,#5076,.T.);
#1533=ORIENTED_EDGE('',*,*,#5077,.F.);
#1534=ORIENTED_EDGE('',*,*,#5078,.T.);
#1535=ORIENTED_EDGE('',*,*,#5079,.T.);
#1536=ORIENTED_EDGE('',*,*,#5080,.T.);
#1537=ORIENTED_EDGE('',*,*,#5081,.T.);
#1538=ORIENTED_EDGE('',*,*,#5082,.T.);
#1539=ORIENTED_EDGE('',*,*,#5083,.F.);
#1540=ORIENTED_EDGE('',*,*,#5084,.T.);
#1541=ORIENTED_EDGE('',*,*,#5085,.F.);
#1542=ORIENTED_EDGE('',*,*,#5086,.T.);
#1543=ORIENTED_EDGE('',*,*,#5087,.T.);
#1544=ORIENTED_EDGE('',*,*,#5088,.T.);
#1545=ORIENTED_EDGE('',*,*,#5089,.T.);
#1546=ORIENTED_EDGE('',*,*,#5090,.T.);
#1547=ORIENTED_EDGE('',*,*,#5091,.F.);
#1548=ORIENTED_EDGE('',*,*,#5092,.T.);
#1549=ORIENTED_EDGE('',*,*,#5093,.F.);
#1550=ORIENTED_EDGE('',*,*,#5094,.T.);
#1551=ORIENTED_EDGE('',*,*,#5095,.T.);
#1552=ORIENTED_EDGE('',*,*,#5096,.T.);
#1553=ORIENTED_EDGE('',*,*,#5097,.T.);
#1554=ORIENTED_EDGE('',*,*,#5098,.T.);
#1555=ORIENTED_EDGE('',*,*,#5099,.F.);
#1556=ORIENTED_EDGE('',*,*,#5100,.T.);
#1557=ORIENTED_EDGE('',*,*,#5101,.F.);
#1558=ORIENTED_EDGE('',*,*,#5102,.T.);
#1559=ORIENTED_EDGE('',*,*,#5103,.T.);
#1560=ORIENTED_EDGE('',*,*,#5104,.T.);
#1561=ORIENTED_EDGE('',*,*,#5105,.T.);
#1562=ORIENTED_EDGE('',*,*,#5106,.T.);
#1563=ORIENTED_EDGE('',*,*,#5107,.F.);
#1564=ORIENTED_EDGE('',*,*,#5108,.T.);
#1565=ORIENTED_EDGE('',*,*,#5109,.F.);
#1566=ORIENTED_EDGE('',*,*,#5110,.T.);
#1567=ORIENTED_EDGE('',*,*,#5111,.T.);
#1568=ORIENTED_EDGE('',*,*,#5112,.T.);
#1569=ORIENTED_EDGE('',*,*,#5113,.T.);
#1570=ORIENTED_EDGE('',*,*,#5114,.T.);
#1571=ORIENTED_EDGE('',*,*,#5115,.F.);
#1572=ORIENTED_EDGE('',*,*,#5116,.T.);
#1573=ORIENTED_EDGE('',*,*,#5117,.F.);
#1574=ORIENTED_EDGE('',*,*,#5118,.T.);
#1575=ORIENTED_EDGE('',*,*,#5119,.T.);
#1576=ORIENTED_EDGE('',*,*,#5120,.T.);
#1577=ORIENTED_EDGE('',*,*,#5121,.T.);
#1578=ORIENTED_EDGE('',*,*,#5122,.T.);
#1579=ORIENTED_EDGE('',*,*,#5123,.F.);
#1580=ORIENTED_EDGE('',*,*,#5124,.T.);
#1581=ORIENTED_EDGE('',*,*,#5125,.F.);
#1582=ORIENTED_EDGE('',*,*,#5126,.T.);
#1583=ORIENTED_EDGE('',*,*,#5127,.T.);
#1584=ORIENTED_EDGE('',*,*,#5128,.T.);
#1585=ORIENTED_EDGE('',*,*,#5129,.T.);
#1586=ORIENTED_EDGE('',*,*,#5130,.T.);
#1587=ORIENTED_EDGE('',*,*,#5131,.F.);
#1588=ORIENTED_EDGE('',*,*,#5132,.T.);
#1589=ORIENTED_EDGE('',*,*,#5133,.F.);
#1590=ORIENTED_EDGE('',*,*,#5134,.T.);
#1591=ORIENTED_EDGE('',*,*,#5135,.T.);
#1592=ORIENTED_EDGE('',*,*,#5136,.T.);
#1593=ORIENTED_EDGE('',*,*,#5137,.T.);
#1594=ORIENTED_EDGE('',*,*,#5138,.T.);
#1595=ORIENTED_EDGE('',*,*,#5139,.F.);
#1596=ORIENTED_EDGE('',*,*,#5140,.T.);
#1597=ORIENTED_EDGE('',*,*,#5141,.F.);
#1598=ORIENTED_EDGE('',*,*,#5142,.T.);
#1599=ORIENTED_EDGE('',*,*,#5143,.T.);
#1600=ORIENTED_EDGE('',*,*,#5144,.T.);
#1601=ORIENTED_EDGE('',*,*,#5145,.T.);
#1602=ORIENTED_EDGE('',*,*,#5146,.T.);
#1603=ORIENTED_EDGE('',*,*,#5147,.F.);
#1604=ORIENTED_EDGE('',*,*,#5148,.T.);
#1605=ORIENTED_EDGE('',*,*,#5149,.F.);
#1606=ORIENTED_EDGE('',*,*,#5150,.T.);
#1607=ORIENTED_EDGE('',*,*,#5151,.T.);
#1608=ORIENTED_EDGE('',*,*,#5152,.T.);
#1609=ORIENTED_EDGE('',*,*,#5153,.T.);
#1610=ORIENTED_EDGE('',*,*,#5154,.T.);
#1611=ORIENTED_EDGE('',*,*,#5155,.F.);
#1612=ORIENTED_EDGE('',*,*,#5156,.T.);
#1613=ORIENTED_EDGE('',*,*,#5157,.F.);
#1614=ORIENTED_EDGE('',*,*,#5158,.T.);
#1615=ORIENTED_EDGE('',*,*,#5159,.T.);
#1616=ORIENTED_EDGE('',*,*,#5160,.T.);
#1617=ORIENTED_EDGE('',*,*,#5161,.T.);
#1618=ORIENTED_EDGE('',*,*,#5162,.T.);
#1619=ORIENTED_EDGE('',*,*,#5163,.F.);
#1620=ORIENTED_EDGE('',*,*,#5164,.T.);
#1621=ORIENTED_EDGE('',*,*,#5165,.F.);
#1622=ORIENTED_EDGE('',*,*,#5166,.T.);
#1623=ORIENTED_EDGE('',*,*,#5167,.T.);
#1624=ORIENTED_EDGE('',*,*,#5168,.T.);
#1625=ORIENTED_EDGE('',*,*,#5169,.T.);
#1626=ORIENTED_EDGE('',*,*,#5170,.T.);
#1627=ORIENTED_EDGE('',*,*,#5171,.F.);
#1628=ORIENTED_EDGE('',*,*,#5172,.T.);
#1629=ORIENTED_EDGE('',*,*,#5173,.F.);
#1630=ORIENTED_EDGE('',*,*,#5174,.T.);
#1631=ORIENTED_EDGE('',*,*,#5175,.T.);
#1632=ORIENTED_EDGE('',*,*,#5176,.T.);
#1633=ORIENTED_EDGE('',*,*,#5177,.T.);
#1634=ORIENTED_EDGE('',*,*,#5178,.T.);
#1635=ORIENTED_EDGE('',*,*,#5179,.F.);
#1636=ORIENTED_EDGE('',*,*,#5180,.T.);
#1637=ORIENTED_EDGE('',*,*,#5181,.F.);
#1638=ORIENTED_EDGE('',*,*,#5182,.T.);
#1639=ORIENTED_EDGE('',*,*,#5183,.T.);
#1640=ORIENTED_EDGE('',*,*,#5184,.T.);
#1641=ORIENTED_EDGE('',*,*,#5185,.T.);
#1642=ORIENTED_EDGE('',*,*,#5186,.T.);
#1643=ORIENTED_EDGE('',*,*,#5187,.F.);
#1644=ORIENTED_EDGE('',*,*,#5188,.T.);
#1645=ORIENTED_EDGE('',*,*,#5189,.F.);
#1646=ORIENTED_EDGE('',*,*,#5190,.T.);
#1647=ORIENTED_EDGE('',*,*,#5191,.T.);
#1648=ORIENTED_EDGE('',*,*,#5192,.T.);
#1649=ORIENTED_EDGE('',*,*,#5193,.T.);
#1650=ORIENTED_EDGE('',*,*,#5194,.T.);
#1651=ORIENTED_EDGE('',*,*,#5195,.F.);
#1652=ORIENTED_EDGE('',*,*,#5196,.T.);
#1653=ORIENTED_EDGE('',*,*,#5197,.F.);
#1654=ORIENTED_EDGE('',*,*,#5198,.T.);
#1655=ORIENTED_EDGE('',*,*,#5199,.T.);
#1656=ORIENTED_EDGE('',*,*,#5200,.T.);
#1657=ORIENTED_EDGE('',*,*,#5201,.T.);
#1658=ORIENTED_EDGE('',*,*,#5202,.T.);
#1659=ORIENTED_EDGE('',*,*,#5203,.F.);
#1660=ORIENTED_EDGE('',*,*,#5204,.T.);
#1661=ORIENTED_EDGE('',*,*,#5205,.F.);
#1662=ORIENTED_EDGE('',*,*,#5206,.T.);
#1663=ORIENTED_EDGE('',*,*,#5207,.T.);
#1664=ORIENTED_EDGE('',*,*,#5208,.T.);
#1665=ORIENTED_EDGE('',*,*,#5209,.T.);
#1666=ORIENTED_EDGE('',*,*,#5210,.T.);
#1667=ORIENTED_EDGE('',*,*,#5211,.F.);
#1668=ORIENTED_EDGE('',*,*,#5212,.T.);
#1669=ORIENTED_EDGE('',*,*,#5213,.F.);
#1670=ORIENTED_EDGE('',*,*,#5214,.T.);
#1671=ORIENTED_EDGE('',*,*,#5215,.T.);
#1672=ORIENTED_EDGE('',*,*,#5216,.T.);
#1673=ORIENTED_EDGE('',*,*,#5217,.T.);
#1674=ORIENTED_EDGE('',*,*,#5218,.T.);
#1675=ORIENTED_EDGE('',*,*,#5219,.F.);
#1676=ORIENTED_EDGE('',*,*,#5220,.T.);
#1677=ORIENTED_EDGE('',*,*,#5221,.F.);
#1678=ORIENTED_EDGE('',*,*,#5222,.T.);
#1679=ORIENTED_EDGE('',*,*,#5223,.T.);
#1680=ORIENTED_EDGE('',*,*,#5224,.T.);
#1681=ORIENTED_EDGE('',*,*,#5225,.T.);
#1682=ORIENTED_EDGE('',*,*,#5226,.T.);
#1683=ORIENTED_EDGE('',*,*,#5227,.F.);
#1684=ORIENTED_EDGE('',*,*,#5228,.T.);
#1685=ORIENTED_EDGE('',*,*,#5229,.F.);
#1686=ORIENTED_EDGE('',*,*,#5230,.T.);
#1687=ORIENTED_EDGE('',*,*,#5231,.T.);
#1688=ORIENTED_EDGE('',*,*,#5232,.T.);
#1689=ORIENTED_EDGE('',*,*,#5233,.T.);
#1690=ORIENTED_EDGE('',*,*,#5234,.T.);
#1691=ORIENTED_EDGE('',*,*,#5235,.F.);
#1692=ORIENTED_EDGE('',*,*,#5236,.T.);
#1693=ORIENTED_EDGE('',*,*,#5237,.F.);
#1694=ORIENTED_EDGE('',*,*,#5238,.T.);
#1695=ORIENTED_EDGE('',*,*,#5239,.T.);
#1696=ORIENTED_EDGE('',*,*,#5240,.T.);
#1697=ORIENTED_EDGE('',*,*,#5241,.T.);
#1698=ORIENTED_EDGE('',*,*,#5242,.T.);
#1699=ORIENTED_EDGE('',*,*,#5243,.F.);
#1700=ORIENTED_EDGE('',*,*,#5244,.T.);
#1701=ORIENTED_EDGE('',*,*,#5245,.F.);
#1702=ORIENTED_EDGE('',*,*,#5246,.T.);
#1703=ORIENTED_EDGE('',*,*,#5247,.T.);
#1704=ORIENTED_EDGE('',*,*,#5248,.T.);
#1705=ORIENTED_EDGE('',*,*,#5249,.T.);
#1706=ORIENTED_EDGE('',*,*,#5250,.T.);
#1707=ORIENTED_EDGE('',*,*,#5251,.F.);
#1708=ORIENTED_EDGE('',*,*,#5252,.T.);
#1709=ORIENTED_EDGE('',*,*,#5253,.F.);
#1710=ORIENTED_EDGE('',*,*,#5254,.T.);
#1711=ORIENTED_EDGE('',*,*,#5255,.T.);
#1712=ORIENTED_EDGE('',*,*,#5256,.T.);
#1713=ORIENTED_EDGE('',*,*,#5257,.T.);
#1714=ORIENTED_EDGE('',*,*,#5258,.T.);
#1715=ORIENTED_EDGE('',*,*,#5259,.F.);
#1716=ORIENTED_EDGE('',*,*,#5260,.T.);
#1717=ORIENTED_EDGE('',*,*,#5261,.F.);
#1718=ORIENTED_EDGE('',*,*,#5262,.T.);
#1719=ORIENTED_EDGE('',*,*,#5263,.T.);
#1720=ORIENTED_EDGE('',*,*,#5264,.T.);
#1721=ORIENTED_EDGE('',*,*,#5265,.T.);
#1722=ORIENTED_EDGE('',*,*,#5266,.T.);
#1723=ORIENTED_EDGE('',*,*,#5267,.F.);
#1724=ORIENTED_EDGE('',*,*,#5268,.T.);
#1725=ORIENTED_EDGE('',*,*,#5269,.F.);
#1726=ORIENTED_EDGE('',*,*,#5270,.T.);
#1727=ORIENTED_EDGE('',*,*,#5271,.T.);
#1728=ORIENTED_EDGE('',*,*,#5272,.T.);
#1729=ORIENTED_EDGE('',*,*,#5273,.T.);
#1730=ORIENTED_EDGE('',*,*,#5274,.T.);
#1731=ORIENTED_EDGE('',*,*,#5275,.F.);
#1732=ORIENTED_EDGE('',*,*,#5276,.T.);
#1733=ORIENTED_EDGE('',*,*,#5277,.F.);
#1734=ORIENTED_EDGE('',*,*,#5278,.T.);
#1735=ORIENTED_EDGE('',*,*,#5279,.T.);
#1736=ORIENTED_EDGE('',*,*,#5280,.T.);
#1737=ORIENTED_EDGE('',*,*,#5281,.T.);
#1738=ORIENTED_EDGE('',*,*,#5282,.T.);
#1739=ORIENTED_EDGE('',*,*,#5283,.F.);
#1740=ORIENTED_EDGE('',*,*,#5284,.T.);
#1741=ORIENTED_EDGE('',*,*,#5285,.F.);
#1742=ORIENTED_EDGE('',*,*,#5286,.T.);
#1743=ORIENTED_EDGE('',*,*,#5287,.T.);
#1744=ORIENTED_EDGE('',*,*,#5288,.T.);
#1745=ORIENTED_EDGE('',*,*,#5289,.T.);
#1746=ORIENTED_EDGE('',*,*,#5290,.T.);
#1747=ORIENTED_EDGE('',*,*,#5291,.F.);
#1748=ORIENTED_EDGE('',*,*,#5292,.T.);
#1749=ORIENTED_EDGE('',*,*,#5293,.F.);
#1750=ORIENTED_EDGE('',*,*,#5294,.T.);
#1751=ORIENTED_EDGE('',*,*,#5295,.T.);
#1752=ORIENTED_EDGE('',*,*,#5296,.T.);
#1753=ORIENTED_EDGE('',*,*,#5297,.T.);
#1754=ORIENTED_EDGE('',*,*,#5298,.T.);
#1755=ORIENTED_EDGE('',*,*,#5299,.F.);
#1756=ORIENTED_EDGE('',*,*,#5300,.T.);
#1757=ORIENTED_EDGE('',*,*,#5301,.F.);
#1758=ORIENTED_EDGE('',*,*,#5302,.T.);
#1759=ORIENTED_EDGE('',*,*,#5303,.T.);
#1760=ORIENTED_EDGE('',*,*,#5304,.T.);
#1761=ORIENTED_EDGE('',*,*,#5305,.T.);
#1762=ORIENTED_EDGE('',*,*,#5306,.T.);
#1763=ORIENTED_EDGE('',*,*,#5307,.F.);
#1764=ORIENTED_EDGE('',*,*,#5308,.T.);
#1765=ORIENTED_EDGE('',*,*,#5309,.F.);
#1766=ORIENTED_EDGE('',*,*,#5310,.T.);
#1767=ORIENTED_EDGE('',*,*,#5311,.T.);
#1768=ORIENTED_EDGE('',*,*,#5312,.T.);
#1769=ORIENTED_EDGE('',*,*,#5313,.T.);
#1770=ORIENTED_EDGE('',*,*,#5314,.T.);
#1771=ORIENTED_EDGE('',*,*,#5315,.F.);
#1772=ORIENTED_EDGE('',*,*,#5316,.T.);
#1773=ORIENTED_EDGE('',*,*,#5317,.F.);
#1774=ORIENTED_EDGE('',*,*,#5318,.T.);
#1775=ORIENTED_EDGE('',*,*,#5319,.T.);
#1776=ORIENTED_EDGE('',*,*,#5320,.T.);
#1777=ORIENTED_EDGE('',*,*,#5321,.T.);
#1778=ORIENTED_EDGE('',*,*,#5322,.T.);
#1779=ORIENTED_EDGE('',*,*,#5323,.F.);
#1780=ORIENTED_EDGE('',*,*,#5324,.T.);
#1781=ORIENTED_EDGE('',*,*,#5325,.F.);
#1782=ORIENTED_EDGE('',*,*,#5326,.T.);
#1783=ORIENTED_EDGE('',*,*,#5327,.T.);
#1784=ORIENTED_EDGE('',*,*,#5328,.T.);
#1785=ORIENTED_EDGE('',*,*,#5329,.T.);
#1786=ORIENTED_EDGE('',*,*,#5330,.T.);
#1787=ORIENTED_EDGE('',*,*,#5331,.F.);
#1788=ORIENTED_EDGE('',*,*,#5332,.T.);
#1789=ORIENTED_EDGE('',*,*,#5333,.F.);
#1790=ORIENTED_EDGE('',*,*,#5334,.T.);
#1791=ORIENTED_EDGE('',*,*,#5335,.T.);
#1792=ORIENTED_EDGE('',*,*,#5336,.T.);
#1793=ORIENTED_EDGE('',*,*,#5337,.T.);
#1794=ORIENTED_EDGE('',*,*,#5338,.T.);
#1795=ORIENTED_EDGE('',*,*,#5339,.F.);
#1796=ORIENTED_EDGE('',*,*,#5340,.T.);
#1797=ORIENTED_EDGE('',*,*,#5341,.F.);
#1798=ORIENTED_EDGE('',*,*,#5342,.T.);
#1799=ORIENTED_EDGE('',*,*,#5343,.T.);
#1800=ORIENTED_EDGE('',*,*,#5344,.T.);
#1801=ORIENTED_EDGE('',*,*,#5345,.T.);
#1802=ORIENTED_EDGE('',*,*,#5346,.T.);
#1803=ORIENTED_EDGE('',*,*,#5347,.F.);
#1804=ORIENTED_EDGE('',*,*,#5348,.T.);
#1805=ORIENTED_EDGE('',*,*,#5349,.F.);
#1806=ORIENTED_EDGE('',*,*,#5350,.T.);
#1807=ORIENTED_EDGE('',*,*,#5351,.T.);
#1808=ORIENTED_EDGE('',*,*,#5352,.T.);
#1809=ORIENTED_EDGE('',*,*,#5353,.T.);
#1810=ORIENTED_EDGE('',*,*,#5354,.T.);
#1811=ORIENTED_EDGE('',*,*,#5355,.F.);
#1812=ORIENTED_EDGE('',*,*,#5356,.T.);
#1813=ORIENTED_EDGE('',*,*,#5357,.F.);
#1814=ORIENTED_EDGE('',*,*,#5358,.T.);
#1815=ORIENTED_EDGE('',*,*,#5359,.T.);
#1816=ORIENTED_EDGE('',*,*,#5360,.T.);
#1817=ORIENTED_EDGE('',*,*,#5361,.T.);
#1818=ORIENTED_EDGE('',*,*,#5362,.T.);
#1819=ORIENTED_EDGE('',*,*,#5363,.F.);
#1820=ORIENTED_EDGE('',*,*,#5364,.T.);
#1821=ORIENTED_EDGE('',*,*,#5365,.F.);
#1822=ORIENTED_EDGE('',*,*,#5366,.T.);
#1823=ORIENTED_EDGE('',*,*,#5367,.T.);
#1824=ORIENTED_EDGE('',*,*,#5368,.T.);
#1825=ORIENTED_EDGE('',*,*,#5369,.T.);
#1826=ORIENTED_EDGE('',*,*,#5370,.T.);
#1827=ORIENTED_EDGE('',*,*,#5371,.F.);
#1828=ORIENTED_EDGE('',*,*,#5372,.T.);
#1829=ORIENTED_EDGE('',*,*,#5373,.F.);
#1830=ORIENTED_EDGE('',*,*,#5374,.T.);
#1831=ORIENTED_EDGE('',*,*,#5375,.T.);
#1832=ORIENTED_EDGE('',*,*,#5376,.T.);
#1833=ORIENTED_EDGE('',*,*,#5377,.T.);
#1834=ORIENTED_EDGE('',*,*,#5378,.T.);
#1835=ORIENTED_EDGE('',*,*,#5379,.F.);
#1836=ORIENTED_EDGE('',*,*,#5380,.T.);
#1837=ORIENTED_EDGE('',*,*,#5381,.F.);
#1838=ORIENTED_EDGE('',*,*,#5382,.T.);
#1839=ORIENTED_EDGE('',*,*,#5383,.T.);
#1840=ORIENTED_EDGE('',*,*,#5384,.T.);
#1841=ORIENTED_EDGE('',*,*,#5385,.T.);
#1842=ORIENTED_EDGE('',*,*,#5386,.T.);
#1843=ORIENTED_EDGE('',*,*,#5387,.F.);
#1844=ORIENTED_EDGE('',*,*,#5388,.T.);
#1845=ORIENTED_EDGE('',*,*,#5389,.F.);
#1846=ORIENTED_EDGE('',*,*,#5390,.T.);
#1847=ORIENTED_EDGE('',*,*,#5391,.T.);
#1848=ORIENTED_EDGE('',*,*,#5392,.T.);
#1849=ORIENTED_EDGE('',*,*,#5393,.T.);
#1850=ORIENTED_EDGE('',*,*,#5394,.T.);
#1851=ORIENTED_EDGE('',*,*,#5395,.F.);
#1852=ORIENTED_EDGE('',*,*,#5396,.T.);
#1853=ORIENTED_EDGE('',*,*,#5397,.F.);
#1854=ORIENTED_EDGE('',*,*,#5398,.T.);
#1855=ORIENTED_EDGE('',*,*,#5399,.T.);
#1856=ORIENTED_EDGE('',*,*,#5400,.T.);
#1857=ORIENTED_EDGE('',*,*,#5401,.T.);
#1858=ORIENTED_EDGE('',*,*,#5402,.T.);
#1859=ORIENTED_EDGE('',*,*,#5403,.F.);
#1860=ORIENTED_EDGE('',*,*,#5404,.T.);
#1861=ORIENTED_EDGE('',*,*,#5405,.F.);
#1862=ORIENTED_EDGE('',*,*,#5406,.T.);
#1863=ORIENTED_EDGE('',*,*,#5407,.T.);
#1864=ORIENTED_EDGE('',*,*,#5408,.T.);
#1865=ORIENTED_EDGE('',*,*,#5409,.T.);
#1866=ORIENTED_EDGE('',*,*,#5410,.T.);
#1867=ORIENTED_EDGE('',*,*,#5411,.F.);
#1868=ORIENTED_EDGE('',*,*,#5412,.T.);
#1869=ORIENTED_EDGE('',*,*,#5413,.F.);
#1870=ORIENTED_EDGE('',*,*,#5414,.T.);
#1871=ORIENTED_EDGE('',*,*,#5415,.T.);
#1872=ORIENTED_EDGE('',*,*,#5416,.T.);
#1873=ORIENTED_EDGE('',*,*,#5417,.T.);
#1874=ORIENTED_EDGE('',*,*,#5418,.T.);
#1875=ORIENTED_EDGE('',*,*,#5419,.F.);
#1876=ORIENTED_EDGE('',*,*,#5420,.T.);
#1877=ORIENTED_EDGE('',*,*,#5421,.F.);
#1878=ORIENTED_EDGE('',*,*,#5422,.T.);
#1879=ORIENTED_EDGE('',*,*,#5423,.T.);
#1880=ORIENTED_EDGE('',*,*,#5424,.T.);
#1881=ORIENTED_EDGE('',*,*,#5425,.T.);
#1882=ORIENTED_EDGE('',*,*,#5426,.T.);
#1883=ORIENTED_EDGE('',*,*,#5427,.F.);
#1884=ORIENTED_EDGE('',*,*,#5428,.T.);
#1885=ORIENTED_EDGE('',*,*,#5429,.F.);
#1886=ORIENTED_EDGE('',*,*,#5430,.T.);
#1887=ORIENTED_EDGE('',*,*,#5431,.T.);
#1888=ORIENTED_EDGE('',*,*,#5432,.T.);
#1889=ORIENTED_EDGE('',*,*,#5433,.T.);
#1890=ORIENTED_EDGE('',*,*,#5434,.T.);
#1891=ORIENTED_EDGE('',*,*,#5435,.F.);
#1892=ORIENTED_EDGE('',*,*,#5436,.T.);
#1893=ORIENTED_EDGE('',*,*,#5437,.F.);
#1894=ORIENTED_EDGE('',*,*,#5438,.T.);
#1895=ORIENTED_EDGE('',*,*,#5439,.T.);
#1896=ORIENTED_EDGE('',*,*,#5440,.T.);
#1897=ORIENTED_EDGE('',*,*,#5441,.T.);
#1898=ORIENTED_EDGE('',*,*,#5442,.T.);
#1899=ORIENTED_EDGE('',*,*,#5443,.F.);
#1900=ORIENTED_EDGE('',*,*,#5444,.T.);
#1901=ORIENTED_EDGE('',*,*,#5445,.F.);
#1902=ORIENTED_EDGE('',*,*,#5446,.T.);
#1903=ORIENTED_EDGE('',*,*,#5447,.T.);
#1904=ORIENTED_EDGE('',*,*,#5448,.T.);
#1905=ORIENTED_EDGE('',*,*,#5449,.T.);
#1906=ORIENTED_EDGE('',*,*,#5450,.T.);
#1907=ORIENTED_EDGE('',*,*,#5451,.F.);
#1908=ORIENTED_EDGE('',*,*,#5452,.T.);
#1909=ORIENTED_EDGE('',*,*,#5453,.F.);
#1910=ORIENTED_EDGE('',*,*,#5454,.T.);
#1911=ORIENTED_EDGE('',*,*,#5455,.T.);
#1912=ORIENTED_EDGE('',*,*,#5456,.T.);
#1913=ORIENTED_EDGE('',*,*,#5457,.T.);
#1914=ORIENTED_EDGE('',*,*,#5458,.T.);
#1915=ORIENTED_EDGE('',*,*,#5459,.F.);
#1916=ORIENTED_EDGE('',*,*,#5460,.T.);
#1917=ORIENTED_EDGE('',*,*,#5461,.F.);
#1918=ORIENTED_EDGE('',*,*,#5462,.T.);
#1919=ORIENTED_EDGE('',*,*,#5463,.T.);
#1920=ORIENTED_EDGE('',*,*,#5464,.T.);
#1921=ORIENTED_EDGE('',*,*,#5465,.T.);
#1922=ORIENTED_EDGE('',*,*,#5466,.T.);
#1923=ORIENTED_EDGE('',*,*,#5467,.F.);
#1924=ORIENTED_EDGE('',*,*,#5468,.T.);
#1925=ORIENTED_EDGE('',*,*,#5469,.F.);
#1926=ORIENTED_EDGE('',*,*,#5470,.T.);
#1927=ORIENTED_EDGE('',*,*,#5471,.T.);
#1928=ORIENTED_EDGE('',*,*,#5472,.T.);
#1929=ORIENTED_EDGE('',*,*,#5473,.T.);
#1930=ORIENTED_EDGE('',*,*,#5474,.T.);
#1931=ORIENTED_EDGE('',*,*,#5475,.F.);
#1932=ORIENTED_EDGE('',*,*,#5476,.T.);
#1933=ORIENTED_EDGE('',*,*,#5477,.F.);
#1934=ORIENTED_EDGE('',*,*,#5478,.T.);
#1935=ORIENTED_EDGE('',*,*,#5479,.T.);
#1936=ORIENTED_EDGE('',*,*,#5480,.T.);
#1937=ORIENTED_EDGE('',*,*,#5481,.T.);
#1938=ORIENTED_EDGE('',*,*,#5482,.T.);
#1939=ORIENTED_EDGE('',*,*,#5483,.F.);
#1940=ORIENTED_EDGE('',*,*,#5484,.T.);
#1941=ORIENTED_EDGE('',*,*,#5485,.F.);
#1942=ORIENTED_EDGE('',*,*,#5486,.T.);
#1943=ORIENTED_EDGE('',*,*,#5487,.T.);
#1944=ORIENTED_EDGE('',*,*,#5488,.T.);
#1945=ORIENTED_EDGE('',*,*,#5489,.T.);
#1946=ORIENTED_EDGE('',*,*,#5490,.T.);
#1947=ORIENTED_EDGE('',*,*,#5491,.F.);
#1948=ORIENTED_EDGE('',*,*,#5492,.T.);
#1949=ORIENTED_EDGE('',*,*,#5493,.F.);
#1950=ORIENTED_EDGE('',*,*,#5494,.T.);
#1951=ORIENTED_EDGE('',*,*,#5495,.T.);
#1952=ORIENTED_EDGE('',*,*,#5496,.T.);
#1953=ORIENTED_EDGE('',*,*,#5497,.T.);
#1954=ORIENTED_EDGE('',*,*,#5498,.T.);
#1955=ORIENTED_EDGE('',*,*,#5499,.F.);
#1956=ORIENTED_EDGE('',*,*,#5500,.T.);
#1957=ORIENTED_EDGE('',*,*,#5501,.F.);
#1958=ORIENTED_EDGE('',*,*,#5502,.T.);
#1959=ORIENTED_EDGE('',*,*,#5503,.T.);
#1960=ORIENTED_EDGE('',*,*,#5504,.T.);
#1961=ORIENTED_EDGE('',*,*,#5505,.T.);
#1962=ORIENTED_EDGE('',*,*,#5506,.T.);
#1963=ORIENTED_EDGE('',*,*,#5507,.F.);
#1964=ORIENTED_EDGE('',*,*,#5508,.T.);
#1965=ORIENTED_EDGE('',*,*,#5509,.F.);
#1966=ORIENTED_EDGE('',*,*,#5510,.T.);
#1967=ORIENTED_EDGE('',*,*,#5511,.T.);
#1968=ORIENTED_EDGE('',*,*,#5512,.T.);
#1969=ORIENTED_EDGE('',*,*,#5513,.T.);
#1970=ORIENTED_EDGE('',*,*,#5514,.T.);
#1971=ORIENTED_EDGE('',*,*,#5515,.F.);
#1972=ORIENTED_EDGE('',*,*,#5516,.T.);
#1973=ORIENTED_EDGE('',*,*,#5517,.F.);
#1974=ORIENTED_EDGE('',*,*,#5518,.T.);
#1975=ORIENTED_EDGE('',*,*,#5519,.T.);
#1976=ORIENTED_EDGE('',*,*,#5520,.T.);
#1977=ORIENTED_EDGE('',*,*,#5521,.T.);
#1978=ORIENTED_EDGE('',*,*,#5522,.T.);
#1979=ORIENTED_EDGE('',*,*,#5523,.F.);
#1980=ORIENTED_EDGE('',*,*,#5524,.T.);
#1981=ORIENTED_EDGE('',*,*,#5525,.F.);
#1982=ORIENTED_EDGE('',*,*,#5526,.T.);
#1983=ORIENTED_EDGE('',*,*,#5527,.T.);
#1984=ORIENTED_EDGE('',*,*,#5528,.T.);
#1985=ORIENTED_EDGE('',*,*,#5529,.T.);
#1986=ORIENTED_EDGE('',*,*,#5530,.T.);
#1987=ORIENTED_EDGE('',*,*,#5531,.F.);
#1988=ORIENTED_EDGE('',*,*,#5532,.T.);
#1989=ORIENTED_EDGE('',*,*,#5533,.F.);
#1990=ORIENTED_EDGE('',*,*,#5534,.T.);
#1991=ORIENTED_EDGE('',*,*,#5535,.T.);
#1992=ORIENTED_EDGE('',*,*,#5536,.T.);
#1993=ORIENTED_EDGE('',*,*,#5537,.T.);
#1994=ORIENTED_EDGE('',*,*,#5538,.T.);
#1995=ORIENTED_EDGE('',*,*,#5539,.F.);
#1996=ORIENTED_EDGE('',*,*,#5540,.T.);
#1997=ORIENTED_EDGE('',*,*,#5541,.F.);
#1998=ORIENTED_EDGE('',*,*,#5542,.T.);
#1999=ORIENTED_EDGE('',*,*,#5543,.F.);
#2000=ORIENTED_EDGE('',*,*,#5544,.T.);
#2001=ORIENTED_EDGE('',*,*,#5545,.T.);
#2002=ORIENTED_EDGE('',*,*,#5546,.T.);
#2003=ORIENTED_EDGE('',*,*,#5547,.T.);
#2004=ORIENTED_EDGE('',*,*,#5548,.F.);
#2005=ORIENTED_EDGE('',*,*,#5549,.F.);
#2006=ORIENTED_EDGE('',*,*,#5550,.F.);
#2007=ORIENTED_EDGE('',*,*,#5551,.F.);
#2008=ORIENTED_EDGE('',*,*,#5552,.T.);
#2009=ORIENTED_EDGE('',*,*,#5553,.F.);
#2010=ORIENTED_EDGE('',*,*,#5554,.T.);
#2011=ORIENTED_EDGE('',*,*,#5555,.F.);
#2012=ORIENTED_EDGE('',*,*,#5556,.T.);
#2013=ORIENTED_EDGE('',*,*,#5557,.T.);
#2014=ORIENTED_EDGE('',*,*,#5558,.T.);
#2015=ORIENTED_EDGE('',*,*,#5559,.F.);
#2016=ORIENTED_EDGE('',*,*,#5560,.T.);
#2017=ORIENTED_EDGE('',*,*,#5561,.F.);
#2018=ORIENTED_EDGE('',*,*,#5562,.T.);
#2019=ORIENTED_EDGE('',*,*,#5563,.T.);
#2020=ORIENTED_EDGE('',*,*,#5564,.T.);
#2021=ORIENTED_EDGE('',*,*,#5565,.T.);
#2022=ORIENTED_EDGE('',*,*,#5566,.T.);
#2023=ORIENTED_EDGE('',*,*,#5567,.F.);
#2024=ORIENTED_EDGE('',*,*,#5568,.T.);
#2025=ORIENTED_EDGE('',*,*,#5569,.F.);
#2026=ORIENTED_EDGE('',*,*,#5570,.T.);
#2027=ORIENTED_EDGE('',*,*,#5571,.T.);
#2028=ORIENTED_EDGE('',*,*,#5572,.T.);
#2029=ORIENTED_EDGE('',*,*,#5573,.T.);
#2030=ORIENTED_EDGE('',*,*,#5574,.T.);
#2031=ORIENTED_EDGE('',*,*,#5575,.F.);
#2032=ORIENTED_EDGE('',*,*,#5576,.T.);
#2033=ORIENTED_EDGE('',*,*,#5577,.F.);
#2034=ORIENTED_EDGE('',*,*,#5578,.T.);
#2035=ORIENTED_EDGE('',*,*,#5579,.T.);
#2036=ORIENTED_EDGE('',*,*,#5580,.T.);
#2037=ORIENTED_EDGE('',*,*,#5581,.T.);
#2038=ORIENTED_EDGE('',*,*,#5582,.T.);
#2039=ORIENTED_EDGE('',*,*,#5583,.F.);
#2040=ORIENTED_EDGE('',*,*,#5584,.T.);
#2041=ORIENTED_EDGE('',*,*,#5585,.F.);
#2042=ORIENTED_EDGE('',*,*,#5586,.T.);
#2043=ORIENTED_EDGE('',*,*,#5587,.T.);
#2044=ORIENTED_EDGE('',*,*,#5588,.T.);
#2045=ORIENTED_EDGE('',*,*,#5589,.T.);
#2046=ORIENTED_EDGE('',*,*,#5590,.T.);
#2047=ORIENTED_EDGE('',*,*,#5591,.F.);
#2048=ORIENTED_EDGE('',*,*,#5592,.T.);
#2049=ORIENTED_EDGE('',*,*,#5593,.F.);
#2050=ORIENTED_EDGE('',*,*,#5594,.T.);
#2051=ORIENTED_EDGE('',*,*,#5595,.T.);
#2052=ORIENTED_EDGE('',*,*,#5596,.T.);
#2053=ORIENTED_EDGE('',*,*,#5597,.T.);
#2054=ORIENTED_EDGE('',*,*,#5598,.T.);
#2055=ORIENTED_EDGE('',*,*,#5599,.F.);
#2056=ORIENTED_EDGE('',*,*,#5600,.T.);
#2057=ORIENTED_EDGE('',*,*,#5601,.F.);
#2058=ORIENTED_EDGE('',*,*,#5602,.T.);
#2059=ORIENTED_EDGE('',*,*,#5603,.T.);
#2060=ORIENTED_EDGE('',*,*,#5604,.T.);
#2061=ORIENTED_EDGE('',*,*,#5605,.T.);
#2062=ORIENTED_EDGE('',*,*,#5606,.T.);
#2063=ORIENTED_EDGE('',*,*,#5607,.F.);
#2064=ORIENTED_EDGE('',*,*,#5608,.T.);
#2065=ORIENTED_EDGE('',*,*,#5609,.F.);
#2066=ORIENTED_EDGE('',*,*,#5610,.T.);
#2067=ORIENTED_EDGE('',*,*,#5611,.T.);
#2068=ORIENTED_EDGE('',*,*,#5612,.T.);
#2069=ORIENTED_EDGE('',*,*,#5613,.T.);
#2070=ORIENTED_EDGE('',*,*,#5614,.T.);
#2071=ORIENTED_EDGE('',*,*,#5615,.F.);
#2072=ORIENTED_EDGE('',*,*,#5616,.T.);
#2073=ORIENTED_EDGE('',*,*,#5617,.F.);
#2074=ORIENTED_EDGE('',*,*,#5618,.T.);
#2075=ORIENTED_EDGE('',*,*,#5619,.T.);
#2076=ORIENTED_EDGE('',*,*,#5620,.T.);
#2077=ORIENTED_EDGE('',*,*,#5621,.T.);
#2078=ORIENTED_EDGE('',*,*,#5622,.T.);
#2079=ORIENTED_EDGE('',*,*,#5623,.T.);
#2080=ORIENTED_EDGE('',*,*,#5624,.F.);
#2081=ORIENTED_EDGE('',*,*,#5625,.T.);
#2082=ORIENTED_EDGE('',*,*,#5626,.T.);
#2083=ORIENTED_EDGE('',*,*,#5627,.F.);
#2084=ORIENTED_EDGE('',*,*,#5548,.T.);
#2085=ORIENTED_EDGE('',*,*,#5628,.F.);
#2086=ORIENTED_EDGE('',*,*,#4736,.F.);
#2087=ORIENTED_EDGE('',*,*,#5629,.T.);
#2088=ORIENTED_EDGE('',*,*,#5555,.T.);
#2089=ORIENTED_EDGE('',*,*,#5630,.F.);
#2090=ORIENTED_EDGE('',*,*,#4737,.F.);
#2091=ORIENTED_EDGE('',*,*,#5628,.T.);
#2092=ORIENTED_EDGE('',*,*,#5554,.F.);
#2093=ORIENTED_EDGE('',*,*,#5631,.F.);
#2094=ORIENTED_EDGE('',*,*,#4738,.T.);
#2095=ORIENTED_EDGE('',*,*,#5630,.T.);
#2096=ORIENTED_EDGE('',*,*,#5553,.T.);
#2097=ORIENTED_EDGE('',*,*,#5632,.F.);
#2098=ORIENTED_EDGE('',*,*,#4739,.F.);
#2099=ORIENTED_EDGE('',*,*,#5631,.T.);
#2100=ORIENTED_EDGE('',*,*,#5552,.F.);
#2101=ORIENTED_EDGE('',*,*,#5633,.F.);
#2102=ORIENTED_EDGE('',*,*,#4740,.T.);
#2103=ORIENTED_EDGE('',*,*,#5632,.T.);
#2104=ORIENTED_EDGE('',*,*,#5551,.T.);
#2105=ORIENTED_EDGE('',*,*,#5634,.F.);
#2106=ORIENTED_EDGE('',*,*,#4741,.F.);
#2107=ORIENTED_EDGE('',*,*,#5633,.T.);
#2108=ORIENTED_EDGE('',*,*,#5550,.T.);
#2109=ORIENTED_EDGE('',*,*,#5635,.F.);
#2110=ORIENTED_EDGE('',*,*,#4742,.F.);
#2111=ORIENTED_EDGE('',*,*,#5634,.T.);
#2112=ORIENTED_EDGE('',*,*,#5549,.T.);
#2113=ORIENTED_EDGE('',*,*,#5629,.F.);
#2114=ORIENTED_EDGE('',*,*,#4743,.F.);
#2115=ORIENTED_EDGE('',*,*,#5635,.T.);
#2116=ORIENTED_EDGE('',*,*,#5541,.T.);
#2117=ORIENTED_EDGE('',*,*,#5636,.F.);
#2118=ORIENTED_EDGE('',*,*,#4744,.F.);
#2119=ORIENTED_EDGE('',*,*,#5637,.T.);
#2120=ORIENTED_EDGE('',*,*,#5542,.F.);
#2121=ORIENTED_EDGE('',*,*,#5637,.F.);
#2122=ORIENTED_EDGE('',*,*,#4751,.T.);
#2123=ORIENTED_EDGE('',*,*,#5638,.T.);
#2124=ORIENTED_EDGE('',*,*,#5543,.T.);
#2125=ORIENTED_EDGE('',*,*,#5638,.F.);
#2126=ORIENTED_EDGE('',*,*,#4750,.F.);
#2127=ORIENTED_EDGE('',*,*,#5639,.T.);
#2128=ORIENTED_EDGE('',*,*,#5544,.F.);
#2129=ORIENTED_EDGE('',*,*,#5639,.F.);
#2130=ORIENTED_EDGE('',*,*,#4749,.T.);
#2131=ORIENTED_EDGE('',*,*,#5640,.T.);
#2132=ORIENTED_EDGE('',*,*,#5545,.F.);
#2133=ORIENTED_EDGE('',*,*,#5640,.F.);
#2134=ORIENTED_EDGE('',*,*,#4748,.T.);
#2135=ORIENTED_EDGE('',*,*,#5641,.T.);
#2136=ORIENTED_EDGE('',*,*,#5546,.F.);
#2137=ORIENTED_EDGE('',*,*,#5641,.F.);
#2138=ORIENTED_EDGE('',*,*,#4747,.T.);
#2139=ORIENTED_EDGE('',*,*,#5642,.T.);
#2140=ORIENTED_EDGE('',*,*,#5547,.F.);
#2141=ORIENTED_EDGE('',*,*,#5642,.F.);
#2142=ORIENTED_EDGE('',*,*,#4746,.T.);
#2143=ORIENTED_EDGE('',*,*,#5643,.T.);
#2144=ORIENTED_EDGE('',*,*,#5540,.F.);
#2145=ORIENTED_EDGE('',*,*,#5643,.F.);
#2146=ORIENTED_EDGE('',*,*,#4745,.T.);
#2147=ORIENTED_EDGE('',*,*,#5636,.T.);
#2148=ORIENTED_EDGE('',*,*,#5533,.T.);
#2149=ORIENTED_EDGE('',*,*,#5644,.F.);
#2150=ORIENTED_EDGE('',*,*,#4728,.F.);
#2151=ORIENTED_EDGE('',*,*,#5645,.T.);
#2152=ORIENTED_EDGE('',*,*,#5534,.F.);
#2153=ORIENTED_EDGE('',*,*,#5645,.F.);
#2154=ORIENTED_EDGE('',*,*,#4735,.T.);
#2155=ORIENTED_EDGE('',*,*,#5646,.T.);
#2156=ORIENTED_EDGE('',*,*,#5535,.F.);
#2157=ORIENTED_EDGE('',*,*,#5646,.F.);
#2158=ORIENTED_EDGE('',*,*,#4734,.T.);
#2159=ORIENTED_EDGE('',*,*,#5647,.T.);
#2160=ORIENTED_EDGE('',*,*,#5536,.F.);
#2161=ORIENTED_EDGE('',*,*,#5647,.F.);
#2162=ORIENTED_EDGE('',*,*,#4733,.T.);
#2163=ORIENTED_EDGE('',*,*,#5648,.T.);
#2164=ORIENTED_EDGE('',*,*,#5537,.F.);
#2165=ORIENTED_EDGE('',*,*,#5648,.F.);
#2166=ORIENTED_EDGE('',*,*,#4732,.T.);
#2167=ORIENTED_EDGE('',*,*,#5649,.T.);
#2168=ORIENTED_EDGE('',*,*,#5538,.F.);
#2169=ORIENTED_EDGE('',*,*,#5649,.F.);
#2170=ORIENTED_EDGE('',*,*,#4731,.T.);
#2171=ORIENTED_EDGE('',*,*,#5650,.T.);
#2172=ORIENTED_EDGE('',*,*,#5539,.T.);
#2173=ORIENTED_EDGE('',*,*,#5650,.F.);
#2174=ORIENTED_EDGE('',*,*,#4730,.F.);
#2175=ORIENTED_EDGE('',*,*,#5651,.T.);
#2176=ORIENTED_EDGE('',*,*,#5532,.F.);
#2177=ORIENTED_EDGE('',*,*,#5651,.F.);
#2178=ORIENTED_EDGE('',*,*,#4729,.T.);
#2179=ORIENTED_EDGE('',*,*,#5644,.T.);
#2180=ORIENTED_EDGE('',*,*,#5525,.T.);
#2181=ORIENTED_EDGE('',*,*,#5652,.F.);
#2182=ORIENTED_EDGE('',*,*,#4752,.F.);
#2183=ORIENTED_EDGE('',*,*,#5653,.T.);
#2184=ORIENTED_EDGE('',*,*,#5526,.F.);
#2185=ORIENTED_EDGE('',*,*,#5653,.F.);
#2186=ORIENTED_EDGE('',*,*,#4759,.T.);
#2187=ORIENTED_EDGE('',*,*,#5654,.T.);
#2188=ORIENTED_EDGE('',*,*,#5527,.F.);
#2189=ORIENTED_EDGE('',*,*,#5654,.F.);
#2190=ORIENTED_EDGE('',*,*,#4758,.T.);
#2191=ORIENTED_EDGE('',*,*,#5655,.T.);
#2192=ORIENTED_EDGE('',*,*,#5528,.F.);
#2193=ORIENTED_EDGE('',*,*,#5655,.F.);
#2194=ORIENTED_EDGE('',*,*,#4757,.T.);
#2195=ORIENTED_EDGE('',*,*,#5656,.T.);
#2196=ORIENTED_EDGE('',*,*,#5529,.F.);
#2197=ORIENTED_EDGE('',*,*,#5656,.F.);
#2198=ORIENTED_EDGE('',*,*,#4756,.T.);
#2199=ORIENTED_EDGE('',*,*,#5657,.T.);
#2200=ORIENTED_EDGE('',*,*,#5530,.F.);
#2201=ORIENTED_EDGE('',*,*,#5657,.F.);
#2202=ORIENTED_EDGE('',*,*,#4755,.T.);
#2203=ORIENTED_EDGE('',*,*,#5658,.T.);
#2204=ORIENTED_EDGE('',*,*,#5531,.T.);
#2205=ORIENTED_EDGE('',*,*,#5658,.F.);
#2206=ORIENTED_EDGE('',*,*,#4754,.F.);
#2207=ORIENTED_EDGE('',*,*,#5659,.T.);
#2208=ORIENTED_EDGE('',*,*,#5524,.F.);
#2209=ORIENTED_EDGE('',*,*,#5659,.F.);
#2210=ORIENTED_EDGE('',*,*,#4753,.T.);
#2211=ORIENTED_EDGE('',*,*,#5652,.T.);
#2212=ORIENTED_EDGE('',*,*,#5517,.T.);
#2213=ORIENTED_EDGE('',*,*,#5660,.F.);
#2214=ORIENTED_EDGE('',*,*,#4720,.F.);
#2215=ORIENTED_EDGE('',*,*,#5661,.T.);
#2216=ORIENTED_EDGE('',*,*,#5518,.F.);
#2217=ORIENTED_EDGE('',*,*,#5661,.F.);
#2218=ORIENTED_EDGE('',*,*,#4727,.T.);
#2219=ORIENTED_EDGE('',*,*,#5662,.T.);
#2220=ORIENTED_EDGE('',*,*,#5519,.F.);
#2221=ORIENTED_EDGE('',*,*,#5662,.F.);
#2222=ORIENTED_EDGE('',*,*,#4726,.T.);
#2223=ORIENTED_EDGE('',*,*,#5663,.T.);
#2224=ORIENTED_EDGE('',*,*,#5520,.F.);
#2225=ORIENTED_EDGE('',*,*,#5663,.F.);
#2226=ORIENTED_EDGE('',*,*,#4725,.T.);
#2227=ORIENTED_EDGE('',*,*,#5664,.T.);
#2228=ORIENTED_EDGE('',*,*,#5521,.F.);
#2229=ORIENTED_EDGE('',*,*,#5664,.F.);
#2230=ORIENTED_EDGE('',*,*,#4724,.T.);
#2231=ORIENTED_EDGE('',*,*,#5665,.T.);
#2232=ORIENTED_EDGE('',*,*,#5522,.F.);
#2233=ORIENTED_EDGE('',*,*,#5665,.F.);
#2234=ORIENTED_EDGE('',*,*,#4723,.T.);
#2235=ORIENTED_EDGE('',*,*,#5666,.T.);
#2236=ORIENTED_EDGE('',*,*,#5523,.T.);
#2237=ORIENTED_EDGE('',*,*,#5666,.F.);
#2238=ORIENTED_EDGE('',*,*,#4722,.F.);
#2239=ORIENTED_EDGE('',*,*,#5667,.T.);
#2240=ORIENTED_EDGE('',*,*,#5516,.F.);
#2241=ORIENTED_EDGE('',*,*,#5667,.F.);
#2242=ORIENTED_EDGE('',*,*,#4721,.T.);
#2243=ORIENTED_EDGE('',*,*,#5660,.T.);
#2244=ORIENTED_EDGE('',*,*,#5509,.T.);
#2245=ORIENTED_EDGE('',*,*,#5668,.F.);
#2246=ORIENTED_EDGE('',*,*,#4760,.F.);
#2247=ORIENTED_EDGE('',*,*,#5669,.T.);
#2248=ORIENTED_EDGE('',*,*,#5510,.F.);
#2249=ORIENTED_EDGE('',*,*,#5669,.F.);
#2250=ORIENTED_EDGE('',*,*,#4767,.T.);
#2251=ORIENTED_EDGE('',*,*,#5670,.T.);
#2252=ORIENTED_EDGE('',*,*,#5511,.F.);
#2253=ORIENTED_EDGE('',*,*,#5670,.F.);
#2254=ORIENTED_EDGE('',*,*,#4766,.T.);
#2255=ORIENTED_EDGE('',*,*,#5671,.T.);
#2256=ORIENTED_EDGE('',*,*,#5512,.F.);
#2257=ORIENTED_EDGE('',*,*,#5671,.F.);
#2258=ORIENTED_EDGE('',*,*,#4765,.T.);
#2259=ORIENTED_EDGE('',*,*,#5672,.T.);
#2260=ORIENTED_EDGE('',*,*,#5513,.F.);
#2261=ORIENTED_EDGE('',*,*,#5672,.F.);
#2262=ORIENTED_EDGE('',*,*,#4764,.T.);
#2263=ORIENTED_EDGE('',*,*,#5673,.T.);
#2264=ORIENTED_EDGE('',*,*,#5514,.F.);
#2265=ORIENTED_EDGE('',*,*,#5673,.F.);
#2266=ORIENTED_EDGE('',*,*,#4763,.T.);
#2267=ORIENTED_EDGE('',*,*,#5674,.T.);
#2268=ORIENTED_EDGE('',*,*,#5515,.T.);
#2269=ORIENTED_EDGE('',*,*,#5674,.F.);
#2270=ORIENTED_EDGE('',*,*,#4762,.F.);
#2271=ORIENTED_EDGE('',*,*,#5675,.T.);
#2272=ORIENTED_EDGE('',*,*,#5508,.F.);
#2273=ORIENTED_EDGE('',*,*,#5675,.F.);
#2274=ORIENTED_EDGE('',*,*,#4761,.T.);
#2275=ORIENTED_EDGE('',*,*,#5668,.T.);
#2276=ORIENTED_EDGE('',*,*,#5501,.T.);
#2277=ORIENTED_EDGE('',*,*,#5676,.F.);
#2278=ORIENTED_EDGE('',*,*,#4712,.F.);
#2279=ORIENTED_EDGE('',*,*,#5677,.T.);
#2280=ORIENTED_EDGE('',*,*,#5502,.F.);
#2281=ORIENTED_EDGE('',*,*,#5677,.F.);
#2282=ORIENTED_EDGE('',*,*,#4719,.T.);
#2283=ORIENTED_EDGE('',*,*,#5678,.T.);
#2284=ORIENTED_EDGE('',*,*,#5503,.F.);
#2285=ORIENTED_EDGE('',*,*,#5678,.F.);
#2286=ORIENTED_EDGE('',*,*,#4718,.T.);
#2287=ORIENTED_EDGE('',*,*,#5679,.T.);
#2288=ORIENTED_EDGE('',*,*,#5504,.F.);
#2289=ORIENTED_EDGE('',*,*,#5679,.F.);
#2290=ORIENTED_EDGE('',*,*,#4717,.T.);
#2291=ORIENTED_EDGE('',*,*,#5680,.T.);
#2292=ORIENTED_EDGE('',*,*,#5505,.F.);
#2293=ORIENTED_EDGE('',*,*,#5680,.F.);
#2294=ORIENTED_EDGE('',*,*,#4716,.T.);
#2295=ORIENTED_EDGE('',*,*,#5681,.T.);
#2296=ORIENTED_EDGE('',*,*,#5506,.F.);
#2297=ORIENTED_EDGE('',*,*,#5681,.F.);
#2298=ORIENTED_EDGE('',*,*,#4715,.T.);
#2299=ORIENTED_EDGE('',*,*,#5682,.T.);
#2300=ORIENTED_EDGE('',*,*,#5507,.T.);
#2301=ORIENTED_EDGE('',*,*,#5682,.F.);
#2302=ORIENTED_EDGE('',*,*,#4714,.F.);
#2303=ORIENTED_EDGE('',*,*,#5683,.T.);
#2304=ORIENTED_EDGE('',*,*,#5500,.F.);
#2305=ORIENTED_EDGE('',*,*,#5683,.F.);
#2306=ORIENTED_EDGE('',*,*,#4713,.T.);
#2307=ORIENTED_EDGE('',*,*,#5676,.T.);
#2308=ORIENTED_EDGE('',*,*,#5493,.T.);
#2309=ORIENTED_EDGE('',*,*,#5684,.F.);
#2310=ORIENTED_EDGE('',*,*,#4768,.F.);
#2311=ORIENTED_EDGE('',*,*,#5685,.T.);
#2312=ORIENTED_EDGE('',*,*,#5494,.F.);
#2313=ORIENTED_EDGE('',*,*,#5685,.F.);
#2314=ORIENTED_EDGE('',*,*,#4775,.T.);
#2315=ORIENTED_EDGE('',*,*,#5686,.T.);
#2316=ORIENTED_EDGE('',*,*,#5495,.F.);
#2317=ORIENTED_EDGE('',*,*,#5686,.F.);
#2318=ORIENTED_EDGE('',*,*,#4774,.T.);
#2319=ORIENTED_EDGE('',*,*,#5687,.T.);
#2320=ORIENTED_EDGE('',*,*,#5496,.F.);
#2321=ORIENTED_EDGE('',*,*,#5687,.F.);
#2322=ORIENTED_EDGE('',*,*,#4773,.T.);
#2323=ORIENTED_EDGE('',*,*,#5688,.T.);
#2324=ORIENTED_EDGE('',*,*,#5497,.F.);
#2325=ORIENTED_EDGE('',*,*,#5688,.F.);
#2326=ORIENTED_EDGE('',*,*,#4772,.T.);
#2327=ORIENTED_EDGE('',*,*,#5689,.T.);
#2328=ORIENTED_EDGE('',*,*,#5498,.F.);
#2329=ORIENTED_EDGE('',*,*,#5689,.F.);
#2330=ORIENTED_EDGE('',*,*,#4771,.T.);
#2331=ORIENTED_EDGE('',*,*,#5690,.T.);
#2332=ORIENTED_EDGE('',*,*,#5499,.T.);
#2333=ORIENTED_EDGE('',*,*,#5690,.F.);
#2334=ORIENTED_EDGE('',*,*,#4770,.F.);
#2335=ORIENTED_EDGE('',*,*,#5691,.T.);
#2336=ORIENTED_EDGE('',*,*,#5492,.F.);
#2337=ORIENTED_EDGE('',*,*,#5691,.F.);
#2338=ORIENTED_EDGE('',*,*,#4769,.T.);
#2339=ORIENTED_EDGE('',*,*,#5684,.T.);
#2340=ORIENTED_EDGE('',*,*,#5485,.T.);
#2341=ORIENTED_EDGE('',*,*,#5692,.F.);
#2342=ORIENTED_EDGE('',*,*,#4704,.F.);
#2343=ORIENTED_EDGE('',*,*,#5693,.T.);
#2344=ORIENTED_EDGE('',*,*,#5486,.F.);
#2345=ORIENTED_EDGE('',*,*,#5693,.F.);
#2346=ORIENTED_EDGE('',*,*,#4711,.T.);
#2347=ORIENTED_EDGE('',*,*,#5694,.T.);
#2348=ORIENTED_EDGE('',*,*,#5487,.F.);
#2349=ORIENTED_EDGE('',*,*,#5694,.F.);
#2350=ORIENTED_EDGE('',*,*,#4710,.T.);
#2351=ORIENTED_EDGE('',*,*,#5695,.T.);
#2352=ORIENTED_EDGE('',*,*,#5488,.F.);
#2353=ORIENTED_EDGE('',*,*,#5695,.F.);
#2354=ORIENTED_EDGE('',*,*,#4709,.T.);
#2355=ORIENTED_EDGE('',*,*,#5696,.T.);
#2356=ORIENTED_EDGE('',*,*,#5489,.F.);
#2357=ORIENTED_EDGE('',*,*,#5696,.F.);
#2358=ORIENTED_EDGE('',*,*,#4708,.T.);
#2359=ORIENTED_EDGE('',*,*,#5697,.T.);
#2360=ORIENTED_EDGE('',*,*,#5490,.F.);
#2361=ORIENTED_EDGE('',*,*,#5697,.F.);
#2362=ORIENTED_EDGE('',*,*,#4707,.T.);
#2363=ORIENTED_EDGE('',*,*,#5698,.T.);
#2364=ORIENTED_EDGE('',*,*,#5491,.T.);
#2365=ORIENTED_EDGE('',*,*,#5698,.F.);
#2366=ORIENTED_EDGE('',*,*,#4706,.F.);
#2367=ORIENTED_EDGE('',*,*,#5699,.T.);
#2368=ORIENTED_EDGE('',*,*,#5484,.F.);
#2369=ORIENTED_EDGE('',*,*,#5699,.F.);
#2370=ORIENTED_EDGE('',*,*,#4705,.T.);
#2371=ORIENTED_EDGE('',*,*,#5692,.T.);
#2372=ORIENTED_EDGE('',*,*,#5477,.T.);
#2373=ORIENTED_EDGE('',*,*,#5700,.F.);
#2374=ORIENTED_EDGE('',*,*,#4776,.F.);
#2375=ORIENTED_EDGE('',*,*,#5701,.T.);
#2376=ORIENTED_EDGE('',*,*,#5478,.F.);
#2377=ORIENTED_EDGE('',*,*,#5701,.F.);
#2378=ORIENTED_EDGE('',*,*,#4783,.T.);
#2379=ORIENTED_EDGE('',*,*,#5702,.T.);
#2380=ORIENTED_EDGE('',*,*,#5479,.F.);
#2381=ORIENTED_EDGE('',*,*,#5702,.F.);
#2382=ORIENTED_EDGE('',*,*,#4782,.T.);
#2383=ORIENTED_EDGE('',*,*,#5703,.T.);
#2384=ORIENTED_EDGE('',*,*,#5480,.F.);
#2385=ORIENTED_EDGE('',*,*,#5703,.F.);
#2386=ORIENTED_EDGE('',*,*,#4781,.T.);
#2387=ORIENTED_EDGE('',*,*,#5704,.T.);
#2388=ORIENTED_EDGE('',*,*,#5481,.F.);
#2389=ORIENTED_EDGE('',*,*,#5704,.F.);
#2390=ORIENTED_EDGE('',*,*,#4780,.T.);
#2391=ORIENTED_EDGE('',*,*,#5705,.T.);
#2392=ORIENTED_EDGE('',*,*,#5482,.F.);
#2393=ORIENTED_EDGE('',*,*,#5705,.F.);
#2394=ORIENTED_EDGE('',*,*,#4779,.T.);
#2395=ORIENTED_EDGE('',*,*,#5706,.T.);
#2396=ORIENTED_EDGE('',*,*,#5483,.T.);
#2397=ORIENTED_EDGE('',*,*,#5706,.F.);
#2398=ORIENTED_EDGE('',*,*,#4778,.F.);
#2399=ORIENTED_EDGE('',*,*,#5707,.T.);
#2400=ORIENTED_EDGE('',*,*,#5476,.F.);
#2401=ORIENTED_EDGE('',*,*,#5707,.F.);
#2402=ORIENTED_EDGE('',*,*,#4777,.T.);
#2403=ORIENTED_EDGE('',*,*,#5700,.T.);
#2404=ORIENTED_EDGE('',*,*,#5556,.F.);
#2405=ORIENTED_EDGE('',*,*,#5708,.F.);
#2406=ORIENTED_EDGE('',*,*,#4697,.T.);
#2407=ORIENTED_EDGE('',*,*,#5709,.T.);
#2408=ORIENTED_EDGE('',*,*,#5557,.F.);
#2409=ORIENTED_EDGE('',*,*,#5709,.F.);
#2410=ORIENTED_EDGE('',*,*,#4696,.T.);
#2411=ORIENTED_EDGE('',*,*,#5710,.T.);
#2412=ORIENTED_EDGE('',*,*,#5558,.F.);
#2413=ORIENTED_EDGE('',*,*,#5710,.F.);
#2414=ORIENTED_EDGE('',*,*,#4703,.T.);
#2415=ORIENTED_EDGE('',*,*,#5711,.T.);
#2416=ORIENTED_EDGE('',*,*,#5559,.T.);
#2417=ORIENTED_EDGE('',*,*,#5711,.F.);
#2418=ORIENTED_EDGE('',*,*,#4702,.F.);
#2419=ORIENTED_EDGE('',*,*,#5712,.T.);
#2420=ORIENTED_EDGE('',*,*,#5560,.F.);
#2421=ORIENTED_EDGE('',*,*,#5712,.F.);
#2422=ORIENTED_EDGE('',*,*,#4701,.T.);
#2423=ORIENTED_EDGE('',*,*,#5713,.T.);
#2424=ORIENTED_EDGE('',*,*,#5561,.T.);
#2425=ORIENTED_EDGE('',*,*,#5713,.F.);
#2426=ORIENTED_EDGE('',*,*,#4700,.F.);
#2427=ORIENTED_EDGE('',*,*,#5714,.T.);
#2428=ORIENTED_EDGE('',*,*,#5562,.F.);
#2429=ORIENTED_EDGE('',*,*,#5714,.F.);
#2430=ORIENTED_EDGE('',*,*,#4699,.T.);
#2431=ORIENTED_EDGE('',*,*,#5715,.T.);
#2432=ORIENTED_EDGE('',*,*,#5563,.F.);
#2433=ORIENTED_EDGE('',*,*,#5715,.F.);
#2434=ORIENTED_EDGE('',*,*,#4698,.T.);
#2435=ORIENTED_EDGE('',*,*,#5708,.T.);
#2436=ORIENTED_EDGE('',*,*,#5469,.T.);
#2437=ORIENTED_EDGE('',*,*,#5716,.F.);
#2438=ORIENTED_EDGE('',*,*,#4688,.F.);
#2439=ORIENTED_EDGE('',*,*,#5717,.T.);
#2440=ORIENTED_EDGE('',*,*,#5470,.F.);
#2441=ORIENTED_EDGE('',*,*,#5717,.F.);
#2442=ORIENTED_EDGE('',*,*,#4695,.T.);
#2443=ORIENTED_EDGE('',*,*,#5718,.T.);
#2444=ORIENTED_EDGE('',*,*,#5471,.F.);
#2445=ORIENTED_EDGE('',*,*,#5718,.F.);
#2446=ORIENTED_EDGE('',*,*,#4694,.T.);
#2447=ORIENTED_EDGE('',*,*,#5719,.T.);
#2448=ORIENTED_EDGE('',*,*,#5472,.F.);
#2449=ORIENTED_EDGE('',*,*,#5719,.F.);
#2450=ORIENTED_EDGE('',*,*,#4693,.T.);
#2451=ORIENTED_EDGE('',*,*,#5720,.T.);
#2452=ORIENTED_EDGE('',*,*,#5473,.F.);
#2453=ORIENTED_EDGE('',*,*,#5720,.F.);
#2454=ORIENTED_EDGE('',*,*,#4692,.T.);
#2455=ORIENTED_EDGE('',*,*,#5721,.T.);
#2456=ORIENTED_EDGE('',*,*,#5474,.F.);
#2457=ORIENTED_EDGE('',*,*,#5721,.F.);
#2458=ORIENTED_EDGE('',*,*,#4691,.T.);
#2459=ORIENTED_EDGE('',*,*,#5722,.T.);
#2460=ORIENTED_EDGE('',*,*,#5475,.T.);
#2461=ORIENTED_EDGE('',*,*,#5722,.F.);
#2462=ORIENTED_EDGE('',*,*,#4690,.F.);
#2463=ORIENTED_EDGE('',*,*,#5723,.T.);
#2464=ORIENTED_EDGE('',*,*,#5468,.F.);
#2465=ORIENTED_EDGE('',*,*,#5723,.F.);
#2466=ORIENTED_EDGE('',*,*,#4689,.T.);
#2467=ORIENTED_EDGE('',*,*,#5716,.T.);
#2468=ORIENTED_EDGE('',*,*,#5564,.F.);
#2469=ORIENTED_EDGE('',*,*,#5724,.F.);
#2470=ORIENTED_EDGE('',*,*,#4785,.T.);
#2471=ORIENTED_EDGE('',*,*,#5725,.T.);
#2472=ORIENTED_EDGE('',*,*,#5565,.F.);
#2473=ORIENTED_EDGE('',*,*,#5725,.F.);
#2474=ORIENTED_EDGE('',*,*,#4784,.T.);
#2475=ORIENTED_EDGE('',*,*,#5726,.T.);
#2476=ORIENTED_EDGE('',*,*,#5566,.F.);
#2477=ORIENTED_EDGE('',*,*,#5726,.F.);
#2478=ORIENTED_EDGE('',*,*,#4791,.T.);
#2479=ORIENTED_EDGE('',*,*,#5727,.T.);
#2480=ORIENTED_EDGE('',*,*,#5567,.T.);
#2481=ORIENTED_EDGE('',*,*,#5727,.F.);
#2482=ORIENTED_EDGE('',*,*,#4790,.F.);
#2483=ORIENTED_EDGE('',*,*,#5728,.T.);
#2484=ORIENTED_EDGE('',*,*,#5568,.F.);
#2485=ORIENTED_EDGE('',*,*,#5728,.F.);
#2486=ORIENTED_EDGE('',*,*,#4789,.T.);
#2487=ORIENTED_EDGE('',*,*,#5729,.T.);
#2488=ORIENTED_EDGE('',*,*,#5569,.T.);
#2489=ORIENTED_EDGE('',*,*,#5729,.F.);
#2490=ORIENTED_EDGE('',*,*,#4788,.F.);
#2491=ORIENTED_EDGE('',*,*,#5730,.T.);
#2492=ORIENTED_EDGE('',*,*,#5570,.F.);
#2493=ORIENTED_EDGE('',*,*,#5730,.F.);
#2494=ORIENTED_EDGE('',*,*,#4787,.T.);
#2495=ORIENTED_EDGE('',*,*,#5731,.T.);
#2496=ORIENTED_EDGE('',*,*,#5571,.F.);
#2497=ORIENTED_EDGE('',*,*,#5731,.F.);
#2498=ORIENTED_EDGE('',*,*,#4786,.T.);
#2499=ORIENTED_EDGE('',*,*,#5724,.T.);
#2500=ORIENTED_EDGE('',*,*,#5461,.T.);
#2501=ORIENTED_EDGE('',*,*,#5732,.F.);
#2502=ORIENTED_EDGE('',*,*,#4792,.F.);
#2503=ORIENTED_EDGE('',*,*,#5733,.T.);
#2504=ORIENTED_EDGE('',*,*,#5462,.F.);
#2505=ORIENTED_EDGE('',*,*,#5733,.F.);
#2506=ORIENTED_EDGE('',*,*,#4799,.T.);
#2507=ORIENTED_EDGE('',*,*,#5734,.T.);
#2508=ORIENTED_EDGE('',*,*,#5463,.F.);
#2509=ORIENTED_EDGE('',*,*,#5734,.F.);
#2510=ORIENTED_EDGE('',*,*,#4798,.T.);
#2511=ORIENTED_EDGE('',*,*,#5735,.T.);
#2512=ORIENTED_EDGE('',*,*,#5464,.F.);
#2513=ORIENTED_EDGE('',*,*,#5735,.F.);
#2514=ORIENTED_EDGE('',*,*,#4797,.T.);
#2515=ORIENTED_EDGE('',*,*,#5736,.T.);
#2516=ORIENTED_EDGE('',*,*,#5465,.F.);
#2517=ORIENTED_EDGE('',*,*,#5736,.F.);
#2518=ORIENTED_EDGE('',*,*,#4796,.T.);
#2519=ORIENTED_EDGE('',*,*,#5737,.T.);
#2520=ORIENTED_EDGE('',*,*,#5466,.F.);
#2521=ORIENTED_EDGE('',*,*,#5737,.F.);
#2522=ORIENTED_EDGE('',*,*,#4795,.T.);
#2523=ORIENTED_EDGE('',*,*,#5738,.T.);
#2524=ORIENTED_EDGE('',*,*,#5467,.T.);
#2525=ORIENTED_EDGE('',*,*,#5738,.F.);
#2526=ORIENTED_EDGE('',*,*,#4794,.F.);
#2527=ORIENTED_EDGE('',*,*,#5739,.T.);
#2528=ORIENTED_EDGE('',*,*,#5460,.F.);
#2529=ORIENTED_EDGE('',*,*,#5739,.F.);
#2530=ORIENTED_EDGE('',*,*,#4793,.T.);
#2531=ORIENTED_EDGE('',*,*,#5732,.T.);
#2532=ORIENTED_EDGE('',*,*,#5453,.T.);
#2533=ORIENTED_EDGE('',*,*,#5740,.F.);
#2534=ORIENTED_EDGE('',*,*,#4680,.F.);
#2535=ORIENTED_EDGE('',*,*,#5741,.T.);
#2536=ORIENTED_EDGE('',*,*,#5454,.F.);
#2537=ORIENTED_EDGE('',*,*,#5741,.F.);
#2538=ORIENTED_EDGE('',*,*,#4687,.T.);
#2539=ORIENTED_EDGE('',*,*,#5742,.T.);
#2540=ORIENTED_EDGE('',*,*,#5455,.F.);
#2541=ORIENTED_EDGE('',*,*,#5742,.F.);
#2542=ORIENTED_EDGE('',*,*,#4686,.T.);
#2543=ORIENTED_EDGE('',*,*,#5743,.T.);
#2544=ORIENTED_EDGE('',*,*,#5456,.F.);
#2545=ORIENTED_EDGE('',*,*,#5743,.F.);
#2546=ORIENTED_EDGE('',*,*,#4685,.T.);
#2547=ORIENTED_EDGE('',*,*,#5744,.T.);
#2548=ORIENTED_EDGE('',*,*,#5457,.F.);
#2549=ORIENTED_EDGE('',*,*,#5744,.F.);
#2550=ORIENTED_EDGE('',*,*,#4684,.T.);
#2551=ORIENTED_EDGE('',*,*,#5745,.T.);
#2552=ORIENTED_EDGE('',*,*,#5458,.F.);
#2553=ORIENTED_EDGE('',*,*,#5745,.F.);
#2554=ORIENTED_EDGE('',*,*,#4683,.T.);
#2555=ORIENTED_EDGE('',*,*,#5746,.T.);
#2556=ORIENTED_EDGE('',*,*,#5459,.T.);
#2557=ORIENTED_EDGE('',*,*,#5746,.F.);
#2558=ORIENTED_EDGE('',*,*,#4682,.F.);
#2559=ORIENTED_EDGE('',*,*,#5747,.T.);
#2560=ORIENTED_EDGE('',*,*,#5452,.F.);
#2561=ORIENTED_EDGE('',*,*,#5747,.F.);
#2562=ORIENTED_EDGE('',*,*,#4681,.T.);
#2563=ORIENTED_EDGE('',*,*,#5740,.T.);
#2564=ORIENTED_EDGE('',*,*,#5445,.T.);
#2565=ORIENTED_EDGE('',*,*,#5748,.F.);
#2566=ORIENTED_EDGE('',*,*,#4800,.F.);
#2567=ORIENTED_EDGE('',*,*,#5749,.T.);
#2568=ORIENTED_EDGE('',*,*,#5446,.F.);
#2569=ORIENTED_EDGE('',*,*,#5749,.F.);
#2570=ORIENTED_EDGE('',*,*,#4807,.T.);
#2571=ORIENTED_EDGE('',*,*,#5750,.T.);
#2572=ORIENTED_EDGE('',*,*,#5447,.F.);
#2573=ORIENTED_EDGE('',*,*,#5750,.F.);
#2574=ORIENTED_EDGE('',*,*,#4806,.T.);
#2575=ORIENTED_EDGE('',*,*,#5751,.T.);
#2576=ORIENTED_EDGE('',*,*,#5448,.F.);
#2577=ORIENTED_EDGE('',*,*,#5751,.F.);
#2578=ORIENTED_EDGE('',*,*,#4805,.T.);
#2579=ORIENTED_EDGE('',*,*,#5752,.T.);
#2580=ORIENTED_EDGE('',*,*,#5449,.F.);
#2581=ORIENTED_EDGE('',*,*,#5752,.F.);
#2582=ORIENTED_EDGE('',*,*,#4804,.T.);
#2583=ORIENTED_EDGE('',*,*,#5753,.T.);
#2584=ORIENTED_EDGE('',*,*,#5450,.F.);
#2585=ORIENTED_EDGE('',*,*,#5753,.F.);
#2586=ORIENTED_EDGE('',*,*,#4803,.T.);
#2587=ORIENTED_EDGE('',*,*,#5754,.T.);
#2588=ORIENTED_EDGE('',*,*,#5451,.T.);
#2589=ORIENTED_EDGE('',*,*,#5754,.F.);
#2590=ORIENTED_EDGE('',*,*,#4802,.F.);
#2591=ORIENTED_EDGE('',*,*,#5755,.T.);
#2592=ORIENTED_EDGE('',*,*,#5444,.F.);
#2593=ORIENTED_EDGE('',*,*,#5755,.F.);
#2594=ORIENTED_EDGE('',*,*,#4801,.T.);
#2595=ORIENTED_EDGE('',*,*,#5748,.T.);
#2596=ORIENTED_EDGE('',*,*,#5437,.T.);
#2597=ORIENTED_EDGE('',*,*,#5756,.F.);
#2598=ORIENTED_EDGE('',*,*,#4672,.F.);
#2599=ORIENTED_EDGE('',*,*,#5757,.T.);
#2600=ORIENTED_EDGE('',*,*,#5438,.F.);
#2601=ORIENTED_EDGE('',*,*,#5757,.F.);
#2602=ORIENTED_EDGE('',*,*,#4679,.T.);
#2603=ORIENTED_EDGE('',*,*,#5758,.T.);
#2604=ORIENTED_EDGE('',*,*,#5439,.F.);
#2605=ORIENTED_EDGE('',*,*,#5758,.F.);
#2606=ORIENTED_EDGE('',*,*,#4678,.T.);
#2607=ORIENTED_EDGE('',*,*,#5759,.T.);
#2608=ORIENTED_EDGE('',*,*,#5440,.F.);
#2609=ORIENTED_EDGE('',*,*,#5759,.F.);
#2610=ORIENTED_EDGE('',*,*,#4677,.T.);
#2611=ORIENTED_EDGE('',*,*,#5760,.T.);
#2612=ORIENTED_EDGE('',*,*,#5441,.F.);
#2613=ORIENTED_EDGE('',*,*,#5760,.F.);
#2614=ORIENTED_EDGE('',*,*,#4676,.T.);
#2615=ORIENTED_EDGE('',*,*,#5761,.T.);
#2616=ORIENTED_EDGE('',*,*,#5442,.F.);
#2617=ORIENTED_EDGE('',*,*,#5761,.F.);
#2618=ORIENTED_EDGE('',*,*,#4675,.T.);
#2619=ORIENTED_EDGE('',*,*,#5762,.T.);
#2620=ORIENTED_EDGE('',*,*,#5443,.T.);
#2621=ORIENTED_EDGE('',*,*,#5762,.F.);
#2622=ORIENTED_EDGE('',*,*,#4674,.F.);
#2623=ORIENTED_EDGE('',*,*,#5763,.T.);
#2624=ORIENTED_EDGE('',*,*,#5436,.F.);
#2625=ORIENTED_EDGE('',*,*,#5763,.F.);
#2626=ORIENTED_EDGE('',*,*,#4673,.T.);
#2627=ORIENTED_EDGE('',*,*,#5756,.T.);
#2628=ORIENTED_EDGE('',*,*,#5429,.T.);
#2629=ORIENTED_EDGE('',*,*,#5764,.F.);
#2630=ORIENTED_EDGE('',*,*,#4808,.F.);
#2631=ORIENTED_EDGE('',*,*,#5765,.T.);
#2632=ORIENTED_EDGE('',*,*,#5430,.F.);
#2633=ORIENTED_EDGE('',*,*,#5765,.F.);
#2634=ORIENTED_EDGE('',*,*,#4815,.T.);
#2635=ORIENTED_EDGE('',*,*,#5766,.T.);
#2636=ORIENTED_EDGE('',*,*,#5431,.F.);
#2637=ORIENTED_EDGE('',*,*,#5766,.F.);
#2638=ORIENTED_EDGE('',*,*,#4814,.T.);
#2639=ORIENTED_EDGE('',*,*,#5767,.T.);
#2640=ORIENTED_EDGE('',*,*,#5432,.F.);
#2641=ORIENTED_EDGE('',*,*,#5767,.F.);
#2642=ORIENTED_EDGE('',*,*,#4813,.T.);
#2643=ORIENTED_EDGE('',*,*,#5768,.T.);
#2644=ORIENTED_EDGE('',*,*,#5433,.F.);
#2645=ORIENTED_EDGE('',*,*,#5768,.F.);
#2646=ORIENTED_EDGE('',*,*,#4812,.T.);
#2647=ORIENTED_EDGE('',*,*,#5769,.T.);
#2648=ORIENTED_EDGE('',*,*,#5434,.F.);
#2649=ORIENTED_EDGE('',*,*,#5769,.F.);
#2650=ORIENTED_EDGE('',*,*,#4811,.T.);
#2651=ORIENTED_EDGE('',*,*,#5770,.T.);
#2652=ORIENTED_EDGE('',*,*,#5435,.T.);
#2653=ORIENTED_EDGE('',*,*,#5770,.F.);
#2654=ORIENTED_EDGE('',*,*,#4810,.F.);
#2655=ORIENTED_EDGE('',*,*,#5771,.T.);
#2656=ORIENTED_EDGE('',*,*,#5428,.F.);
#2657=ORIENTED_EDGE('',*,*,#5771,.F.);
#2658=ORIENTED_EDGE('',*,*,#4809,.T.);
#2659=ORIENTED_EDGE('',*,*,#5764,.T.);
#2660=ORIENTED_EDGE('',*,*,#5421,.T.);
#2661=ORIENTED_EDGE('',*,*,#5772,.F.);
#2662=ORIENTED_EDGE('',*,*,#4664,.F.);
#2663=ORIENTED_EDGE('',*,*,#5773,.T.);
#2664=ORIENTED_EDGE('',*,*,#5422,.F.);
#2665=ORIENTED_EDGE('',*,*,#5773,.F.);
#2666=ORIENTED_EDGE('',*,*,#4671,.T.);
#2667=ORIENTED_EDGE('',*,*,#5774,.T.);
#2668=ORIENTED_EDGE('',*,*,#5423,.F.);
#2669=ORIENTED_EDGE('',*,*,#5774,.F.);
#2670=ORIENTED_EDGE('',*,*,#4670,.T.);
#2671=ORIENTED_EDGE('',*,*,#5775,.T.);
#2672=ORIENTED_EDGE('',*,*,#5424,.F.);
#2673=ORIENTED_EDGE('',*,*,#5775,.F.);
#2674=ORIENTED_EDGE('',*,*,#4669,.T.);
#2675=ORIENTED_EDGE('',*,*,#5776,.T.);
#2676=ORIENTED_EDGE('',*,*,#5425,.F.);
#2677=ORIENTED_EDGE('',*,*,#5776,.F.);
#2678=ORIENTED_EDGE('',*,*,#4668,.T.);
#2679=ORIENTED_EDGE('',*,*,#5777,.T.);
#2680=ORIENTED_EDGE('',*,*,#5426,.F.);
#2681=ORIENTED_EDGE('',*,*,#5777,.F.);
#2682=ORIENTED_EDGE('',*,*,#4667,.T.);
#2683=ORIENTED_EDGE('',*,*,#5778,.T.);
#2684=ORIENTED_EDGE('',*,*,#5427,.T.);
#2685=ORIENTED_EDGE('',*,*,#5778,.F.);
#2686=ORIENTED_EDGE('',*,*,#4666,.F.);
#2687=ORIENTED_EDGE('',*,*,#5779,.T.);
#2688=ORIENTED_EDGE('',*,*,#5420,.F.);
#2689=ORIENTED_EDGE('',*,*,#5779,.F.);
#2690=ORIENTED_EDGE('',*,*,#4665,.T.);
#2691=ORIENTED_EDGE('',*,*,#5772,.T.);
#2692=ORIENTED_EDGE('',*,*,#5413,.T.);
#2693=ORIENTED_EDGE('',*,*,#5780,.F.);
#2694=ORIENTED_EDGE('',*,*,#4816,.F.);
#2695=ORIENTED_EDGE('',*,*,#5781,.T.);
#2696=ORIENTED_EDGE('',*,*,#5414,.F.);
#2697=ORIENTED_EDGE('',*,*,#5781,.F.);
#2698=ORIENTED_EDGE('',*,*,#4823,.T.);
#2699=ORIENTED_EDGE('',*,*,#5782,.T.);
#2700=ORIENTED_EDGE('',*,*,#5415,.F.);
#2701=ORIENTED_EDGE('',*,*,#5782,.F.);
#2702=ORIENTED_EDGE('',*,*,#4822,.T.);
#2703=ORIENTED_EDGE('',*,*,#5783,.T.);
#2704=ORIENTED_EDGE('',*,*,#5416,.F.);
#2705=ORIENTED_EDGE('',*,*,#5783,.F.);
#2706=ORIENTED_EDGE('',*,*,#4821,.T.);
#2707=ORIENTED_EDGE('',*,*,#5784,.T.);
#2708=ORIENTED_EDGE('',*,*,#5417,.F.);
#2709=ORIENTED_EDGE('',*,*,#5784,.F.);
#2710=ORIENTED_EDGE('',*,*,#4820,.T.);
#2711=ORIENTED_EDGE('',*,*,#5785,.T.);
#2712=ORIENTED_EDGE('',*,*,#5418,.F.);
#2713=ORIENTED_EDGE('',*,*,#5785,.F.);
#2714=ORIENTED_EDGE('',*,*,#4819,.T.);
#2715=ORIENTED_EDGE('',*,*,#5786,.T.);
#2716=ORIENTED_EDGE('',*,*,#5419,.T.);
#2717=ORIENTED_EDGE('',*,*,#5786,.F.);
#2718=ORIENTED_EDGE('',*,*,#4818,.F.);
#2719=ORIENTED_EDGE('',*,*,#5787,.T.);
#2720=ORIENTED_EDGE('',*,*,#5412,.F.);
#2721=ORIENTED_EDGE('',*,*,#5787,.F.);
#2722=ORIENTED_EDGE('',*,*,#4817,.T.);
#2723=ORIENTED_EDGE('',*,*,#5780,.T.);
#2724=ORIENTED_EDGE('',*,*,#5405,.T.);
#2725=ORIENTED_EDGE('',*,*,#5788,.F.);
#2726=ORIENTED_EDGE('',*,*,#4656,.F.);
#2727=ORIENTED_EDGE('',*,*,#5789,.T.);
#2728=ORIENTED_EDGE('',*,*,#5406,.F.);
#2729=ORIENTED_EDGE('',*,*,#5789,.F.);
#2730=ORIENTED_EDGE('',*,*,#4663,.T.);
#2731=ORIENTED_EDGE('',*,*,#5790,.T.);
#2732=ORIENTED_EDGE('',*,*,#5407,.F.);
#2733=ORIENTED_EDGE('',*,*,#5790,.F.);
#2734=ORIENTED_EDGE('',*,*,#4662,.T.);
#2735=ORIENTED_EDGE('',*,*,#5791,.T.);
#2736=ORIENTED_EDGE('',*,*,#5408,.F.);
#2737=ORIENTED_EDGE('',*,*,#5791,.F.);
#2738=ORIENTED_EDGE('',*,*,#4661,.T.);
#2739=ORIENTED_EDGE('',*,*,#5792,.T.);
#2740=ORIENTED_EDGE('',*,*,#5409,.F.);
#2741=ORIENTED_EDGE('',*,*,#5792,.F.);
#2742=ORIENTED_EDGE('',*,*,#4660,.T.);
#2743=ORIENTED_EDGE('',*,*,#5793,.T.);
#2744=ORIENTED_EDGE('',*,*,#5410,.F.);
#2745=ORIENTED_EDGE('',*,*,#5793,.F.);
#2746=ORIENTED_EDGE('',*,*,#4659,.T.);
#2747=ORIENTED_EDGE('',*,*,#5794,.T.);
#2748=ORIENTED_EDGE('',*,*,#5411,.T.);
#2749=ORIENTED_EDGE('',*,*,#5794,.F.);
#2750=ORIENTED_EDGE('',*,*,#4658,.F.);
#2751=ORIENTED_EDGE('',*,*,#5795,.T.);
#2752=ORIENTED_EDGE('',*,*,#5404,.F.);
#2753=ORIENTED_EDGE('',*,*,#5795,.F.);
#2754=ORIENTED_EDGE('',*,*,#4657,.T.);
#2755=ORIENTED_EDGE('',*,*,#5788,.T.);
#2756=ORIENTED_EDGE('',*,*,#5397,.T.);
#2757=ORIENTED_EDGE('',*,*,#5796,.F.);
#2758=ORIENTED_EDGE('',*,*,#4824,.F.);
#2759=ORIENTED_EDGE('',*,*,#5797,.T.);
#2760=ORIENTED_EDGE('',*,*,#5398,.F.);
#2761=ORIENTED_EDGE('',*,*,#5797,.F.);
#2762=ORIENTED_EDGE('',*,*,#4831,.T.);
#2763=ORIENTED_EDGE('',*,*,#5798,.T.);
#2764=ORIENTED_EDGE('',*,*,#5399,.F.);
#2765=ORIENTED_EDGE('',*,*,#5798,.F.);
#2766=ORIENTED_EDGE('',*,*,#4830,.T.);
#2767=ORIENTED_EDGE('',*,*,#5799,.T.);
#2768=ORIENTED_EDGE('',*,*,#5400,.F.);
#2769=ORIENTED_EDGE('',*,*,#5799,.F.);
#2770=ORIENTED_EDGE('',*,*,#4829,.T.);
#2771=ORIENTED_EDGE('',*,*,#5800,.T.);
#2772=ORIENTED_EDGE('',*,*,#5401,.F.);
#2773=ORIENTED_EDGE('',*,*,#5800,.F.);
#2774=ORIENTED_EDGE('',*,*,#4828,.T.);
#2775=ORIENTED_EDGE('',*,*,#5801,.T.);
#2776=ORIENTED_EDGE('',*,*,#5402,.F.);
#2777=ORIENTED_EDGE('',*,*,#5801,.F.);
#2778=ORIENTED_EDGE('',*,*,#4827,.T.);
#2779=ORIENTED_EDGE('',*,*,#5802,.T.);
#2780=ORIENTED_EDGE('',*,*,#5403,.T.);
#2781=ORIENTED_EDGE('',*,*,#5802,.F.);
#2782=ORIENTED_EDGE('',*,*,#4826,.F.);
#2783=ORIENTED_EDGE('',*,*,#5803,.T.);
#2784=ORIENTED_EDGE('',*,*,#5396,.F.);
#2785=ORIENTED_EDGE('',*,*,#5803,.F.);
#2786=ORIENTED_EDGE('',*,*,#4825,.T.);
#2787=ORIENTED_EDGE('',*,*,#5796,.T.);
#2788=ORIENTED_EDGE('',*,*,#5389,.T.);
#2789=ORIENTED_EDGE('',*,*,#5804,.F.);
#2790=ORIENTED_EDGE('',*,*,#4648,.F.);
#2791=ORIENTED_EDGE('',*,*,#5805,.T.);
#2792=ORIENTED_EDGE('',*,*,#5390,.F.);
#2793=ORIENTED_EDGE('',*,*,#5805,.F.);
#2794=ORIENTED_EDGE('',*,*,#4655,.T.);
#2795=ORIENTED_EDGE('',*,*,#5806,.T.);
#2796=ORIENTED_EDGE('',*,*,#5391,.F.);
#2797=ORIENTED_EDGE('',*,*,#5806,.F.);
#2798=ORIENTED_EDGE('',*,*,#4654,.T.);
#2799=ORIENTED_EDGE('',*,*,#5807,.T.);
#2800=ORIENTED_EDGE('',*,*,#5392,.F.);
#2801=ORIENTED_EDGE('',*,*,#5807,.F.);
#2802=ORIENTED_EDGE('',*,*,#4653,.T.);
#2803=ORIENTED_EDGE('',*,*,#5808,.T.);
#2804=ORIENTED_EDGE('',*,*,#5393,.F.);
#2805=ORIENTED_EDGE('',*,*,#5808,.F.);
#2806=ORIENTED_EDGE('',*,*,#4652,.T.);
#2807=ORIENTED_EDGE('',*,*,#5809,.T.);
#2808=ORIENTED_EDGE('',*,*,#5394,.F.);
#2809=ORIENTED_EDGE('',*,*,#5809,.F.);
#2810=ORIENTED_EDGE('',*,*,#4651,.T.);
#2811=ORIENTED_EDGE('',*,*,#5810,.T.);
#2812=ORIENTED_EDGE('',*,*,#5395,.T.);
#2813=ORIENTED_EDGE('',*,*,#5810,.F.);
#2814=ORIENTED_EDGE('',*,*,#4650,.F.);
#2815=ORIENTED_EDGE('',*,*,#5811,.T.);
#2816=ORIENTED_EDGE('',*,*,#5388,.F.);
#2817=ORIENTED_EDGE('',*,*,#5811,.F.);
#2818=ORIENTED_EDGE('',*,*,#4649,.T.);
#2819=ORIENTED_EDGE('',*,*,#5804,.T.);
#2820=ORIENTED_EDGE('',*,*,#5381,.T.);
#2821=ORIENTED_EDGE('',*,*,#5812,.F.);
#2822=ORIENTED_EDGE('',*,*,#4832,.F.);
#2823=ORIENTED_EDGE('',*,*,#5813,.T.);
#2824=ORIENTED_EDGE('',*,*,#5382,.F.);
#2825=ORIENTED_EDGE('',*,*,#5813,.F.);
#2826=ORIENTED_EDGE('',*,*,#4839,.T.);
#2827=ORIENTED_EDGE('',*,*,#5814,.T.);
#2828=ORIENTED_EDGE('',*,*,#5383,.F.);
#2829=ORIENTED_EDGE('',*,*,#5814,.F.);
#2830=ORIENTED_EDGE('',*,*,#4838,.T.);
#2831=ORIENTED_EDGE('',*,*,#5815,.T.);
#2832=ORIENTED_EDGE('',*,*,#5384,.F.);
#2833=ORIENTED_EDGE('',*,*,#5815,.F.);
#2834=ORIENTED_EDGE('',*,*,#4837,.T.);
#2835=ORIENTED_EDGE('',*,*,#5816,.T.);
#2836=ORIENTED_EDGE('',*,*,#5385,.F.);
#2837=ORIENTED_EDGE('',*,*,#5816,.F.);
#2838=ORIENTED_EDGE('',*,*,#4836,.T.);
#2839=ORIENTED_EDGE('',*,*,#5817,.T.);
#2840=ORIENTED_EDGE('',*,*,#5386,.F.);
#2841=ORIENTED_EDGE('',*,*,#5817,.F.);
#2842=ORIENTED_EDGE('',*,*,#4835,.T.);
#2843=ORIENTED_EDGE('',*,*,#5818,.T.);
#2844=ORIENTED_EDGE('',*,*,#5387,.T.);
#2845=ORIENTED_EDGE('',*,*,#5818,.F.);
#2846=ORIENTED_EDGE('',*,*,#4834,.F.);
#2847=ORIENTED_EDGE('',*,*,#5819,.T.);
#2848=ORIENTED_EDGE('',*,*,#5380,.F.);
#2849=ORIENTED_EDGE('',*,*,#5819,.F.);
#2850=ORIENTED_EDGE('',*,*,#4833,.T.);
#2851=ORIENTED_EDGE('',*,*,#5812,.T.);
#2852=ORIENTED_EDGE('',*,*,#5572,.F.);
#2853=ORIENTED_EDGE('',*,*,#5820,.F.);
#2854=ORIENTED_EDGE('',*,*,#4641,.T.);
#2855=ORIENTED_EDGE('',*,*,#5821,.T.);
#2856=ORIENTED_EDGE('',*,*,#5573,.F.);
#2857=ORIENTED_EDGE('',*,*,#5821,.F.);
#2858=ORIENTED_EDGE('',*,*,#4640,.T.);
#2859=ORIENTED_EDGE('',*,*,#5822,.T.);
#2860=ORIENTED_EDGE('',*,*,#5574,.F.);
#2861=ORIENTED_EDGE('',*,*,#5822,.F.);
#2862=ORIENTED_EDGE('',*,*,#4647,.T.);
#2863=ORIENTED_EDGE('',*,*,#5823,.T.);
#2864=ORIENTED_EDGE('',*,*,#5575,.T.);
#2865=ORIENTED_EDGE('',*,*,#5823,.F.);
#2866=ORIENTED_EDGE('',*,*,#4646,.F.);
#2867=ORIENTED_EDGE('',*,*,#5824,.T.);
#2868=ORIENTED_EDGE('',*,*,#5576,.F.);
#2869=ORIENTED_EDGE('',*,*,#5824,.F.);
#2870=ORIENTED_EDGE('',*,*,#4645,.T.);
#2871=ORIENTED_EDGE('',*,*,#5825,.T.);
#2872=ORIENTED_EDGE('',*,*,#5577,.T.);
#2873=ORIENTED_EDGE('',*,*,#5825,.F.);
#2874=ORIENTED_EDGE('',*,*,#4644,.F.);
#2875=ORIENTED_EDGE('',*,*,#5826,.T.);
#2876=ORIENTED_EDGE('',*,*,#5578,.F.);
#2877=ORIENTED_EDGE('',*,*,#5826,.F.);
#2878=ORIENTED_EDGE('',*,*,#4643,.T.);
#2879=ORIENTED_EDGE('',*,*,#5827,.T.);
#2880=ORIENTED_EDGE('',*,*,#5579,.F.);
#2881=ORIENTED_EDGE('',*,*,#5827,.F.);
#2882=ORIENTED_EDGE('',*,*,#4642,.T.);
#2883=ORIENTED_EDGE('',*,*,#5820,.T.);
#2884=ORIENTED_EDGE('',*,*,#5373,.T.);
#2885=ORIENTED_EDGE('',*,*,#5828,.F.);
#2886=ORIENTED_EDGE('',*,*,#4632,.F.);
#2887=ORIENTED_EDGE('',*,*,#5829,.T.);
#2888=ORIENTED_EDGE('',*,*,#5374,.F.);
#2889=ORIENTED_EDGE('',*,*,#5829,.F.);
#2890=ORIENTED_EDGE('',*,*,#4639,.T.);
#2891=ORIENTED_EDGE('',*,*,#5830,.T.);
#2892=ORIENTED_EDGE('',*,*,#5375,.F.);
#2893=ORIENTED_EDGE('',*,*,#5830,.F.);
#2894=ORIENTED_EDGE('',*,*,#4638,.T.);
#2895=ORIENTED_EDGE('',*,*,#5831,.T.);
#2896=ORIENTED_EDGE('',*,*,#5376,.F.);
#2897=ORIENTED_EDGE('',*,*,#5831,.F.);
#2898=ORIENTED_EDGE('',*,*,#4637,.T.);
#2899=ORIENTED_EDGE('',*,*,#5832,.T.);
#2900=ORIENTED_EDGE('',*,*,#5377,.F.);
#2901=ORIENTED_EDGE('',*,*,#5832,.F.);
#2902=ORIENTED_EDGE('',*,*,#4636,.T.);
#2903=ORIENTED_EDGE('',*,*,#5833,.T.);
#2904=ORIENTED_EDGE('',*,*,#5378,.F.);
#2905=ORIENTED_EDGE('',*,*,#5833,.F.);
#2906=ORIENTED_EDGE('',*,*,#4635,.T.);
#2907=ORIENTED_EDGE('',*,*,#5834,.T.);
#2908=ORIENTED_EDGE('',*,*,#5379,.T.);
#2909=ORIENTED_EDGE('',*,*,#5834,.F.);
#2910=ORIENTED_EDGE('',*,*,#4634,.F.);
#2911=ORIENTED_EDGE('',*,*,#5835,.T.);
#2912=ORIENTED_EDGE('',*,*,#5372,.F.);
#2913=ORIENTED_EDGE('',*,*,#5835,.F.);
#2914=ORIENTED_EDGE('',*,*,#4633,.T.);
#2915=ORIENTED_EDGE('',*,*,#5828,.T.);
#2916=ORIENTED_EDGE('',*,*,#5580,.F.);
#2917=ORIENTED_EDGE('',*,*,#5836,.F.);
#2918=ORIENTED_EDGE('',*,*,#4841,.T.);
#2919=ORIENTED_EDGE('',*,*,#5837,.T.);
#2920=ORIENTED_EDGE('',*,*,#5581,.F.);
#2921=ORIENTED_EDGE('',*,*,#5837,.F.);
#2922=ORIENTED_EDGE('',*,*,#4840,.T.);
#2923=ORIENTED_EDGE('',*,*,#5838,.T.);
#2924=ORIENTED_EDGE('',*,*,#5582,.F.);
#2925=ORIENTED_EDGE('',*,*,#5838,.F.);
#2926=ORIENTED_EDGE('',*,*,#4847,.T.);
#2927=ORIENTED_EDGE('',*,*,#5839,.T.);
#2928=ORIENTED_EDGE('',*,*,#5583,.T.);
#2929=ORIENTED_EDGE('',*,*,#5839,.F.);
#2930=ORIENTED_EDGE('',*,*,#4846,.F.);
#2931=ORIENTED_EDGE('',*,*,#5840,.T.);
#2932=ORIENTED_EDGE('',*,*,#5584,.F.);
#2933=ORIENTED_EDGE('',*,*,#5840,.F.);
#2934=ORIENTED_EDGE('',*,*,#4845,.T.);
#2935=ORIENTED_EDGE('',*,*,#5841,.T.);
#2936=ORIENTED_EDGE('',*,*,#5585,.T.);
#2937=ORIENTED_EDGE('',*,*,#5841,.F.);
#2938=ORIENTED_EDGE('',*,*,#4844,.F.);
#2939=ORIENTED_EDGE('',*,*,#5842,.T.);
#2940=ORIENTED_EDGE('',*,*,#5586,.F.);
#2941=ORIENTED_EDGE('',*,*,#5842,.F.);
#2942=ORIENTED_EDGE('',*,*,#4843,.T.);
#2943=ORIENTED_EDGE('',*,*,#5843,.T.);
#2944=ORIENTED_EDGE('',*,*,#5587,.F.);
#2945=ORIENTED_EDGE('',*,*,#5843,.F.);
#2946=ORIENTED_EDGE('',*,*,#4842,.T.);
#2947=ORIENTED_EDGE('',*,*,#5836,.T.);
#2948=ORIENTED_EDGE('',*,*,#5365,.T.);
#2949=ORIENTED_EDGE('',*,*,#5844,.F.);
#2950=ORIENTED_EDGE('',*,*,#4848,.F.);
#2951=ORIENTED_EDGE('',*,*,#5845,.T.);
#2952=ORIENTED_EDGE('',*,*,#5366,.F.);
#2953=ORIENTED_EDGE('',*,*,#5845,.F.);
#2954=ORIENTED_EDGE('',*,*,#4855,.T.);
#2955=ORIENTED_EDGE('',*,*,#5846,.T.);
#2956=ORIENTED_EDGE('',*,*,#5367,.F.);
#2957=ORIENTED_EDGE('',*,*,#5846,.F.);
#2958=ORIENTED_EDGE('',*,*,#4854,.T.);
#2959=ORIENTED_EDGE('',*,*,#5847,.T.);
#2960=ORIENTED_EDGE('',*,*,#5368,.F.);
#2961=ORIENTED_EDGE('',*,*,#5847,.F.);
#2962=ORIENTED_EDGE('',*,*,#4853,.T.);
#2963=ORIENTED_EDGE('',*,*,#5848,.T.);
#2964=ORIENTED_EDGE('',*,*,#5369,.F.);
#2965=ORIENTED_EDGE('',*,*,#5848,.F.);
#2966=ORIENTED_EDGE('',*,*,#4852,.T.);
#2967=ORIENTED_EDGE('',*,*,#5849,.T.);
#2968=ORIENTED_EDGE('',*,*,#5370,.F.);
#2969=ORIENTED_EDGE('',*,*,#5849,.F.);
#2970=ORIENTED_EDGE('',*,*,#4851,.T.);
#2971=ORIENTED_EDGE('',*,*,#5850,.T.);
#2972=ORIENTED_EDGE('',*,*,#5371,.T.);
#2973=ORIENTED_EDGE('',*,*,#5850,.F.);
#2974=ORIENTED_EDGE('',*,*,#4850,.F.);
#2975=ORIENTED_EDGE('',*,*,#5851,.T.);
#2976=ORIENTED_EDGE('',*,*,#5364,.F.);
#2977=ORIENTED_EDGE('',*,*,#5851,.F.);
#2978=ORIENTED_EDGE('',*,*,#4849,.T.);
#2979=ORIENTED_EDGE('',*,*,#5844,.T.);
#2980=ORIENTED_EDGE('',*,*,#5357,.T.);
#2981=ORIENTED_EDGE('',*,*,#5852,.F.);
#2982=ORIENTED_EDGE('',*,*,#4624,.F.);
#2983=ORIENTED_EDGE('',*,*,#5853,.T.);
#2984=ORIENTED_EDGE('',*,*,#5358,.F.);
#2985=ORIENTED_EDGE('',*,*,#5853,.F.);
#2986=ORIENTED_EDGE('',*,*,#4631,.T.);
#2987=ORIENTED_EDGE('',*,*,#5854,.T.);
#2988=ORIENTED_EDGE('',*,*,#5359,.F.);
#2989=ORIENTED_EDGE('',*,*,#5854,.F.);
#2990=ORIENTED_EDGE('',*,*,#4630,.T.);
#2991=ORIENTED_EDGE('',*,*,#5855,.T.);
#2992=ORIENTED_EDGE('',*,*,#5360,.F.);
#2993=ORIENTED_EDGE('',*,*,#5855,.F.);
#2994=ORIENTED_EDGE('',*,*,#4629,.T.);
#2995=ORIENTED_EDGE('',*,*,#5856,.T.);
#2996=ORIENTED_EDGE('',*,*,#5361,.F.);
#2997=ORIENTED_EDGE('',*,*,#5856,.F.);
#2998=ORIENTED_EDGE('',*,*,#4628,.T.);
#2999=ORIENTED_EDGE('',*,*,#5857,.T.);
#3000=ORIENTED_EDGE('',*,*,#5362,.F.);
#3001=ORIENTED_EDGE('',*,*,#5857,.F.);
#3002=ORIENTED_EDGE('',*,*,#4627,.T.);
#3003=ORIENTED_EDGE('',*,*,#5858,.T.);
#3004=ORIENTED_EDGE('',*,*,#5363,.T.);
#3005=ORIENTED_EDGE('',*,*,#5858,.F.);
#3006=ORIENTED_EDGE('',*,*,#4626,.F.);
#3007=ORIENTED_EDGE('',*,*,#5859,.T.);
#3008=ORIENTED_EDGE('',*,*,#5356,.F.);
#3009=ORIENTED_EDGE('',*,*,#5859,.F.);
#3010=ORIENTED_EDGE('',*,*,#4625,.T.);
#3011=ORIENTED_EDGE('',*,*,#5852,.T.);
#3012=ORIENTED_EDGE('',*,*,#5349,.T.);
#3013=ORIENTED_EDGE('',*,*,#5860,.F.);
#3014=ORIENTED_EDGE('',*,*,#4856,.F.);
#3015=ORIENTED_EDGE('',*,*,#5861,.T.);
#3016=ORIENTED_EDGE('',*,*,#5350,.F.);
#3017=ORIENTED_EDGE('',*,*,#5861,.F.);
#3018=ORIENTED_EDGE('',*,*,#4863,.T.);
#3019=ORIENTED_EDGE('',*,*,#5862,.T.);
#3020=ORIENTED_EDGE('',*,*,#5351,.F.);
#3021=ORIENTED_EDGE('',*,*,#5862,.F.);
#3022=ORIENTED_EDGE('',*,*,#4862,.T.);
#3023=ORIENTED_EDGE('',*,*,#5863,.T.);
#3024=ORIENTED_EDGE('',*,*,#5352,.F.);
#3025=ORIENTED_EDGE('',*,*,#5863,.F.);
#3026=ORIENTED_EDGE('',*,*,#4861,.T.);
#3027=ORIENTED_EDGE('',*,*,#5864,.T.);
#3028=ORIENTED_EDGE('',*,*,#5353,.F.);
#3029=ORIENTED_EDGE('',*,*,#5864,.F.);
#3030=ORIENTED_EDGE('',*,*,#4860,.T.);
#3031=ORIENTED_EDGE('',*,*,#5865,.T.);
#3032=ORIENTED_EDGE('',*,*,#5354,.F.);
#3033=ORIENTED_EDGE('',*,*,#5865,.F.);
#3034=ORIENTED_EDGE('',*,*,#4859,.T.);
#3035=ORIENTED_EDGE('',*,*,#5866,.T.);
#3036=ORIENTED_EDGE('',*,*,#5355,.T.);
#3037=ORIENTED_EDGE('',*,*,#5866,.F.);
#3038=ORIENTED_EDGE('',*,*,#4858,.F.);
#3039=ORIENTED_EDGE('',*,*,#5867,.T.);
#3040=ORIENTED_EDGE('',*,*,#5348,.F.);
#3041=ORIENTED_EDGE('',*,*,#5867,.F.);
#3042=ORIENTED_EDGE('',*,*,#4857,.T.);
#3043=ORIENTED_EDGE('',*,*,#5860,.T.);
#3044=ORIENTED_EDGE('',*,*,#5341,.T.);
#3045=ORIENTED_EDGE('',*,*,#5868,.F.);
#3046=ORIENTED_EDGE('',*,*,#4616,.F.);
#3047=ORIENTED_EDGE('',*,*,#5869,.T.);
#3048=ORIENTED_EDGE('',*,*,#5342,.F.);
#3049=ORIENTED_EDGE('',*,*,#5869,.F.);
#3050=ORIENTED_EDGE('',*,*,#4623,.T.);
#3051=ORIENTED_EDGE('',*,*,#5870,.T.);
#3052=ORIENTED_EDGE('',*,*,#5343,.F.);
#3053=ORIENTED_EDGE('',*,*,#5870,.F.);
#3054=ORIENTED_EDGE('',*,*,#4622,.T.);
#3055=ORIENTED_EDGE('',*,*,#5871,.T.);
#3056=ORIENTED_EDGE('',*,*,#5344,.F.);
#3057=ORIENTED_EDGE('',*,*,#5871,.F.);
#3058=ORIENTED_EDGE('',*,*,#4621,.T.);
#3059=ORIENTED_EDGE('',*,*,#5872,.T.);
#3060=ORIENTED_EDGE('',*,*,#5345,.F.);
#3061=ORIENTED_EDGE('',*,*,#5872,.F.);
#3062=ORIENTED_EDGE('',*,*,#4620,.T.);
#3063=ORIENTED_EDGE('',*,*,#5873,.T.);
#3064=ORIENTED_EDGE('',*,*,#5346,.F.);
#3065=ORIENTED_EDGE('',*,*,#5873,.F.);
#3066=ORIENTED_EDGE('',*,*,#4619,.T.);
#3067=ORIENTED_EDGE('',*,*,#5874,.T.);
#3068=ORIENTED_EDGE('',*,*,#5347,.T.);
#3069=ORIENTED_EDGE('',*,*,#5874,.F.);
#3070=ORIENTED_EDGE('',*,*,#4618,.F.);
#3071=ORIENTED_EDGE('',*,*,#5875,.T.);
#3072=ORIENTED_EDGE('',*,*,#5340,.F.);
#3073=ORIENTED_EDGE('',*,*,#5875,.F.);
#3074=ORIENTED_EDGE('',*,*,#4617,.T.);
#3075=ORIENTED_EDGE('',*,*,#5868,.T.);
#3076=ORIENTED_EDGE('',*,*,#5333,.T.);
#3077=ORIENTED_EDGE('',*,*,#5876,.F.);
#3078=ORIENTED_EDGE('',*,*,#4864,.F.);
#3079=ORIENTED_EDGE('',*,*,#5877,.T.);
#3080=ORIENTED_EDGE('',*,*,#5334,.F.);
#3081=ORIENTED_EDGE('',*,*,#5877,.F.);
#3082=ORIENTED_EDGE('',*,*,#4871,.T.);
#3083=ORIENTED_EDGE('',*,*,#5878,.T.);
#3084=ORIENTED_EDGE('',*,*,#5335,.F.);
#3085=ORIENTED_EDGE('',*,*,#5878,.F.);
#3086=ORIENTED_EDGE('',*,*,#4870,.T.);
#3087=ORIENTED_EDGE('',*,*,#5879,.T.);
#3088=ORIENTED_EDGE('',*,*,#5336,.F.);
#3089=ORIENTED_EDGE('',*,*,#5879,.F.);
#3090=ORIENTED_EDGE('',*,*,#4869,.T.);
#3091=ORIENTED_EDGE('',*,*,#5880,.T.);
#3092=ORIENTED_EDGE('',*,*,#5337,.F.);
#3093=ORIENTED_EDGE('',*,*,#5880,.F.);
#3094=ORIENTED_EDGE('',*,*,#4868,.T.);
#3095=ORIENTED_EDGE('',*,*,#5881,.T.);
#3096=ORIENTED_EDGE('',*,*,#5338,.F.);
#3097=ORIENTED_EDGE('',*,*,#5881,.F.);
#3098=ORIENTED_EDGE('',*,*,#4867,.T.);
#3099=ORIENTED_EDGE('',*,*,#5882,.T.);
#3100=ORIENTED_EDGE('',*,*,#5339,.T.);
#3101=ORIENTED_EDGE('',*,*,#5882,.F.);
#3102=ORIENTED_EDGE('',*,*,#4866,.F.);
#3103=ORIENTED_EDGE('',*,*,#5883,.T.);
#3104=ORIENTED_EDGE('',*,*,#5332,.F.);
#3105=ORIENTED_EDGE('',*,*,#5883,.F.);
#3106=ORIENTED_EDGE('',*,*,#4865,.T.);
#3107=ORIENTED_EDGE('',*,*,#5876,.T.);
#3108=ORIENTED_EDGE('',*,*,#5325,.T.);
#3109=ORIENTED_EDGE('',*,*,#5884,.F.);
#3110=ORIENTED_EDGE('',*,*,#4608,.F.);
#3111=ORIENTED_EDGE('',*,*,#5885,.T.);
#3112=ORIENTED_EDGE('',*,*,#5326,.F.);
#3113=ORIENTED_EDGE('',*,*,#5885,.F.);
#3114=ORIENTED_EDGE('',*,*,#4615,.T.);
#3115=ORIENTED_EDGE('',*,*,#5886,.T.);
#3116=ORIENTED_EDGE('',*,*,#5327,.F.);
#3117=ORIENTED_EDGE('',*,*,#5886,.F.);
#3118=ORIENTED_EDGE('',*,*,#4614,.T.);
#3119=ORIENTED_EDGE('',*,*,#5887,.T.);
#3120=ORIENTED_EDGE('',*,*,#5328,.F.);
#3121=ORIENTED_EDGE('',*,*,#5887,.F.);
#3122=ORIENTED_EDGE('',*,*,#4613,.T.);
#3123=ORIENTED_EDGE('',*,*,#5888,.T.);
#3124=ORIENTED_EDGE('',*,*,#5329,.F.);
#3125=ORIENTED_EDGE('',*,*,#5888,.F.);
#3126=ORIENTED_EDGE('',*,*,#4612,.T.);
#3127=ORIENTED_EDGE('',*,*,#5889,.T.);
#3128=ORIENTED_EDGE('',*,*,#5330,.F.);
#3129=ORIENTED_EDGE('',*,*,#5889,.F.);
#3130=ORIENTED_EDGE('',*,*,#4611,.T.);
#3131=ORIENTED_EDGE('',*,*,#5890,.T.);
#3132=ORIENTED_EDGE('',*,*,#5331,.T.);
#3133=ORIENTED_EDGE('',*,*,#5890,.F.);
#3134=ORIENTED_EDGE('',*,*,#4610,.F.);
#3135=ORIENTED_EDGE('',*,*,#5891,.T.);
#3136=ORIENTED_EDGE('',*,*,#5324,.F.);
#3137=ORIENTED_EDGE('',*,*,#5891,.F.);
#3138=ORIENTED_EDGE('',*,*,#4609,.T.);
#3139=ORIENTED_EDGE('',*,*,#5884,.T.);
#3140=ORIENTED_EDGE('',*,*,#5317,.T.);
#3141=ORIENTED_EDGE('',*,*,#5892,.F.);
#3142=ORIENTED_EDGE('',*,*,#4872,.F.);
#3143=ORIENTED_EDGE('',*,*,#5893,.T.);
#3144=ORIENTED_EDGE('',*,*,#5318,.F.);
#3145=ORIENTED_EDGE('',*,*,#5893,.F.);
#3146=ORIENTED_EDGE('',*,*,#4879,.T.);
#3147=ORIENTED_EDGE('',*,*,#5894,.T.);
#3148=ORIENTED_EDGE('',*,*,#5319,.F.);
#3149=ORIENTED_EDGE('',*,*,#5894,.F.);
#3150=ORIENTED_EDGE('',*,*,#4878,.T.);
#3151=ORIENTED_EDGE('',*,*,#5895,.T.);
#3152=ORIENTED_EDGE('',*,*,#5320,.F.);
#3153=ORIENTED_EDGE('',*,*,#5895,.F.);
#3154=ORIENTED_EDGE('',*,*,#4877,.T.);
#3155=ORIENTED_EDGE('',*,*,#5896,.T.);
#3156=ORIENTED_EDGE('',*,*,#5321,.F.);
#3157=ORIENTED_EDGE('',*,*,#5896,.F.);
#3158=ORIENTED_EDGE('',*,*,#4876,.T.);
#3159=ORIENTED_EDGE('',*,*,#5897,.T.);
#3160=ORIENTED_EDGE('',*,*,#5322,.F.);
#3161=ORIENTED_EDGE('',*,*,#5897,.F.);
#3162=ORIENTED_EDGE('',*,*,#4875,.T.);
#3163=ORIENTED_EDGE('',*,*,#5898,.T.);
#3164=ORIENTED_EDGE('',*,*,#5323,.T.);
#3165=ORIENTED_EDGE('',*,*,#5898,.F.);
#3166=ORIENTED_EDGE('',*,*,#4874,.F.);
#3167=ORIENTED_EDGE('',*,*,#5899,.T.);
#3168=ORIENTED_EDGE('',*,*,#5316,.F.);
#3169=ORIENTED_EDGE('',*,*,#5899,.F.);
#3170=ORIENTED_EDGE('',*,*,#4873,.T.);
#3171=ORIENTED_EDGE('',*,*,#5892,.T.);
#3172=ORIENTED_EDGE('',*,*,#5309,.T.);
#3173=ORIENTED_EDGE('',*,*,#5900,.F.);
#3174=ORIENTED_EDGE('',*,*,#4600,.F.);
#3175=ORIENTED_EDGE('',*,*,#5901,.T.);
#3176=ORIENTED_EDGE('',*,*,#5310,.F.);
#3177=ORIENTED_EDGE('',*,*,#5901,.F.);
#3178=ORIENTED_EDGE('',*,*,#4607,.T.);
#3179=ORIENTED_EDGE('',*,*,#5902,.T.);
#3180=ORIENTED_EDGE('',*,*,#5311,.F.);
#3181=ORIENTED_EDGE('',*,*,#5902,.F.);
#3182=ORIENTED_EDGE('',*,*,#4606,.T.);
#3183=ORIENTED_EDGE('',*,*,#5903,.T.);
#3184=ORIENTED_EDGE('',*,*,#5312,.F.);
#3185=ORIENTED_EDGE('',*,*,#5903,.F.);
#3186=ORIENTED_EDGE('',*,*,#4605,.T.);
#3187=ORIENTED_EDGE('',*,*,#5904,.T.);
#3188=ORIENTED_EDGE('',*,*,#5313,.F.);
#3189=ORIENTED_EDGE('',*,*,#5904,.F.);
#3190=ORIENTED_EDGE('',*,*,#4604,.T.);
#3191=ORIENTED_EDGE('',*,*,#5905,.T.);
#3192=ORIENTED_EDGE('',*,*,#5314,.F.);
#3193=ORIENTED_EDGE('',*,*,#5905,.F.);
#3194=ORIENTED_EDGE('',*,*,#4603,.T.);
#3195=ORIENTED_EDGE('',*,*,#5906,.T.);
#3196=ORIENTED_EDGE('',*,*,#5315,.T.);
#3197=ORIENTED_EDGE('',*,*,#5906,.F.);
#3198=ORIENTED_EDGE('',*,*,#4602,.F.);
#3199=ORIENTED_EDGE('',*,*,#5907,.T.);
#3200=ORIENTED_EDGE('',*,*,#5308,.F.);
#3201=ORIENTED_EDGE('',*,*,#5907,.F.);
#3202=ORIENTED_EDGE('',*,*,#4601,.T.);
#3203=ORIENTED_EDGE('',*,*,#5900,.T.);
#3204=ORIENTED_EDGE('',*,*,#5301,.T.);
#3205=ORIENTED_EDGE('',*,*,#5908,.F.);
#3206=ORIENTED_EDGE('',*,*,#4880,.F.);
#3207=ORIENTED_EDGE('',*,*,#5909,.T.);
#3208=ORIENTED_EDGE('',*,*,#5302,.F.);
#3209=ORIENTED_EDGE('',*,*,#5909,.F.);
#3210=ORIENTED_EDGE('',*,*,#4887,.T.);
#3211=ORIENTED_EDGE('',*,*,#5910,.T.);
#3212=ORIENTED_EDGE('',*,*,#5303,.F.);
#3213=ORIENTED_EDGE('',*,*,#5910,.F.);
#3214=ORIENTED_EDGE('',*,*,#4886,.T.);
#3215=ORIENTED_EDGE('',*,*,#5911,.T.);
#3216=ORIENTED_EDGE('',*,*,#5304,.F.);
#3217=ORIENTED_EDGE('',*,*,#5911,.F.);
#3218=ORIENTED_EDGE('',*,*,#4885,.T.);
#3219=ORIENTED_EDGE('',*,*,#5912,.T.);
#3220=ORIENTED_EDGE('',*,*,#5305,.F.);
#3221=ORIENTED_EDGE('',*,*,#5912,.F.);
#3222=ORIENTED_EDGE('',*,*,#4884,.T.);
#3223=ORIENTED_EDGE('',*,*,#5913,.T.);
#3224=ORIENTED_EDGE('',*,*,#5306,.F.);
#3225=ORIENTED_EDGE('',*,*,#5913,.F.);
#3226=ORIENTED_EDGE('',*,*,#4883,.T.);
#3227=ORIENTED_EDGE('',*,*,#5914,.T.);
#3228=ORIENTED_EDGE('',*,*,#5307,.T.);
#3229=ORIENTED_EDGE('',*,*,#5914,.F.);
#3230=ORIENTED_EDGE('',*,*,#4882,.F.);
#3231=ORIENTED_EDGE('',*,*,#5915,.T.);
#3232=ORIENTED_EDGE('',*,*,#5300,.F.);
#3233=ORIENTED_EDGE('',*,*,#5915,.F.);
#3234=ORIENTED_EDGE('',*,*,#4881,.T.);
#3235=ORIENTED_EDGE('',*,*,#5908,.T.);
#3236=ORIENTED_EDGE('',*,*,#5293,.T.);
#3237=ORIENTED_EDGE('',*,*,#5916,.F.);
#3238=ORIENTED_EDGE('',*,*,#4592,.F.);
#3239=ORIENTED_EDGE('',*,*,#5917,.T.);
#3240=ORIENTED_EDGE('',*,*,#5294,.F.);
#3241=ORIENTED_EDGE('',*,*,#5917,.F.);
#3242=ORIENTED_EDGE('',*,*,#4599,.T.);
#3243=ORIENTED_EDGE('',*,*,#5918,.T.);
#3244=ORIENTED_EDGE('',*,*,#5295,.F.);
#3245=ORIENTED_EDGE('',*,*,#5918,.F.);
#3246=ORIENTED_EDGE('',*,*,#4598,.T.);
#3247=ORIENTED_EDGE('',*,*,#5919,.T.);
#3248=ORIENTED_EDGE('',*,*,#5296,.F.);
#3249=ORIENTED_EDGE('',*,*,#5919,.F.);
#3250=ORIENTED_EDGE('',*,*,#4597,.T.);
#3251=ORIENTED_EDGE('',*,*,#5920,.T.);
#3252=ORIENTED_EDGE('',*,*,#5297,.F.);
#3253=ORIENTED_EDGE('',*,*,#5920,.F.);
#3254=ORIENTED_EDGE('',*,*,#4596,.T.);
#3255=ORIENTED_EDGE('',*,*,#5921,.T.);
#3256=ORIENTED_EDGE('',*,*,#5298,.F.);
#3257=ORIENTED_EDGE('',*,*,#5921,.F.);
#3258=ORIENTED_EDGE('',*,*,#4595,.T.);
#3259=ORIENTED_EDGE('',*,*,#5922,.T.);
#3260=ORIENTED_EDGE('',*,*,#5299,.T.);
#3261=ORIENTED_EDGE('',*,*,#5922,.F.);
#3262=ORIENTED_EDGE('',*,*,#4594,.F.);
#3263=ORIENTED_EDGE('',*,*,#5923,.T.);
#3264=ORIENTED_EDGE('',*,*,#5292,.F.);
#3265=ORIENTED_EDGE('',*,*,#5923,.F.);
#3266=ORIENTED_EDGE('',*,*,#4593,.T.);
#3267=ORIENTED_EDGE('',*,*,#5916,.T.);
#3268=ORIENTED_EDGE('',*,*,#5285,.T.);
#3269=ORIENTED_EDGE('',*,*,#5924,.F.);
#3270=ORIENTED_EDGE('',*,*,#4888,.F.);
#3271=ORIENTED_EDGE('',*,*,#5925,.T.);
#3272=ORIENTED_EDGE('',*,*,#5286,.F.);
#3273=ORIENTED_EDGE('',*,*,#5925,.F.);
#3274=ORIENTED_EDGE('',*,*,#4895,.T.);
#3275=ORIENTED_EDGE('',*,*,#5926,.T.);
#3276=ORIENTED_EDGE('',*,*,#5287,.F.);
#3277=ORIENTED_EDGE('',*,*,#5926,.F.);
#3278=ORIENTED_EDGE('',*,*,#4894,.T.);
#3279=ORIENTED_EDGE('',*,*,#5927,.T.);
#3280=ORIENTED_EDGE('',*,*,#5288,.F.);
#3281=ORIENTED_EDGE('',*,*,#5927,.F.);
#3282=ORIENTED_EDGE('',*,*,#4893,.T.);
#3283=ORIENTED_EDGE('',*,*,#5928,.T.);
#3284=ORIENTED_EDGE('',*,*,#5289,.F.);
#3285=ORIENTED_EDGE('',*,*,#5928,.F.);
#3286=ORIENTED_EDGE('',*,*,#4892,.T.);
#3287=ORIENTED_EDGE('',*,*,#5929,.T.);
#3288=ORIENTED_EDGE('',*,*,#5290,.F.);
#3289=ORIENTED_EDGE('',*,*,#5929,.F.);
#3290=ORIENTED_EDGE('',*,*,#4891,.T.);
#3291=ORIENTED_EDGE('',*,*,#5930,.T.);
#3292=ORIENTED_EDGE('',*,*,#5291,.T.);
#3293=ORIENTED_EDGE('',*,*,#5930,.F.);
#3294=ORIENTED_EDGE('',*,*,#4890,.F.);
#3295=ORIENTED_EDGE('',*,*,#5931,.T.);
#3296=ORIENTED_EDGE('',*,*,#5284,.F.);
#3297=ORIENTED_EDGE('',*,*,#5931,.F.);
#3298=ORIENTED_EDGE('',*,*,#4889,.T.);
#3299=ORIENTED_EDGE('',*,*,#5924,.T.);
#3300=ORIENTED_EDGE('',*,*,#5277,.T.);
#3301=ORIENTED_EDGE('',*,*,#5932,.F.);
#3302=ORIENTED_EDGE('',*,*,#4584,.F.);
#3303=ORIENTED_EDGE('',*,*,#5933,.T.);
#3304=ORIENTED_EDGE('',*,*,#5278,.F.);
#3305=ORIENTED_EDGE('',*,*,#5933,.F.);
#3306=ORIENTED_EDGE('',*,*,#4591,.T.);
#3307=ORIENTED_EDGE('',*,*,#5934,.T.);
#3308=ORIENTED_EDGE('',*,*,#5279,.F.);
#3309=ORIENTED_EDGE('',*,*,#5934,.F.);
#3310=ORIENTED_EDGE('',*,*,#4590,.T.);
#3311=ORIENTED_EDGE('',*,*,#5935,.T.);
#3312=ORIENTED_EDGE('',*,*,#5280,.F.);
#3313=ORIENTED_EDGE('',*,*,#5935,.F.);
#3314=ORIENTED_EDGE('',*,*,#4589,.T.);
#3315=ORIENTED_EDGE('',*,*,#5936,.T.);
#3316=ORIENTED_EDGE('',*,*,#5281,.F.);
#3317=ORIENTED_EDGE('',*,*,#5936,.F.);
#3318=ORIENTED_EDGE('',*,*,#4588,.T.);
#3319=ORIENTED_EDGE('',*,*,#5937,.T.);
#3320=ORIENTED_EDGE('',*,*,#5282,.F.);
#3321=ORIENTED_EDGE('',*,*,#5937,.F.);
#3322=ORIENTED_EDGE('',*,*,#4587,.T.);
#3323=ORIENTED_EDGE('',*,*,#5938,.T.);
#3324=ORIENTED_EDGE('',*,*,#5283,.T.);
#3325=ORIENTED_EDGE('',*,*,#5938,.F.);
#3326=ORIENTED_EDGE('',*,*,#4586,.F.);
#3327=ORIENTED_EDGE('',*,*,#5939,.T.);
#3328=ORIENTED_EDGE('',*,*,#5276,.F.);
#3329=ORIENTED_EDGE('',*,*,#5939,.F.);
#3330=ORIENTED_EDGE('',*,*,#4585,.T.);
#3331=ORIENTED_EDGE('',*,*,#5932,.T.);
#3332=ORIENTED_EDGE('',*,*,#5269,.T.);
#3333=ORIENTED_EDGE('',*,*,#5940,.F.);
#3334=ORIENTED_EDGE('',*,*,#4896,.F.);
#3335=ORIENTED_EDGE('',*,*,#5941,.T.);
#3336=ORIENTED_EDGE('',*,*,#5270,.F.);
#3337=ORIENTED_EDGE('',*,*,#5941,.F.);
#3338=ORIENTED_EDGE('',*,*,#4903,.T.);
#3339=ORIENTED_EDGE('',*,*,#5942,.T.);
#3340=ORIENTED_EDGE('',*,*,#5271,.F.);
#3341=ORIENTED_EDGE('',*,*,#5942,.F.);
#3342=ORIENTED_EDGE('',*,*,#4902,.T.);
#3343=ORIENTED_EDGE('',*,*,#5943,.T.);
#3344=ORIENTED_EDGE('',*,*,#5272,.F.);
#3345=ORIENTED_EDGE('',*,*,#5943,.F.);
#3346=ORIENTED_EDGE('',*,*,#4901,.T.);
#3347=ORIENTED_EDGE('',*,*,#5944,.T.);
#3348=ORIENTED_EDGE('',*,*,#5273,.F.);
#3349=ORIENTED_EDGE('',*,*,#5944,.F.);
#3350=ORIENTED_EDGE('',*,*,#4900,.T.);
#3351=ORIENTED_EDGE('',*,*,#5945,.T.);
#3352=ORIENTED_EDGE('',*,*,#5274,.F.);
#3353=ORIENTED_EDGE('',*,*,#5945,.F.);
#3354=ORIENTED_EDGE('',*,*,#4899,.T.);
#3355=ORIENTED_EDGE('',*,*,#5946,.T.);
#3356=ORIENTED_EDGE('',*,*,#5275,.T.);
#3357=ORIENTED_EDGE('',*,*,#5946,.F.);
#3358=ORIENTED_EDGE('',*,*,#4898,.F.);
#3359=ORIENTED_EDGE('',*,*,#5947,.T.);
#3360=ORIENTED_EDGE('',*,*,#5268,.F.);
#3361=ORIENTED_EDGE('',*,*,#5947,.F.);
#3362=ORIENTED_EDGE('',*,*,#4897,.T.);
#3363=ORIENTED_EDGE('',*,*,#5940,.T.);
#3364=ORIENTED_EDGE('',*,*,#5588,.F.);
#3365=ORIENTED_EDGE('',*,*,#5948,.F.);
#3366=ORIENTED_EDGE('',*,*,#4577,.T.);
#3367=ORIENTED_EDGE('',*,*,#5949,.T.);
#3368=ORIENTED_EDGE('',*,*,#5589,.F.);
#3369=ORIENTED_EDGE('',*,*,#5949,.F.);
#3370=ORIENTED_EDGE('',*,*,#4576,.T.);
#3371=ORIENTED_EDGE('',*,*,#5950,.T.);
#3372=ORIENTED_EDGE('',*,*,#5590,.F.);
#3373=ORIENTED_EDGE('',*,*,#5950,.F.);
#3374=ORIENTED_EDGE('',*,*,#4583,.T.);
#3375=ORIENTED_EDGE('',*,*,#5951,.T.);
#3376=ORIENTED_EDGE('',*,*,#5591,.T.);
#3377=ORIENTED_EDGE('',*,*,#5951,.F.);
#3378=ORIENTED_EDGE('',*,*,#4582,.F.);
#3379=ORIENTED_EDGE('',*,*,#5952,.T.);
#3380=ORIENTED_EDGE('',*,*,#5592,.F.);
#3381=ORIENTED_EDGE('',*,*,#5952,.F.);
#3382=ORIENTED_EDGE('',*,*,#4581,.T.);
#3383=ORIENTED_EDGE('',*,*,#5953,.T.);
#3384=ORIENTED_EDGE('',*,*,#5593,.T.);
#3385=ORIENTED_EDGE('',*,*,#5953,.F.);
#3386=ORIENTED_EDGE('',*,*,#4580,.F.);
#3387=ORIENTED_EDGE('',*,*,#5954,.T.);
#3388=ORIENTED_EDGE('',*,*,#5594,.F.);
#3389=ORIENTED_EDGE('',*,*,#5954,.F.);
#3390=ORIENTED_EDGE('',*,*,#4579,.T.);
#3391=ORIENTED_EDGE('',*,*,#5955,.T.);
#3392=ORIENTED_EDGE('',*,*,#5595,.F.);
#3393=ORIENTED_EDGE('',*,*,#5955,.F.);
#3394=ORIENTED_EDGE('',*,*,#4578,.T.);
#3395=ORIENTED_EDGE('',*,*,#5948,.T.);
#3396=ORIENTED_EDGE('',*,*,#5261,.T.);
#3397=ORIENTED_EDGE('',*,*,#5956,.F.);
#3398=ORIENTED_EDGE('',*,*,#4568,.F.);
#3399=ORIENTED_EDGE('',*,*,#5957,.T.);
#3400=ORIENTED_EDGE('',*,*,#5262,.F.);
#3401=ORIENTED_EDGE('',*,*,#5957,.F.);
#3402=ORIENTED_EDGE('',*,*,#4575,.T.);
#3403=ORIENTED_EDGE('',*,*,#5958,.T.);
#3404=ORIENTED_EDGE('',*,*,#5263,.F.);
#3405=ORIENTED_EDGE('',*,*,#5958,.F.);
#3406=ORIENTED_EDGE('',*,*,#4574,.T.);
#3407=ORIENTED_EDGE('',*,*,#5959,.T.);
#3408=ORIENTED_EDGE('',*,*,#5264,.F.);
#3409=ORIENTED_EDGE('',*,*,#5959,.F.);
#3410=ORIENTED_EDGE('',*,*,#4573,.T.);
#3411=ORIENTED_EDGE('',*,*,#5960,.T.);
#3412=ORIENTED_EDGE('',*,*,#5265,.F.);
#3413=ORIENTED_EDGE('',*,*,#5960,.F.);
#3414=ORIENTED_EDGE('',*,*,#4572,.T.);
#3415=ORIENTED_EDGE('',*,*,#5961,.T.);
#3416=ORIENTED_EDGE('',*,*,#5266,.F.);
#3417=ORIENTED_EDGE('',*,*,#5961,.F.);
#3418=ORIENTED_EDGE('',*,*,#4571,.T.);
#3419=ORIENTED_EDGE('',*,*,#5962,.T.);
#3420=ORIENTED_EDGE('',*,*,#5267,.T.);
#3421=ORIENTED_EDGE('',*,*,#5962,.F.);
#3422=ORIENTED_EDGE('',*,*,#4570,.F.);
#3423=ORIENTED_EDGE('',*,*,#5963,.T.);
#3424=ORIENTED_EDGE('',*,*,#5260,.F.);
#3425=ORIENTED_EDGE('',*,*,#5963,.F.);
#3426=ORIENTED_EDGE('',*,*,#4569,.T.);
#3427=ORIENTED_EDGE('',*,*,#5956,.T.);
#3428=ORIENTED_EDGE('',*,*,#5253,.T.);
#3429=ORIENTED_EDGE('',*,*,#5964,.F.);
#3430=ORIENTED_EDGE('',*,*,#4904,.F.);
#3431=ORIENTED_EDGE('',*,*,#5965,.T.);
#3432=ORIENTED_EDGE('',*,*,#5254,.F.);
#3433=ORIENTED_EDGE('',*,*,#5965,.F.);
#3434=ORIENTED_EDGE('',*,*,#4911,.T.);
#3435=ORIENTED_EDGE('',*,*,#5966,.T.);
#3436=ORIENTED_EDGE('',*,*,#5255,.F.);
#3437=ORIENTED_EDGE('',*,*,#5966,.F.);
#3438=ORIENTED_EDGE('',*,*,#4910,.T.);
#3439=ORIENTED_EDGE('',*,*,#5967,.T.);
#3440=ORIENTED_EDGE('',*,*,#5256,.F.);
#3441=ORIENTED_EDGE('',*,*,#5967,.F.);
#3442=ORIENTED_EDGE('',*,*,#4909,.T.);
#3443=ORIENTED_EDGE('',*,*,#5968,.T.);
#3444=ORIENTED_EDGE('',*,*,#5257,.F.);
#3445=ORIENTED_EDGE('',*,*,#5968,.F.);
#3446=ORIENTED_EDGE('',*,*,#4908,.T.);
#3447=ORIENTED_EDGE('',*,*,#5969,.T.);
#3448=ORIENTED_EDGE('',*,*,#5258,.F.);
#3449=ORIENTED_EDGE('',*,*,#5969,.F.);
#3450=ORIENTED_EDGE('',*,*,#4907,.T.);
#3451=ORIENTED_EDGE('',*,*,#5970,.T.);
#3452=ORIENTED_EDGE('',*,*,#5259,.T.);
#3453=ORIENTED_EDGE('',*,*,#5970,.F.);
#3454=ORIENTED_EDGE('',*,*,#4906,.F.);
#3455=ORIENTED_EDGE('',*,*,#5971,.T.);
#3456=ORIENTED_EDGE('',*,*,#5252,.F.);
#3457=ORIENTED_EDGE('',*,*,#5971,.F.);
#3458=ORIENTED_EDGE('',*,*,#4905,.T.);
#3459=ORIENTED_EDGE('',*,*,#5964,.T.);
#3460=ORIENTED_EDGE('',*,*,#5245,.T.);
#3461=ORIENTED_EDGE('',*,*,#5972,.F.);
#3462=ORIENTED_EDGE('',*,*,#4560,.F.);
#3463=ORIENTED_EDGE('',*,*,#5973,.T.);
#3464=ORIENTED_EDGE('',*,*,#5246,.F.);
#3465=ORIENTED_EDGE('',*,*,#5973,.F.);
#3466=ORIENTED_EDGE('',*,*,#4567,.T.);
#3467=ORIENTED_EDGE('',*,*,#5974,.T.);
#3468=ORIENTED_EDGE('',*,*,#5247,.F.);
#3469=ORIENTED_EDGE('',*,*,#5974,.F.);
#3470=ORIENTED_EDGE('',*,*,#4566,.T.);
#3471=ORIENTED_EDGE('',*,*,#5975,.T.);
#3472=ORIENTED_EDGE('',*,*,#5248,.F.);
#3473=ORIENTED_EDGE('',*,*,#5975,.F.);
#3474=ORIENTED_EDGE('',*,*,#4565,.T.);
#3475=ORIENTED_EDGE('',*,*,#5976,.T.);
#3476=ORIENTED_EDGE('',*,*,#5249,.F.);
#3477=ORIENTED_EDGE('',*,*,#5976,.F.);
#3478=ORIENTED_EDGE('',*,*,#4564,.T.);
#3479=ORIENTED_EDGE('',*,*,#5977,.T.);
#3480=ORIENTED_EDGE('',*,*,#5250,.F.);
#3481=ORIENTED_EDGE('',*,*,#5977,.F.);
#3482=ORIENTED_EDGE('',*,*,#4563,.T.);
#3483=ORIENTED_EDGE('',*,*,#5978,.T.);
#3484=ORIENTED_EDGE('',*,*,#5251,.T.);
#3485=ORIENTED_EDGE('',*,*,#5978,.F.);
#3486=ORIENTED_EDGE('',*,*,#4562,.F.);
#3487=ORIENTED_EDGE('',*,*,#5979,.T.);
#3488=ORIENTED_EDGE('',*,*,#5244,.F.);
#3489=ORIENTED_EDGE('',*,*,#5979,.F.);
#3490=ORIENTED_EDGE('',*,*,#4561,.T.);
#3491=ORIENTED_EDGE('',*,*,#5972,.T.);
#3492=ORIENTED_EDGE('',*,*,#5596,.F.);
#3493=ORIENTED_EDGE('',*,*,#5980,.F.);
#3494=ORIENTED_EDGE('',*,*,#4913,.T.);
#3495=ORIENTED_EDGE('',*,*,#5981,.T.);
#3496=ORIENTED_EDGE('',*,*,#5597,.F.);
#3497=ORIENTED_EDGE('',*,*,#5981,.F.);
#3498=ORIENTED_EDGE('',*,*,#4912,.T.);
#3499=ORIENTED_EDGE('',*,*,#5982,.T.);
#3500=ORIENTED_EDGE('',*,*,#5598,.F.);
#3501=ORIENTED_EDGE('',*,*,#5982,.F.);
#3502=ORIENTED_EDGE('',*,*,#4919,.T.);
#3503=ORIENTED_EDGE('',*,*,#5983,.T.);
#3504=ORIENTED_EDGE('',*,*,#5599,.T.);
#3505=ORIENTED_EDGE('',*,*,#5983,.F.);
#3506=ORIENTED_EDGE('',*,*,#4918,.F.);
#3507=ORIENTED_EDGE('',*,*,#5984,.T.);
#3508=ORIENTED_EDGE('',*,*,#5600,.F.);
#3509=ORIENTED_EDGE('',*,*,#5984,.F.);
#3510=ORIENTED_EDGE('',*,*,#4917,.T.);
#3511=ORIENTED_EDGE('',*,*,#5985,.T.);
#3512=ORIENTED_EDGE('',*,*,#5601,.T.);
#3513=ORIENTED_EDGE('',*,*,#5985,.F.);
#3514=ORIENTED_EDGE('',*,*,#4916,.F.);
#3515=ORIENTED_EDGE('',*,*,#5986,.T.);
#3516=ORIENTED_EDGE('',*,*,#5602,.F.);
#3517=ORIENTED_EDGE('',*,*,#5986,.F.);
#3518=ORIENTED_EDGE('',*,*,#4915,.T.);
#3519=ORIENTED_EDGE('',*,*,#5987,.T.);
#3520=ORIENTED_EDGE('',*,*,#5603,.F.);
#3521=ORIENTED_EDGE('',*,*,#5987,.F.);
#3522=ORIENTED_EDGE('',*,*,#4914,.T.);
#3523=ORIENTED_EDGE('',*,*,#5980,.T.);
#3524=ORIENTED_EDGE('',*,*,#5237,.T.);
#3525=ORIENTED_EDGE('',*,*,#5988,.F.);
#3526=ORIENTED_EDGE('',*,*,#4920,.F.);
#3527=ORIENTED_EDGE('',*,*,#5989,.T.);
#3528=ORIENTED_EDGE('',*,*,#5238,.F.);
#3529=ORIENTED_EDGE('',*,*,#5989,.F.);
#3530=ORIENTED_EDGE('',*,*,#4927,.T.);
#3531=ORIENTED_EDGE('',*,*,#5990,.T.);
#3532=ORIENTED_EDGE('',*,*,#5239,.F.);
#3533=ORIENTED_EDGE('',*,*,#5990,.F.);
#3534=ORIENTED_EDGE('',*,*,#4926,.T.);
#3535=ORIENTED_EDGE('',*,*,#5991,.T.);
#3536=ORIENTED_EDGE('',*,*,#5240,.F.);
#3537=ORIENTED_EDGE('',*,*,#5991,.F.);
#3538=ORIENTED_EDGE('',*,*,#4925,.T.);
#3539=ORIENTED_EDGE('',*,*,#5992,.T.);
#3540=ORIENTED_EDGE('',*,*,#5241,.F.);
#3541=ORIENTED_EDGE('',*,*,#5992,.F.);
#3542=ORIENTED_EDGE('',*,*,#4924,.T.);
#3543=ORIENTED_EDGE('',*,*,#5993,.T.);
#3544=ORIENTED_EDGE('',*,*,#5242,.F.);
#3545=ORIENTED_EDGE('',*,*,#5993,.F.);
#3546=ORIENTED_EDGE('',*,*,#4923,.T.);
#3547=ORIENTED_EDGE('',*,*,#5994,.T.);
#3548=ORIENTED_EDGE('',*,*,#5243,.T.);
#3549=ORIENTED_EDGE('',*,*,#5994,.F.);
#3550=ORIENTED_EDGE('',*,*,#4922,.F.);
#3551=ORIENTED_EDGE('',*,*,#5995,.T.);
#3552=ORIENTED_EDGE('',*,*,#5236,.F.);
#3553=ORIENTED_EDGE('',*,*,#5995,.F.);
#3554=ORIENTED_EDGE('',*,*,#4921,.T.);
#3555=ORIENTED_EDGE('',*,*,#5988,.T.);
#3556=ORIENTED_EDGE('',*,*,#5229,.T.);
#3557=ORIENTED_EDGE('',*,*,#5996,.F.);
#3558=ORIENTED_EDGE('',*,*,#4552,.F.);
#3559=ORIENTED_EDGE('',*,*,#5997,.T.);
#3560=ORIENTED_EDGE('',*,*,#5230,.F.);
#3561=ORIENTED_EDGE('',*,*,#5997,.F.);
#3562=ORIENTED_EDGE('',*,*,#4559,.T.);
#3563=ORIENTED_EDGE('',*,*,#5998,.T.);
#3564=ORIENTED_EDGE('',*,*,#5231,.F.);
#3565=ORIENTED_EDGE('',*,*,#5998,.F.);
#3566=ORIENTED_EDGE('',*,*,#4558,.T.);
#3567=ORIENTED_EDGE('',*,*,#5999,.T.);
#3568=ORIENTED_EDGE('',*,*,#5232,.F.);
#3569=ORIENTED_EDGE('',*,*,#5999,.F.);
#3570=ORIENTED_EDGE('',*,*,#4557,.T.);
#3571=ORIENTED_EDGE('',*,*,#6000,.T.);
#3572=ORIENTED_EDGE('',*,*,#5233,.F.);
#3573=ORIENTED_EDGE('',*,*,#6000,.F.);
#3574=ORIENTED_EDGE('',*,*,#4556,.T.);
#3575=ORIENTED_EDGE('',*,*,#6001,.T.);
#3576=ORIENTED_EDGE('',*,*,#5234,.F.);
#3577=ORIENTED_EDGE('',*,*,#6001,.F.);
#3578=ORIENTED_EDGE('',*,*,#4555,.T.);
#3579=ORIENTED_EDGE('',*,*,#6002,.T.);
#3580=ORIENTED_EDGE('',*,*,#5235,.T.);
#3581=ORIENTED_EDGE('',*,*,#6002,.F.);
#3582=ORIENTED_EDGE('',*,*,#4554,.F.);
#3583=ORIENTED_EDGE('',*,*,#6003,.T.);
#3584=ORIENTED_EDGE('',*,*,#5228,.F.);
#3585=ORIENTED_EDGE('',*,*,#6003,.F.);
#3586=ORIENTED_EDGE('',*,*,#4553,.T.);
#3587=ORIENTED_EDGE('',*,*,#5996,.T.);
#3588=ORIENTED_EDGE('',*,*,#5221,.T.);
#3589=ORIENTED_EDGE('',*,*,#6004,.F.);
#3590=ORIENTED_EDGE('',*,*,#4928,.F.);
#3591=ORIENTED_EDGE('',*,*,#6005,.T.);
#3592=ORIENTED_EDGE('',*,*,#5222,.F.);
#3593=ORIENTED_EDGE('',*,*,#6005,.F.);
#3594=ORIENTED_EDGE('',*,*,#4935,.T.);
#3595=ORIENTED_EDGE('',*,*,#6006,.T.);
#3596=ORIENTED_EDGE('',*,*,#5223,.F.);
#3597=ORIENTED_EDGE('',*,*,#6006,.F.);
#3598=ORIENTED_EDGE('',*,*,#4934,.T.);
#3599=ORIENTED_EDGE('',*,*,#6007,.T.);
#3600=ORIENTED_EDGE('',*,*,#5224,.F.);
#3601=ORIENTED_EDGE('',*,*,#6007,.F.);
#3602=ORIENTED_EDGE('',*,*,#4933,.T.);
#3603=ORIENTED_EDGE('',*,*,#6008,.T.);
#3604=ORIENTED_EDGE('',*,*,#5225,.F.);
#3605=ORIENTED_EDGE('',*,*,#6008,.F.);
#3606=ORIENTED_EDGE('',*,*,#4932,.T.);
#3607=ORIENTED_EDGE('',*,*,#6009,.T.);
#3608=ORIENTED_EDGE('',*,*,#5226,.F.);
#3609=ORIENTED_EDGE('',*,*,#6009,.F.);
#3610=ORIENTED_EDGE('',*,*,#4931,.T.);
#3611=ORIENTED_EDGE('',*,*,#6010,.T.);
#3612=ORIENTED_EDGE('',*,*,#5227,.T.);
#3613=ORIENTED_EDGE('',*,*,#6010,.F.);
#3614=ORIENTED_EDGE('',*,*,#4930,.F.);
#3615=ORIENTED_EDGE('',*,*,#6011,.T.);
#3616=ORIENTED_EDGE('',*,*,#5220,.F.);
#3617=ORIENTED_EDGE('',*,*,#6011,.F.);
#3618=ORIENTED_EDGE('',*,*,#4929,.T.);
#3619=ORIENTED_EDGE('',*,*,#6004,.T.);
#3620=ORIENTED_EDGE('',*,*,#5213,.T.);
#3621=ORIENTED_EDGE('',*,*,#6012,.F.);
#3622=ORIENTED_EDGE('',*,*,#4544,.F.);
#3623=ORIENTED_EDGE('',*,*,#6013,.T.);
#3624=ORIENTED_EDGE('',*,*,#5214,.F.);
#3625=ORIENTED_EDGE('',*,*,#6013,.F.);
#3626=ORIENTED_EDGE('',*,*,#4551,.T.);
#3627=ORIENTED_EDGE('',*,*,#6014,.T.);
#3628=ORIENTED_EDGE('',*,*,#5215,.F.);
#3629=ORIENTED_EDGE('',*,*,#6014,.F.);
#3630=ORIENTED_EDGE('',*,*,#4550,.T.);
#3631=ORIENTED_EDGE('',*,*,#6015,.T.);
#3632=ORIENTED_EDGE('',*,*,#5216,.F.);
#3633=ORIENTED_EDGE('',*,*,#6015,.F.);
#3634=ORIENTED_EDGE('',*,*,#4549,.T.);
#3635=ORIENTED_EDGE('',*,*,#6016,.T.);
#3636=ORIENTED_EDGE('',*,*,#5217,.F.);
#3637=ORIENTED_EDGE('',*,*,#6016,.F.);
#3638=ORIENTED_EDGE('',*,*,#4548,.T.);
#3639=ORIENTED_EDGE('',*,*,#6017,.T.);
#3640=ORIENTED_EDGE('',*,*,#5218,.F.);
#3641=ORIENTED_EDGE('',*,*,#6017,.F.);
#3642=ORIENTED_EDGE('',*,*,#4547,.T.);
#3643=ORIENTED_EDGE('',*,*,#6018,.T.);
#3644=ORIENTED_EDGE('',*,*,#5219,.T.);
#3645=ORIENTED_EDGE('',*,*,#6018,.F.);
#3646=ORIENTED_EDGE('',*,*,#4546,.F.);
#3647=ORIENTED_EDGE('',*,*,#6019,.T.);
#3648=ORIENTED_EDGE('',*,*,#5212,.F.);
#3649=ORIENTED_EDGE('',*,*,#6019,.F.);
#3650=ORIENTED_EDGE('',*,*,#4545,.T.);
#3651=ORIENTED_EDGE('',*,*,#6012,.T.);
#3652=ORIENTED_EDGE('',*,*,#5205,.T.);
#3653=ORIENTED_EDGE('',*,*,#6020,.F.);
#3654=ORIENTED_EDGE('',*,*,#4936,.F.);
#3655=ORIENTED_EDGE('',*,*,#6021,.T.);
#3656=ORIENTED_EDGE('',*,*,#5206,.F.);
#3657=ORIENTED_EDGE('',*,*,#6021,.F.);
#3658=ORIENTED_EDGE('',*,*,#4943,.T.);
#3659=ORIENTED_EDGE('',*,*,#6022,.T.);
#3660=ORIENTED_EDGE('',*,*,#5207,.F.);
#3661=ORIENTED_EDGE('',*,*,#6022,.F.);
#3662=ORIENTED_EDGE('',*,*,#4942,.T.);
#3663=ORIENTED_EDGE('',*,*,#6023,.T.);
#3664=ORIENTED_EDGE('',*,*,#5208,.F.);
#3665=ORIENTED_EDGE('',*,*,#6023,.F.);
#3666=ORIENTED_EDGE('',*,*,#4941,.T.);
#3667=ORIENTED_EDGE('',*,*,#6024,.T.);
#3668=ORIENTED_EDGE('',*,*,#5209,.F.);
#3669=ORIENTED_EDGE('',*,*,#6024,.F.);
#3670=ORIENTED_EDGE('',*,*,#4940,.T.);
#3671=ORIENTED_EDGE('',*,*,#6025,.T.);
#3672=ORIENTED_EDGE('',*,*,#5210,.F.);
#3673=ORIENTED_EDGE('',*,*,#6025,.F.);
#3674=ORIENTED_EDGE('',*,*,#4939,.T.);
#3675=ORIENTED_EDGE('',*,*,#6026,.T.);
#3676=ORIENTED_EDGE('',*,*,#5211,.T.);
#3677=ORIENTED_EDGE('',*,*,#6026,.F.);
#3678=ORIENTED_EDGE('',*,*,#4938,.F.);
#3679=ORIENTED_EDGE('',*,*,#6027,.T.);
#3680=ORIENTED_EDGE('',*,*,#5204,.F.);
#3681=ORIENTED_EDGE('',*,*,#6027,.F.);
#3682=ORIENTED_EDGE('',*,*,#4937,.T.);
#3683=ORIENTED_EDGE('',*,*,#6020,.T.);
#3684=ORIENTED_EDGE('',*,*,#5197,.T.);
#3685=ORIENTED_EDGE('',*,*,#6028,.F.);
#3686=ORIENTED_EDGE('',*,*,#4536,.F.);
#3687=ORIENTED_EDGE('',*,*,#6029,.T.);
#3688=ORIENTED_EDGE('',*,*,#5198,.F.);
#3689=ORIENTED_EDGE('',*,*,#6029,.F.);
#3690=ORIENTED_EDGE('',*,*,#4543,.T.);
#3691=ORIENTED_EDGE('',*,*,#6030,.T.);
#3692=ORIENTED_EDGE('',*,*,#5199,.F.);
#3693=ORIENTED_EDGE('',*,*,#6030,.F.);
#3694=ORIENTED_EDGE('',*,*,#4542,.T.);
#3695=ORIENTED_EDGE('',*,*,#6031,.T.);
#3696=ORIENTED_EDGE('',*,*,#5200,.F.);
#3697=ORIENTED_EDGE('',*,*,#6031,.F.);
#3698=ORIENTED_EDGE('',*,*,#4541,.T.);
#3699=ORIENTED_EDGE('',*,*,#6032,.T.);
#3700=ORIENTED_EDGE('',*,*,#5201,.F.);
#3701=ORIENTED_EDGE('',*,*,#6032,.F.);
#3702=ORIENTED_EDGE('',*,*,#4540,.T.);
#3703=ORIENTED_EDGE('',*,*,#6033,.T.);
#3704=ORIENTED_EDGE('',*,*,#5202,.F.);
#3705=ORIENTED_EDGE('',*,*,#6033,.F.);
#3706=ORIENTED_EDGE('',*,*,#4539,.T.);
#3707=ORIENTED_EDGE('',*,*,#6034,.T.);
#3708=ORIENTED_EDGE('',*,*,#5203,.T.);
#3709=ORIENTED_EDGE('',*,*,#6034,.F.);
#3710=ORIENTED_EDGE('',*,*,#4538,.F.);
#3711=ORIENTED_EDGE('',*,*,#6035,.T.);
#3712=ORIENTED_EDGE('',*,*,#5196,.F.);
#3713=ORIENTED_EDGE('',*,*,#6035,.F.);
#3714=ORIENTED_EDGE('',*,*,#4537,.T.);
#3715=ORIENTED_EDGE('',*,*,#6028,.T.);
#3716=ORIENTED_EDGE('',*,*,#5604,.F.);
#3717=ORIENTED_EDGE('',*,*,#6036,.F.);
#3718=ORIENTED_EDGE('',*,*,#4945,.T.);
#3719=ORIENTED_EDGE('',*,*,#6037,.T.);
#3720=ORIENTED_EDGE('',*,*,#5605,.F.);
#3721=ORIENTED_EDGE('',*,*,#6037,.F.);
#3722=ORIENTED_EDGE('',*,*,#4944,.T.);
#3723=ORIENTED_EDGE('',*,*,#6038,.T.);
#3724=ORIENTED_EDGE('',*,*,#5606,.F.);
#3725=ORIENTED_EDGE('',*,*,#6038,.F.);
#3726=ORIENTED_EDGE('',*,*,#4951,.T.);
#3727=ORIENTED_EDGE('',*,*,#6039,.T.);
#3728=ORIENTED_EDGE('',*,*,#5607,.T.);
#3729=ORIENTED_EDGE('',*,*,#6039,.F.);
#3730=ORIENTED_EDGE('',*,*,#4950,.F.);
#3731=ORIENTED_EDGE('',*,*,#6040,.T.);
#3732=ORIENTED_EDGE('',*,*,#5608,.F.);
#3733=ORIENTED_EDGE('',*,*,#6040,.F.);
#3734=ORIENTED_EDGE('',*,*,#4949,.T.);
#3735=ORIENTED_EDGE('',*,*,#6041,.T.);
#3736=ORIENTED_EDGE('',*,*,#5609,.T.);
#3737=ORIENTED_EDGE('',*,*,#6041,.F.);
#3738=ORIENTED_EDGE('',*,*,#4948,.F.);
#3739=ORIENTED_EDGE('',*,*,#6042,.T.);
#3740=ORIENTED_EDGE('',*,*,#5610,.F.);
#3741=ORIENTED_EDGE('',*,*,#6042,.F.);
#3742=ORIENTED_EDGE('',*,*,#4947,.T.);
#3743=ORIENTED_EDGE('',*,*,#6043,.T.);
#3744=ORIENTED_EDGE('',*,*,#5611,.F.);
#3745=ORIENTED_EDGE('',*,*,#6043,.F.);
#3746=ORIENTED_EDGE('',*,*,#4946,.T.);
#3747=ORIENTED_EDGE('',*,*,#6036,.T.);
#3748=ORIENTED_EDGE('',*,*,#5189,.T.);
#3749=ORIENTED_EDGE('',*,*,#6044,.F.);
#3750=ORIENTED_EDGE('',*,*,#4952,.F.);
#3751=ORIENTED_EDGE('',*,*,#6045,.T.);
#3752=ORIENTED_EDGE('',*,*,#5190,.F.);
#3753=ORIENTED_EDGE('',*,*,#6045,.F.);
#3754=ORIENTED_EDGE('',*,*,#4959,.T.);
#3755=ORIENTED_EDGE('',*,*,#6046,.T.);
#3756=ORIENTED_EDGE('',*,*,#5191,.F.);
#3757=ORIENTED_EDGE('',*,*,#6046,.F.);
#3758=ORIENTED_EDGE('',*,*,#4958,.T.);
#3759=ORIENTED_EDGE('',*,*,#6047,.T.);
#3760=ORIENTED_EDGE('',*,*,#5192,.F.);
#3761=ORIENTED_EDGE('',*,*,#6047,.F.);
#3762=ORIENTED_EDGE('',*,*,#4957,.T.);
#3763=ORIENTED_EDGE('',*,*,#6048,.T.);
#3764=ORIENTED_EDGE('',*,*,#5193,.F.);
#3765=ORIENTED_EDGE('',*,*,#6048,.F.);
#3766=ORIENTED_EDGE('',*,*,#4956,.T.);
#3767=ORIENTED_EDGE('',*,*,#6049,.T.);
#3768=ORIENTED_EDGE('',*,*,#5194,.F.);
#3769=ORIENTED_EDGE('',*,*,#6049,.F.);
#3770=ORIENTED_EDGE('',*,*,#4955,.T.);
#3771=ORIENTED_EDGE('',*,*,#6050,.T.);
#3772=ORIENTED_EDGE('',*,*,#5195,.T.);
#3773=ORIENTED_EDGE('',*,*,#6050,.F.);
#3774=ORIENTED_EDGE('',*,*,#4954,.F.);
#3775=ORIENTED_EDGE('',*,*,#6051,.T.);
#3776=ORIENTED_EDGE('',*,*,#5188,.F.);
#3777=ORIENTED_EDGE('',*,*,#6051,.F.);
#3778=ORIENTED_EDGE('',*,*,#4953,.T.);
#3779=ORIENTED_EDGE('',*,*,#6044,.T.);
#3780=ORIENTED_EDGE('',*,*,#5181,.T.);
#3781=ORIENTED_EDGE('',*,*,#6052,.F.);
#3782=ORIENTED_EDGE('',*,*,#4528,.F.);
#3783=ORIENTED_EDGE('',*,*,#6053,.T.);
#3784=ORIENTED_EDGE('',*,*,#5182,.F.);
#3785=ORIENTED_EDGE('',*,*,#6053,.F.);
#3786=ORIENTED_EDGE('',*,*,#4535,.T.);
#3787=ORIENTED_EDGE('',*,*,#6054,.T.);
#3788=ORIENTED_EDGE('',*,*,#5183,.F.);
#3789=ORIENTED_EDGE('',*,*,#6054,.F.);
#3790=ORIENTED_EDGE('',*,*,#4534,.T.);
#3791=ORIENTED_EDGE('',*,*,#6055,.T.);
#3792=ORIENTED_EDGE('',*,*,#5184,.F.);
#3793=ORIENTED_EDGE('',*,*,#6055,.F.);
#3794=ORIENTED_EDGE('',*,*,#4533,.T.);
#3795=ORIENTED_EDGE('',*,*,#6056,.T.);
#3796=ORIENTED_EDGE('',*,*,#5185,.F.);
#3797=ORIENTED_EDGE('',*,*,#6056,.F.);
#3798=ORIENTED_EDGE('',*,*,#4532,.T.);
#3799=ORIENTED_EDGE('',*,*,#6057,.T.);
#3800=ORIENTED_EDGE('',*,*,#5186,.F.);
#3801=ORIENTED_EDGE('',*,*,#6057,.F.);
#3802=ORIENTED_EDGE('',*,*,#4531,.T.);
#3803=ORIENTED_EDGE('',*,*,#6058,.T.);
#3804=ORIENTED_EDGE('',*,*,#5187,.T.);
#3805=ORIENTED_EDGE('',*,*,#6058,.F.);
#3806=ORIENTED_EDGE('',*,*,#4530,.F.);
#3807=ORIENTED_EDGE('',*,*,#6059,.T.);
#3808=ORIENTED_EDGE('',*,*,#5180,.F.);
#3809=ORIENTED_EDGE('',*,*,#6059,.F.);
#3810=ORIENTED_EDGE('',*,*,#4529,.T.);
#3811=ORIENTED_EDGE('',*,*,#6052,.T.);
#3812=ORIENTED_EDGE('',*,*,#5173,.T.);
#3813=ORIENTED_EDGE('',*,*,#6060,.F.);
#3814=ORIENTED_EDGE('',*,*,#4960,.F.);
#3815=ORIENTED_EDGE('',*,*,#6061,.T.);
#3816=ORIENTED_EDGE('',*,*,#5174,.F.);
#3817=ORIENTED_EDGE('',*,*,#6061,.F.);
#3818=ORIENTED_EDGE('',*,*,#4967,.T.);
#3819=ORIENTED_EDGE('',*,*,#6062,.T.);
#3820=ORIENTED_EDGE('',*,*,#5175,.F.);
#3821=ORIENTED_EDGE('',*,*,#6062,.F.);
#3822=ORIENTED_EDGE('',*,*,#4966,.T.);
#3823=ORIENTED_EDGE('',*,*,#6063,.T.);
#3824=ORIENTED_EDGE('',*,*,#5176,.F.);
#3825=ORIENTED_EDGE('',*,*,#6063,.F.);
#3826=ORIENTED_EDGE('',*,*,#4965,.T.);
#3827=ORIENTED_EDGE('',*,*,#6064,.T.);
#3828=ORIENTED_EDGE('',*,*,#5177,.F.);
#3829=ORIENTED_EDGE('',*,*,#6064,.F.);
#3830=ORIENTED_EDGE('',*,*,#4964,.T.);
#3831=ORIENTED_EDGE('',*,*,#6065,.T.);
#3832=ORIENTED_EDGE('',*,*,#5178,.F.);
#3833=ORIENTED_EDGE('',*,*,#6065,.F.);
#3834=ORIENTED_EDGE('',*,*,#4963,.T.);
#3835=ORIENTED_EDGE('',*,*,#6066,.T.);
#3836=ORIENTED_EDGE('',*,*,#5179,.T.);
#3837=ORIENTED_EDGE('',*,*,#6066,.F.);
#3838=ORIENTED_EDGE('',*,*,#4962,.F.);
#3839=ORIENTED_EDGE('',*,*,#6067,.T.);
#3840=ORIENTED_EDGE('',*,*,#5172,.F.);
#3841=ORIENTED_EDGE('',*,*,#6067,.F.);
#3842=ORIENTED_EDGE('',*,*,#4961,.T.);
#3843=ORIENTED_EDGE('',*,*,#6060,.T.);
#3844=ORIENTED_EDGE('',*,*,#5165,.T.);
#3845=ORIENTED_EDGE('',*,*,#6068,.F.);
#3846=ORIENTED_EDGE('',*,*,#4520,.F.);
#3847=ORIENTED_EDGE('',*,*,#6069,.T.);
#3848=ORIENTED_EDGE('',*,*,#5166,.F.);
#3849=ORIENTED_EDGE('',*,*,#6069,.F.);
#3850=ORIENTED_EDGE('',*,*,#4527,.T.);
#3851=ORIENTED_EDGE('',*,*,#6070,.T.);
#3852=ORIENTED_EDGE('',*,*,#5167,.F.);
#3853=ORIENTED_EDGE('',*,*,#6070,.F.);
#3854=ORIENTED_EDGE('',*,*,#4526,.T.);
#3855=ORIENTED_EDGE('',*,*,#6071,.T.);
#3856=ORIENTED_EDGE('',*,*,#5168,.F.);
#3857=ORIENTED_EDGE('',*,*,#6071,.F.);
#3858=ORIENTED_EDGE('',*,*,#4525,.T.);
#3859=ORIENTED_EDGE('',*,*,#6072,.T.);
#3860=ORIENTED_EDGE('',*,*,#5169,.F.);
#3861=ORIENTED_EDGE('',*,*,#6072,.F.);
#3862=ORIENTED_EDGE('',*,*,#4524,.T.);
#3863=ORIENTED_EDGE('',*,*,#6073,.T.);
#3864=ORIENTED_EDGE('',*,*,#5170,.F.);
#3865=ORIENTED_EDGE('',*,*,#6073,.F.);
#3866=ORIENTED_EDGE('',*,*,#4523,.T.);
#3867=ORIENTED_EDGE('',*,*,#6074,.T.);
#3868=ORIENTED_EDGE('',*,*,#5171,.T.);
#3869=ORIENTED_EDGE('',*,*,#6074,.F.);
#3870=ORIENTED_EDGE('',*,*,#4522,.F.);
#3871=ORIENTED_EDGE('',*,*,#6075,.T.);
#3872=ORIENTED_EDGE('',*,*,#5164,.F.);
#3873=ORIENTED_EDGE('',*,*,#6075,.F.);
#3874=ORIENTED_EDGE('',*,*,#4521,.T.);
#3875=ORIENTED_EDGE('',*,*,#6068,.T.);
#3876=ORIENTED_EDGE('',*,*,#5157,.T.);
#3877=ORIENTED_EDGE('',*,*,#6076,.F.);
#3878=ORIENTED_EDGE('',*,*,#4968,.F.);
#3879=ORIENTED_EDGE('',*,*,#6077,.T.);
#3880=ORIENTED_EDGE('',*,*,#5158,.F.);
#3881=ORIENTED_EDGE('',*,*,#6077,.F.);
#3882=ORIENTED_EDGE('',*,*,#4975,.T.);
#3883=ORIENTED_EDGE('',*,*,#6078,.T.);
#3884=ORIENTED_EDGE('',*,*,#5159,.F.);
#3885=ORIENTED_EDGE('',*,*,#6078,.F.);
#3886=ORIENTED_EDGE('',*,*,#4974,.T.);
#3887=ORIENTED_EDGE('',*,*,#6079,.T.);
#3888=ORIENTED_EDGE('',*,*,#5160,.F.);
#3889=ORIENTED_EDGE('',*,*,#6079,.F.);
#3890=ORIENTED_EDGE('',*,*,#4973,.T.);
#3891=ORIENTED_EDGE('',*,*,#6080,.T.);
#3892=ORIENTED_EDGE('',*,*,#5161,.F.);
#3893=ORIENTED_EDGE('',*,*,#6080,.F.);
#3894=ORIENTED_EDGE('',*,*,#4972,.T.);
#3895=ORIENTED_EDGE('',*,*,#6081,.T.);
#3896=ORIENTED_EDGE('',*,*,#5162,.F.);
#3897=ORIENTED_EDGE('',*,*,#6081,.F.);
#3898=ORIENTED_EDGE('',*,*,#4971,.T.);
#3899=ORIENTED_EDGE('',*,*,#6082,.T.);
#3900=ORIENTED_EDGE('',*,*,#5163,.T.);
#3901=ORIENTED_EDGE('',*,*,#6082,.F.);
#3902=ORIENTED_EDGE('',*,*,#4970,.F.);
#3903=ORIENTED_EDGE('',*,*,#6083,.T.);
#3904=ORIENTED_EDGE('',*,*,#5156,.F.);
#3905=ORIENTED_EDGE('',*,*,#6083,.F.);
#3906=ORIENTED_EDGE('',*,*,#4969,.T.);
#3907=ORIENTED_EDGE('',*,*,#6076,.T.);
#3908=ORIENTED_EDGE('',*,*,#5149,.T.);
#3909=ORIENTED_EDGE('',*,*,#6084,.F.);
#3910=ORIENTED_EDGE('',*,*,#4512,.F.);
#3911=ORIENTED_EDGE('',*,*,#6085,.T.);
#3912=ORIENTED_EDGE('',*,*,#5150,.F.);
#3913=ORIENTED_EDGE('',*,*,#6085,.F.);
#3914=ORIENTED_EDGE('',*,*,#4519,.T.);
#3915=ORIENTED_EDGE('',*,*,#6086,.T.);
#3916=ORIENTED_EDGE('',*,*,#5151,.F.);
#3917=ORIENTED_EDGE('',*,*,#6086,.F.);
#3918=ORIENTED_EDGE('',*,*,#4518,.T.);
#3919=ORIENTED_EDGE('',*,*,#6087,.T.);
#3920=ORIENTED_EDGE('',*,*,#5152,.F.);
#3921=ORIENTED_EDGE('',*,*,#6087,.F.);
#3922=ORIENTED_EDGE('',*,*,#4517,.T.);
#3923=ORIENTED_EDGE('',*,*,#6088,.T.);
#3924=ORIENTED_EDGE('',*,*,#5153,.F.);
#3925=ORIENTED_EDGE('',*,*,#6088,.F.);
#3926=ORIENTED_EDGE('',*,*,#4516,.T.);
#3927=ORIENTED_EDGE('',*,*,#6089,.T.);
#3928=ORIENTED_EDGE('',*,*,#5154,.F.);
#3929=ORIENTED_EDGE('',*,*,#6089,.F.);
#3930=ORIENTED_EDGE('',*,*,#4515,.T.);
#3931=ORIENTED_EDGE('',*,*,#6090,.T.);
#3932=ORIENTED_EDGE('',*,*,#5155,.T.);
#3933=ORIENTED_EDGE('',*,*,#6090,.F.);
#3934=ORIENTED_EDGE('',*,*,#4514,.F.);
#3935=ORIENTED_EDGE('',*,*,#6091,.T.);
#3936=ORIENTED_EDGE('',*,*,#5148,.F.);
#3937=ORIENTED_EDGE('',*,*,#6091,.F.);
#3938=ORIENTED_EDGE('',*,*,#4513,.T.);
#3939=ORIENTED_EDGE('',*,*,#6084,.T.);
#3940=ORIENTED_EDGE('',*,*,#5141,.T.);
#3941=ORIENTED_EDGE('',*,*,#6092,.F.);
#3942=ORIENTED_EDGE('',*,*,#4976,.F.);
#3943=ORIENTED_EDGE('',*,*,#6093,.T.);
#3944=ORIENTED_EDGE('',*,*,#5142,.F.);
#3945=ORIENTED_EDGE('',*,*,#6093,.F.);
#3946=ORIENTED_EDGE('',*,*,#4983,.T.);
#3947=ORIENTED_EDGE('',*,*,#6094,.T.);
#3948=ORIENTED_EDGE('',*,*,#5143,.F.);
#3949=ORIENTED_EDGE('',*,*,#6094,.F.);
#3950=ORIENTED_EDGE('',*,*,#4982,.T.);
#3951=ORIENTED_EDGE('',*,*,#6095,.T.);
#3952=ORIENTED_EDGE('',*,*,#5144,.F.);
#3953=ORIENTED_EDGE('',*,*,#6095,.F.);
#3954=ORIENTED_EDGE('',*,*,#4981,.T.);
#3955=ORIENTED_EDGE('',*,*,#6096,.T.);
#3956=ORIENTED_EDGE('',*,*,#5145,.F.);
#3957=ORIENTED_EDGE('',*,*,#6096,.F.);
#3958=ORIENTED_EDGE('',*,*,#4980,.T.);
#3959=ORIENTED_EDGE('',*,*,#6097,.T.);
#3960=ORIENTED_EDGE('',*,*,#5146,.F.);
#3961=ORIENTED_EDGE('',*,*,#6097,.F.);
#3962=ORIENTED_EDGE('',*,*,#4979,.T.);
#3963=ORIENTED_EDGE('',*,*,#6098,.T.);
#3964=ORIENTED_EDGE('',*,*,#5147,.T.);
#3965=ORIENTED_EDGE('',*,*,#6098,.F.);
#3966=ORIENTED_EDGE('',*,*,#4978,.F.);
#3967=ORIENTED_EDGE('',*,*,#6099,.T.);
#3968=ORIENTED_EDGE('',*,*,#5140,.F.);
#3969=ORIENTED_EDGE('',*,*,#6099,.F.);
#3970=ORIENTED_EDGE('',*,*,#4977,.T.);
#3971=ORIENTED_EDGE('',*,*,#6092,.T.);
#3972=ORIENTED_EDGE('',*,*,#5133,.T.);
#3973=ORIENTED_EDGE('',*,*,#6100,.F.);
#3974=ORIENTED_EDGE('',*,*,#4504,.F.);
#3975=ORIENTED_EDGE('',*,*,#6101,.T.);
#3976=ORIENTED_EDGE('',*,*,#5134,.F.);
#3977=ORIENTED_EDGE('',*,*,#6101,.F.);
#3978=ORIENTED_EDGE('',*,*,#4511,.T.);
#3979=ORIENTED_EDGE('',*,*,#6102,.T.);
#3980=ORIENTED_EDGE('',*,*,#5135,.F.);
#3981=ORIENTED_EDGE('',*,*,#6102,.F.);
#3982=ORIENTED_EDGE('',*,*,#4510,.T.);
#3983=ORIENTED_EDGE('',*,*,#6103,.T.);
#3984=ORIENTED_EDGE('',*,*,#5136,.F.);
#3985=ORIENTED_EDGE('',*,*,#6103,.F.);
#3986=ORIENTED_EDGE('',*,*,#4509,.T.);
#3987=ORIENTED_EDGE('',*,*,#6104,.T.);
#3988=ORIENTED_EDGE('',*,*,#5137,.F.);
#3989=ORIENTED_EDGE('',*,*,#6104,.F.);
#3990=ORIENTED_EDGE('',*,*,#4508,.T.);
#3991=ORIENTED_EDGE('',*,*,#6105,.T.);
#3992=ORIENTED_EDGE('',*,*,#5138,.F.);
#3993=ORIENTED_EDGE('',*,*,#6105,.F.);
#3994=ORIENTED_EDGE('',*,*,#4507,.T.);
#3995=ORIENTED_EDGE('',*,*,#6106,.T.);
#3996=ORIENTED_EDGE('',*,*,#5139,.T.);
#3997=ORIENTED_EDGE('',*,*,#6106,.F.);
#3998=ORIENTED_EDGE('',*,*,#4506,.F.);
#3999=ORIENTED_EDGE('',*,*,#6107,.T.);
#4000=ORIENTED_EDGE('',*,*,#5132,.F.);
#4001=ORIENTED_EDGE('',*,*,#6107,.F.);
#4002=ORIENTED_EDGE('',*,*,#4505,.T.);
#4003=ORIENTED_EDGE('',*,*,#6100,.T.);
#4004=ORIENTED_EDGE('',*,*,#5125,.T.);
#4005=ORIENTED_EDGE('',*,*,#6108,.F.);
#4006=ORIENTED_EDGE('',*,*,#4984,.F.);
#4007=ORIENTED_EDGE('',*,*,#6109,.T.);
#4008=ORIENTED_EDGE('',*,*,#5126,.F.);
#4009=ORIENTED_EDGE('',*,*,#6109,.F.);
#4010=ORIENTED_EDGE('',*,*,#4991,.T.);
#4011=ORIENTED_EDGE('',*,*,#6110,.T.);
#4012=ORIENTED_EDGE('',*,*,#5127,.F.);
#4013=ORIENTED_EDGE('',*,*,#6110,.F.);
#4014=ORIENTED_EDGE('',*,*,#4990,.T.);
#4015=ORIENTED_EDGE('',*,*,#6111,.T.);
#4016=ORIENTED_EDGE('',*,*,#5128,.F.);
#4017=ORIENTED_EDGE('',*,*,#6111,.F.);
#4018=ORIENTED_EDGE('',*,*,#4989,.T.);
#4019=ORIENTED_EDGE('',*,*,#6112,.T.);
#4020=ORIENTED_EDGE('',*,*,#5129,.F.);
#4021=ORIENTED_EDGE('',*,*,#6112,.F.);
#4022=ORIENTED_EDGE('',*,*,#4988,.T.);
#4023=ORIENTED_EDGE('',*,*,#6113,.T.);
#4024=ORIENTED_EDGE('',*,*,#5130,.F.);
#4025=ORIENTED_EDGE('',*,*,#6113,.F.);
#4026=ORIENTED_EDGE('',*,*,#4987,.T.);
#4027=ORIENTED_EDGE('',*,*,#6114,.T.);
#4028=ORIENTED_EDGE('',*,*,#5131,.T.);
#4029=ORIENTED_EDGE('',*,*,#6114,.F.);
#4030=ORIENTED_EDGE('',*,*,#4986,.F.);
#4031=ORIENTED_EDGE('',*,*,#6115,.T.);
#4032=ORIENTED_EDGE('',*,*,#5124,.F.);
#4033=ORIENTED_EDGE('',*,*,#6115,.F.);
#4034=ORIENTED_EDGE('',*,*,#4985,.T.);
#4035=ORIENTED_EDGE('',*,*,#6108,.T.);
#4036=ORIENTED_EDGE('',*,*,#5117,.T.);
#4037=ORIENTED_EDGE('',*,*,#6116,.F.);
#4038=ORIENTED_EDGE('',*,*,#4496,.F.);
#4039=ORIENTED_EDGE('',*,*,#6117,.T.);
#4040=ORIENTED_EDGE('',*,*,#5118,.F.);
#4041=ORIENTED_EDGE('',*,*,#6117,.F.);
#4042=ORIENTED_EDGE('',*,*,#4503,.T.);
#4043=ORIENTED_EDGE('',*,*,#6118,.T.);
#4044=ORIENTED_EDGE('',*,*,#5119,.F.);
#4045=ORIENTED_EDGE('',*,*,#6118,.F.);
#4046=ORIENTED_EDGE('',*,*,#4502,.T.);
#4047=ORIENTED_EDGE('',*,*,#6119,.T.);
#4048=ORIENTED_EDGE('',*,*,#5120,.F.);
#4049=ORIENTED_EDGE('',*,*,#6119,.F.);
#4050=ORIENTED_EDGE('',*,*,#4501,.T.);
#4051=ORIENTED_EDGE('',*,*,#6120,.T.);
#4052=ORIENTED_EDGE('',*,*,#5121,.F.);
#4053=ORIENTED_EDGE('',*,*,#6120,.F.);
#4054=ORIENTED_EDGE('',*,*,#4500,.T.);
#4055=ORIENTED_EDGE('',*,*,#6121,.T.);
#4056=ORIENTED_EDGE('',*,*,#5122,.F.);
#4057=ORIENTED_EDGE('',*,*,#6121,.F.);
#4058=ORIENTED_EDGE('',*,*,#4499,.T.);
#4059=ORIENTED_EDGE('',*,*,#6122,.T.);
#4060=ORIENTED_EDGE('',*,*,#5123,.T.);
#4061=ORIENTED_EDGE('',*,*,#6122,.F.);
#4062=ORIENTED_EDGE('',*,*,#4498,.F.);
#4063=ORIENTED_EDGE('',*,*,#6123,.T.);
#4064=ORIENTED_EDGE('',*,*,#5116,.F.);
#4065=ORIENTED_EDGE('',*,*,#6123,.F.);
#4066=ORIENTED_EDGE('',*,*,#4497,.T.);
#4067=ORIENTED_EDGE('',*,*,#6116,.T.);
#4068=ORIENTED_EDGE('',*,*,#5109,.T.);
#4069=ORIENTED_EDGE('',*,*,#6124,.F.);
#4070=ORIENTED_EDGE('',*,*,#4992,.F.);
#4071=ORIENTED_EDGE('',*,*,#6125,.T.);
#4072=ORIENTED_EDGE('',*,*,#5110,.F.);
#4073=ORIENTED_EDGE('',*,*,#6125,.F.);
#4074=ORIENTED_EDGE('',*,*,#4999,.T.);
#4075=ORIENTED_EDGE('',*,*,#6126,.T.);
#4076=ORIENTED_EDGE('',*,*,#5111,.F.);
#4077=ORIENTED_EDGE('',*,*,#6126,.F.);
#4078=ORIENTED_EDGE('',*,*,#4998,.T.);
#4079=ORIENTED_EDGE('',*,*,#6127,.T.);
#4080=ORIENTED_EDGE('',*,*,#5112,.F.);
#4081=ORIENTED_EDGE('',*,*,#6127,.F.);
#4082=ORIENTED_EDGE('',*,*,#4997,.T.);
#4083=ORIENTED_EDGE('',*,*,#6128,.T.);
#4084=ORIENTED_EDGE('',*,*,#5113,.F.);
#4085=ORIENTED_EDGE('',*,*,#6128,.F.);
#4086=ORIENTED_EDGE('',*,*,#4996,.T.);
#4087=ORIENTED_EDGE('',*,*,#6129,.T.);
#4088=ORIENTED_EDGE('',*,*,#5114,.F.);
#4089=ORIENTED_EDGE('',*,*,#6129,.F.);
#4090=ORIENTED_EDGE('',*,*,#4995,.T.);
#4091=ORIENTED_EDGE('',*,*,#6130,.T.);
#4092=ORIENTED_EDGE('',*,*,#5115,.T.);
#4093=ORIENTED_EDGE('',*,*,#6130,.F.);
#4094=ORIENTED_EDGE('',*,*,#4994,.F.);
#4095=ORIENTED_EDGE('',*,*,#6131,.T.);
#4096=ORIENTED_EDGE('',*,*,#5108,.F.);
#4097=ORIENTED_EDGE('',*,*,#6131,.F.);
#4098=ORIENTED_EDGE('',*,*,#4993,.T.);
#4099=ORIENTED_EDGE('',*,*,#6124,.T.);
#4100=ORIENTED_EDGE('',*,*,#5101,.T.);
#4101=ORIENTED_EDGE('',*,*,#6132,.F.);
#4102=ORIENTED_EDGE('',*,*,#4488,.F.);
#4103=ORIENTED_EDGE('',*,*,#6133,.T.);
#4104=ORIENTED_EDGE('',*,*,#5102,.F.);
#4105=ORIENTED_EDGE('',*,*,#6133,.F.);
#4106=ORIENTED_EDGE('',*,*,#4495,.T.);
#4107=ORIENTED_EDGE('',*,*,#6134,.T.);
#4108=ORIENTED_EDGE('',*,*,#5103,.F.);
#4109=ORIENTED_EDGE('',*,*,#6134,.F.);
#4110=ORIENTED_EDGE('',*,*,#4494,.T.);
#4111=ORIENTED_EDGE('',*,*,#6135,.T.);
#4112=ORIENTED_EDGE('',*,*,#5104,.F.);
#4113=ORIENTED_EDGE('',*,*,#6135,.F.);
#4114=ORIENTED_EDGE('',*,*,#4493,.T.);
#4115=ORIENTED_EDGE('',*,*,#6136,.T.);
#4116=ORIENTED_EDGE('',*,*,#5105,.F.);
#4117=ORIENTED_EDGE('',*,*,#6136,.F.);
#4118=ORIENTED_EDGE('',*,*,#4492,.T.);
#4119=ORIENTED_EDGE('',*,*,#6137,.T.);
#4120=ORIENTED_EDGE('',*,*,#5106,.F.);
#4121=ORIENTED_EDGE('',*,*,#6137,.F.);
#4122=ORIENTED_EDGE('',*,*,#4491,.T.);
#4123=ORIENTED_EDGE('',*,*,#6138,.T.);
#4124=ORIENTED_EDGE('',*,*,#5107,.T.);
#4125=ORIENTED_EDGE('',*,*,#6138,.F.);
#4126=ORIENTED_EDGE('',*,*,#4490,.F.);
#4127=ORIENTED_EDGE('',*,*,#6139,.T.);
#4128=ORIENTED_EDGE('',*,*,#5100,.F.);
#4129=ORIENTED_EDGE('',*,*,#6139,.F.);
#4130=ORIENTED_EDGE('',*,*,#4489,.T.);
#4131=ORIENTED_EDGE('',*,*,#6132,.T.);
#4132=ORIENTED_EDGE('',*,*,#5093,.T.);
#4133=ORIENTED_EDGE('',*,*,#6140,.F.);
#4134=ORIENTED_EDGE('',*,*,#5000,.F.);
#4135=ORIENTED_EDGE('',*,*,#6141,.T.);
#4136=ORIENTED_EDGE('',*,*,#5094,.F.);
#4137=ORIENTED_EDGE('',*,*,#6141,.F.);
#4138=ORIENTED_EDGE('',*,*,#5007,.T.);
#4139=ORIENTED_EDGE('',*,*,#6142,.T.);
#4140=ORIENTED_EDGE('',*,*,#5095,.F.);
#4141=ORIENTED_EDGE('',*,*,#6142,.F.);
#4142=ORIENTED_EDGE('',*,*,#5006,.T.);
#4143=ORIENTED_EDGE('',*,*,#6143,.T.);
#4144=ORIENTED_EDGE('',*,*,#5096,.F.);
#4145=ORIENTED_EDGE('',*,*,#6143,.F.);
#4146=ORIENTED_EDGE('',*,*,#5005,.T.);
#4147=ORIENTED_EDGE('',*,*,#6144,.T.);
#4148=ORIENTED_EDGE('',*,*,#5097,.F.);
#4149=ORIENTED_EDGE('',*,*,#6144,.F.);
#4150=ORIENTED_EDGE('',*,*,#5004,.T.);
#4151=ORIENTED_EDGE('',*,*,#6145,.T.);
#4152=ORIENTED_EDGE('',*,*,#5098,.F.);
#4153=ORIENTED_EDGE('',*,*,#6145,.F.);
#4154=ORIENTED_EDGE('',*,*,#5003,.T.);
#4155=ORIENTED_EDGE('',*,*,#6146,.T.);
#4156=ORIENTED_EDGE('',*,*,#5099,.T.);
#4157=ORIENTED_EDGE('',*,*,#6146,.F.);
#4158=ORIENTED_EDGE('',*,*,#5002,.F.);
#4159=ORIENTED_EDGE('',*,*,#6147,.T.);
#4160=ORIENTED_EDGE('',*,*,#5092,.F.);
#4161=ORIENTED_EDGE('',*,*,#6147,.F.);
#4162=ORIENTED_EDGE('',*,*,#5001,.T.);
#4163=ORIENTED_EDGE('',*,*,#6140,.T.);
#4164=ORIENTED_EDGE('',*,*,#5612,.F.);
#4165=ORIENTED_EDGE('',*,*,#6148,.F.);
#4166=ORIENTED_EDGE('',*,*,#4481,.T.);
#4167=ORIENTED_EDGE('',*,*,#6149,.T.);
#4168=ORIENTED_EDGE('',*,*,#5613,.F.);
#4169=ORIENTED_EDGE('',*,*,#6149,.F.);
#4170=ORIENTED_EDGE('',*,*,#4480,.T.);
#4171=ORIENTED_EDGE('',*,*,#6150,.T.);
#4172=ORIENTED_EDGE('',*,*,#5614,.F.);
#4173=ORIENTED_EDGE('',*,*,#6150,.F.);
#4174=ORIENTED_EDGE('',*,*,#4487,.T.);
#4175=ORIENTED_EDGE('',*,*,#6151,.T.);
#4176=ORIENTED_EDGE('',*,*,#5615,.T.);
#4177=ORIENTED_EDGE('',*,*,#6151,.F.);
#4178=ORIENTED_EDGE('',*,*,#4486,.F.);
#4179=ORIENTED_EDGE('',*,*,#6152,.T.);
#4180=ORIENTED_EDGE('',*,*,#5616,.F.);
#4181=ORIENTED_EDGE('',*,*,#6152,.F.);
#4182=ORIENTED_EDGE('',*,*,#4485,.T.);
#4183=ORIENTED_EDGE('',*,*,#6153,.T.);
#4184=ORIENTED_EDGE('',*,*,#5617,.T.);
#4185=ORIENTED_EDGE('',*,*,#6153,.F.);
#4186=ORIENTED_EDGE('',*,*,#4484,.F.);
#4187=ORIENTED_EDGE('',*,*,#6154,.T.);
#4188=ORIENTED_EDGE('',*,*,#5618,.F.);
#4189=ORIENTED_EDGE('',*,*,#6154,.F.);
#4190=ORIENTED_EDGE('',*,*,#4483,.T.);
#4191=ORIENTED_EDGE('',*,*,#6155,.T.);
#4192=ORIENTED_EDGE('',*,*,#5619,.F.);
#4193=ORIENTED_EDGE('',*,*,#6155,.F.);
#4194=ORIENTED_EDGE('',*,*,#4482,.T.);
#4195=ORIENTED_EDGE('',*,*,#6148,.T.);
#4196=ORIENTED_EDGE('',*,*,#5085,.T.);
#4197=ORIENTED_EDGE('',*,*,#6156,.F.);
#4198=ORIENTED_EDGE('',*,*,#4472,.F.);
#4199=ORIENTED_EDGE('',*,*,#6157,.T.);
#4200=ORIENTED_EDGE('',*,*,#5086,.F.);
#4201=ORIENTED_EDGE('',*,*,#6157,.F.);
#4202=ORIENTED_EDGE('',*,*,#4479,.T.);
#4203=ORIENTED_EDGE('',*,*,#6158,.T.);
#4204=ORIENTED_EDGE('',*,*,#5087,.F.);
#4205=ORIENTED_EDGE('',*,*,#6158,.F.);
#4206=ORIENTED_EDGE('',*,*,#4478,.T.);
#4207=ORIENTED_EDGE('',*,*,#6159,.T.);
#4208=ORIENTED_EDGE('',*,*,#5088,.F.);
#4209=ORIENTED_EDGE('',*,*,#6159,.F.);
#4210=ORIENTED_EDGE('',*,*,#4477,.T.);
#4211=ORIENTED_EDGE('',*,*,#6160,.T.);
#4212=ORIENTED_EDGE('',*,*,#5089,.F.);
#4213=ORIENTED_EDGE('',*,*,#6160,.F.);
#4214=ORIENTED_EDGE('',*,*,#4476,.T.);
#4215=ORIENTED_EDGE('',*,*,#6161,.T.);
#4216=ORIENTED_EDGE('',*,*,#5090,.F.);
#4217=ORIENTED_EDGE('',*,*,#6161,.F.);
#4218=ORIENTED_EDGE('',*,*,#4475,.T.);
#4219=ORIENTED_EDGE('',*,*,#6162,.T.);
#4220=ORIENTED_EDGE('',*,*,#5091,.T.);
#4221=ORIENTED_EDGE('',*,*,#6162,.F.);
#4222=ORIENTED_EDGE('',*,*,#4474,.F.);
#4223=ORIENTED_EDGE('',*,*,#6163,.T.);
#4224=ORIENTED_EDGE('',*,*,#5084,.F.);
#4225=ORIENTED_EDGE('',*,*,#6163,.F.);
#4226=ORIENTED_EDGE('',*,*,#4473,.T.);
#4227=ORIENTED_EDGE('',*,*,#6156,.T.);
#4228=ORIENTED_EDGE('',*,*,#5077,.T.);
#4229=ORIENTED_EDGE('',*,*,#6164,.F.);
#4230=ORIENTED_EDGE('',*,*,#5008,.F.);
#4231=ORIENTED_EDGE('',*,*,#6165,.T.);
#4232=ORIENTED_EDGE('',*,*,#5078,.F.);
#4233=ORIENTED_EDGE('',*,*,#6165,.F.);
#4234=ORIENTED_EDGE('',*,*,#5015,.T.);
#4235=ORIENTED_EDGE('',*,*,#6166,.T.);
#4236=ORIENTED_EDGE('',*,*,#5079,.F.);
#4237=ORIENTED_EDGE('',*,*,#6166,.F.);
#4238=ORIENTED_EDGE('',*,*,#5014,.T.);
#4239=ORIENTED_EDGE('',*,*,#6167,.T.);
#4240=ORIENTED_EDGE('',*,*,#5080,.F.);
#4241=ORIENTED_EDGE('',*,*,#6167,.F.);
#4242=ORIENTED_EDGE('',*,*,#5013,.T.);
#4243=ORIENTED_EDGE('',*,*,#6168,.T.);
#4244=ORIENTED_EDGE('',*,*,#5081,.F.);
#4245=ORIENTED_EDGE('',*,*,#6168,.F.);
#4246=ORIENTED_EDGE('',*,*,#5012,.T.);
#4247=ORIENTED_EDGE('',*,*,#6169,.T.);
#4248=ORIENTED_EDGE('',*,*,#5082,.F.);
#4249=ORIENTED_EDGE('',*,*,#6169,.F.);
#4250=ORIENTED_EDGE('',*,*,#5011,.T.);
#4251=ORIENTED_EDGE('',*,*,#6170,.T.);
#4252=ORIENTED_EDGE('',*,*,#5083,.T.);
#4253=ORIENTED_EDGE('',*,*,#6170,.F.);
#4254=ORIENTED_EDGE('',*,*,#5010,.F.);
#4255=ORIENTED_EDGE('',*,*,#6171,.T.);
#4256=ORIENTED_EDGE('',*,*,#5076,.F.);
#4257=ORIENTED_EDGE('',*,*,#6171,.F.);
#4258=ORIENTED_EDGE('',*,*,#5009,.T.);
#4259=ORIENTED_EDGE('',*,*,#6164,.T.);
#4260=ORIENTED_EDGE('',*,*,#5069,.T.);
#4261=ORIENTED_EDGE('',*,*,#6172,.F.);
#4262=ORIENTED_EDGE('',*,*,#4464,.F.);
#4263=ORIENTED_EDGE('',*,*,#6173,.T.);
#4264=ORIENTED_EDGE('',*,*,#5070,.F.);
#4265=ORIENTED_EDGE('',*,*,#6173,.F.);
#4266=ORIENTED_EDGE('',*,*,#4471,.T.);
#4267=ORIENTED_EDGE('',*,*,#6174,.T.);
#4268=ORIENTED_EDGE('',*,*,#5071,.F.);
#4269=ORIENTED_EDGE('',*,*,#6174,.F.);
#4270=ORIENTED_EDGE('',*,*,#4470,.T.);
#4271=ORIENTED_EDGE('',*,*,#6175,.T.);
#4272=ORIENTED_EDGE('',*,*,#5072,.F.);
#4273=ORIENTED_EDGE('',*,*,#6175,.F.);
#4274=ORIENTED_EDGE('',*,*,#4469,.T.);
#4275=ORIENTED_EDGE('',*,*,#6176,.T.);
#4276=ORIENTED_EDGE('',*,*,#5073,.F.);
#4277=ORIENTED_EDGE('',*,*,#6176,.F.);
#4278=ORIENTED_EDGE('',*,*,#4468,.T.);
#4279=ORIENTED_EDGE('',*,*,#6177,.T.);
#4280=ORIENTED_EDGE('',*,*,#5074,.F.);
#4281=ORIENTED_EDGE('',*,*,#6177,.F.);
#4282=ORIENTED_EDGE('',*,*,#4467,.T.);
#4283=ORIENTED_EDGE('',*,*,#6178,.T.);
#4284=ORIENTED_EDGE('',*,*,#5075,.T.);
#4285=ORIENTED_EDGE('',*,*,#6178,.F.);
#4286=ORIENTED_EDGE('',*,*,#4466,.F.);
#4287=ORIENTED_EDGE('',*,*,#6179,.T.);
#4288=ORIENTED_EDGE('',*,*,#5068,.F.);
#4289=ORIENTED_EDGE('',*,*,#6179,.F.);
#4290=ORIENTED_EDGE('',*,*,#4465,.T.);
#4291=ORIENTED_EDGE('',*,*,#6172,.T.);
#4292=ORIENTED_EDGE('',*,*,#5061,.T.);
#4293=ORIENTED_EDGE('',*,*,#6180,.F.);
#4294=ORIENTED_EDGE('',*,*,#5016,.F.);
#4295=ORIENTED_EDGE('',*,*,#6181,.T.);
#4296=ORIENTED_EDGE('',*,*,#5062,.F.);
#4297=ORIENTED_EDGE('',*,*,#6181,.F.);
#4298=ORIENTED_EDGE('',*,*,#5023,.T.);
#4299=ORIENTED_EDGE('',*,*,#6182,.T.);
#4300=ORIENTED_EDGE('',*,*,#5063,.F.);
#4301=ORIENTED_EDGE('',*,*,#6182,.F.);
#4302=ORIENTED_EDGE('',*,*,#5022,.T.);
#4303=ORIENTED_EDGE('',*,*,#6183,.T.);
#4304=ORIENTED_EDGE('',*,*,#5064,.F.);
#4305=ORIENTED_EDGE('',*,*,#6183,.F.);
#4306=ORIENTED_EDGE('',*,*,#5021,.T.);
#4307=ORIENTED_EDGE('',*,*,#6184,.T.);
#4308=ORIENTED_EDGE('',*,*,#5065,.F.);
#4309=ORIENTED_EDGE('',*,*,#6184,.F.);
#4310=ORIENTED_EDGE('',*,*,#5020,.T.);
#4311=ORIENTED_EDGE('',*,*,#6185,.T.);
#4312=ORIENTED_EDGE('',*,*,#5066,.F.);
#4313=ORIENTED_EDGE('',*,*,#6185,.F.);
#4314=ORIENTED_EDGE('',*,*,#5019,.T.);
#4315=ORIENTED_EDGE('',*,*,#6186,.T.);
#4316=ORIENTED_EDGE('',*,*,#5067,.T.);
#4317=ORIENTED_EDGE('',*,*,#6186,.F.);
#4318=ORIENTED_EDGE('',*,*,#5018,.F.);
#4319=ORIENTED_EDGE('',*,*,#6187,.T.);
#4320=ORIENTED_EDGE('',*,*,#5060,.F.);
#4321=ORIENTED_EDGE('',*,*,#6187,.F.);
#4322=ORIENTED_EDGE('',*,*,#5017,.T.);
#4323=ORIENTED_EDGE('',*,*,#6180,.T.);
#4324=ORIENTED_EDGE('',*,*,#5053,.T.);
#4325=ORIENTED_EDGE('',*,*,#6188,.F.);
#4326=ORIENTED_EDGE('',*,*,#4456,.F.);
#4327=ORIENTED_EDGE('',*,*,#6189,.T.);
#4328=ORIENTED_EDGE('',*,*,#5054,.F.);
#4329=ORIENTED_EDGE('',*,*,#6189,.F.);
#4330=ORIENTED_EDGE('',*,*,#4463,.T.);
#4331=ORIENTED_EDGE('',*,*,#6190,.T.);
#4332=ORIENTED_EDGE('',*,*,#5055,.F.);
#4333=ORIENTED_EDGE('',*,*,#6190,.F.);
#4334=ORIENTED_EDGE('',*,*,#4462,.T.);
#4335=ORIENTED_EDGE('',*,*,#6191,.T.);
#4336=ORIENTED_EDGE('',*,*,#5056,.F.);
#4337=ORIENTED_EDGE('',*,*,#6191,.F.);
#4338=ORIENTED_EDGE('',*,*,#4461,.T.);
#4339=ORIENTED_EDGE('',*,*,#6192,.T.);
#4340=ORIENTED_EDGE('',*,*,#5057,.F.);
#4341=ORIENTED_EDGE('',*,*,#6192,.F.);
#4342=ORIENTED_EDGE('',*,*,#4460,.T.);
#4343=ORIENTED_EDGE('',*,*,#6193,.T.);
#4344=ORIENTED_EDGE('',*,*,#5058,.F.);
#4345=ORIENTED_EDGE('',*,*,#6193,.F.);
#4346=ORIENTED_EDGE('',*,*,#4459,.T.);
#4347=ORIENTED_EDGE('',*,*,#6194,.T.);
#4348=ORIENTED_EDGE('',*,*,#5059,.T.);
#4349=ORIENTED_EDGE('',*,*,#6194,.F.);
#4350=ORIENTED_EDGE('',*,*,#4458,.F.);
#4351=ORIENTED_EDGE('',*,*,#6195,.T.);
#4352=ORIENTED_EDGE('',*,*,#5052,.F.);
#4353=ORIENTED_EDGE('',*,*,#6195,.F.);
#4354=ORIENTED_EDGE('',*,*,#4457,.T.);
#4355=ORIENTED_EDGE('',*,*,#6188,.T.);
#4356=ORIENTED_EDGE('',*,*,#5045,.T.);
#4357=ORIENTED_EDGE('',*,*,#6196,.F.);
#4358=ORIENTED_EDGE('',*,*,#5024,.F.);
#4359=ORIENTED_EDGE('',*,*,#6197,.T.);
#4360=ORIENTED_EDGE('',*,*,#5046,.F.);
#4361=ORIENTED_EDGE('',*,*,#6197,.F.);
#4362=ORIENTED_EDGE('',*,*,#5031,.T.);
#4363=ORIENTED_EDGE('',*,*,#6198,.T.);
#4364=ORIENTED_EDGE('',*,*,#5047,.F.);
#4365=ORIENTED_EDGE('',*,*,#6198,.F.);
#4366=ORIENTED_EDGE('',*,*,#5030,.T.);
#4367=ORIENTED_EDGE('',*,*,#6199,.T.);
#4368=ORIENTED_EDGE('',*,*,#5048,.F.);
#4369=ORIENTED_EDGE('',*,*,#6199,.F.);
#4370=ORIENTED_EDGE('',*,*,#5029,.T.);
#4371=ORIENTED_EDGE('',*,*,#6200,.T.);
#4372=ORIENTED_EDGE('',*,*,#5049,.F.);
#4373=ORIENTED_EDGE('',*,*,#6200,.F.);
#4374=ORIENTED_EDGE('',*,*,#5028,.T.);
#4375=ORIENTED_EDGE('',*,*,#6201,.T.);
#4376=ORIENTED_EDGE('',*,*,#5050,.F.);
#4377=ORIENTED_EDGE('',*,*,#6201,.F.);
#4378=ORIENTED_EDGE('',*,*,#5027,.T.);
#4379=ORIENTED_EDGE('',*,*,#6202,.T.);
#4380=ORIENTED_EDGE('',*,*,#5051,.T.);
#4381=ORIENTED_EDGE('',*,*,#6202,.F.);
#4382=ORIENTED_EDGE('',*,*,#5026,.F.);
#4383=ORIENTED_EDGE('',*,*,#6203,.T.);
#4384=ORIENTED_EDGE('',*,*,#5044,.F.);
#4385=ORIENTED_EDGE('',*,*,#6203,.F.);
#4386=ORIENTED_EDGE('',*,*,#5025,.T.);
#4387=ORIENTED_EDGE('',*,*,#6196,.T.);
#4388=ORIENTED_EDGE('',*,*,#4455,.T.);
#4389=ORIENTED_EDGE('',*,*,#5620,.F.);
#4390=ORIENTED_EDGE('',*,*,#4454,.T.);
#4391=ORIENTED_EDGE('',*,*,#5621,.F.);
#4392=ORIENTED_EDGE('',*,*,#4453,.T.);
#4393=ORIENTED_EDGE('',*,*,#5622,.F.);
#4394=ORIENTED_EDGE('',*,*,#4452,.T.);
#4395=ORIENTED_EDGE('',*,*,#5623,.F.);
#4396=ORIENTED_EDGE('',*,*,#5033,.F.);
#4397=ORIENTED_EDGE('',*,*,#6204,.F.);
#4398=ORIENTED_EDGE('',*,*,#5624,.T.);
#4399=ORIENTED_EDGE('',*,*,#6205,.T.);
#4400=ORIENTED_EDGE('',*,*,#5032,.T.);
#4401=ORIENTED_EDGE('',*,*,#6206,.F.);
#4402=ORIENTED_EDGE('',*,*,#5625,.F.);
#4403=ORIENTED_EDGE('',*,*,#6204,.T.);
#4404=ORIENTED_EDGE('',*,*,#5035,.T.);
#4405=ORIENTED_EDGE('',*,*,#6207,.F.);
#4406=ORIENTED_EDGE('',*,*,#5626,.F.);
#4407=ORIENTED_EDGE('',*,*,#6206,.T.);
#4408=ORIENTED_EDGE('',*,*,#5034,.F.);
#4409=ORIENTED_EDGE('',*,*,#6205,.F.);
#4410=ORIENTED_EDGE('',*,*,#5627,.T.);
#4411=ORIENTED_EDGE('',*,*,#6207,.T.);
#4412=ORIENTED_EDGE('',*,*,#4444,.T.);
#4413=ORIENTED_EDGE('',*,*,#6208,.F.);
#4414=ORIENTED_EDGE('',*,*,#5037,.F.);
#4415=ORIENTED_EDGE('',*,*,#6209,.T.);
#4416=ORIENTED_EDGE('',*,*,#4451,.T.);
#4417=ORIENTED_EDGE('',*,*,#6210,.F.);
#4418=ORIENTED_EDGE('',*,*,#5038,.F.);
#4419=ORIENTED_EDGE('',*,*,#6208,.T.);
#4420=ORIENTED_EDGE('',*,*,#4450,.F.);
#4421=ORIENTED_EDGE('',*,*,#6211,.F.);
#4422=ORIENTED_EDGE('',*,*,#5039,.T.);
#4423=ORIENTED_EDGE('',*,*,#6210,.T.);
#4424=ORIENTED_EDGE('',*,*,#4449,.T.);
#4425=ORIENTED_EDGE('',*,*,#6212,.F.);
#4426=ORIENTED_EDGE('',*,*,#5040,.F.);
#4427=ORIENTED_EDGE('',*,*,#6211,.T.);
#4428=ORIENTED_EDGE('',*,*,#4448,.F.);
#4429=ORIENTED_EDGE('',*,*,#6213,.F.);
#4430=ORIENTED_EDGE('',*,*,#5041,.T.);
#4431=ORIENTED_EDGE('',*,*,#6212,.T.);
#4432=ORIENTED_EDGE('',*,*,#4447,.T.);
#4433=ORIENTED_EDGE('',*,*,#6214,.F.);
#4434=ORIENTED_EDGE('',*,*,#5042,.F.);
#4435=ORIENTED_EDGE('',*,*,#6213,.T.);
#4436=ORIENTED_EDGE('',*,*,#4446,.T.);
#4437=ORIENTED_EDGE('',*,*,#6215,.F.);
#4438=ORIENTED_EDGE('',*,*,#5043,.F.);
#4439=ORIENTED_EDGE('',*,*,#6214,.T.);
#4440=ORIENTED_EDGE('',*,*,#4445,.T.);
#4441=ORIENTED_EDGE('',*,*,#6209,.F.);
#4442=ORIENTED_EDGE('',*,*,#5036,.F.);
#4443=ORIENTED_EDGE('',*,*,#6215,.T.);
#4444=EDGE_CURVE('',#6216,#6217,#7400,.T.);
#4445=EDGE_CURVE('',#6218,#6216,#308,.T.);
#4446=EDGE_CURVE('',#6219,#6218,#7401,.T.);
#4447=EDGE_CURVE('',#6220,#6219,#309,.T.);
#4448=EDGE_CURVE('',#6220,#6221,#7402,.T.);
#4449=EDGE_CURVE('',#6222,#6221,#310,.T.);
#4450=EDGE_CURVE('',#6222,#6223,#7403,.T.);
#4451=EDGE_CURVE('',#6217,#6223,#311,.T.);
#4452=EDGE_CURVE('',#6224,#6224,#312,.T.);
#4453=EDGE_CURVE('',#6225,#6225,#313,.T.);
#4454=EDGE_CURVE('',#6226,#6226,#314,.T.);
#4455=EDGE_CURVE('',#6227,#6227,#315,.T.);
#4456=EDGE_CURVE('',#6228,#6229,#7404,.T.);
#4457=EDGE_CURVE('',#6230,#6229,#316,.T.);
#4458=EDGE_CURVE('',#6230,#6231,#7405,.T.);
#4459=EDGE_CURVE('',#6232,#6231,#317,.T.);
#4460=EDGE_CURVE('',#6233,#6232,#7406,.T.);
#4461=EDGE_CURVE('',#6234,#6233,#318,.T.);
#4462=EDGE_CURVE('',#6235,#6234,#7407,.T.);
#4463=EDGE_CURVE('',#6228,#6235,#319,.T.);
#4464=EDGE_CURVE('',#6236,#6237,#7408,.T.);
#4465=EDGE_CURVE('',#6238,#6237,#320,.T.);
#4466=EDGE_CURVE('',#6238,#6239,#7409,.T.);
#4467=EDGE_CURVE('',#6240,#6239,#321,.T.);
#4468=EDGE_CURVE('',#6241,#6240,#7410,.T.);
#4469=EDGE_CURVE('',#6242,#6241,#322,.T.);
#4470=EDGE_CURVE('',#6243,#6242,#7411,.T.);
#4471=EDGE_CURVE('',#6236,#6243,#323,.T.);
#4472=EDGE_CURVE('',#6244,#6245,#7412,.T.);
#4473=EDGE_CURVE('',#6246,#6245,#324,.T.);
#4474=EDGE_CURVE('',#6246,#6247,#7413,.T.);
#4475=EDGE_CURVE('',#6248,#6247,#325,.T.);
#4476=EDGE_CURVE('',#6249,#6248,#7414,.T.);
#4477=EDGE_CURVE('',#6250,#6249,#326,.T.);
#4478=EDGE_CURVE('',#6251,#6250,#7415,.T.);
#4479=EDGE_CURVE('',#6244,#6251,#327,.T.);
#4480=EDGE_CURVE('',#6252,#6253,#7416,.T.);
#4481=EDGE_CURVE('',#6254,#6252,#328,.T.);
#4482=EDGE_CURVE('',#6255,#6254,#7417,.T.);
#4483=EDGE_CURVE('',#6256,#6255,#329,.T.);
#4484=EDGE_CURVE('',#6256,#6257,#7418,.T.);
#4485=EDGE_CURVE('',#6258,#6257,#330,.T.);
#4486=EDGE_CURVE('',#6258,#6259,#7419,.T.);
#4487=EDGE_CURVE('',#6253,#6259,#331,.T.);
#4488=EDGE_CURVE('',#6260,#6261,#7420,.T.);
#4489=EDGE_CURVE('',#6262,#6261,#332,.T.);
#4490=EDGE_CURVE('',#6262,#6263,#7421,.T.);
#4491=EDGE_CURVE('',#6264,#6263,#333,.T.);
#4492=EDGE_CURVE('',#6265,#6264,#7422,.T.);
#4493=EDGE_CURVE('',#6266,#6265,#334,.T.);
#4494=EDGE_CURVE('',#6267,#6266,#7423,.T.);
#4495=EDGE_CURVE('',#6260,#6267,#335,.T.);
#4496=EDGE_CURVE('',#6268,#6269,#7424,.T.);
#4497=EDGE_CURVE('',#6270,#6269,#336,.T.);
#4498=EDGE_CURVE('',#6270,#6271,#7425,.T.);
#4499=EDGE_CURVE('',#6272,#6271,#337,.T.);
#4500=EDGE_CURVE('',#6273,#6272,#7426,.T.);
#4501=EDGE_CURVE('',#6274,#6273,#338,.T.);
#4502=EDGE_CURVE('',#6275,#6274,#7427,.T.);
#4503=EDGE_CURVE('',#6268,#6275,#339,.T.);
#4504=EDGE_CURVE('',#6276,#6277,#7428,.T.);
#4505=EDGE_CURVE('',#6278,#6277,#340,.T.);
#4506=EDGE_CURVE('',#6278,#6279,#7429,.T.);
#4507=EDGE_CURVE('',#6280,#6279,#341,.T.);
#4508=EDGE_CURVE('',#6281,#6280,#7430,.T.);
#4509=EDGE_CURVE('',#6282,#6281,#342,.T.);
#4510=EDGE_CURVE('',#6283,#6282,#7431,.T.);
#4511=EDGE_CURVE('',#6276,#6283,#343,.T.);
#4512=EDGE_CURVE('',#6284,#6285,#7432,.T.);
#4513=EDGE_CURVE('',#6286,#6285,#344,.T.);
#4514=EDGE_CURVE('',#6286,#6287,#7433,.T.);
#4515=EDGE_CURVE('',#6288,#6287,#345,.T.);
#4516=EDGE_CURVE('',#6289,#6288,#7434,.T.);
#4517=EDGE_CURVE('',#6290,#6289,#346,.T.);
#4518=EDGE_CURVE('',#6291,#6290,#7435,.T.);
#4519=EDGE_CURVE('',#6284,#6291,#347,.T.);
#4520=EDGE_CURVE('',#6292,#6293,#7436,.T.);
#4521=EDGE_CURVE('',#6294,#6293,#348,.T.);
#4522=EDGE_CURVE('',#6294,#6295,#7437,.T.);
#4523=EDGE_CURVE('',#6296,#6295,#349,.T.);
#4524=EDGE_CURVE('',#6297,#6296,#7438,.T.);
#4525=EDGE_CURVE('',#6298,#6297,#350,.T.);
#4526=EDGE_CURVE('',#6299,#6298,#7439,.T.);
#4527=EDGE_CURVE('',#6292,#6299,#351,.T.);
#4528=EDGE_CURVE('',#6300,#6301,#7440,.T.);
#4529=EDGE_CURVE('',#6302,#6301,#352,.T.);
#4530=EDGE_CURVE('',#6302,#6303,#7441,.T.);
#4531=EDGE_CURVE('',#6304,#6303,#353,.T.);
#4532=EDGE_CURVE('',#6305,#6304,#7442,.T.);
#4533=EDGE_CURVE('',#6306,#6305,#354,.T.);
#4534=EDGE_CURVE('',#6307,#6306,#7443,.T.);
#4535=EDGE_CURVE('',#6300,#6307,#355,.T.);
#4536=EDGE_CURVE('',#6308,#6309,#7444,.T.);
#4537=EDGE_CURVE('',#6310,#6309,#356,.T.);
#4538=EDGE_CURVE('',#6310,#6311,#7445,.T.);
#4539=EDGE_CURVE('',#6312,#6311,#357,.T.);
#4540=EDGE_CURVE('',#6313,#6312,#7446,.T.);
#4541=EDGE_CURVE('',#6314,#6313,#358,.T.);
#4542=EDGE_CURVE('',#6315,#6314,#7447,.T.);
#4543=EDGE_CURVE('',#6308,#6315,#359,.T.);
#4544=EDGE_CURVE('',#6316,#6317,#7448,.T.);
#4545=EDGE_CURVE('',#6318,#6317,#360,.T.);
#4546=EDGE_CURVE('',#6318,#6319,#7449,.T.);
#4547=EDGE_CURVE('',#6320,#6319,#361,.T.);
#4548=EDGE_CURVE('',#6321,#6320,#7450,.T.);
#4549=EDGE_CURVE('',#6322,#6321,#362,.T.);
#4550=EDGE_CURVE('',#6323,#6322,#7451,.T.);
#4551=EDGE_CURVE('',#6316,#6323,#363,.T.);
#4552=EDGE_CURVE('',#6324,#6325,#7452,.T.);
#4553=EDGE_CURVE('',#6326,#6325,#364,.T.);
#4554=EDGE_CURVE('',#6326,#6327,#7453,.T.);
#4555=EDGE_CURVE('',#6328,#6327,#365,.T.);
#4556=EDGE_CURVE('',#6329,#6328,#7454,.T.);
#4557=EDGE_CURVE('',#6330,#6329,#366,.T.);
#4558=EDGE_CURVE('',#6331,#6330,#7455,.T.);
#4559=EDGE_CURVE('',#6324,#6331,#367,.T.);
#4560=EDGE_CURVE('',#6332,#6333,#7456,.T.);
#4561=EDGE_CURVE('',#6334,#6333,#368,.T.);
#4562=EDGE_CURVE('',#6334,#6335,#7457,.T.);
#4563=EDGE_CURVE('',#6336,#6335,#369,.T.);
#4564=EDGE_CURVE('',#6337,#6336,#7458,.T.);
#4565=EDGE_CURVE('',#6338,#6337,#370,.T.);
#4566=EDGE_CURVE('',#6339,#6338,#7459,.T.);
#4567=EDGE_CURVE('',#6332,#6339,#371,.T.);
#4568=EDGE_CURVE('',#6340,#6341,#7460,.T.);
#4569=EDGE_CURVE('',#6342,#6341,#372,.T.);
#4570=EDGE_CURVE('',#6342,#6343,#7461,.T.);
#4571=EDGE_CURVE('',#6344,#6343,#373,.T.);
#4572=EDGE_CURVE('',#6345,#6344,#7462,.T.);
#4573=EDGE_CURVE('',#6346,#6345,#374,.T.);
#4574=EDGE_CURVE('',#6347,#6346,#7463,.T.);
#4575=EDGE_CURVE('',#6340,#6347,#375,.T.);
#4576=EDGE_CURVE('',#6348,#6349,#7464,.T.);
#4577=EDGE_CURVE('',#6350,#6348,#376,.T.);
#4578=EDGE_CURVE('',#6351,#6350,#7465,.T.);
#4579=EDGE_CURVE('',#6352,#6351,#377,.T.);
#4580=EDGE_CURVE('',#6352,#6353,#7466,.T.);
#4581=EDGE_CURVE('',#6354,#6353,#378,.T.);
#4582=EDGE_CURVE('',#6354,#6355,#7467,.T.);
#4583=EDGE_CURVE('',#6349,#6355,#379,.T.);
#4584=EDGE_CURVE('',#6356,#6357,#7468,.T.);
#4585=EDGE_CURVE('',#6358,#6357,#380,.T.);
#4586=EDGE_CURVE('',#6358,#6359,#7469,.T.);
#4587=EDGE_CURVE('',#6360,#6359,#381,.T.);
#4588=EDGE_CURVE('',#6361,#6360,#7470,.T.);
#4589=EDGE_CURVE('',#6362,#6361,#382,.T.);
#4590=EDGE_CURVE('',#6363,#6362,#7471,.T.);
#4591=EDGE_CURVE('',#6356,#6363,#383,.T.);
#4592=EDGE_CURVE('',#6364,#6365,#7472,.T.);
#4593=EDGE_CURVE('',#6366,#6365,#384,.T.);
#4594=EDGE_CURVE('',#6366,#6367,#7473,.T.);
#4595=EDGE_CURVE('',#6368,#6367,#385,.T.);
#4596=EDGE_CURVE('',#6369,#6368,#7474,.T.);
#4597=EDGE_CURVE('',#6370,#6369,#386,.T.);
#4598=EDGE_CURVE('',#6371,#6370,#7475,.T.);
#4599=EDGE_CURVE('',#6364,#6371,#387,.T.);
#4600=EDGE_CURVE('',#6372,#6373,#7476,.T.);
#4601=EDGE_CURVE('',#6374,#6373,#388,.T.);
#4602=EDGE_CURVE('',#6374,#6375,#7477,.T.);
#4603=EDGE_CURVE('',#6376,#6375,#389,.T.);
#4604=EDGE_CURVE('',#6377,#6376,#7478,.T.);
#4605=EDGE_CURVE('',#6378,#6377,#390,.T.);
#4606=EDGE_CURVE('',#6379,#6378,#7479,.T.);
#4607=EDGE_CURVE('',#6372,#6379,#391,.T.);
#4608=EDGE_CURVE('',#6380,#6381,#7480,.T.);
#4609=EDGE_CURVE('',#6382,#6381,#392,.T.);
#4610=EDGE_CURVE('',#6382,#6383,#7481,.T.);
#4611=EDGE_CURVE('',#6384,#6383,#393,.T.);
#4612=EDGE_CURVE('',#6385,#6384,#7482,.T.);
#4613=EDGE_CURVE('',#6386,#6385,#394,.T.);
#4614=EDGE_CURVE('',#6387,#6386,#7483,.T.);
#4615=EDGE_CURVE('',#6380,#6387,#395,.T.);
#4616=EDGE_CURVE('',#6388,#6389,#7484,.T.);
#4617=EDGE_CURVE('',#6390,#6389,#396,.T.);
#4618=EDGE_CURVE('',#6390,#6391,#7485,.T.);
#4619=EDGE_CURVE('',#6392,#6391,#397,.T.);
#4620=EDGE_CURVE('',#6393,#6392,#7486,.T.);
#4621=EDGE_CURVE('',#6394,#6393,#398,.T.);
#4622=EDGE_CURVE('',#6395,#6394,#7487,.T.);
#4623=EDGE_CURVE('',#6388,#6395,#399,.T.);
#4624=EDGE_CURVE('',#6396,#6397,#7488,.T.);
#4625=EDGE_CURVE('',#6398,#6397,#400,.T.);
#4626=EDGE_CURVE('',#6398,#6399,#7489,.T.);
#4627=EDGE_CURVE('',#6400,#6399,#401,.T.);
#4628=EDGE_CURVE('',#6401,#6400,#7490,.T.);
#4629=EDGE_CURVE('',#6402,#6401,#402,.T.);
#4630=EDGE_CURVE('',#6403,#6402,#7491,.T.);
#4631=EDGE_CURVE('',#6396,#6403,#403,.T.);
#4632=EDGE_CURVE('',#6404,#6405,#7492,.T.);
#4633=EDGE_CURVE('',#6406,#6405,#404,.T.);
#4634=EDGE_CURVE('',#6406,#6407,#7493,.T.);
#4635=EDGE_CURVE('',#6408,#6407,#405,.T.);
#4636=EDGE_CURVE('',#6409,#6408,#7494,.T.);
#4637=EDGE_CURVE('',#6410,#6409,#406,.T.);
#4638=EDGE_CURVE('',#6411,#6410,#7495,.T.);
#4639=EDGE_CURVE('',#6404,#6411,#407,.T.);
#4640=EDGE_CURVE('',#6412,#6413,#7496,.T.);
#4641=EDGE_CURVE('',#6414,#6412,#408,.T.);
#4642=EDGE_CURVE('',#6415,#6414,#7497,.T.);
#4643=EDGE_CURVE('',#6416,#6415,#409,.T.);
#4644=EDGE_CURVE('',#6416,#6417,#7498,.T.);
#4645=EDGE_CURVE('',#6418,#6417,#410,.T.);
#4646=EDGE_CURVE('',#6418,#6419,#7499,.T.);
#4647=EDGE_CURVE('',#6413,#6419,#411,.T.);
#4648=EDGE_CURVE('',#6420,#6421,#7500,.T.);
#4649=EDGE_CURVE('',#6422,#6421,#412,.T.);
#4650=EDGE_CURVE('',#6422,#6423,#7501,.T.);
#4651=EDGE_CURVE('',#6424,#6423,#413,.T.);
#4652=EDGE_CURVE('',#6425,#6424,#7502,.T.);
#4653=EDGE_CURVE('',#6426,#6425,#414,.T.);
#4654=EDGE_CURVE('',#6427,#6426,#7503,.T.);
#4655=EDGE_CURVE('',#6420,#6427,#415,.T.);
#4656=EDGE_CURVE('',#6428,#6429,#7504,.T.);
#4657=EDGE_CURVE('',#6430,#6429,#416,.T.);
#4658=EDGE_CURVE('',#6430,#6431,#7505,.T.);
#4659=EDGE_CURVE('',#6432,#6431,#417,.T.);
#4660=EDGE_CURVE('',#6433,#6432,#7506,.T.);
#4661=EDGE_CURVE('',#6434,#6433,#418,.T.);
#4662=EDGE_CURVE('',#6435,#6434,#7507,.T.);
#4663=EDGE_CURVE('',#6428,#6435,#419,.T.);
#4664=EDGE_CURVE('',#6436,#6437,#7508,.T.);
#4665=EDGE_CURVE('',#6438,#6437,#420,.T.);
#4666=EDGE_CURVE('',#6438,#6439,#7509,.T.);
#4667=EDGE_CURVE('',#6440,#6439,#421,.T.);
#4668=EDGE_CURVE('',#6441,#6440,#7510,.T.);
#4669=EDGE_CURVE('',#6442,#6441,#422,.T.);
#4670=EDGE_CURVE('',#6443,#6442,#7511,.T.);
#4671=EDGE_CURVE('',#6436,#6443,#423,.T.);
#4672=EDGE_CURVE('',#6444,#6445,#7512,.T.);
#4673=EDGE_CURVE('',#6446,#6445,#424,.T.);
#4674=EDGE_CURVE('',#6446,#6447,#7513,.T.);
#4675=EDGE_CURVE('',#6448,#6447,#425,.T.);
#4676=EDGE_CURVE('',#6449,#6448,#7514,.T.);
#4677=EDGE_CURVE('',#6450,#6449,#426,.T.);
#4678=EDGE_CURVE('',#6451,#6450,#7515,.T.);
#4679=EDGE_CURVE('',#6444,#6451,#427,.T.);
#4680=EDGE_CURVE('',#6452,#6453,#7516,.T.);
#4681=EDGE_CURVE('',#6454,#6453,#428,.T.);
#4682=EDGE_CURVE('',#6454,#6455,#7517,.T.);
#4683=EDGE_CURVE('',#6456,#6455,#429,.T.);
#4684=EDGE_CURVE('',#6457,#6456,#7518,.T.);
#4685=EDGE_CURVE('',#6458,#6457,#430,.T.);
#4686=EDGE_CURVE('',#6459,#6458,#7519,.T.);
#4687=EDGE_CURVE('',#6452,#6459,#431,.T.);
#4688=EDGE_CURVE('',#6460,#6461,#7520,.T.);
#4689=EDGE_CURVE('',#6462,#6461,#432,.T.);
#4690=EDGE_CURVE('',#6462,#6463,#7521,.T.);
#4691=EDGE_CURVE('',#6464,#6463,#433,.T.);
#4692=EDGE_CURVE('',#6465,#6464,#7522,.T.);
#4693=EDGE_CURVE('',#6466,#6465,#434,.T.);
#4694=EDGE_CURVE('',#6467,#6466,#7523,.T.);
#4695=EDGE_CURVE('',#6460,#6467,#435,.T.);
#4696=EDGE_CURVE('',#6468,#6469,#7524,.T.);
#4697=EDGE_CURVE('',#6470,#6468,#436,.T.);
#4698=EDGE_CURVE('',#6471,#6470,#7525,.T.);
#4699=EDGE_CURVE('',#6472,#6471,#437,.T.);
#4700=EDGE_CURVE('',#6472,#6473,#7526,.T.);
#4701=EDGE_CURVE('',#6474,#6473,#438,.T.);
#4702=EDGE_CURVE('',#6474,#6475,#7527,.T.);
#4703=EDGE_CURVE('',#6469,#6475,#439,.T.);
#4704=EDGE_CURVE('',#6476,#6477,#7528,.T.);
#4705=EDGE_CURVE('',#6478,#6477,#440,.T.);
#4706=EDGE_CURVE('',#6478,#6479,#7529,.T.);
#4707=EDGE_CURVE('',#6480,#6479,#441,.T.);
#4708=EDGE_CURVE('',#6481,#6480,#7530,.T.);
#4709=EDGE_CURVE('',#6482,#6481,#442,.T.);
#4710=EDGE_CURVE('',#6483,#6482,#7531,.T.);
#4711=EDGE_CURVE('',#6476,#6483,#443,.T.);
#4712=EDGE_CURVE('',#6484,#6485,#7532,.T.);
#4713=EDGE_CURVE('',#6486,#6485,#444,.T.);
#4714=EDGE_CURVE('',#6486,#6487,#7533,.T.);
#4715=EDGE_CURVE('',#6488,#6487,#445,.T.);
#4716=EDGE_CURVE('',#6489,#6488,#7534,.T.);
#4717=EDGE_CURVE('',#6490,#6489,#446,.T.);
#4718=EDGE_CURVE('',#6491,#6490,#7535,.T.);
#4719=EDGE_CURVE('',#6484,#6491,#447,.T.);
#4720=EDGE_CURVE('',#6492,#6493,#7536,.T.);
#4721=EDGE_CURVE('',#6494,#6493,#448,.T.);
#4722=EDGE_CURVE('',#6494,#6495,#7537,.T.);
#4723=EDGE_CURVE('',#6496,#6495,#449,.T.);
#4724=EDGE_CURVE('',#6497,#6496,#7538,.T.);
#4725=EDGE_CURVE('',#6498,#6497,#450,.T.);
#4726=EDGE_CURVE('',#6499,#6498,#7539,.T.);
#4727=EDGE_CURVE('',#6492,#6499,#451,.T.);
#4728=EDGE_CURVE('',#6500,#6501,#7540,.T.);
#4729=EDGE_CURVE('',#6502,#6501,#452,.T.);
#4730=EDGE_CURVE('',#6502,#6503,#7541,.T.);
#4731=EDGE_CURVE('',#6504,#6503,#453,.T.);
#4732=EDGE_CURVE('',#6505,#6504,#7542,.T.);
#4733=EDGE_CURVE('',#6506,#6505,#454,.T.);
#4734=EDGE_CURVE('',#6507,#6506,#7543,.T.);
#4735=EDGE_CURVE('',#6500,#6507,#455,.T.);
#4736=EDGE_CURVE('',#6508,#6509,#7544,.T.);
#4737=EDGE_CURVE('',#6509,#6510,#456,.T.);
#4738=EDGE_CURVE('',#6511,#6510,#7545,.T.);
#4739=EDGE_CURVE('',#6511,#6512,#457,.T.);
#4740=EDGE_CURVE('',#6513,#6512,#7546,.T.);
#4741=EDGE_CURVE('',#6513,#6514,#458,.T.);
#4742=EDGE_CURVE('',#6514,#6515,#7547,.T.);
#4743=EDGE_CURVE('',#6515,#6508,#459,.T.);
#4744=EDGE_CURVE('',#6516,#6517,#7548,.T.);
#4745=EDGE_CURVE('',#6518,#6517,#460,.T.);
#4746=EDGE_CURVE('',#6519,#6518,#7549,.T.);
#4747=EDGE_CURVE('',#6520,#6519,#461,.T.);
#4748=EDGE_CURVE('',#6521,#6520,#7550,.T.);
#4749=EDGE_CURVE('',#6522,#6521,#462,.T.);
#4750=EDGE_CURVE('',#6522,#6523,#7551,.T.);
#4751=EDGE_CURVE('',#6516,#6523,#463,.T.);
#4752=EDGE_CURVE('',#6524,#6525,#7552,.T.);
#4753=EDGE_CURVE('',#6526,#6525,#464,.T.);
#4754=EDGE_CURVE('',#6526,#6527,#7553,.T.);
#4755=EDGE_CURVE('',#6528,#6527,#465,.T.);
#4756=EDGE_CURVE('',#6529,#6528,#7554,.T.);
#4757=EDGE_CURVE('',#6530,#6529,#466,.T.);
#4758=EDGE_CURVE('',#6531,#6530,#7555,.T.);
#4759=EDGE_CURVE('',#6524,#6531,#467,.T.);
#4760=EDGE_CURVE('',#6532,#6533,#7556,.T.);
#4761=EDGE_CURVE('',#6534,#6533,#468,.T.);
#4762=EDGE_CURVE('',#6534,#6535,#7557,.T.);
#4763=EDGE_CURVE('',#6536,#6535,#469,.T.);
#4764=EDGE_CURVE('',#6537,#6536,#7558,.T.);
#4765=EDGE_CURVE('',#6538,#6537,#470,.T.);
#4766=EDGE_CURVE('',#6539,#6538,#7559,.T.);
#4767=EDGE_CURVE('',#6532,#6539,#471,.T.);
#4768=EDGE_CURVE('',#6540,#6541,#7560,.T.);
#4769=EDGE_CURVE('',#6542,#6541,#472,.T.);
#4770=EDGE_CURVE('',#6542,#6543,#7561,.T.);
#4771=EDGE_CURVE('',#6544,#6543,#473,.T.);
#4772=EDGE_CURVE('',#6545,#6544,#7562,.T.);
#4773=EDGE_CURVE('',#6546,#6545,#474,.T.);
#4774=EDGE_CURVE('',#6547,#6546,#7563,.T.);
#4775=EDGE_CURVE('',#6540,#6547,#475,.T.);
#4776=EDGE_CURVE('',#6548,#6549,#7564,.T.);
#4777=EDGE_CURVE('',#6550,#6549,#476,.T.);
#4778=EDGE_CURVE('',#6550,#6551,#7565,.T.);
#4779=EDGE_CURVE('',#6552,#6551,#477,.T.);
#4780=EDGE_CURVE('',#6553,#6552,#7566,.T.);
#4781=EDGE_CURVE('',#6554,#6553,#478,.T.);
#4782=EDGE_CURVE('',#6555,#6554,#7567,.T.);
#4783=EDGE_CURVE('',#6548,#6555,#479,.T.);
#4784=EDGE_CURVE('',#6556,#6557,#7568,.T.);
#4785=EDGE_CURVE('',#6558,#6556,#480,.T.);
#4786=EDGE_CURVE('',#6559,#6558,#7569,.T.);
#4787=EDGE_CURVE('',#6560,#6559,#481,.T.);
#4788=EDGE_CURVE('',#6560,#6561,#7570,.T.);
#4789=EDGE_CURVE('',#6562,#6561,#482,.T.);
#4790=EDGE_CURVE('',#6562,#6563,#7571,.T.);
#4791=EDGE_CURVE('',#6557,#6563,#483,.T.);
#4792=EDGE_CURVE('',#6564,#6565,#7572,.T.);
#4793=EDGE_CURVE('',#6566,#6565,#484,.T.);
#4794=EDGE_CURVE('',#6566,#6567,#7573,.T.);
#4795=EDGE_CURVE('',#6568,#6567,#485,.T.);
#4796=EDGE_CURVE('',#6569,#6568,#7574,.T.);
#4797=EDGE_CURVE('',#6570,#6569,#486,.T.);
#4798=EDGE_CURVE('',#6571,#6570,#7575,.T.);
#4799=EDGE_CURVE('',#6564,#6571,#487,.T.);
#4800=EDGE_CURVE('',#6572,#6573,#7576,.T.);
#4801=EDGE_CURVE('',#6574,#6573,#488,.T.);
#4802=EDGE_CURVE('',#6574,#6575,#7577,.T.);
#4803=EDGE_CURVE('',#6576,#6575,#489,.T.);
#4804=EDGE_CURVE('',#6577,#6576,#7578,.T.);
#4805=EDGE_CURVE('',#6578,#6577,#490,.T.);
#4806=EDGE_CURVE('',#6579,#6578,#7579,.T.);
#4807=EDGE_CURVE('',#6572,#6579,#491,.T.);
#4808=EDGE_CURVE('',#6580,#6581,#7580,.T.);
#4809=EDGE_CURVE('',#6582,#6581,#492,.T.);
#4810=EDGE_CURVE('',#6582,#6583,#7581,.T.);
#4811=EDGE_CURVE('',#6584,#6583,#493,.T.);
#4812=EDGE_CURVE('',#6585,#6584,#7582,.T.);
#4813=EDGE_CURVE('',#6586,#6585,#494,.T.);
#4814=EDGE_CURVE('',#6587,#6586,#7583,.T.);
#4815=EDGE_CURVE('',#6580,#6587,#495,.T.);
#4816=EDGE_CURVE('',#6588,#6589,#7584,.T.);
#4817=EDGE_CURVE('',#6590,#6589,#496,.T.);
#4818=EDGE_CURVE('',#6590,#6591,#7585,.T.);
#4819=EDGE_CURVE('',#6592,#6591,#497,.T.);
#4820=EDGE_CURVE('',#6593,#6592,#7586,.T.);
#4821=EDGE_CURVE('',#6594,#6593,#498,.T.);
#4822=EDGE_CURVE('',#6595,#6594,#7587,.T.);
#4823=EDGE_CURVE('',#6588,#6595,#499,.T.);
#4824=EDGE_CURVE('',#6596,#6597,#7588,.T.);
#4825=EDGE_CURVE('',#6598,#6597,#500,.T.);
#4826=EDGE_CURVE('',#6598,#6599,#7589,.T.);
#4827=EDGE_CURVE('',#6600,#6599,#501,.T.);
#4828=EDGE_CURVE('',#6601,#6600,#7590,.T.);
#4829=EDGE_CURVE('',#6602,#6601,#502,.T.);
#4830=EDGE_CURVE('',#6603,#6602,#7591,.T.);
#4831=EDGE_CURVE('',#6596,#6603,#503,.T.);
#4832=EDGE_CURVE('',#6604,#6605,#7592,.T.);
#4833=EDGE_CURVE('',#6606,#6605,#504,.T.);
#4834=EDGE_CURVE('',#6606,#6607,#7593,.T.);
#4835=EDGE_CURVE('',#6608,#6607,#505,.T.);
#4836=EDGE_CURVE('',#6609,#6608,#7594,.T.);
#4837=EDGE_CURVE('',#6610,#6609,#506,.T.);
#4838=EDGE_CURVE('',#6611,#6610,#7595,.T.);
#4839=EDGE_CURVE('',#6604,#6611,#507,.T.);
#4840=EDGE_CURVE('',#6612,#6613,#7596,.T.);
#4841=EDGE_CURVE('',#6614,#6612,#508,.T.);
#4842=EDGE_CURVE('',#6615,#6614,#7597,.T.);
#4843=EDGE_CURVE('',#6616,#6615,#509,.T.);
#4844=EDGE_CURVE('',#6616,#6617,#7598,.T.);
#4845=EDGE_CURVE('',#6618,#6617,#510,.T.);
#4846=EDGE_CURVE('',#6618,#6619,#7599,.T.);
#4847=EDGE_CURVE('',#6613,#6619,#511,.T.);
#4848=EDGE_CURVE('',#6620,#6621,#7600,.T.);
#4849=EDGE_CURVE('',#6622,#6621,#512,.T.);
#4850=EDGE_CURVE('',#6622,#6623,#7601,.T.);
#4851=EDGE_CURVE('',#6624,#6623,#513,.T.);
#4852=EDGE_CURVE('',#6625,#6624,#7602,.T.);
#4853=EDGE_CURVE('',#6626,#6625,#514,.T.);
#4854=EDGE_CURVE('',#6627,#6626,#7603,.T.);
#4855=EDGE_CURVE('',#6620,#6627,#515,.T.);
#4856=EDGE_CURVE('',#6628,#6629,#7604,.T.);
#4857=EDGE_CURVE('',#6630,#6629,#516,.T.);
#4858=EDGE_CURVE('',#6630,#6631,#7605,.T.);
#4859=EDGE_CURVE('',#6632,#6631,#517,.T.);
#4860=EDGE_CURVE('',#6633,#6632,#7606,.T.);
#4861=EDGE_CURVE('',#6634,#6633,#518,.T.);
#4862=EDGE_CURVE('',#6635,#6634,#7607,.T.);
#4863=EDGE_CURVE('',#6628,#6635,#519,.T.);
#4864=EDGE_CURVE('',#6636,#6637,#7608,.T.);
#4865=EDGE_CURVE('',#6638,#6637,#520,.T.);
#4866=EDGE_CURVE('',#6638,#6639,#7609,.T.);
#4867=EDGE_CURVE('',#6640,#6639,#521,.T.);
#4868=EDGE_CURVE('',#6641,#6640,#7610,.T.);
#4869=EDGE_CURVE('',#6642,#6641,#522,.T.);
#4870=EDGE_CURVE('',#6643,#6642,#7611,.T.);
#4871=EDGE_CURVE('',#6636,#6643,#523,.T.);
#4872=EDGE_CURVE('',#6644,#6645,#7612,.T.);
#4873=EDGE_CURVE('',#6646,#6645,#524,.T.);
#4874=EDGE_CURVE('',#6646,#6647,#7613,.T.);
#4875=EDGE_CURVE('',#6648,#6647,#525,.T.);
#4876=EDGE_CURVE('',#6649,#6648,#7614,.T.);
#4877=EDGE_CURVE('',#6650,#6649,#526,.T.);
#4878=EDGE_CURVE('',#6651,#6650,#7615,.T.);
#4879=EDGE_CURVE('',#6644,#6651,#527,.T.);
#4880=EDGE_CURVE('',#6652,#6653,#7616,.T.);
#4881=EDGE_CURVE('',#6654,#6653,#528,.T.);
#4882=EDGE_CURVE('',#6654,#6655,#7617,.T.);
#4883=EDGE_CURVE('',#6656,#6655,#529,.T.);
#4884=EDGE_CURVE('',#6657,#6656,#7618,.T.);
#4885=EDGE_CURVE('',#6658,#6657,#530,.T.);
#4886=EDGE_CURVE('',#6659,#6658,#7619,.T.);
#4887=EDGE_CURVE('',#6652,#6659,#531,.T.);
#4888=EDGE_CURVE('',#6660,#6661,#7620,.T.);
#4889=EDGE_CURVE('',#6662,#6661,#532,.T.);
#4890=EDGE_CURVE('',#6662,#6663,#7621,.T.);
#4891=EDGE_CURVE('',#6664,#6663,#533,.T.);
#4892=EDGE_CURVE('',#6665,#6664,#7622,.T.);
#4893=EDGE_CURVE('',#6666,#6665,#534,.T.);
#4894=EDGE_CURVE('',#6667,#6666,#7623,.T.);
#4895=EDGE_CURVE('',#6660,#6667,#535,.T.);
#4896=EDGE_CURVE('',#6668,#6669,#7624,.T.);
#4897=EDGE_CURVE('',#6670,#6669,#536,.T.);
#4898=EDGE_CURVE('',#6670,#6671,#7625,.T.);
#4899=EDGE_CURVE('',#6672,#6671,#537,.T.);
#4900=EDGE_CURVE('',#6673,#6672,#7626,.T.);
#4901=EDGE_CURVE('',#6674,#6673,#538,.T.);
#4902=EDGE_CURVE('',#6675,#6674,#7627,.T.);
#4903=EDGE_CURVE('',#6668,#6675,#539,.T.);
#4904=EDGE_CURVE('',#6676,#6677,#7628,.T.);
#4905=EDGE_CURVE('',#6678,#6677,#540,.T.);
#4906=EDGE_CURVE('',#6678,#6679,#7629,.T.);
#4907=EDGE_CURVE('',#6680,#6679,#541,.T.);
#4908=EDGE_CURVE('',#6681,#6680,#7630,.T.);
#4909=EDGE_CURVE('',#6682,#6681,#542,.T.);
#4910=EDGE_CURVE('',#6683,#6682,#7631,.T.);
#4911=EDGE_CURVE('',#6676,#6683,#543,.T.);
#4912=EDGE_CURVE('',#6684,#6685,#7632,.T.);
#4913=EDGE_CURVE('',#6686,#6684,#544,.T.);
#4914=EDGE_CURVE('',#6687,#6686,#7633,.T.);
#4915=EDGE_CURVE('',#6688,#6687,#545,.T.);
#4916=EDGE_CURVE('',#6688,#6689,#7634,.T.);
#4917=EDGE_CURVE('',#6690,#6689,#546,.T.);
#4918=EDGE_CURVE('',#6690,#6691,#7635,.T.);
#4919=EDGE_CURVE('',#6685,#6691,#547,.T.);
#4920=EDGE_CURVE('',#6692,#6693,#7636,.T.);
#4921=EDGE_CURVE('',#6694,#6693,#548,.T.);
#4922=EDGE_CURVE('',#6694,#6695,#7637,.T.);
#4923=EDGE_CURVE('',#6696,#6695,#549,.T.);
#4924=EDGE_CURVE('',#6697,#6696,#7638,.T.);
#4925=EDGE_CURVE('',#6698,#6697,#550,.T.);
#4926=EDGE_CURVE('',#6699,#6698,#7639,.T.);
#4927=EDGE_CURVE('',#6692,#6699,#551,.T.);
#4928=EDGE_CURVE('',#6700,#6701,#7640,.T.);
#4929=EDGE_CURVE('',#6702,#6701,#552,.T.);
#4930=EDGE_CURVE('',#6702,#6703,#7641,.T.);
#4931=EDGE_CURVE('',#6704,#6703,#553,.T.);
#4932=EDGE_CURVE('',#6705,#6704,#7642,.T.);
#4933=EDGE_CURVE('',#6706,#6705,#554,.T.);
#4934=EDGE_CURVE('',#6707,#6706,#7643,.T.);
#4935=EDGE_CURVE('',#6700,#6707,#555,.T.);
#4936=EDGE_CURVE('',#6708,#6709,#7644,.T.);
#4937=EDGE_CURVE('',#6710,#6709,#556,.T.);
#4938=EDGE_CURVE('',#6710,#6711,#7645,.T.);
#4939=EDGE_CURVE('',#6712,#6711,#557,.T.);
#4940=EDGE_CURVE('',#6713,#6712,#7646,.T.);
#4941=EDGE_CURVE('',#6714,#6713,#558,.T.);
#4942=EDGE_CURVE('',#6715,#6714,#7647,.T.);
#4943=EDGE_CURVE('',#6708,#6715,#559,.T.);
#4944=EDGE_CURVE('',#6716,#6717,#7648,.T.);
#4945=EDGE_CURVE('',#6718,#6716,#560,.T.);
#4946=EDGE_CURVE('',#6719,#6718,#7649,.T.);
#4947=EDGE_CURVE('',#6720,#6719,#561,.T.);
#4948=EDGE_CURVE('',#6720,#6721,#7650,.T.);
#4949=EDGE_CURVE('',#6722,#6721,#562,.T.);
#4950=EDGE_CURVE('',#6722,#6723,#7651,.T.);
#4951=EDGE_CURVE('',#6717,#6723,#563,.T.);
#4952=EDGE_CURVE('',#6724,#6725,#7652,.T.);
#4953=EDGE_CURVE('',#6726,#6725,#564,.T.);
#4954=EDGE_CURVE('',#6726,#6727,#7653,.T.);
#4955=EDGE_CURVE('',#6728,#6727,#565,.T.);
#4956=EDGE_CURVE('',#6729,#6728,#7654,.T.);
#4957=EDGE_CURVE('',#6730,#6729,#566,.T.);
#4958=EDGE_CURVE('',#6731,#6730,#7655,.T.);
#4959=EDGE_CURVE('',#6724,#6731,#567,.T.);
#4960=EDGE_CURVE('',#6732,#6733,#7656,.T.);
#4961=EDGE_CURVE('',#6734,#6733,#568,.T.);
#4962=EDGE_CURVE('',#6734,#6735,#7657,.T.);
#4963=EDGE_CURVE('',#6736,#6735,#569,.T.);
#4964=EDGE_CURVE('',#6737,#6736,#7658,.T.);
#4965=EDGE_CURVE('',#6738,#6737,#570,.T.);
#4966=EDGE_CURVE('',#6739,#6738,#7659,.T.);
#4967=EDGE_CURVE('',#6732,#6739,#571,.T.);
#4968=EDGE_CURVE('',#6740,#6741,#7660,.T.);
#4969=EDGE_CURVE('',#6742,#6741,#572,.T.);
#4970=EDGE_CURVE('',#6742,#6743,#7661,.T.);
#4971=EDGE_CURVE('',#6744,#6743,#573,.T.);
#4972=EDGE_CURVE('',#6745,#6744,#7662,.T.);
#4973=EDGE_CURVE('',#6746,#6745,#574,.T.);
#4974=EDGE_CURVE('',#6747,#6746,#7663,.T.);
#4975=EDGE_CURVE('',#6740,#6747,#575,.T.);
#4976=EDGE_CURVE('',#6748,#6749,#7664,.T.);
#4977=EDGE_CURVE('',#6750,#6749,#576,.T.);
#4978=EDGE_CURVE('',#6750,#6751,#7665,.T.);
#4979=EDGE_CURVE('',#6752,#6751,#577,.T.);
#4980=EDGE_CURVE('',#6753,#6752,#7666,.T.);
#4981=EDGE_CURVE('',#6754,#6753,#578,.T.);
#4982=EDGE_CURVE('',#6755,#6754,#7667,.T.);
#4983=EDGE_CURVE('',#6748,#6755,#579,.T.);
#4984=EDGE_CURVE('',#6756,#6757,#7668,.T.);
#4985=EDGE_CURVE('',#6758,#6757,#580,.T.);
#4986=EDGE_CURVE('',#6758,#6759,#7669,.T.);
#4987=EDGE_CURVE('',#6760,#6759,#581,.T.);
#4988=EDGE_CURVE('',#6761,#6760,#7670,.T.);
#4989=EDGE_CURVE('',#6762,#6761,#582,.T.);
#4990=EDGE_CURVE('',#6763,#6762,#7671,.T.);
#4991=EDGE_CURVE('',#6756,#6763,#583,.T.);
#4992=EDGE_CURVE('',#6764,#6765,#7672,.T.);
#4993=EDGE_CURVE('',#6766,#6765,#584,.T.);
#4994=EDGE_CURVE('',#6766,#6767,#7673,.T.);
#4995=EDGE_CURVE('',#6768,#6767,#585,.T.);
#4996=EDGE_CURVE('',#6769,#6768,#7674,.T.);
#4997=EDGE_CURVE('',#6770,#6769,#586,.T.);
#4998=EDGE_CURVE('',#6771,#6770,#7675,.T.);
#4999=EDGE_CURVE('',#6764,#6771,#587,.T.);
#5000=EDGE_CURVE('',#6772,#6773,#7676,.T.);
#5001=EDGE_CURVE('',#6774,#6773,#588,.T.);
#5002=EDGE_CURVE('',#6774,#6775,#7677,.T.);
#5003=EDGE_CURVE('',#6776,#6775,#589,.T.);
#5004=EDGE_CURVE('',#6777,#6776,#7678,.T.);
#5005=EDGE_CURVE('',#6778,#6777,#590,.T.);
#5006=EDGE_CURVE('',#6779,#6778,#7679,.T.);
#5007=EDGE_CURVE('',#6772,#6779,#591,.T.);
#5008=EDGE_CURVE('',#6780,#6781,#7680,.T.);
#5009=EDGE_CURVE('',#6782,#6781,#592,.T.);
#5010=EDGE_CURVE('',#6782,#6783,#7681,.T.);
#5011=EDGE_CURVE('',#6784,#6783,#593,.T.);
#5012=EDGE_CURVE('',#6785,#6784,#7682,.T.);
#5013=EDGE_CURVE('',#6786,#6785,#594,.T.);
#5014=EDGE_CURVE('',#6787,#6786,#7683,.T.);
#5015=EDGE_CURVE('',#6780,#6787,#595,.T.);
#5016=EDGE_CURVE('',#6788,#6789,#7684,.T.);
#5017=EDGE_CURVE('',#6790,#6789,#596,.T.);
#5018=EDGE_CURVE('',#6790,#6791,#7685,.T.);
#5019=EDGE_CURVE('',#6792,#6791,#597,.T.);
#5020=EDGE_CURVE('',#6793,#6792,#7686,.T.);
#5021=EDGE_CURVE('',#6794,#6793,#598,.T.);
#5022=EDGE_CURVE('',#6795,#6794,#7687,.T.);
#5023=EDGE_CURVE('',#6788,#6795,#599,.T.);
#5024=EDGE_CURVE('',#6796,#6797,#7688,.T.);
#5025=EDGE_CURVE('',#6798,#6797,#600,.T.);
#5026=EDGE_CURVE('',#6798,#6799,#7689,.T.);
#5027=EDGE_CURVE('',#6800,#6799,#601,.T.);
#5028=EDGE_CURVE('',#6801,#6800,#7690,.T.);
#5029=EDGE_CURVE('',#6802,#6801,#602,.T.);
#5030=EDGE_CURVE('',#6803,#6802,#7691,.T.);
#5031=EDGE_CURVE('',#6796,#6803,#603,.T.);
#5032=EDGE_CURVE('',#6804,#6805,#7692,.T.);
#5033=EDGE_CURVE('',#6804,#6806,#7693,.T.);
#5034=EDGE_CURVE('',#6806,#6807,#7694,.T.);
#5035=EDGE_CURVE('',#6805,#6807,#7695,.T.);
#5036=EDGE_CURVE('',#6808,#6809,#604,.T.);
#5037=EDGE_CURVE('',#6809,#6810,#7696,.T.);
#5038=EDGE_CURVE('',#6810,#6811,#605,.T.);
#5039=EDGE_CURVE('',#6812,#6811,#7697,.T.);
#5040=EDGE_CURVE('',#6812,#6813,#606,.T.);
#5041=EDGE_CURVE('',#6814,#6813,#7698,.T.);
#5042=EDGE_CURVE('',#6814,#6815,#607,.T.);
#5043=EDGE_CURVE('',#6815,#6808,#7699,.T.);
#5044=EDGE_CURVE('',#6816,#6817,#608,.T.);
#5045=EDGE_CURVE('',#6818,#6817,#7700,.T.);
#5046=EDGE_CURVE('',#6818,#6819,#609,.T.);
#5047=EDGE_CURVE('',#6819,#6820,#7701,.T.);
#5048=EDGE_CURVE('',#6820,#6821,#610,.T.);
#5049=EDGE_CURVE('',#6821,#6822,#7702,.T.);
#5050=EDGE_CURVE('',#6822,#6823,#611,.T.);
#5051=EDGE_CURVE('',#6816,#6823,#7703,.T.);
#5052=EDGE_CURVE('',#6824,#6825,#612,.T.);
#5053=EDGE_CURVE('',#6826,#6825,#7704,.T.);
#5054=EDGE_CURVE('',#6826,#6827,#613,.T.);
#5055=EDGE_CURVE('',#6827,#6828,#7705,.T.);
#5056=EDGE_CURVE('',#6828,#6829,#614,.T.);
#5057=EDGE_CURVE('',#6829,#6830,#7706,.T.);
#5058=EDGE_CURVE('',#6830,#6831,#615,.T.);
#5059=EDGE_CURVE('',#6824,#6831,#7707,.T.);
#5060=EDGE_CURVE('',#6832,#6833,#616,.T.);
#5061=EDGE_CURVE('',#6834,#6833,#7708,.T.);
#5062=EDGE_CURVE('',#6834,#6835,#617,.T.);
#5063=EDGE_CURVE('',#6835,#6836,#7709,.T.);
#5064=EDGE_CURVE('',#6836,#6837,#618,.T.);
#5065=EDGE_CURVE('',#6837,#6838,#7710,.T.);
#5066=EDGE_CURVE('',#6838,#6839,#619,.T.);
#5067=EDGE_CURVE('',#6832,#6839,#7711,.T.);
#5068=EDGE_CURVE('',#6840,#6841,#620,.T.);
#5069=EDGE_CURVE('',#6842,#6841,#7712,.T.);
#5070=EDGE_CURVE('',#6842,#6843,#621,.T.);
#5071=EDGE_CURVE('',#6843,#6844,#7713,.T.);
#5072=EDGE_CURVE('',#6844,#6845,#622,.T.);
#5073=EDGE_CURVE('',#6845,#6846,#7714,.T.);
#5074=EDGE_CURVE('',#6846,#6847,#623,.T.);
#5075=EDGE_CURVE('',#6840,#6847,#7715,.T.);
#5076=EDGE_CURVE('',#6848,#6849,#624,.T.);
#5077=EDGE_CURVE('',#6850,#6849,#7716,.T.);
#5078=EDGE_CURVE('',#6850,#6851,#625,.T.);
#5079=EDGE_CURVE('',#6851,#6852,#7717,.T.);
#5080=EDGE_CURVE('',#6852,#6853,#626,.T.);
#5081=EDGE_CURVE('',#6853,#6854,#7718,.T.);
#5082=EDGE_CURVE('',#6854,#6855,#627,.T.);
#5083=EDGE_CURVE('',#6848,#6855,#7719,.T.);
#5084=EDGE_CURVE('',#6856,#6857,#628,.T.);
#5085=EDGE_CURVE('',#6858,#6857,#7720,.T.);
#5086=EDGE_CURVE('',#6858,#6859,#629,.T.);
#5087=EDGE_CURVE('',#6859,#6860,#7721,.T.);
#5088=EDGE_CURVE('',#6860,#6861,#630,.T.);
#5089=EDGE_CURVE('',#6861,#6862,#7722,.T.);
#5090=EDGE_CURVE('',#6862,#6863,#631,.T.);
#5091=EDGE_CURVE('',#6856,#6863,#7723,.T.);
#5092=EDGE_CURVE('',#6864,#6865,#632,.T.);
#5093=EDGE_CURVE('',#6866,#6865,#7724,.T.);
#5094=EDGE_CURVE('',#6866,#6867,#633,.T.);
#5095=EDGE_CURVE('',#6867,#6868,#7725,.T.);
#5096=EDGE_CURVE('',#6868,#6869,#634,.T.);
#5097=EDGE_CURVE('',#6869,#6870,#7726,.T.);
#5098=EDGE_CURVE('',#6870,#6871,#635,.T.);
#5099=EDGE_CURVE('',#6864,#6871,#7727,.T.);
#5100=EDGE_CURVE('',#6872,#6873,#636,.T.);
#5101=EDGE_CURVE('',#6874,#6873,#7728,.T.);
#5102=EDGE_CURVE('',#6874,#6875,#637,.T.);
#5103=EDGE_CURVE('',#6875,#6876,#7729,.T.);
#5104=EDGE_CURVE('',#6876,#6877,#638,.T.);
#5105=EDGE_CURVE('',#6877,#6878,#7730,.T.);
#5106=EDGE_CURVE('',#6878,#6879,#639,.T.);
#5107=EDGE_CURVE('',#6872,#6879,#7731,.T.);
#5108=EDGE_CURVE('',#6880,#6881,#640,.T.);
#5109=EDGE_CURVE('',#6882,#6881,#7732,.T.);
#5110=EDGE_CURVE('',#6882,#6883,#641,.T.);
#5111=EDGE_CURVE('',#6883,#6884,#7733,.T.);
#5112=EDGE_CURVE('',#6884,#6885,#642,.T.);
#5113=EDGE_CURVE('',#6885,#6886,#7734,.T.);
#5114=EDGE_CURVE('',#6886,#6887,#643,.T.);
#5115=EDGE_CURVE('',#6880,#6887,#7735,.T.);
#5116=EDGE_CURVE('',#6888,#6889,#644,.T.);
#5117=EDGE_CURVE('',#6890,#6889,#7736,.T.);
#5118=EDGE_CURVE('',#6890,#6891,#645,.T.);
#5119=EDGE_CURVE('',#6891,#6892,#7737,.T.);
#5120=EDGE_CURVE('',#6892,#6893,#646,.T.);
#5121=EDGE_CURVE('',#6893,#6894,#7738,.T.);
#5122=EDGE_CURVE('',#6894,#6895,#647,.T.);
#5123=EDGE_CURVE('',#6888,#6895,#7739,.T.);
#5124=EDGE_CURVE('',#6896,#6897,#648,.T.);
#5125=EDGE_CURVE('',#6898,#6897,#7740,.T.);
#5126=EDGE_CURVE('',#6898,#6899,#649,.T.);
#5127=EDGE_CURVE('',#6899,#6900,#7741,.T.);
#5128=EDGE_CURVE('',#6900,#6901,#650,.T.);
#5129=EDGE_CURVE('',#6901,#6902,#7742,.T.);
#5130=EDGE_CURVE('',#6902,#6903,#651,.T.);
#5131=EDGE_CURVE('',#6896,#6903,#7743,.T.);
#5132=EDGE_CURVE('',#6904,#6905,#652,.T.);
#5133=EDGE_CURVE('',#6906,#6905,#7744,.T.);
#5134=EDGE_CURVE('',#6906,#6907,#653,.T.);
#5135=EDGE_CURVE('',#6907,#6908,#7745,.T.);
#5136=EDGE_CURVE('',#6908,#6909,#654,.T.);
#5137=EDGE_CURVE('',#6909,#6910,#7746,.T.);
#5138=EDGE_CURVE('',#6910,#6911,#655,.T.);
#5139=EDGE_CURVE('',#6904,#6911,#7747,.T.);
#5140=EDGE_CURVE('',#6912,#6913,#656,.T.);
#5141=EDGE_CURVE('',#6914,#6913,#7748,.T.);
#5142=EDGE_CURVE('',#6914,#6915,#657,.T.);
#5143=EDGE_CURVE('',#6915,#6916,#7749,.T.);
#5144=EDGE_CURVE('',#6916,#6917,#658,.T.);
#5145=EDGE_CURVE('',#6917,#6918,#7750,.T.);
#5146=EDGE_CURVE('',#6918,#6919,#659,.T.);
#5147=EDGE_CURVE('',#6912,#6919,#7751,.T.);
#5148=EDGE_CURVE('',#6920,#6921,#660,.T.);
#5149=EDGE_CURVE('',#6922,#6921,#7752,.T.);
#5150=EDGE_CURVE('',#6922,#6923,#661,.T.);
#5151=EDGE_CURVE('',#6923,#6924,#7753,.T.);
#5152=EDGE_CURVE('',#6924,#6925,#662,.T.);
#5153=EDGE_CURVE('',#6925,#6926,#7754,.T.);
#5154=EDGE_CURVE('',#6926,#6927,#663,.T.);
#5155=EDGE_CURVE('',#6920,#6927,#7755,.T.);
#5156=EDGE_CURVE('',#6928,#6929,#664,.T.);
#5157=EDGE_CURVE('',#6930,#6929,#7756,.T.);
#5158=EDGE_CURVE('',#6930,#6931,#665,.T.);
#5159=EDGE_CURVE('',#6931,#6932,#7757,.T.);
#5160=EDGE_CURVE('',#6932,#6933,#666,.T.);
#5161=EDGE_CURVE('',#6933,#6934,#7758,.T.);
#5162=EDGE_CURVE('',#6934,#6935,#667,.T.);
#5163=EDGE_CURVE('',#6928,#6935,#7759,.T.);
#5164=EDGE_CURVE('',#6936,#6937,#668,.T.);
#5165=EDGE_CURVE('',#6938,#6937,#7760,.T.);
#5166=EDGE_CURVE('',#6938,#6939,#669,.T.);
#5167=EDGE_CURVE('',#6939,#6940,#7761,.T.);
#5168=EDGE_CURVE('',#6940,#6941,#670,.T.);
#5169=EDGE_CURVE('',#6941,#6942,#7762,.T.);
#5170=EDGE_CURVE('',#6942,#6943,#671,.T.);
#5171=EDGE_CURVE('',#6936,#6943,#7763,.T.);
#5172=EDGE_CURVE('',#6944,#6945,#672,.T.);
#5173=EDGE_CURVE('',#6946,#6945,#7764,.T.);
#5174=EDGE_CURVE('',#6946,#6947,#673,.T.);
#5175=EDGE_CURVE('',#6947,#6948,#7765,.T.);
#5176=EDGE_CURVE('',#6948,#6949,#674,.T.);
#5177=EDGE_CURVE('',#6949,#6950,#7766,.T.);
#5178=EDGE_CURVE('',#6950,#6951,#675,.T.);
#5179=EDGE_CURVE('',#6944,#6951,#7767,.T.);
#5180=EDGE_CURVE('',#6952,#6953,#676,.T.);
#5181=EDGE_CURVE('',#6954,#6953,#7768,.T.);
#5182=EDGE_CURVE('',#6954,#6955,#677,.T.);
#5183=EDGE_CURVE('',#6955,#6956,#7769,.T.);
#5184=EDGE_CURVE('',#6956,#6957,#678,.T.);
#5185=EDGE_CURVE('',#6957,#6958,#7770,.T.);
#5186=EDGE_CURVE('',#6958,#6959,#679,.T.);
#5187=EDGE_CURVE('',#6952,#6959,#7771,.T.);
#5188=EDGE_CURVE('',#6960,#6961,#680,.T.);
#5189=EDGE_CURVE('',#6962,#6961,#7772,.T.);
#5190=EDGE_CURVE('',#6962,#6963,#681,.T.);
#5191=EDGE_CURVE('',#6963,#6964,#7773,.T.);
#5192=EDGE_CURVE('',#6964,#6965,#682,.T.);
#5193=EDGE_CURVE('',#6965,#6966,#7774,.T.);
#5194=EDGE_CURVE('',#6966,#6967,#683,.T.);
#5195=EDGE_CURVE('',#6960,#6967,#7775,.T.);
#5196=EDGE_CURVE('',#6968,#6969,#684,.T.);
#5197=EDGE_CURVE('',#6970,#6969,#7776,.T.);
#5198=EDGE_CURVE('',#6970,#6971,#685,.T.);
#5199=EDGE_CURVE('',#6971,#6972,#7777,.T.);
#5200=EDGE_CURVE('',#6972,#6973,#686,.T.);
#5201=EDGE_CURVE('',#6973,#6974,#7778,.T.);
#5202=EDGE_CURVE('',#6974,#6975,#687,.T.);
#5203=EDGE_CURVE('',#6968,#6975,#7779,.T.);
#5204=EDGE_CURVE('',#6976,#6977,#688,.T.);
#5205=EDGE_CURVE('',#6978,#6977,#7780,.T.);
#5206=EDGE_CURVE('',#6978,#6979,#689,.T.);
#5207=EDGE_CURVE('',#6979,#6980,#7781,.T.);
#5208=EDGE_CURVE('',#6980,#6981,#690,.T.);
#5209=EDGE_CURVE('',#6981,#6982,#7782,.T.);
#5210=EDGE_CURVE('',#6982,#6983,#691,.T.);
#5211=EDGE_CURVE('',#6976,#6983,#7783,.T.);
#5212=EDGE_CURVE('',#6984,#6985,#692,.T.);
#5213=EDGE_CURVE('',#6986,#6985,#7784,.T.);
#5214=EDGE_CURVE('',#6986,#6987,#693,.T.);
#5215=EDGE_CURVE('',#6987,#6988,#7785,.T.);
#5216=EDGE_CURVE('',#6988,#6989,#694,.T.);
#5217=EDGE_CURVE('',#6989,#6990,#7786,.T.);
#5218=EDGE_CURVE('',#6990,#6991,#695,.T.);
#5219=EDGE_CURVE('',#6984,#6991,#7787,.T.);
#5220=EDGE_CURVE('',#6992,#6993,#696,.T.);
#5221=EDGE_CURVE('',#6994,#6993,#7788,.T.);
#5222=EDGE_CURVE('',#6994,#6995,#697,.T.);
#5223=EDGE_CURVE('',#6995,#6996,#7789,.T.);
#5224=EDGE_CURVE('',#6996,#6997,#698,.T.);
#5225=EDGE_CURVE('',#6997,#6998,#7790,.T.);
#5226=EDGE_CURVE('',#6998,#6999,#699,.T.);
#5227=EDGE_CURVE('',#6992,#6999,#7791,.T.);
#5228=EDGE_CURVE('',#7000,#7001,#700,.T.);
#5229=EDGE_CURVE('',#7002,#7001,#7792,.T.);
#5230=EDGE_CURVE('',#7002,#7003,#701,.T.);
#5231=EDGE_CURVE('',#7003,#7004,#7793,.T.);
#5232=EDGE_CURVE('',#7004,#7005,#702,.T.);
#5233=EDGE_CURVE('',#7005,#7006,#7794,.T.);
#5234=EDGE_CURVE('',#7006,#7007,#703,.T.);
#5235=EDGE_CURVE('',#7000,#7007,#7795,.T.);
#5236=EDGE_CURVE('',#7008,#7009,#704,.T.);
#5237=EDGE_CURVE('',#7010,#7009,#7796,.T.);
#5238=EDGE_CURVE('',#7010,#7011,#705,.T.);
#5239=EDGE_CURVE('',#7011,#7012,#7797,.T.);
#5240=EDGE_CURVE('',#7012,#7013,#706,.T.);
#5241=EDGE_CURVE('',#7013,#7014,#7798,.T.);
#5242=EDGE_CURVE('',#7014,#7015,#707,.T.);
#5243=EDGE_CURVE('',#7008,#7015,#7799,.T.);
#5244=EDGE_CURVE('',#7016,#7017,#708,.T.);
#5245=EDGE_CURVE('',#7018,#7017,#7800,.T.);
#5246=EDGE_CURVE('',#7018,#7019,#709,.T.);
#5247=EDGE_CURVE('',#7019,#7020,#7801,.T.);
#5248=EDGE_CURVE('',#7020,#7021,#710,.T.);
#5249=EDGE_CURVE('',#7021,#7022,#7802,.T.);
#5250=EDGE_CURVE('',#7022,#7023,#711,.T.);
#5251=EDGE_CURVE('',#7016,#7023,#7803,.T.);
#5252=EDGE_CURVE('',#7024,#7025,#712,.T.);
#5253=EDGE_CURVE('',#7026,#7025,#7804,.T.);
#5254=EDGE_CURVE('',#7026,#7027,#713,.T.);
#5255=EDGE_CURVE('',#7027,#7028,#7805,.T.);
#5256=EDGE_CURVE('',#7028,#7029,#714,.T.);
#5257=EDGE_CURVE('',#7029,#7030,#7806,.T.);
#5258=EDGE_CURVE('',#7030,#7031,#715,.T.);
#5259=EDGE_CURVE('',#7024,#7031,#7807,.T.);
#5260=EDGE_CURVE('',#7032,#7033,#716,.T.);
#5261=EDGE_CURVE('',#7034,#7033,#7808,.T.);
#5262=EDGE_CURVE('',#7034,#7035,#717,.T.);
#5263=EDGE_CURVE('',#7035,#7036,#7809,.T.);
#5264=EDGE_CURVE('',#7036,#7037,#718,.T.);
#5265=EDGE_CURVE('',#7037,#7038,#7810,.T.);
#5266=EDGE_CURVE('',#7038,#7039,#719,.T.);
#5267=EDGE_CURVE('',#7032,#7039,#7811,.T.);
#5268=EDGE_CURVE('',#7040,#7041,#720,.T.);
#5269=EDGE_CURVE('',#7042,#7041,#7812,.T.);
#5270=EDGE_CURVE('',#7042,#7043,#721,.T.);
#5271=EDGE_CURVE('',#7043,#7044,#7813,.T.);
#5272=EDGE_CURVE('',#7044,#7045,#722,.T.);
#5273=EDGE_CURVE('',#7045,#7046,#7814,.T.);
#5274=EDGE_CURVE('',#7046,#7047,#723,.T.);
#5275=EDGE_CURVE('',#7040,#7047,#7815,.T.);
#5276=EDGE_CURVE('',#7048,#7049,#724,.T.);
#5277=EDGE_CURVE('',#7050,#7049,#7816,.T.);
#5278=EDGE_CURVE('',#7050,#7051,#725,.T.);
#5279=EDGE_CURVE('',#7051,#7052,#7817,.T.);
#5280=EDGE_CURVE('',#7052,#7053,#726,.T.);
#5281=EDGE_CURVE('',#7053,#7054,#7818,.T.);
#5282=EDGE_CURVE('',#7054,#7055,#727,.T.);
#5283=EDGE_CURVE('',#7048,#7055,#7819,.T.);
#5284=EDGE_CURVE('',#7056,#7057,#728,.T.);
#5285=EDGE_CURVE('',#7058,#7057,#7820,.T.);
#5286=EDGE_CURVE('',#7058,#7059,#729,.T.);
#5287=EDGE_CURVE('',#7059,#7060,#7821,.T.);
#5288=EDGE_CURVE('',#7060,#7061,#730,.T.);
#5289=EDGE_CURVE('',#7061,#7062,#7822,.T.);
#5290=EDGE_CURVE('',#7062,#7063,#731,.T.);
#5291=EDGE_CURVE('',#7056,#7063,#7823,.T.);
#5292=EDGE_CURVE('',#7064,#7065,#732,.T.);
#5293=EDGE_CURVE('',#7066,#7065,#7824,.T.);
#5294=EDGE_CURVE('',#7066,#7067,#733,.T.);
#5295=EDGE_CURVE('',#7067,#7068,#7825,.T.);
#5296=EDGE_CURVE('',#7068,#7069,#734,.T.);
#5297=EDGE_CURVE('',#7069,#7070,#7826,.T.);
#5298=EDGE_CURVE('',#7070,#7071,#735,.T.);
#5299=EDGE_CURVE('',#7064,#7071,#7827,.T.);
#5300=EDGE_CURVE('',#7072,#7073,#736,.T.);
#5301=EDGE_CURVE('',#7074,#7073,#7828,.T.);
#5302=EDGE_CURVE('',#7074,#7075,#737,.T.);
#5303=EDGE_CURVE('',#7075,#7076,#7829,.T.);
#5304=EDGE_CURVE('',#7076,#7077,#738,.T.);
#5305=EDGE_CURVE('',#7077,#7078,#7830,.T.);
#5306=EDGE_CURVE('',#7078,#7079,#739,.T.);
#5307=EDGE_CURVE('',#7072,#7079,#7831,.T.);
#5308=EDGE_CURVE('',#7080,#7081,#740,.T.);
#5309=EDGE_CURVE('',#7082,#7081,#7832,.T.);
#5310=EDGE_CURVE('',#7082,#7083,#741,.T.);
#5311=EDGE_CURVE('',#7083,#7084,#7833,.T.);
#5312=EDGE_CURVE('',#7084,#7085,#742,.T.);
#5313=EDGE_CURVE('',#7085,#7086,#7834,.T.);
#5314=EDGE_CURVE('',#7086,#7087,#743,.T.);
#5315=EDGE_CURVE('',#7080,#7087,#7835,.T.);
#5316=EDGE_CURVE('',#7088,#7089,#744,.T.);
#5317=EDGE_CURVE('',#7090,#7089,#7836,.T.);
#5318=EDGE_CURVE('',#7090,#7091,#745,.T.);
#5319=EDGE_CURVE('',#7091,#7092,#7837,.T.);
#5320=EDGE_CURVE('',#7092,#7093,#746,.T.);
#5321=EDGE_CURVE('',#7093,#7094,#7838,.T.);
#5322=EDGE_CURVE('',#7094,#7095,#747,.T.);
#5323=EDGE_CURVE('',#7088,#7095,#7839,.T.);
#5324=EDGE_CURVE('',#7096,#7097,#748,.T.);
#5325=EDGE_CURVE('',#7098,#7097,#7840,.T.);
#5326=EDGE_CURVE('',#7098,#7099,#749,.T.);
#5327=EDGE_CURVE('',#7099,#7100,#7841,.T.);
#5328=EDGE_CURVE('',#7100,#7101,#750,.T.);
#5329=EDGE_CURVE('',#7101,#7102,#7842,.T.);
#5330=EDGE_CURVE('',#7102,#7103,#751,.T.);
#5331=EDGE_CURVE('',#7096,#7103,#7843,.T.);
#5332=EDGE_CURVE('',#7104,#7105,#752,.T.);
#5333=EDGE_CURVE('',#7106,#7105,#7844,.T.);
#5334=EDGE_CURVE('',#7106,#7107,#753,.T.);
#5335=EDGE_CURVE('',#7107,#7108,#7845,.T.);
#5336=EDGE_CURVE('',#7108,#7109,#754,.T.);
#5337=EDGE_CURVE('',#7109,#7110,#7846,.T.);
#5338=EDGE_CURVE('',#7110,#7111,#755,.T.);
#5339=EDGE_CURVE('',#7104,#7111,#7847,.T.);
#5340=EDGE_CURVE('',#7112,#7113,#756,.T.);
#5341=EDGE_CURVE('',#7114,#7113,#7848,.T.);
#5342=EDGE_CURVE('',#7114,#7115,#757,.T.);
#5343=EDGE_CURVE('',#7115,#7116,#7849,.T.);
#5344=EDGE_CURVE('',#7116,#7117,#758,.T.);
#5345=EDGE_CURVE('',#7117,#7118,#7850,.T.);
#5346=EDGE_CURVE('',#7118,#7119,#759,.T.);
#5347=EDGE_CURVE('',#7112,#7119,#7851,.T.);
#5348=EDGE_CURVE('',#7120,#7121,#760,.T.);
#5349=EDGE_CURVE('',#7122,#7121,#7852,.T.);
#5350=EDGE_CURVE('',#7122,#7123,#761,.T.);
#5351=EDGE_CURVE('',#7123,#7124,#7853,.T.);
#5352=EDGE_CURVE('',#7124,#7125,#762,.T.);
#5353=EDGE_CURVE('',#7125,#7126,#7854,.T.);
#5354=EDGE_CURVE('',#7126,#7127,#763,.T.);
#5355=EDGE_CURVE('',#7120,#7127,#7855,.T.);
#5356=EDGE_CURVE('',#7128,#7129,#764,.T.);
#5357=EDGE_CURVE('',#7130,#7129,#7856,.T.);
#5358=EDGE_CURVE('',#7130,#7131,#765,.T.);
#5359=EDGE_CURVE('',#7131,#7132,#7857,.T.);
#5360=EDGE_CURVE('',#7132,#7133,#766,.T.);
#5361=EDGE_CURVE('',#7133,#7134,#7858,.T.);
#5362=EDGE_CURVE('',#7134,#7135,#767,.T.);
#5363=EDGE_CURVE('',#7128,#7135,#7859,.T.);
#5364=EDGE_CURVE('',#7136,#7137,#768,.T.);
#5365=EDGE_CURVE('',#7138,#7137,#7860,.T.);
#5366=EDGE_CURVE('',#7138,#7139,#769,.T.);
#5367=EDGE_CURVE('',#7139,#7140,#7861,.T.);
#5368=EDGE_CURVE('',#7140,#7141,#770,.T.);
#5369=EDGE_CURVE('',#7141,#7142,#7862,.T.);
#5370=EDGE_CURVE('',#7142,#7143,#771,.T.);
#5371=EDGE_CURVE('',#7136,#7143,#7863,.T.);
#5372=EDGE_CURVE('',#7144,#7145,#772,.T.);
#5373=EDGE_CURVE('',#7146,#7145,#7864,.T.);
#5374=EDGE_CURVE('',#7146,#7147,#773,.T.);
#5375=EDGE_CURVE('',#7147,#7148,#7865,.T.);
#5376=EDGE_CURVE('',#7148,#7149,#774,.T.);
#5377=EDGE_CURVE('',#7149,#7150,#7866,.T.);
#5378=EDGE_CURVE('',#7150,#7151,#775,.T.);
#5379=EDGE_CURVE('',#7144,#7151,#7867,.T.);
#5380=EDGE_CURVE('',#7152,#7153,#776,.T.);
#5381=EDGE_CURVE('',#7154,#7153,#7868,.T.);
#5382=EDGE_CURVE('',#7154,#7155,#777,.T.);
#5383=EDGE_CURVE('',#7155,#7156,#7869,.T.);
#5384=EDGE_CURVE('',#7156,#7157,#778,.T.);
#5385=EDGE_CURVE('',#7157,#7158,#7870,.T.);
#5386=EDGE_CURVE('',#7158,#7159,#779,.T.);
#5387=EDGE_CURVE('',#7152,#7159,#7871,.T.);
#5388=EDGE_CURVE('',#7160,#7161,#780,.T.);
#5389=EDGE_CURVE('',#7162,#7161,#7872,.T.);
#5390=EDGE_CURVE('',#7162,#7163,#781,.T.);
#5391=EDGE_CURVE('',#7163,#7164,#7873,.T.);
#5392=EDGE_CURVE('',#7164,#7165,#782,.T.);
#5393=EDGE_CURVE('',#7165,#7166,#7874,.T.);
#5394=EDGE_CURVE('',#7166,#7167,#783,.T.);
#5395=EDGE_CURVE('',#7160,#7167,#7875,.T.);
#5396=EDGE_CURVE('',#7168,#7169,#784,.T.);
#5397=EDGE_CURVE('',#7170,#7169,#7876,.T.);
#5398=EDGE_CURVE('',#7170,#7171,#785,.T.);
#5399=EDGE_CURVE('',#7171,#7172,#7877,.T.);
#5400=EDGE_CURVE('',#7172,#7173,#786,.T.);
#5401=EDGE_CURVE('',#7173,#7174,#7878,.T.);
#5402=EDGE_CURVE('',#7174,#7175,#787,.T.);
#5403=EDGE_CURVE('',#7168,#7175,#7879,.T.);
#5404=EDGE_CURVE('',#7176,#7177,#788,.T.);
#5405=EDGE_CURVE('',#7178,#7177,#7880,.T.);
#5406=EDGE_CURVE('',#7178,#7179,#789,.T.);
#5407=EDGE_CURVE('',#7179,#7180,#7881,.T.);
#5408=EDGE_CURVE('',#7180,#7181,#790,.T.);
#5409=EDGE_CURVE('',#7181,#7182,#7882,.T.);
#5410=EDGE_CURVE('',#7182,#7183,#791,.T.);
#5411=EDGE_CURVE('',#7176,#7183,#7883,.T.);
#5412=EDGE_CURVE('',#7184,#7185,#792,.T.);
#5413=EDGE_CURVE('',#7186,#7185,#7884,.T.);
#5414=EDGE_CURVE('',#7186,#7187,#793,.T.);
#5415=EDGE_CURVE('',#7187,#7188,#7885,.T.);
#5416=EDGE_CURVE('',#7188,#7189,#794,.T.);
#5417=EDGE_CURVE('',#7189,#7190,#7886,.T.);
#5418=EDGE_CURVE('',#7190,#7191,#795,.T.);
#5419=EDGE_CURVE('',#7184,#7191,#7887,.T.);
#5420=EDGE_CURVE('',#7192,#7193,#796,.T.);
#5421=EDGE_CURVE('',#7194,#7193,#7888,.T.);
#5422=EDGE_CURVE('',#7194,#7195,#797,.T.);
#5423=EDGE_CURVE('',#7195,#7196,#7889,.T.);
#5424=EDGE_CURVE('',#7196,#7197,#798,.T.);
#5425=EDGE_CURVE('',#7197,#7198,#7890,.T.);
#5426=EDGE_CURVE('',#7198,#7199,#799,.T.);
#5427=EDGE_CURVE('',#7192,#7199,#7891,.T.);
#5428=EDGE_CURVE('',#7200,#7201,#800,.T.);
#5429=EDGE_CURVE('',#7202,#7201,#7892,.T.);
#5430=EDGE_CURVE('',#7202,#7203,#801,.T.);
#5431=EDGE_CURVE('',#7203,#7204,#7893,.T.);
#5432=EDGE_CURVE('',#7204,#7205,#802,.T.);
#5433=EDGE_CURVE('',#7205,#7206,#7894,.T.);
#5434=EDGE_CURVE('',#7206,#7207,#803,.T.);
#5435=EDGE_CURVE('',#7200,#7207,#7895,.T.);
#5436=EDGE_CURVE('',#7208,#7209,#804,.T.);
#5437=EDGE_CURVE('',#7210,#7209,#7896,.T.);
#5438=EDGE_CURVE('',#7210,#7211,#805,.T.);
#5439=EDGE_CURVE('',#7211,#7212,#7897,.T.);
#5440=EDGE_CURVE('',#7212,#7213,#806,.T.);
#5441=EDGE_CURVE('',#7213,#7214,#7898,.T.);
#5442=EDGE_CURVE('',#7214,#7215,#807,.T.);
#5443=EDGE_CURVE('',#7208,#7215,#7899,.T.);
#5444=EDGE_CURVE('',#7216,#7217,#808,.T.);
#5445=EDGE_CURVE('',#7218,#7217,#7900,.T.);
#5446=EDGE_CURVE('',#7218,#7219,#809,.T.);
#5447=EDGE_CURVE('',#7219,#7220,#7901,.T.);
#5448=EDGE_CURVE('',#7220,#7221,#810,.T.);
#5449=EDGE_CURVE('',#7221,#7222,#7902,.T.);
#5450=EDGE_CURVE('',#7222,#7223,#811,.T.);
#5451=EDGE_CURVE('',#7216,#7223,#7903,.T.);
#5452=EDGE_CURVE('',#7224,#7225,#812,.T.);
#5453=EDGE_CURVE('',#7226,#7225,#7904,.T.);
#5454=EDGE_CURVE('',#7226,#7227,#813,.T.);
#5455=EDGE_CURVE('',#7227,#7228,#7905,.T.);
#5456=EDGE_CURVE('',#7228,#7229,#814,.T.);
#5457=EDGE_CURVE('',#7229,#7230,#7906,.T.);
#5458=EDGE_CURVE('',#7230,#7231,#815,.T.);
#5459=EDGE_CURVE('',#7224,#7231,#7907,.T.);
#5460=EDGE_CURVE('',#7232,#7233,#816,.T.);
#5461=EDGE_CURVE('',#7234,#7233,#7908,.T.);
#5462=EDGE_CURVE('',#7234,#7235,#817,.T.);
#5463=EDGE_CURVE('',#7235,#7236,#7909,.T.);
#5464=EDGE_CURVE('',#7236,#7237,#818,.T.);
#5465=EDGE_CURVE('',#7237,#7238,#7910,.T.);
#5466=EDGE_CURVE('',#7238,#7239,#819,.T.);
#5467=EDGE_CURVE('',#7232,#7239,#7911,.T.);
#5468=EDGE_CURVE('',#7240,#7241,#820,.T.);
#5469=EDGE_CURVE('',#7242,#7241,#7912,.T.);
#5470=EDGE_CURVE('',#7242,#7243,#821,.T.);
#5471=EDGE_CURVE('',#7243,#7244,#7913,.T.);
#5472=EDGE_CURVE('',#7244,#7245,#822,.T.);
#5473=EDGE_CURVE('',#7245,#7246,#7914,.T.);
#5474=EDGE_CURVE('',#7246,#7247,#823,.T.);
#5475=EDGE_CURVE('',#7240,#7247,#7915,.T.);
#5476=EDGE_CURVE('',#7248,#7249,#824,.T.);
#5477=EDGE_CURVE('',#7250,#7249,#7916,.T.);
#5478=EDGE_CURVE('',#7250,#7251,#825,.T.);
#5479=EDGE_CURVE('',#7251,#7252,#7917,.T.);
#5480=EDGE_CURVE('',#7252,#7253,#826,.T.);
#5481=EDGE_CURVE('',#7253,#7254,#7918,.T.);
#5482=EDGE_CURVE('',#7254,#7255,#827,.T.);
#5483=EDGE_CURVE('',#7248,#7255,#7919,.T.);
#5484=EDGE_CURVE('',#7256,#7257,#828,.T.);
#5485=EDGE_CURVE('',#7258,#7257,#7920,.T.);
#5486=EDGE_CURVE('',#7258,#7259,#829,.T.);
#5487=EDGE_CURVE('',#7259,#7260,#7921,.T.);
#5488=EDGE_CURVE('',#7260,#7261,#830,.T.);
#5489=EDGE_CURVE('',#7261,#7262,#7922,.T.);
#5490=EDGE_CURVE('',#7262,#7263,#831,.T.);
#5491=EDGE_CURVE('',#7256,#7263,#7923,.T.);
#5492=EDGE_CURVE('',#7264,#7265,#832,.T.);
#5493=EDGE_CURVE('',#7266,#7265,#7924,.T.);
#5494=EDGE_CURVE('',#7266,#7267,#833,.T.);
#5495=EDGE_CURVE('',#7267,#7268,#7925,.T.);
#5496=EDGE_CURVE('',#7268,#7269,#834,.T.);
#5497=EDGE_CURVE('',#7269,#7270,#7926,.T.);
#5498=EDGE_CURVE('',#7270,#7271,#835,.T.);
#5499=EDGE_CURVE('',#7264,#7271,#7927,.T.);
#5500=EDGE_CURVE('',#7272,#7273,#836,.T.);
#5501=EDGE_CURVE('',#7274,#7273,#7928,.T.);
#5502=EDGE_CURVE('',#7274,#7275,#837,.T.);
#5503=EDGE_CURVE('',#7275,#7276,#7929,.T.);
#5504=EDGE_CURVE('',#7276,#7277,#838,.T.);
#5505=EDGE_CURVE('',#7277,#7278,#7930,.T.);
#5506=EDGE_CURVE('',#7278,#7279,#839,.T.);
#5507=EDGE_CURVE('',#7272,#7279,#7931,.T.);
#5508=EDGE_CURVE('',#7280,#7281,#840,.T.);
#5509=EDGE_CURVE('',#7282,#7281,#7932,.T.);
#5510=EDGE_CURVE('',#7282,#7283,#841,.T.);
#5511=EDGE_CURVE('',#7283,#7284,#7933,.T.);
#5512=EDGE_CURVE('',#7284,#7285,#842,.T.);
#5513=EDGE_CURVE('',#7285,#7286,#7934,.T.);
#5514=EDGE_CURVE('',#7286,#7287,#843,.T.);
#5515=EDGE_CURVE('',#7280,#7287,#7935,.T.);
#5516=EDGE_CURVE('',#7288,#7289,#844,.T.);
#5517=EDGE_CURVE('',#7290,#7289,#7936,.T.);
#5518=EDGE_CURVE('',#7290,#7291,#845,.T.);
#5519=EDGE_CURVE('',#7291,#7292,#7937,.T.);
#5520=EDGE_CURVE('',#7292,#7293,#846,.T.);
#5521=EDGE_CURVE('',#7293,#7294,#7938,.T.);
#5522=EDGE_CURVE('',#7294,#7295,#847,.T.);
#5523=EDGE_CURVE('',#7288,#7295,#7939,.T.);
#5524=EDGE_CURVE('',#7296,#7297,#848,.T.);
#5525=EDGE_CURVE('',#7298,#7297,#7940,.T.);
#5526=EDGE_CURVE('',#7298,#7299,#849,.T.);
#5527=EDGE_CURVE('',#7299,#7300,#7941,.T.);
#5528=EDGE_CURVE('',#7300,#7301,#850,.T.);
#5529=EDGE_CURVE('',#7301,#7302,#7942,.T.);
#5530=EDGE_CURVE('',#7302,#7303,#851,.T.);
#5531=EDGE_CURVE('',#7296,#7303,#7943,.T.);
#5532=EDGE_CURVE('',#7304,#7305,#852,.T.);
#5533=EDGE_CURVE('',#7306,#7305,#7944,.T.);
#5534=EDGE_CURVE('',#7306,#7307,#853,.T.);
#5535=EDGE_CURVE('',#7307,#7308,#7945,.T.);
#5536=EDGE_CURVE('',#7308,#7309,#854,.T.);
#5537=EDGE_CURVE('',#7309,#7310,#7946,.T.);
#5538=EDGE_CURVE('',#7310,#7311,#855,.T.);
#5539=EDGE_CURVE('',#7304,#7311,#7947,.T.);
#5540=EDGE_CURVE('',#7312,#7313,#856,.T.);
#5541=EDGE_CURVE('',#7314,#7313,#7948,.T.);
#5542=EDGE_CURVE('',#7314,#7315,#857,.T.);
#5543=EDGE_CURVE('',#7316,#7315,#7949,.T.);
#5544=EDGE_CURVE('',#7316,#7317,#858,.T.);
#5545=EDGE_CURVE('',#7317,#7318,#7950,.T.);
#5546=EDGE_CURVE('',#7318,#7319,#859,.T.);
#5547=EDGE_CURVE('',#7319,#7312,#7951,.T.);
#5548=EDGE_CURVE('',#7320,#7321,#7952,.T.);
#5549=EDGE_CURVE('',#7322,#7320,#860,.T.);
#5550=EDGE_CURVE('',#7323,#7322,#7953,.T.);
#5551=EDGE_CURVE('',#7324,#7323,#861,.T.);
#5552=EDGE_CURVE('',#7324,#7325,#7954,.T.);
#5553=EDGE_CURVE('',#7326,#7325,#862,.T.);
#5554=EDGE_CURVE('',#7326,#7327,#7955,.T.);
#5555=EDGE_CURVE('',#7321,#7327,#863,.T.);
#5556=EDGE_CURVE('',#7328,#7329,#864,.T.);
#5557=EDGE_CURVE('',#7329,#7330,#7956,.T.);
#5558=EDGE_CURVE('',#7330,#7331,#865,.T.);
#5559=EDGE_CURVE('',#7332,#7331,#7957,.T.);
#5560=EDGE_CURVE('',#7332,#7333,#866,.T.);
#5561=EDGE_CURVE('',#7334,#7333,#7958,.T.);
#5562=EDGE_CURVE('',#7334,#7335,#867,.T.);
#5563=EDGE_CURVE('',#7335,#7328,#7959,.T.);
#5564=EDGE_CURVE('',#7336,#7337,#868,.T.);
#5565=EDGE_CURVE('',#7337,#7338,#7960,.T.);
#5566=EDGE_CURVE('',#7338,#7339,#869,.T.);
#5567=EDGE_CURVE('',#7340,#7339,#7961,.T.);
#5568=EDGE_CURVE('',#7340,#7341,#870,.T.);
#5569=EDGE_CURVE('',#7342,#7341,#7962,.T.);
#5570=EDGE_CURVE('',#7342,#7343,#871,.T.);
#5571=EDGE_CURVE('',#7343,#7336,#7963,.T.);
#5572=EDGE_CURVE('',#7344,#7345,#872,.T.);
#5573=EDGE_CURVE('',#7345,#7346,#7964,.T.);
#5574=EDGE_CURVE('',#7346,#7347,#873,.T.);
#5575=EDGE_CURVE('',#7348,#7347,#7965,.T.);
#5576=EDGE_CURVE('',#7348,#7349,#874,.T.);
#5577=EDGE_CURVE('',#7350,#7349,#7966,.T.);
#5578=EDGE_CURVE('',#7350,#7351,#875,.T.);
#5579=EDGE_CURVE('',#7351,#7344,#7967,.T.);
#5580=EDGE_CURVE('',#7352,#7353,#876,.T.);
#5581=EDGE_CURVE('',#7353,#7354,#7968,.T.);
#5582=EDGE_CURVE('',#7354,#7355,#877,.T.);
#5583=EDGE_CURVE('',#7356,#7355,#7969,.T.);
#5584=EDGE_CURVE('',#7356,#7357,#878,.T.);
#5585=EDGE_CURVE('',#7358,#7357,#7970,.T.);
#5586=EDGE_CURVE('',#7358,#7359,#879,.T.);
#5587=EDGE_CURVE('',#7359,#7352,#7971,.T.);
#5588=EDGE_CURVE('',#7360,#7361,#880,.T.);
#5589=EDGE_CURVE('',#7361,#7362,#7972,.T.);
#5590=EDGE_CURVE('',#7362,#7363,#881,.T.);
#5591=EDGE_CURVE('',#7364,#7363,#7973,.T.);
#5592=EDGE_CURVE('',#7364,#7365,#882,.T.);
#5593=EDGE_CURVE('',#7366,#7365,#7974,.T.);
#5594=EDGE_CURVE('',#7366,#7367,#883,.T.);
#5595=EDGE_CURVE('',#7367,#7360,#7975,.T.);
#5596=EDGE_CURVE('',#7368,#7369,#884,.T.);
#5597=EDGE_CURVE('',#7369,#7370,#7976,.T.);
#5598=EDGE_CURVE('',#7370,#7371,#885,.T.);
#5599=EDGE_CURVE('',#7372,#7371,#7977,.T.);
#5600=EDGE_CURVE('',#7372,#7373,#886,.T.);
#5601=EDGE_CURVE('',#7374,#7373,#7978,.T.);
#5602=EDGE_CURVE('',#7374,#7375,#887,.T.);
#5603=EDGE_CURVE('',#7375,#7368,#7979,.T.);
#5604=EDGE_CURVE('',#7376,#7377,#888,.T.);
#5605=EDGE_CURVE('',#7377,#7378,#7980,.T.);
#5606=EDGE_CURVE('',#7378,#7379,#889,.T.);
#5607=EDGE_CURVE('',#7380,#7379,#7981,.T.);
#5608=EDGE_CURVE('',#7380,#7381,#890,.T.);
#5609=EDGE_CURVE('',#7382,#7381,#7982,.T.);
#5610=EDGE_CURVE('',#7382,#7383,#891,.T.);
#5611=EDGE_CURVE('',#7383,#7376,#7983,.T.);
#5612=EDGE_CURVE('',#7384,#7385,#892,.T.);
#5613=EDGE_CURVE('',#7385,#7386,#7984,.T.);
#5614=EDGE_CURVE('',#7386,#7387,#893,.T.);
#5615=EDGE_CURVE('',#7388,#7387,#7985,.T.);
#5616=EDGE_CURVE('',#7388,#7389,#894,.T.);
#5617=EDGE_CURVE('',#7390,#7389,#7986,.T.);
#5618=EDGE_CURVE('',#7390,#7391,#895,.T.);
#5619=EDGE_CURVE('',#7391,#7384,#7987,.T.);
#5620=EDGE_CURVE('',#7392,#7392,#896,.T.);
#5621=EDGE_CURVE('',#7393,#7393,#897,.T.);
#5622=EDGE_CURVE('',#7394,#7394,#898,.T.);
#5623=EDGE_CURVE('',#7395,#7395,#899,.T.);
#5624=EDGE_CURVE('',#7396,#7397,#7988,.T.);
#5625=EDGE_CURVE('',#7396,#7398,#7989,.T.);
#5626=EDGE_CURVE('',#7398,#7399,#7990,.T.);
#5627=EDGE_CURVE('',#7397,#7399,#7991,.T.);
#5628=EDGE_CURVE('',#6509,#7321,#7992,.T.);
#5629=EDGE_CURVE('',#6508,#7320,#7993,.T.);
#5630=EDGE_CURVE('',#6510,#7327,#7994,.T.);
#5631=EDGE_CURVE('',#6511,#7326,#7995,.T.);
#5632=EDGE_CURVE('',#6512,#7325,#7996,.T.);
#5633=EDGE_CURVE('',#6513,#7324,#7997,.T.);
#5634=EDGE_CURVE('',#6514,#7323,#7998,.T.);
#5635=EDGE_CURVE('',#6515,#7322,#7999,.T.);
#5636=EDGE_CURVE('',#6517,#7313,#8000,.T.);
#5637=EDGE_CURVE('',#6516,#7314,#8001,.T.);
#5638=EDGE_CURVE('',#6523,#7315,#8002,.T.);
#5639=EDGE_CURVE('',#6522,#7316,#8003,.T.);
#5640=EDGE_CURVE('',#6521,#7317,#8004,.T.);
#5641=EDGE_CURVE('',#6520,#7318,#8005,.T.);
#5642=EDGE_CURVE('',#6519,#7319,#8006,.T.);
#5643=EDGE_CURVE('',#6518,#7312,#8007,.T.);
#5644=EDGE_CURVE('',#6501,#7305,#8008,.T.);
#5645=EDGE_CURVE('',#6500,#7306,#8009,.T.);
#5646=EDGE_CURVE('',#6507,#7307,#8010,.T.);
#5647=EDGE_CURVE('',#6506,#7308,#8011,.T.);
#5648=EDGE_CURVE('',#6505,#7309,#8012,.T.);
#5649=EDGE_CURVE('',#6504,#7310,#8013,.T.);
#5650=EDGE_CURVE('',#6503,#7311,#8014,.T.);
#5651=EDGE_CURVE('',#6502,#7304,#8015,.T.);
#5652=EDGE_CURVE('',#6525,#7297,#8016,.T.);
#5653=EDGE_CURVE('',#6524,#7298,#8017,.T.);
#5654=EDGE_CURVE('',#6531,#7299,#8018,.T.);
#5655=EDGE_CURVE('',#6530,#7300,#8019,.T.);
#5656=EDGE_CURVE('',#6529,#7301,#8020,.T.);
#5657=EDGE_CURVE('',#6528,#7302,#8021,.T.);
#5658=EDGE_CURVE('',#6527,#7303,#8022,.T.);
#5659=EDGE_CURVE('',#6526,#7296,#8023,.T.);
#5660=EDGE_CURVE('',#6493,#7289,#8024,.T.);
#5661=EDGE_CURVE('',#6492,#7290,#8025,.T.);
#5662=EDGE_CURVE('',#6499,#7291,#8026,.T.);
#5663=EDGE_CURVE('',#6498,#7292,#8027,.T.);
#5664=EDGE_CURVE('',#6497,#7293,#8028,.T.);
#5665=EDGE_CURVE('',#6496,#7294,#8029,.T.);
#5666=EDGE_CURVE('',#6495,#7295,#8030,.T.);
#5667=EDGE_CURVE('',#6494,#7288,#8031,.T.);
#5668=EDGE_CURVE('',#6533,#7281,#8032,.T.);
#5669=EDGE_CURVE('',#6532,#7282,#8033,.T.);
#5670=EDGE_CURVE('',#6539,#7283,#8034,.T.);
#5671=EDGE_CURVE('',#6538,#7284,#8035,.T.);
#5672=EDGE_CURVE('',#6537,#7285,#8036,.T.);
#5673=EDGE_CURVE('',#6536,#7286,#8037,.T.);
#5674=EDGE_CURVE('',#6535,#7287,#8038,.T.);
#5675=EDGE_CURVE('',#6534,#7280,#8039,.T.);
#5676=EDGE_CURVE('',#6485,#7273,#8040,.T.);
#5677=EDGE_CURVE('',#6484,#7274,#8041,.T.);
#5678=EDGE_CURVE('',#6491,#7275,#8042,.T.);
#5679=EDGE_CURVE('',#6490,#7276,#8043,.T.);
#5680=EDGE_CURVE('',#6489,#7277,#8044,.T.);
#5681=EDGE_CURVE('',#6488,#7278,#8045,.T.);
#5682=EDGE_CURVE('',#6487,#7279,#8046,.T.);
#5683=EDGE_CURVE('',#6486,#7272,#8047,.T.);
#5684=EDGE_CURVE('',#6541,#7265,#8048,.T.);
#5685=EDGE_CURVE('',#6540,#7266,#8049,.T.);
#5686=EDGE_CURVE('',#6547,#7267,#8050,.T.);
#5687=EDGE_CURVE('',#6546,#7268,#8051,.T.);
#5688=EDGE_CURVE('',#6545,#7269,#8052,.T.);
#5689=EDGE_CURVE('',#6544,#7270,#8053,.T.);
#5690=EDGE_CURVE('',#6543,#7271,#8054,.T.);
#5691=EDGE_CURVE('',#6542,#7264,#8055,.T.);
#5692=EDGE_CURVE('',#6477,#7257,#8056,.T.);
#5693=EDGE_CURVE('',#6476,#7258,#8057,.T.);
#5694=EDGE_CURVE('',#6483,#7259,#8058,.T.);
#5695=EDGE_CURVE('',#6482,#7260,#8059,.T.);
#5696=EDGE_CURVE('',#6481,#7261,#8060,.T.);
#5697=EDGE_CURVE('',#6480,#7262,#8061,.T.);
#5698=EDGE_CURVE('',#6479,#7263,#8062,.T.);
#5699=EDGE_CURVE('',#6478,#7256,#8063,.T.);
#5700=EDGE_CURVE('',#6549,#7249,#8064,.T.);
#5701=EDGE_CURVE('',#6548,#7250,#8065,.T.);
#5702=EDGE_CURVE('',#6555,#7251,#8066,.T.);
#5703=EDGE_CURVE('',#6554,#7252,#8067,.T.);
#5704=EDGE_CURVE('',#6553,#7253,#8068,.T.);
#5705=EDGE_CURVE('',#6552,#7254,#8069,.T.);
#5706=EDGE_CURVE('',#6551,#7255,#8070,.T.);
#5707=EDGE_CURVE('',#6550,#7248,#8071,.T.);
#5708=EDGE_CURVE('',#6470,#7328,#8072,.T.);
#5709=EDGE_CURVE('',#6468,#7329,#8073,.T.);
#5710=EDGE_CURVE('',#6469,#7330,#8074,.T.);
#5711=EDGE_CURVE('',#6475,#7331,#8075,.T.);
#5712=EDGE_CURVE('',#6474,#7332,#8076,.T.);
#5713=EDGE_CURVE('',#6473,#7333,#8077,.T.);
#5714=EDGE_CURVE('',#6472,#7334,#8078,.T.);
#5715=EDGE_CURVE('',#6471,#7335,#8079,.T.);
#5716=EDGE_CURVE('',#6461,#7241,#8080,.T.);
#5717=EDGE_CURVE('',#6460,#7242,#8081,.T.);
#5718=EDGE_CURVE('',#6467,#7243,#8082,.T.);
#5719=EDGE_CURVE('',#6466,#7244,#8083,.T.);
#5720=EDGE_CURVE('',#6465,#7245,#8084,.T.);
#5721=EDGE_CURVE('',#6464,#7246,#8085,.T.);
#5722=EDGE_CURVE('',#6463,#7247,#8086,.T.);
#5723=EDGE_CURVE('',#6462,#7240,#8087,.T.);
#5724=EDGE_CURVE('',#6558,#7336,#8088,.T.);
#5725=EDGE_CURVE('',#6556,#7337,#8089,.T.);
#5726=EDGE_CURVE('',#6557,#7338,#8090,.T.);
#5727=EDGE_CURVE('',#6563,#7339,#8091,.T.);
#5728=EDGE_CURVE('',#6562,#7340,#8092,.T.);
#5729=EDGE_CURVE('',#6561,#7341,#8093,.T.);
#5730=EDGE_CURVE('',#6560,#7342,#8094,.T.);
#5731=EDGE_CURVE('',#6559,#7343,#8095,.T.);
#5732=EDGE_CURVE('',#6565,#7233,#8096,.T.);
#5733=EDGE_CURVE('',#6564,#7234,#8097,.T.);
#5734=EDGE_CURVE('',#6571,#7235,#8098,.T.);
#5735=EDGE_CURVE('',#6570,#7236,#8099,.T.);
#5736=EDGE_CURVE('',#6569,#7237,#8100,.T.);
#5737=EDGE_CURVE('',#6568,#7238,#8101,.T.);
#5738=EDGE_CURVE('',#6567,#7239,#8102,.T.);
#5739=EDGE_CURVE('',#6566,#7232,#8103,.T.);
#5740=EDGE_CURVE('',#6453,#7225,#8104,.T.);
#5741=EDGE_CURVE('',#6452,#7226,#8105,.T.);
#5742=EDGE_CURVE('',#6459,#7227,#8106,.T.);
#5743=EDGE_CURVE('',#6458,#7228,#8107,.T.);
#5744=EDGE_CURVE('',#6457,#7229,#8108,.T.);
#5745=EDGE_CURVE('',#6456,#7230,#8109,.T.);
#5746=EDGE_CURVE('',#6455,#7231,#8110,.T.);
#5747=EDGE_CURVE('',#6454,#7224,#8111,.T.);
#5748=EDGE_CURVE('',#6573,#7217,#8112,.T.);
#5749=EDGE_CURVE('',#6572,#7218,#8113,.T.);
#5750=EDGE_CURVE('',#6579,#7219,#8114,.T.);
#5751=EDGE_CURVE('',#6578,#7220,#8115,.T.);
#5752=EDGE_CURVE('',#6577,#7221,#8116,.T.);
#5753=EDGE_CURVE('',#6576,#7222,#8117,.T.);
#5754=EDGE_CURVE('',#6575,#7223,#8118,.T.);
#5755=EDGE_CURVE('',#6574,#7216,#8119,.T.);
#5756=EDGE_CURVE('',#6445,#7209,#8120,.T.);
#5757=EDGE_CURVE('',#6444,#7210,#8121,.T.);
#5758=EDGE_CURVE('',#6451,#7211,#8122,.T.);
#5759=EDGE_CURVE('',#6450,#7212,#8123,.T.);
#5760=EDGE_CURVE('',#6449,#7213,#8124,.T.);
#5761=EDGE_CURVE('',#6448,#7214,#8125,.T.);
#5762=EDGE_CURVE('',#6447,#7215,#8126,.T.);
#5763=EDGE_CURVE('',#6446,#7208,#8127,.T.);
#5764=EDGE_CURVE('',#6581,#7201,#8128,.T.);
#5765=EDGE_CURVE('',#6580,#7202,#8129,.T.);
#5766=EDGE_CURVE('',#6587,#7203,#8130,.T.);
#5767=EDGE_CURVE('',#6586,#7204,#8131,.T.);
#5768=EDGE_CURVE('',#6585,#7205,#8132,.T.);
#5769=EDGE_CURVE('',#6584,#7206,#8133,.T.);
#5770=EDGE_CURVE('',#6583,#7207,#8134,.T.);
#5771=EDGE_CURVE('',#6582,#7200,#8135,.T.);
#5772=EDGE_CURVE('',#6437,#7193,#8136,.T.);
#5773=EDGE_CURVE('',#6436,#7194,#8137,.T.);
#5774=EDGE_CURVE('',#6443,#7195,#8138,.T.);
#5775=EDGE_CURVE('',#6442,#7196,#8139,.T.);
#5776=EDGE_CURVE('',#6441,#7197,#8140,.T.);
#5777=EDGE_CURVE('',#6440,#7198,#8141,.T.);
#5778=EDGE_CURVE('',#6439,#7199,#8142,.T.);
#5779=EDGE_CURVE('',#6438,#7192,#8143,.T.);
#5780=EDGE_CURVE('',#6589,#7185,#8144,.T.);
#5781=EDGE_CURVE('',#6588,#7186,#8145,.T.);
#5782=EDGE_CURVE('',#6595,#7187,#8146,.T.);
#5783=EDGE_CURVE('',#6594,#7188,#8147,.T.);
#5784=EDGE_CURVE('',#6593,#7189,#8148,.T.);
#5785=EDGE_CURVE('',#6592,#7190,#8149,.T.);
#5786=EDGE_CURVE('',#6591,#7191,#8150,.T.);
#5787=EDGE_CURVE('',#6590,#7184,#8151,.T.);
#5788=EDGE_CURVE('',#6429,#7177,#8152,.T.);
#5789=EDGE_CURVE('',#6428,#7178,#8153,.T.);
#5790=EDGE_CURVE('',#6435,#7179,#8154,.T.);
#5791=EDGE_CURVE('',#6434,#7180,#8155,.T.);
#5792=EDGE_CURVE('',#6433,#7181,#8156,.T.);
#5793=EDGE_CURVE('',#6432,#7182,#8157,.T.);
#5794=EDGE_CURVE('',#6431,#7183,#8158,.T.);
#5795=EDGE_CURVE('',#6430,#7176,#8159,.T.);
#5796=EDGE_CURVE('',#6597,#7169,#8160,.T.);
#5797=EDGE_CURVE('',#6596,#7170,#8161,.T.);
#5798=EDGE_CURVE('',#6603,#7171,#8162,.T.);
#5799=EDGE_CURVE('',#6602,#7172,#8163,.T.);
#5800=EDGE_CURVE('',#6601,#7173,#8164,.T.);
#5801=EDGE_CURVE('',#6600,#7174,#8165,.T.);
#5802=EDGE_CURVE('',#6599,#7175,#8166,.T.);
#5803=EDGE_CURVE('',#6598,#7168,#8167,.T.);
#5804=EDGE_CURVE('',#6421,#7161,#8168,.T.);
#5805=EDGE_CURVE('',#6420,#7162,#8169,.T.);
#5806=EDGE_CURVE('',#6427,#7163,#8170,.T.);
#5807=EDGE_CURVE('',#6426,#7164,#8171,.T.);
#5808=EDGE_CURVE('',#6425,#7165,#8172,.T.);
#5809=EDGE_CURVE('',#6424,#7166,#8173,.T.);
#5810=EDGE_CURVE('',#6423,#7167,#8174,.T.);
#5811=EDGE_CURVE('',#6422,#7160,#8175,.T.);
#5812=EDGE_CURVE('',#6605,#7153,#8176,.T.);
#5813=EDGE_CURVE('',#6604,#7154,#8177,.T.);
#5814=EDGE_CURVE('',#6611,#7155,#8178,.T.);
#5815=EDGE_CURVE('',#6610,#7156,#8179,.T.);
#5816=EDGE_CURVE('',#6609,#7157,#8180,.T.);
#5817=EDGE_CURVE('',#6608,#7158,#8181,.T.);
#5818=EDGE_CURVE('',#6607,#7159,#8182,.T.);
#5819=EDGE_CURVE('',#6606,#7152,#8183,.T.);
#5820=EDGE_CURVE('',#6414,#7344,#8184,.T.);
#5821=EDGE_CURVE('',#6412,#7345,#8185,.T.);
#5822=EDGE_CURVE('',#6413,#7346,#8186,.T.);
#5823=EDGE_CURVE('',#6419,#7347,#8187,.T.);
#5824=EDGE_CURVE('',#6418,#7348,#8188,.T.);
#5825=EDGE_CURVE('',#6417,#7349,#8189,.T.);
#5826=EDGE_CURVE('',#6416,#7350,#8190,.T.);
#5827=EDGE_CURVE('',#6415,#7351,#8191,.T.);
#5828=EDGE_CURVE('',#6405,#7145,#8192,.T.);
#5829=EDGE_CURVE('',#6404,#7146,#8193,.T.);
#5830=EDGE_CURVE('',#6411,#7147,#8194,.T.);
#5831=EDGE_CURVE('',#6410,#7148,#8195,.T.);
#5832=EDGE_CURVE('',#6409,#7149,#8196,.T.);
#5833=EDGE_CURVE('',#6408,#7150,#8197,.T.);
#5834=EDGE_CURVE('',#6407,#7151,#8198,.T.);
#5835=EDGE_CURVE('',#6406,#7144,#8199,.T.);
#5836=EDGE_CURVE('',#6614,#7352,#8200,.T.);
#5837=EDGE_CURVE('',#6612,#7353,#8201,.T.);
#5838=EDGE_CURVE('',#6613,#7354,#8202,.T.);
#5839=EDGE_CURVE('',#6619,#7355,#8203,.T.);
#5840=EDGE_CURVE('',#6618,#7356,#8204,.T.);
#5841=EDGE_CURVE('',#6617,#7357,#8205,.T.);
#5842=EDGE_CURVE('',#6616,#7358,#8206,.T.);
#5843=EDGE_CURVE('',#6615,#7359,#8207,.T.);
#5844=EDGE_CURVE('',#6621,#7137,#8208,.T.);
#5845=EDGE_CURVE('',#6620,#7138,#8209,.T.);
#5846=EDGE_CURVE('',#6627,#7139,#8210,.T.);
#5847=EDGE_CURVE('',#6626,#7140,#8211,.T.);
#5848=EDGE_CURVE('',#6625,#7141,#8212,.T.);
#5849=EDGE_CURVE('',#6624,#7142,#8213,.T.);
#5850=EDGE_CURVE('',#6623,#7143,#8214,.T.);
#5851=EDGE_CURVE('',#6622,#7136,#8215,.T.);
#5852=EDGE_CURVE('',#6397,#7129,#8216,.T.);
#5853=EDGE_CURVE('',#6396,#7130,#8217,.T.);
#5854=EDGE_CURVE('',#6403,#7131,#8218,.T.);
#5855=EDGE_CURVE('',#6402,#7132,#8219,.T.);
#5856=EDGE_CURVE('',#6401,#7133,#8220,.T.);
#5857=EDGE_CURVE('',#6400,#7134,#8221,.T.);
#5858=EDGE_CURVE('',#6399,#7135,#8222,.T.);
#5859=EDGE_CURVE('',#6398,#7128,#8223,.T.);
#5860=EDGE_CURVE('',#6629,#7121,#8224,.T.);
#5861=EDGE_CURVE('',#6628,#7122,#8225,.T.);
#5862=EDGE_CURVE('',#6635,#7123,#8226,.T.);
#5863=EDGE_CURVE('',#6634,#7124,#8227,.T.);
#5864=EDGE_CURVE('',#6633,#7125,#8228,.T.);
#5865=EDGE_CURVE('',#6632,#7126,#8229,.T.);
#5866=EDGE_CURVE('',#6631,#7127,#8230,.T.);
#5867=EDGE_CURVE('',#6630,#7120,#8231,.T.);
#5868=EDGE_CURVE('',#6389,#7113,#8232,.T.);
#5869=EDGE_CURVE('',#6388,#7114,#8233,.T.);
#5870=EDGE_CURVE('',#6395,#7115,#8234,.T.);
#5871=EDGE_CURVE('',#6394,#7116,#8235,.T.);
#5872=EDGE_CURVE('',#6393,#7117,#8236,.T.);
#5873=EDGE_CURVE('',#6392,#7118,#8237,.T.);
#5874=EDGE_CURVE('',#6391,#7119,#8238,.T.);
#5875=EDGE_CURVE('',#6390,#7112,#8239,.T.);
#5876=EDGE_CURVE('',#6637,#7105,#8240,.T.);
#5877=EDGE_CURVE('',#6636,#7106,#8241,.T.);
#5878=EDGE_CURVE('',#6643,#7107,#8242,.T.);
#5879=EDGE_CURVE('',#6642,#7108,#8243,.T.);
#5880=EDGE_CURVE('',#6641,#7109,#8244,.T.);
#5881=EDGE_CURVE('',#6640,#7110,#8245,.T.);
#5882=EDGE_CURVE('',#6639,#7111,#8246,.T.);
#5883=EDGE_CURVE('',#6638,#7104,#8247,.T.);
#5884=EDGE_CURVE('',#6381,#7097,#8248,.T.);
#5885=EDGE_CURVE('',#6380,#7098,#8249,.T.);
#5886=EDGE_CURVE('',#6387,#7099,#8250,.T.);
#5887=EDGE_CURVE('',#6386,#7100,#8251,.T.);
#5888=EDGE_CURVE('',#6385,#7101,#8252,.T.);
#5889=EDGE_CURVE('',#6384,#7102,#8253,.T.);
#5890=EDGE_CURVE('',#6383,#7103,#8254,.T.);
#5891=EDGE_CURVE('',#6382,#7096,#8255,.T.);
#5892=EDGE_CURVE('',#6645,#7089,#8256,.T.);
#5893=EDGE_CURVE('',#6644,#7090,#8257,.T.);
#5894=EDGE_CURVE('',#6651,#7091,#8258,.T.);
#5895=EDGE_CURVE('',#6650,#7092,#8259,.T.);
#5896=EDGE_CURVE('',#6649,#7093,#8260,.T.);
#5897=EDGE_CURVE('',#6648,#7094,#8261,.T.);
#5898=EDGE_CURVE('',#6647,#7095,#8262,.T.);
#5899=EDGE_CURVE('',#6646,#7088,#8263,.T.);
#5900=EDGE_CURVE('',#6373,#7081,#8264,.T.);
#5901=EDGE_CURVE('',#6372,#7082,#8265,.T.);
#5902=EDGE_CURVE('',#6379,#7083,#8266,.T.);
#5903=EDGE_CURVE('',#6378,#7084,#8267,.T.);
#5904=EDGE_CURVE('',#6377,#7085,#8268,.T.);
#5905=EDGE_CURVE('',#6376,#7086,#8269,.T.);
#5906=EDGE_CURVE('',#6375,#7087,#8270,.T.);
#5907=EDGE_CURVE('',#6374,#7080,#8271,.T.);
#5908=EDGE_CURVE('',#6653,#7073,#8272,.T.);
#5909=EDGE_CURVE('',#6652,#7074,#8273,.T.);
#5910=EDGE_CURVE('',#6659,#7075,#8274,.T.);
#5911=EDGE_CURVE('',#6658,#7076,#8275,.T.);
#5912=EDGE_CURVE('',#6657,#7077,#8276,.T.);
#5913=EDGE_CURVE('',#6656,#7078,#8277,.T.);
#5914=EDGE_CURVE('',#6655,#7079,#8278,.T.);
#5915=EDGE_CURVE('',#6654,#7072,#8279,.T.);
#5916=EDGE_CURVE('',#6365,#7065,#8280,.T.);
#5917=EDGE_CURVE('',#6364,#7066,#8281,.T.);
#5918=EDGE_CURVE('',#6371,#7067,#8282,.T.);
#5919=EDGE_CURVE('',#6370,#7068,#8283,.T.);
#5920=EDGE_CURVE('',#6369,#7069,#8284,.T.);
#5921=EDGE_CURVE('',#6368,#7070,#8285,.T.);
#5922=EDGE_CURVE('',#6367,#7071,#8286,.T.);
#5923=EDGE_CURVE('',#6366,#7064,#8287,.T.);
#5924=EDGE_CURVE('',#6661,#7057,#8288,.T.);
#5925=EDGE_CURVE('',#6660,#7058,#8289,.T.);
#5926=EDGE_CURVE('',#6667,#7059,#8290,.T.);
#5927=EDGE_CURVE('',#6666,#7060,#8291,.T.);
#5928=EDGE_CURVE('',#6665,#7061,#8292,.T.);
#5929=EDGE_CURVE('',#6664,#7062,#8293,.T.);
#5930=EDGE_CURVE('',#6663,#7063,#8294,.T.);
#5931=EDGE_CURVE('',#6662,#7056,#8295,.T.);
#5932=EDGE_CURVE('',#6357,#7049,#8296,.T.);
#5933=EDGE_CURVE('',#6356,#7050,#8297,.T.);
#5934=EDGE_CURVE('',#6363,#7051,#8298,.T.);
#5935=EDGE_CURVE('',#6362,#7052,#8299,.T.);
#5936=EDGE_CURVE('',#6361,#7053,#8300,.T.);
#5937=EDGE_CURVE('',#6360,#7054,#8301,.T.);
#5938=EDGE_CURVE('',#6359,#7055,#8302,.T.);
#5939=EDGE_CURVE('',#6358,#7048,#8303,.T.);
#5940=EDGE_CURVE('',#6669,#7041,#8304,.T.);
#5941=EDGE_CURVE('',#6668,#7042,#8305,.T.);
#5942=EDGE_CURVE('',#6675,#7043,#8306,.T.);
#5943=EDGE_CURVE('',#6674,#7044,#8307,.T.);
#5944=EDGE_CURVE('',#6673,#7045,#8308,.T.);
#5945=EDGE_CURVE('',#6672,#7046,#8309,.T.);
#5946=EDGE_CURVE('',#6671,#7047,#8310,.T.);
#5947=EDGE_CURVE('',#6670,#7040,#8311,.T.);
#5948=EDGE_CURVE('',#6350,#7360,#8312,.T.);
#5949=EDGE_CURVE('',#6348,#7361,#8313,.T.);
#5950=EDGE_CURVE('',#6349,#7362,#8314,.T.);
#5951=EDGE_CURVE('',#6355,#7363,#8315,.T.);
#5952=EDGE_CURVE('',#6354,#7364,#8316,.T.);
#5953=EDGE_CURVE('',#6353,#7365,#8317,.T.);
#5954=EDGE_CURVE('',#6352,#7366,#8318,.T.);
#5955=EDGE_CURVE('',#6351,#7367,#8319,.T.);
#5956=EDGE_CURVE('',#6341,#7033,#8320,.T.);
#5957=EDGE_CURVE('',#6340,#7034,#8321,.T.);
#5958=EDGE_CURVE('',#6347,#7035,#8322,.T.);
#5959=EDGE_CURVE('',#6346,#7036,#8323,.T.);
#5960=EDGE_CURVE('',#6345,#7037,#8324,.T.);
#5961=EDGE_CURVE('',#6344,#7038,#8325,.T.);
#5962=EDGE_CURVE('',#6343,#7039,#8326,.T.);
#5963=EDGE_CURVE('',#6342,#7032,#8327,.T.);
#5964=EDGE_CURVE('',#6677,#7025,#8328,.T.);
#5965=EDGE_CURVE('',#6676,#7026,#8329,.T.);
#5966=EDGE_CURVE('',#6683,#7027,#8330,.T.);
#5967=EDGE_CURVE('',#6682,#7028,#8331,.T.);
#5968=EDGE_CURVE('',#6681,#7029,#8332,.T.);
#5969=EDGE_CURVE('',#6680,#7030,#8333,.T.);
#5970=EDGE_CURVE('',#6679,#7031,#8334,.T.);
#5971=EDGE_CURVE('',#6678,#7024,#8335,.T.);
#5972=EDGE_CURVE('',#6333,#7017,#8336,.T.);
#5973=EDGE_CURVE('',#6332,#7018,#8337,.T.);
#5974=EDGE_CURVE('',#6339,#7019,#8338,.T.);
#5975=EDGE_CURVE('',#6338,#7020,#8339,.T.);
#5976=EDGE_CURVE('',#6337,#7021,#8340,.T.);
#5977=EDGE_CURVE('',#6336,#7022,#8341,.T.);
#5978=EDGE_CURVE('',#6335,#7023,#8342,.T.);
#5979=EDGE_CURVE('',#6334,#7016,#8343,.T.);
#5980=EDGE_CURVE('',#6686,#7368,#8344,.T.);
#5981=EDGE_CURVE('',#6684,#7369,#8345,.T.);
#5982=EDGE_CURVE('',#6685,#7370,#8346,.T.);
#5983=EDGE_CURVE('',#6691,#7371,#8347,.T.);
#5984=EDGE_CURVE('',#6690,#7372,#8348,.T.);
#5985=EDGE_CURVE('',#6689,#7373,#8349,.T.);
#5986=EDGE_CURVE('',#6688,#7374,#8350,.T.);
#5987=EDGE_CURVE('',#6687,#7375,#8351,.T.);
#5988=EDGE_CURVE('',#6693,#7009,#8352,.T.);
#5989=EDGE_CURVE('',#6692,#7010,#8353,.T.);
#5990=EDGE_CURVE('',#6699,#7011,#8354,.T.);
#5991=EDGE_CURVE('',#6698,#7012,#8355,.T.);
#5992=EDGE_CURVE('',#6697,#7013,#8356,.T.);
#5993=EDGE_CURVE('',#6696,#7014,#8357,.T.);
#5994=EDGE_CURVE('',#6695,#7015,#8358,.T.);
#5995=EDGE_CURVE('',#6694,#7008,#8359,.T.);
#5996=EDGE_CURVE('',#6325,#7001,#8360,.T.);
#5997=EDGE_CURVE('',#6324,#7002,#8361,.T.);
#5998=EDGE_CURVE('',#6331,#7003,#8362,.T.);
#5999=EDGE_CURVE('',#6330,#7004,#8363,.T.);
#6000=EDGE_CURVE('',#6329,#7005,#8364,.T.);
#6001=EDGE_CURVE('',#6328,#7006,#8365,.T.);
#6002=EDGE_CURVE('',#6327,#7007,#8366,.T.);
#6003=EDGE_CURVE('',#6326,#7000,#8367,.T.);
#6004=EDGE_CURVE('',#6701,#6993,#8368,.T.);
#6005=EDGE_CURVE('',#6700,#6994,#8369,.T.);
#6006=EDGE_CURVE('',#6707,#6995,#8370,.T.);
#6007=EDGE_CURVE('',#6706,#6996,#8371,.T.);
#6008=EDGE_CURVE('',#6705,#6997,#8372,.T.);
#6009=EDGE_CURVE('',#6704,#6998,#8373,.T.);
#6010=EDGE_CURVE('',#6703,#6999,#8374,.T.);
#6011=EDGE_CURVE('',#6702,#6992,#8375,.T.);
#6012=EDGE_CURVE('',#6317,#6985,#8376,.T.);
#6013=EDGE_CURVE('',#6316,#6986,#8377,.T.);
#6014=EDGE_CURVE('',#6323,#6987,#8378,.T.);
#6015=EDGE_CURVE('',#6322,#6988,#8379,.T.);
#6016=EDGE_CURVE('',#6321,#6989,#8380,.T.);
#6017=EDGE_CURVE('',#6320,#6990,#8381,.T.);
#6018=EDGE_CURVE('',#6319,#6991,#8382,.T.);
#6019=EDGE_CURVE('',#6318,#6984,#8383,.T.);
#6020=EDGE_CURVE('',#6709,#6977,#8384,.T.);
#6021=EDGE_CURVE('',#6708,#6978,#8385,.T.);
#6022=EDGE_CURVE('',#6715,#6979,#8386,.T.);
#6023=EDGE_CURVE('',#6714,#6980,#8387,.T.);
#6024=EDGE_CURVE('',#6713,#6981,#8388,.T.);
#6025=EDGE_CURVE('',#6712,#6982,#8389,.T.);
#6026=EDGE_CURVE('',#6711,#6983,#8390,.T.);
#6027=EDGE_CURVE('',#6710,#6976,#8391,.T.);
#6028=EDGE_CURVE('',#6309,#6969,#8392,.T.);
#6029=EDGE_CURVE('',#6308,#6970,#8393,.T.);
#6030=EDGE_CURVE('',#6315,#6971,#8394,.T.);
#6031=EDGE_CURVE('',#6314,#6972,#8395,.T.);
#6032=EDGE_CURVE('',#6313,#6973,#8396,.T.);
#6033=EDGE_CURVE('',#6312,#6974,#8397,.T.);
#6034=EDGE_CURVE('',#6311,#6975,#8398,.T.);
#6035=EDGE_CURVE('',#6310,#6968,#8399,.T.);
#6036=EDGE_CURVE('',#6718,#7376,#8400,.T.);
#6037=EDGE_CURVE('',#6716,#7377,#8401,.T.);
#6038=EDGE_CURVE('',#6717,#7378,#8402,.T.);
#6039=EDGE_CURVE('',#6723,#7379,#8403,.T.);
#6040=EDGE_CURVE('',#6722,#7380,#8404,.T.);
#6041=EDGE_CURVE('',#6721,#7381,#8405,.T.);
#6042=EDGE_CURVE('',#6720,#7382,#8406,.T.);
#6043=EDGE_CURVE('',#6719,#7383,#8407,.T.);
#6044=EDGE_CURVE('',#6725,#6961,#8408,.T.);
#6045=EDGE_CURVE('',#6724,#6962,#8409,.T.);
#6046=EDGE_CURVE('',#6731,#6963,#8410,.T.);
#6047=EDGE_CURVE('',#6730,#6964,#8411,.T.);
#6048=EDGE_CURVE('',#6729,#6965,#8412,.T.);
#6049=EDGE_CURVE('',#6728,#6966,#8413,.T.);
#6050=EDGE_CURVE('',#6727,#6967,#8414,.T.);
#6051=EDGE_CURVE('',#6726,#6960,#8415,.T.);
#6052=EDGE_CURVE('',#6301,#6953,#8416,.T.);
#6053=EDGE_CURVE('',#6300,#6954,#8417,.T.);
#6054=EDGE_CURVE('',#6307,#6955,#8418,.T.);
#6055=EDGE_CURVE('',#6306,#6956,#8419,.T.);
#6056=EDGE_CURVE('',#6305,#6957,#8420,.T.);
#6057=EDGE_CURVE('',#6304,#6958,#8421,.T.);
#6058=EDGE_CURVE('',#6303,#6959,#8422,.T.);
#6059=EDGE_CURVE('',#6302,#6952,#8423,.T.);
#6060=EDGE_CURVE('',#6733,#6945,#8424,.T.);
#6061=EDGE_CURVE('',#6732,#6946,#8425,.T.);
#6062=EDGE_CURVE('',#6739,#6947,#8426,.T.);
#6063=EDGE_CURVE('',#6738,#6948,#8427,.T.);
#6064=EDGE_CURVE('',#6737,#6949,#8428,.T.);
#6065=EDGE_CURVE('',#6736,#6950,#8429,.T.);
#6066=EDGE_CURVE('',#6735,#6951,#8430,.T.);
#6067=EDGE_CURVE('',#6734,#6944,#8431,.T.);
#6068=EDGE_CURVE('',#6293,#6937,#8432,.T.);
#6069=EDGE_CURVE('',#6292,#6938,#8433,.T.);
#6070=EDGE_CURVE('',#6299,#6939,#8434,.T.);
#6071=EDGE_CURVE('',#6298,#6940,#8435,.T.);
#6072=EDGE_CURVE('',#6297,#6941,#8436,.T.);
#6073=EDGE_CURVE('',#6296,#6942,#8437,.T.);
#6074=EDGE_CURVE('',#6295,#6943,#8438,.T.);
#6075=EDGE_CURVE('',#6294,#6936,#8439,.T.);
#6076=EDGE_CURVE('',#6741,#6929,#8440,.T.);
#6077=EDGE_CURVE('',#6740,#6930,#8441,.T.);
#6078=EDGE_CURVE('',#6747,#6931,#8442,.T.);
#6079=EDGE_CURVE('',#6746,#6932,#8443,.T.);
#6080=EDGE_CURVE('',#6745,#6933,#8444,.T.);
#6081=EDGE_CURVE('',#6744,#6934,#8445,.T.);
#6082=EDGE_CURVE('',#6743,#6935,#8446,.T.);
#6083=EDGE_CURVE('',#6742,#6928,#8447,.T.);
#6084=EDGE_CURVE('',#6285,#6921,#8448,.T.);
#6085=EDGE_CURVE('',#6284,#6922,#8449,.T.);
#6086=EDGE_CURVE('',#6291,#6923,#8450,.T.);
#6087=EDGE_CURVE('',#6290,#6924,#8451,.T.);
#6088=EDGE_CURVE('',#6289,#6925,#8452,.T.);
#6089=EDGE_CURVE('',#6288,#6926,#8453,.T.);
#6090=EDGE_CURVE('',#6287,#6927,#8454,.T.);
#6091=EDGE_CURVE('',#6286,#6920,#8455,.T.);
#6092=EDGE_CURVE('',#6749,#6913,#8456,.T.);
#6093=EDGE_CURVE('',#6748,#6914,#8457,.T.);
#6094=EDGE_CURVE('',#6755,#6915,#8458,.T.);
#6095=EDGE_CURVE('',#6754,#6916,#8459,.T.);
#6096=EDGE_CURVE('',#6753,#6917,#8460,.T.);
#6097=EDGE_CURVE('',#6752,#6918,#8461,.T.);
#6098=EDGE_CURVE('',#6751,#6919,#8462,.T.);
#6099=EDGE_CURVE('',#6750,#6912,#8463,.T.);
#6100=EDGE_CURVE('',#6277,#6905,#8464,.T.);
#6101=EDGE_CURVE('',#6276,#6906,#8465,.T.);
#6102=EDGE_CURVE('',#6283,#6907,#8466,.T.);
#6103=EDGE_CURVE('',#6282,#6908,#8467,.T.);
#6104=EDGE_CURVE('',#6281,#6909,#8468,.T.);
#6105=EDGE_CURVE('',#6280,#6910,#8469,.T.);
#6106=EDGE_CURVE('',#6279,#6911,#8470,.T.);
#6107=EDGE_CURVE('',#6278,#6904,#8471,.T.);
#6108=EDGE_CURVE('',#6757,#6897,#8472,.T.);
#6109=EDGE_CURVE('',#6756,#6898,#8473,.T.);
#6110=EDGE_CURVE('',#6763,#6899,#8474,.T.);
#6111=EDGE_CURVE('',#6762,#6900,#8475,.T.);
#6112=EDGE_CURVE('',#6761,#6901,#8476,.T.);
#6113=EDGE_CURVE('',#6760,#6902,#8477,.T.);
#6114=EDGE_CURVE('',#6759,#6903,#8478,.T.);
#6115=EDGE_CURVE('',#6758,#6896,#8479,.T.);
#6116=EDGE_CURVE('',#6269,#6889,#8480,.T.);
#6117=EDGE_CURVE('',#6268,#6890,#8481,.T.);
#6118=EDGE_CURVE('',#6275,#6891,#8482,.T.);
#6119=EDGE_CURVE('',#6274,#6892,#8483,.T.);
#6120=EDGE_CURVE('',#6273,#6893,#8484,.T.);
#6121=EDGE_CURVE('',#6272,#6894,#8485,.T.);
#6122=EDGE_CURVE('',#6271,#6895,#8486,.T.);
#6123=EDGE_CURVE('',#6270,#6888,#8487,.T.);
#6124=EDGE_CURVE('',#6765,#6881,#8488,.T.);
#6125=EDGE_CURVE('',#6764,#6882,#8489,.T.);
#6126=EDGE_CURVE('',#6771,#6883,#8490,.T.);
#6127=EDGE_CURVE('',#6770,#6884,#8491,.T.);
#6128=EDGE_CURVE('',#6769,#6885,#8492,.T.);
#6129=EDGE_CURVE('',#6768,#6886,#8493,.T.);
#6130=EDGE_CURVE('',#6767,#6887,#8494,.T.);
#6131=EDGE_CURVE('',#6766,#6880,#8495,.T.);
#6132=EDGE_CURVE('',#6261,#6873,#8496,.T.);
#6133=EDGE_CURVE('',#6260,#6874,#8497,.T.);
#6134=EDGE_CURVE('',#6267,#6875,#8498,.T.);
#6135=EDGE_CURVE('',#6266,#6876,#8499,.T.);
#6136=EDGE_CURVE('',#6265,#6877,#8500,.T.);
#6137=EDGE_CURVE('',#6264,#6878,#8501,.T.);
#6138=EDGE_CURVE('',#6263,#6879,#8502,.T.);
#6139=EDGE_CURVE('',#6262,#6872,#8503,.T.);
#6140=EDGE_CURVE('',#6773,#6865,#8504,.T.);
#6141=EDGE_CURVE('',#6772,#6866,#8505,.T.);
#6142=EDGE_CURVE('',#6779,#6867,#8506,.T.);
#6143=EDGE_CURVE('',#6778,#6868,#8507,.T.);
#6144=EDGE_CURVE('',#6777,#6869,#8508,.T.);
#6145=EDGE_CURVE('',#6776,#6870,#8509,.T.);
#6146=EDGE_CURVE('',#6775,#6871,#8510,.T.);
#6147=EDGE_CURVE('',#6774,#6864,#8511,.T.);
#6148=EDGE_CURVE('',#6254,#7384,#8512,.T.);
#6149=EDGE_CURVE('',#6252,#7385,#8513,.T.);
#6150=EDGE_CURVE('',#6253,#7386,#8514,.T.);
#6151=EDGE_CURVE('',#6259,#7387,#8515,.T.);
#6152=EDGE_CURVE('',#6258,#7388,#8516,.T.);
#6153=EDGE_CURVE('',#6257,#7389,#8517,.T.);
#6154=EDGE_CURVE('',#6256,#7390,#8518,.T.);
#6155=EDGE_CURVE('',#6255,#7391,#8519,.T.);
#6156=EDGE_CURVE('',#6245,#6857,#8520,.T.);
#6157=EDGE_CURVE('',#6244,#6858,#8521,.T.);
#6158=EDGE_CURVE('',#6251,#6859,#8522,.T.);
#6159=EDGE_CURVE('',#6250,#6860,#8523,.T.);
#6160=EDGE_CURVE('',#6249,#6861,#8524,.T.);
#6161=EDGE_CURVE('',#6248,#6862,#8525,.T.);
#6162=EDGE_CURVE('',#6247,#6863,#8526,.T.);
#6163=EDGE_CURVE('',#6246,#6856,#8527,.T.);
#6164=EDGE_CURVE('',#6781,#6849,#8528,.T.);
#6165=EDGE_CURVE('',#6780,#6850,#8529,.T.);
#6166=EDGE_CURVE('',#6787,#6851,#8530,.T.);
#6167=EDGE_CURVE('',#6786,#6852,#8531,.T.);
#6168=EDGE_CURVE('',#6785,#6853,#8532,.T.);
#6169=EDGE_CURVE('',#6784,#6854,#8533,.T.);
#6170=EDGE_CURVE('',#6783,#6855,#8534,.T.);
#6171=EDGE_CURVE('',#6782,#6848,#8535,.T.);
#6172=EDGE_CURVE('',#6237,#6841,#8536,.T.);
#6173=EDGE_CURVE('',#6236,#6842,#8537,.T.);
#6174=EDGE_CURVE('',#6243,#6843,#8538,.T.);
#6175=EDGE_CURVE('',#6242,#6844,#8539,.T.);
#6176=EDGE_CURVE('',#6241,#6845,#8540,.T.);
#6177=EDGE_CURVE('',#6240,#6846,#8541,.T.);
#6178=EDGE_CURVE('',#6239,#6847,#8542,.T.);
#6179=EDGE_CURVE('',#6238,#6840,#8543,.T.);
#6180=EDGE_CURVE('',#6789,#6833,#8544,.T.);
#6181=EDGE_CURVE('',#6788,#6834,#8545,.T.);
#6182=EDGE_CURVE('',#6795,#6835,#8546,.T.);
#6183=EDGE_CURVE('',#6794,#6836,#8547,.T.);
#6184=EDGE_CURVE('',#6793,#6837,#8548,.T.);
#6185=EDGE_CURVE('',#6792,#6838,#8549,.T.);
#6186=EDGE_CURVE('',#6791,#6839,#8550,.T.);
#6187=EDGE_CURVE('',#6790,#6832,#8551,.T.);
#6188=EDGE_CURVE('',#6229,#6825,#8552,.T.);
#6189=EDGE_CURVE('',#6228,#6826,#8553,.T.);
#6190=EDGE_CURVE('',#6235,#6827,#8554,.T.);
#6191=EDGE_CURVE('',#6234,#6828,#8555,.T.);
#6192=EDGE_CURVE('',#6233,#6829,#8556,.T.);
#6193=EDGE_CURVE('',#6232,#6830,#8557,.T.);
#6194=EDGE_CURVE('',#6231,#6831,#8558,.T.);
#6195=EDGE_CURVE('',#6230,#6824,#8559,.T.);
#6196=EDGE_CURVE('',#6797,#6817,#8560,.T.);
#6197=EDGE_CURVE('',#6796,#6818,#8561,.T.);
#6198=EDGE_CURVE('',#6803,#6819,#8562,.T.);
#6199=EDGE_CURVE('',#6802,#6820,#8563,.T.);
#6200=EDGE_CURVE('',#6801,#6821,#8564,.T.);
#6201=EDGE_CURVE('',#6800,#6822,#8565,.T.);
#6202=EDGE_CURVE('',#6799,#6823,#8566,.T.);
#6203=EDGE_CURVE('',#6798,#6816,#8567,.T.);
#6204=EDGE_CURVE('',#7396,#6804,#8568,.T.);
#6205=EDGE_CURVE('',#7397,#6806,#8569,.T.);
#6206=EDGE_CURVE('',#7398,#6805,#8570,.T.);
#6207=EDGE_CURVE('',#7399,#6807,#8571,.T.);
#6208=EDGE_CURVE('',#6810,#6217,#8572,.T.);
#6209=EDGE_CURVE('',#6809,#6216,#8573,.T.);
#6210=EDGE_CURVE('',#6811,#6223,#8574,.T.);
#6211=EDGE_CURVE('',#6812,#6222,#8575,.T.);
#6212=EDGE_CURVE('',#6813,#6221,#8576,.T.);
#6213=EDGE_CURVE('',#6814,#6220,#8577,.T.);
#6214=EDGE_CURVE('',#6815,#6219,#8578,.T.);
#6215=EDGE_CURVE('',#6808,#6218,#8579,.T.);
#6216=VERTEX_POINT('',#16912);
#6217=VERTEX_POINT('',#16913);
#6218=VERTEX_POINT('',#16915);
#6219=VERTEX_POINT('',#16917);
#6220=VERTEX_POINT('',#16919);
#6221=VERTEX_POINT('',#16921);
#6222=VERTEX_POINT('',#16923);
#6223=VERTEX_POINT('',#16925);
#6224=VERTEX_POINT('',#16928);
#6225=VERTEX_POINT('',#16930);
#6226=VERTEX_POINT('',#16932);
#6227=VERTEX_POINT('',#16934);
#6228=VERTEX_POINT('',#16936);
#6229=VERTEX_POINT('',#16937);
#6230=VERTEX_POINT('',#16939);
#6231=VERTEX_POINT('',#16941);
#6232=VERTEX_POINT('',#16943);
#6233=VERTEX_POINT('',#16945);
#6234=VERTEX_POINT('',#16947);
#6235=VERTEX_POINT('',#16949);
#6236=VERTEX_POINT('',#16952);
#6237=VERTEX_POINT('',#16953);
#6238=VERTEX_POINT('',#16955);
#6239=VERTEX_POINT('',#16957);
#6240=VERTEX_POINT('',#16959);
#6241=VERTEX_POINT('',#16961);
#6242=VERTEX_POINT('',#16963);
#6243=VERTEX_POINT('',#16965);
#6244=VERTEX_POINT('',#16968);
#6245=VERTEX_POINT('',#16969);
#6246=VERTEX_POINT('',#16971);
#6247=VERTEX_POINT('',#16973);
#6248=VERTEX_POINT('',#16975);
#6249=VERTEX_POINT('',#16977);
#6250=VERTEX_POINT('',#16979);
#6251=VERTEX_POINT('',#16981);
#6252=VERTEX_POINT('',#16984);
#6253=VERTEX_POINT('',#16985);
#6254=VERTEX_POINT('',#16987);
#6255=VERTEX_POINT('',#16989);
#6256=VERTEX_POINT('',#16991);
#6257=VERTEX_POINT('',#16993);
#6258=VERTEX_POINT('',#16995);
#6259=VERTEX_POINT('',#16997);
#6260=VERTEX_POINT('',#17000);
#6261=VERTEX_POINT('',#17001);
#6262=VERTEX_POINT('',#17003);
#6263=VERTEX_POINT('',#17005);
#6264=VERTEX_POINT('',#17007);
#6265=VERTEX_POINT('',#17009);
#6266=VERTEX_POINT('',#17011);
#6267=VERTEX_POINT('',#17013);
#6268=VERTEX_POINT('',#17016);
#6269=VERTEX_POINT('',#17017);
#6270=VERTEX_POINT('',#17019);
#6271=VERTEX_POINT('',#17021);
#6272=VERTEX_POINT('',#17023);
#6273=VERTEX_POINT('',#17025);
#6274=VERTEX_POINT('',#17027);
#6275=VERTEX_POINT('',#17029);
#6276=VERTEX_POINT('',#17032);
#6277=VERTEX_POINT('',#17033);
#6278=VERTEX_POINT('',#17035);
#6279=VERTEX_POINT('',#17037);
#6280=VERTEX_POINT('',#17039);
#6281=VERTEX_POINT('',#17041);
#6282=VERTEX_POINT('',#17043);
#6283=VERTEX_POINT('',#17045);
#6284=VERTEX_POINT('',#17048);
#6285=VERTEX_POINT('',#17049);
#6286=VERTEX_POINT('',#17051);
#6287=VERTEX_POINT('',#17053);
#6288=VERTEX_POINT('',#17055);
#6289=VERTEX_POINT('',#17057);
#6290=VERTEX_POINT('',#17059);
#6291=VERTEX_POINT('',#17061);
#6292=VERTEX_POINT('',#17064);
#6293=VERTEX_POINT('',#17065);
#6294=VERTEX_POINT('',#17067);
#6295=VERTEX_POINT('',#17069);
#6296=VERTEX_POINT('',#17071);
#6297=VERTEX_POINT('',#17073);
#6298=VERTEX_POINT('',#17075);
#6299=VERTEX_POINT('',#17077);
#6300=VERTEX_POINT('',#17080);
#6301=VERTEX_POINT('',#17081);
#6302=VERTEX_POINT('',#17083);
#6303=VERTEX_POINT('',#17085);
#6304=VERTEX_POINT('',#17087);
#6305=VERTEX_POINT('',#17089);
#6306=VERTEX_POINT('',#17091);
#6307=VERTEX_POINT('',#17093);
#6308=VERTEX_POINT('',#17096);
#6309=VERTEX_POINT('',#17097);
#6310=VERTEX_POINT('',#17099);
#6311=VERTEX_POINT('',#17101);
#6312=VERTEX_POINT('',#17103);
#6313=VERTEX_POINT('',#17105);
#6314=VERTEX_POINT('',#17107);
#6315=VERTEX_POINT('',#17109);
#6316=VERTEX_POINT('',#17112);
#6317=VERTEX_POINT('',#17113);
#6318=VERTEX_POINT('',#17115);
#6319=VERTEX_POINT('',#17117);
#6320=VERTEX_POINT('',#17119);
#6321=VERTEX_POINT('',#17121);
#6322=VERTEX_POINT('',#17123);
#6323=VERTEX_POINT('',#17125);
#6324=VERTEX_POINT('',#17128);
#6325=VERTEX_POINT('',#17129);
#6326=VERTEX_POINT('',#17131);
#6327=VERTEX_POINT('',#17133);
#6328=VERTEX_POINT('',#17135);
#6329=VERTEX_POINT('',#17137);
#6330=VERTEX_POINT('',#17139);
#6331=VERTEX_POINT('',#17141);
#6332=VERTEX_POINT('',#17144);
#6333=VERTEX_POINT('',#17145);
#6334=VERTEX_POINT('',#17147);
#6335=VERTEX_POINT('',#17149);
#6336=VERTEX_POINT('',#17151);
#6337=VERTEX_POINT('',#17153);
#6338=VERTEX_POINT('',#17155);
#6339=VERTEX_POINT('',#17157);
#6340=VERTEX_POINT('',#17160);
#6341=VERTEX_POINT('',#17161);
#6342=VERTEX_POINT('',#17163);
#6343=VERTEX_POINT('',#17165);
#6344=VERTEX_POINT('',#17167);
#6345=VERTEX_POINT('',#17169);
#6346=VERTEX_POINT('',#17171);
#6347=VERTEX_POINT('',#17173);
#6348=VERTEX_POINT('',#17176);
#6349=VERTEX_POINT('',#17177);
#6350=VERTEX_POINT('',#17179);
#6351=VERTEX_POINT('',#17181);
#6352=VERTEX_POINT('',#17183);
#6353=VERTEX_POINT('',#17185);
#6354=VERTEX_POINT('',#17187);
#6355=VERTEX_POINT('',#17189);
#6356=VERTEX_POINT('',#17192);
#6357=VERTEX_POINT('',#17193);
#6358=VERTEX_POINT('',#17195);
#6359=VERTEX_POINT('',#17197);
#6360=VERTEX_POINT('',#17199);
#6361=VERTEX_POINT('',#17201);
#6362=VERTEX_POINT('',#17203);
#6363=VERTEX_POINT('',#17205);
#6364=VERTEX_POINT('',#17208);
#6365=VERTEX_POINT('',#17209);
#6366=VERTEX_POINT('',#17211);
#6367=VERTEX_POINT('',#17213);
#6368=VERTEX_POINT('',#17215);
#6369=VERTEX_POINT('',#17217);
#6370=VERTEX_POINT('',#17219);
#6371=VERTEX_POINT('',#17221);
#6372=VERTEX_POINT('',#17224);
#6373=VERTEX_POINT('',#17225);
#6374=VERTEX_POINT('',#17227);
#6375=VERTEX_POINT('',#17229);
#6376=VERTEX_POINT('',#17231);
#6377=VERTEX_POINT('',#17233);
#6378=VERTEX_POINT('',#17235);
#6379=VERTEX_POINT('',#17237);
#6380=VERTEX_POINT('',#17240);
#6381=VERTEX_POINT('',#17241);
#6382=VERTEX_POINT('',#17243);
#6383=VERTEX_POINT('',#17245);
#6384=VERTEX_POINT('',#17247);
#6385=VERTEX_POINT('',#17249);
#6386=VERTEX_POINT('',#17251);
#6387=VERTEX_POINT('',#17253);
#6388=VERTEX_POINT('',#17256);
#6389=VERTEX_POINT('',#17257);
#6390=VERTEX_POINT('',#17259);
#6391=VERTEX_POINT('',#17261);
#6392=VERTEX_POINT('',#17263);
#6393=VERTEX_POINT('',#17265);
#6394=VERTEX_POINT('',#17267);
#6395=VERTEX_POINT('',#17269);
#6396=VERTEX_POINT('',#17272);
#6397=VERTEX_POINT('',#17273);
#6398=VERTEX_POINT('',#17275);
#6399=VERTEX_POINT('',#17277);
#6400=VERTEX_POINT('',#17279);
#6401=VERTEX_POINT('',#17281);
#6402=VERTEX_POINT('',#17283);
#6403=VERTEX_POINT('',#17285);
#6404=VERTEX_POINT('',#17288);
#6405=VERTEX_POINT('',#17289);
#6406=VERTEX_POINT('',#17291);
#6407=VERTEX_POINT('',#17293);
#6408=VERTEX_POINT('',#17295);
#6409=VERTEX_POINT('',#17297);
#6410=VERTEX_POINT('',#17299);
#6411=VERTEX_POINT('',#17301);
#6412=VERTEX_POINT('',#17304);
#6413=VERTEX_POINT('',#17305);
#6414=VERTEX_POINT('',#17307);
#6415=VERTEX_POINT('',#17309);
#6416=VERTEX_POINT('',#17311);
#6417=VERTEX_POINT('',#17313);
#6418=VERTEX_POINT('',#17315);
#6419=VERTEX_POINT('',#17317);
#6420=VERTEX_POINT('',#17320);
#6421=VERTEX_POINT('',#17321);
#6422=VERTEX_POINT('',#17323);
#6423=VERTEX_POINT('',#17325);
#6424=VERTEX_POINT('',#17327);
#6425=VERTEX_POINT('',#17329);
#6426=VERTEX_POINT('',#17331);
#6427=VERTEX_POINT('',#17333);
#6428=VERTEX_POINT('',#17336);
#6429=VERTEX_POINT('',#17337);
#6430=VERTEX_POINT('',#17339);
#6431=VERTEX_POINT('',#17341);
#6432=VERTEX_POINT('',#17343);
#6433=VERTEX_POINT('',#17345);
#6434=VERTEX_POINT('',#17347);
#6435=VERTEX_POINT('',#17349);
#6436=VERTEX_POINT('',#17352);
#6437=VERTEX_POINT('',#17353);
#6438=VERTEX_POINT('',#17355);
#6439=VERTEX_POINT('',#17357);
#6440=VERTEX_POINT('',#17359);
#6441=VERTEX_POINT('',#17361);
#6442=VERTEX_POINT('',#17363);
#6443=VERTEX_POINT('',#17365);
#6444=VERTEX_POINT('',#17368);
#6445=VERTEX_POINT('',#17369);
#6446=VERTEX_POINT('',#17371);
#6447=VERTEX_POINT('',#17373);
#6448=VERTEX_POINT('',#17375);
#6449=VERTEX_POINT('',#17377);
#6450=VERTEX_POINT('',#17379);
#6451=VERTEX_POINT('',#17381);
#6452=VERTEX_POINT('',#17384);
#6453=VERTEX_POINT('',#17385);
#6454=VERTEX_POINT('',#17387);
#6455=VERTEX_POINT('',#17389);
#6456=VERTEX_POINT('',#17391);
#6457=VERTEX_POINT('',#17393);
#6458=VERTEX_POINT('',#17395);
#6459=VERTEX_POINT('',#17397);
#6460=VERTEX_POINT('',#17400);
#6461=VERTEX_POINT('',#17401);
#6462=VERTEX_POINT('',#17403);
#6463=VERTEX_POINT('',#17405);
#6464=VERTEX_POINT('',#17407);
#6465=VERTEX_POINT('',#17409);
#6466=VERTEX_POINT('',#17411);
#6467=VERTEX_POINT('',#17413);
#6468=VERTEX_POINT('',#17416);
#6469=VERTEX_POINT('',#17417);
#6470=VERTEX_POINT('',#17419);
#6471=VERTEX_POINT('',#17421);
#6472=VERTEX_POINT('',#17423);
#6473=VERTEX_POINT('',#17425);
#6474=VERTEX_POINT('',#17427);
#6475=VERTEX_POINT('',#17429);
#6476=VERTEX_POINT('',#17432);
#6477=VERTEX_POINT('',#17433);
#6478=VERTEX_POINT('',#17435);
#6479=VERTEX_POINT('',#17437);
#6480=VERTEX_POINT('',#17439);
#6481=VERTEX_POINT('',#17441);
#6482=VERTEX_POINT('',#17443);
#6483=VERTEX_POINT('',#17445);
#6484=VERTEX_POINT('',#17448);
#6485=VERTEX_POINT('',#17449);
#6486=VERTEX_POINT('',#17451);
#6487=VERTEX_POINT('',#17453);
#6488=VERTEX_POINT('',#17455);
#6489=VERTEX_POINT('',#17457);
#6490=VERTEX_POINT('',#17459);
#6491=VERTEX_POINT('',#17461);
#6492=VERTEX_POINT('',#17464);
#6493=VERTEX_POINT('',#17465);
#6494=VERTEX_POINT('',#17467);
#6495=VERTEX_POINT('',#17469);
#6496=VERTEX_POINT('',#17471);
#6497=VERTEX_POINT('',#17473);
#6498=VERTEX_POINT('',#17475);
#6499=VERTEX_POINT('',#17477);
#6500=VERTEX_POINT('',#17480);
#6501=VERTEX_POINT('',#17481);
#6502=VERTEX_POINT('',#17483);
#6503=VERTEX_POINT('',#17485);
#6504=VERTEX_POINT('',#17487);
#6505=VERTEX_POINT('',#17489);
#6506=VERTEX_POINT('',#17491);
#6507=VERTEX_POINT('',#17493);
#6508=VERTEX_POINT('',#17496);
#6509=VERTEX_POINT('',#17497);
#6510=VERTEX_POINT('',#17499);
#6511=VERTEX_POINT('',#17501);
#6512=VERTEX_POINT('',#17503);
#6513=VERTEX_POINT('',#17505);
#6514=VERTEX_POINT('',#17507);
#6515=VERTEX_POINT('',#17509);
#6516=VERTEX_POINT('',#17512);
#6517=VERTEX_POINT('',#17513);
#6518=VERTEX_POINT('',#17515);
#6519=VERTEX_POINT('',#17517);
#6520=VERTEX_POINT('',#17519);
#6521=VERTEX_POINT('',#17521);
#6522=VERTEX_POINT('',#17523);
#6523=VERTEX_POINT('',#17525);
#6524=VERTEX_POINT('',#17528);
#6525=VERTEX_POINT('',#17529);
#6526=VERTEX_POINT('',#17531);
#6527=VERTEX_POINT('',#17533);
#6528=VERTEX_POINT('',#17535);
#6529=VERTEX_POINT('',#17537);
#6530=VERTEX_POINT('',#17539);
#6531=VERTEX_POINT('',#17541);
#6532=VERTEX_POINT('',#17544);
#6533=VERTEX_POINT('',#17545);
#6534=VERTEX_POINT('',#17547);
#6535=VERTEX_POINT('',#17549);
#6536=VERTEX_POINT('',#17551);
#6537=VERTEX_POINT('',#17553);
#6538=VERTEX_POINT('',#17555);
#6539=VERTEX_POINT('',#17557);
#6540=VERTEX_POINT('',#17560);
#6541=VERTEX_POINT('',#17561);
#6542=VERTEX_POINT('',#17563);
#6543=VERTEX_POINT('',#17565);
#6544=VERTEX_POINT('',#17567);
#6545=VERTEX_POINT('',#17569);
#6546=VERTEX_POINT('',#17571);
#6547=VERTEX_POINT('',#17573);
#6548=VERTEX_POINT('',#17576);
#6549=VERTEX_POINT('',#17577);
#6550=VERTEX_POINT('',#17579);
#6551=VERTEX_POINT('',#17581);
#6552=VERTEX_POINT('',#17583);
#6553=VERTEX_POINT('',#17585);
#6554=VERTEX_POINT('',#17587);
#6555=VERTEX_POINT('',#17589);
#6556=VERTEX_POINT('',#17592);
#6557=VERTEX_POINT('',#17593);
#6558=VERTEX_POINT('',#17595);
#6559=VERTEX_POINT('',#17597);
#6560=VERTEX_POINT('',#17599);
#6561=VERTEX_POINT('',#17601);
#6562=VERTEX_POINT('',#17603);
#6563=VERTEX_POINT('',#17605);
#6564=VERTEX_POINT('',#17608);
#6565=VERTEX_POINT('',#17609);
#6566=VERTEX_POINT('',#17611);
#6567=VERTEX_POINT('',#17613);
#6568=VERTEX_POINT('',#17615);
#6569=VERTEX_POINT('',#17617);
#6570=VERTEX_POINT('',#17619);
#6571=VERTEX_POINT('',#17621);
#6572=VERTEX_POINT('',#17624);
#6573=VERTEX_POINT('',#17625);
#6574=VERTEX_POINT('',#17627);
#6575=VERTEX_POINT('',#17629);
#6576=VERTEX_POINT('',#17631);
#6577=VERTEX_POINT('',#17633);
#6578=VERTEX_POINT('',#17635);
#6579=VERTEX_POINT('',#17637);
#6580=VERTEX_POINT('',#17640);
#6581=VERTEX_POINT('',#17641);
#6582=VERTEX_POINT('',#17643);
#6583=VERTEX_POINT('',#17645);
#6584=VERTEX_POINT('',#17647);
#6585=VERTEX_POINT('',#17649);
#6586=VERTEX_POINT('',#17651);
#6587=VERTEX_POINT('',#17653);
#6588=VERTEX_POINT('',#17656);
#6589=VERTEX_POINT('',#17657);
#6590=VERTEX_POINT('',#17659);
#6591=VERTEX_POINT('',#17661);
#6592=VERTEX_POINT('',#17663);
#6593=VERTEX_POINT('',#17665);
#6594=VERTEX_POINT('',#17667);
#6595=VERTEX_POINT('',#17669);
#6596=VERTEX_POINT('',#17672);
#6597=VERTEX_POINT('',#17673);
#6598=VERTEX_POINT('',#17675);
#6599=VERTEX_POINT('',#17677);
#6600=VERTEX_POINT('',#17679);
#6601=VERTEX_POINT('',#17681);
#6602=VERTEX_POINT('',#17683);
#6603=VERTEX_POINT('',#17685);
#6604=VERTEX_POINT('',#17688);
#6605=VERTEX_POINT('',#17689);
#6606=VERTEX_POINT('',#17691);
#6607=VERTEX_POINT('',#17693);
#6608=VERTEX_POINT('',#17695);
#6609=VERTEX_POINT('',#17697);
#6610=VERTEX_POINT('',#17699);
#6611=VERTEX_POINT('',#17701);
#6612=VERTEX_POINT('',#17704);
#6613=VERTEX_POINT('',#17705);
#6614=VERTEX_POINT('',#17707);
#6615=VERTEX_POINT('',#17709);
#6616=VERTEX_POINT('',#17711);
#6617=VERTEX_POINT('',#17713);
#6618=VERTEX_POINT('',#17715);
#6619=VERTEX_POINT('',#17717);
#6620=VERTEX_POINT('',#17720);
#6621=VERTEX_POINT('',#17721);
#6622=VERTEX_POINT('',#17723);
#6623=VERTEX_POINT('',#17725);
#6624=VERTEX_POINT('',#17727);
#6625=VERTEX_POINT('',#17729);
#6626=VERTEX_POINT('',#17731);
#6627=VERTEX_POINT('',#17733);
#6628=VERTEX_POINT('',#17736);
#6629=VERTEX_POINT('',#17737);
#6630=VERTEX_POINT('',#17739);
#6631=VERTEX_POINT('',#17741);
#6632=VERTEX_POINT('',#17743);
#6633=VERTEX_POINT('',#17745);
#6634=VERTEX_POINT('',#17747);
#6635=VERTEX_POINT('',#17749);
#6636=VERTEX_POINT('',#17752);
#6637=VERTEX_POINT('',#17753);
#6638=VERTEX_POINT('',#17755);
#6639=VERTEX_POINT('',#17757);
#6640=VERTEX_POINT('',#17759);
#6641=VERTEX_POINT('',#17761);
#6642=VERTEX_POINT('',#17763);
#6643=VERTEX_POINT('',#17765);
#6644=VERTEX_POINT('',#17768);
#6645=VERTEX_POINT('',#17769);
#6646=VERTEX_POINT('',#17771);
#6647=VERTEX_POINT('',#17773);
#6648=VERTEX_POINT('',#17775);
#6649=VERTEX_POINT('',#17777);
#6650=VERTEX_POINT('',#17779);
#6651=VERTEX_POINT('',#17781);
#6652=VERTEX_POINT('',#17784);
#6653=VERTEX_POINT('',#17785);
#6654=VERTEX_POINT('',#17787);
#6655=VERTEX_POINT('',#17789);
#6656=VERTEX_POINT('',#17791);
#6657=VERTEX_POINT('',#17793);
#6658=VERTEX_POINT('',#17795);
#6659=VERTEX_POINT('',#17797);
#6660=VERTEX_POINT('',#17800);
#6661=VERTEX_POINT('',#17801);
#6662=VERTEX_POINT('',#17803);
#6663=VERTEX_POINT('',#17805);
#6664=VERTEX_POINT('',#17807);
#6665=VERTEX_POINT('',#17809);
#6666=VERTEX_POINT('',#17811);
#6667=VERTEX_POINT('',#17813);
#6668=VERTEX_POINT('',#17816);
#6669=VERTEX_POINT('',#17817);
#6670=VERTEX_POINT('',#17819);
#6671=VERTEX_POINT('',#17821);
#6672=VERTEX_POINT('',#17823);
#6673=VERTEX_POINT('',#17825);
#6674=VERTEX_POINT('',#17827);
#6675=VERTEX_POINT('',#17829);
#6676=VERTEX_POINT('',#17832);
#6677=VERTEX_POINT('',#17833);
#6678=VERTEX_POINT('',#17835);
#6679=VERTEX_POINT('',#17837);
#6680=VERTEX_POINT('',#17839);
#6681=VERTEX_POINT('',#17841);
#6682=VERTEX_POINT('',#17843);
#6683=VERTEX_POINT('',#17845);
#6684=VERTEX_POINT('',#17848);
#6685=VERTEX_POINT('',#17849);
#6686=VERTEX_POINT('',#17851);
#6687=VERTEX_POINT('',#17853);
#6688=VERTEX_POINT('',#17855);
#6689=VERTEX_POINT('',#17857);
#6690=VERTEX_POINT('',#17859);
#6691=VERTEX_POINT('',#17861);
#6692=VERTEX_POINT('',#17864);
#6693=VERTEX_POINT('',#17865);
#6694=VERTEX_POINT('',#17867);
#6695=VERTEX_POINT('',#17869);
#6696=VERTEX_POINT('',#17871);
#6697=VERTEX_POINT('',#17873);
#6698=VERTEX_POINT('',#17875);
#6699=VERTEX_POINT('',#17877);
#6700=VERTEX_POINT('',#17880);
#6701=VERTEX_POINT('',#17881);
#6702=VERTEX_POINT('',#17883);
#6703=VERTEX_POINT('',#17885);
#6704=VERTEX_POINT('',#17887);
#6705=VERTEX_POINT('',#17889);
#6706=VERTEX_POINT('',#17891);
#6707=VERTEX_POINT('',#17893);
#6708=VERTEX_POINT('',#17896);
#6709=VERTEX_POINT('',#17897);
#6710=VERTEX_POINT('',#17899);
#6711=VERTEX_POINT('',#17901);
#6712=VERTEX_POINT('',#17903);
#6713=VERTEX_POINT('',#17905);
#6714=VERTEX_POINT('',#17907);
#6715=VERTEX_POINT('',#17909);
#6716=VERTEX_POINT('',#17912);
#6717=VERTEX_POINT('',#17913);
#6718=VERTEX_POINT('',#17915);
#6719=VERTEX_POINT('',#17917);
#6720=VERTEX_POINT('',#17919);
#6721=VERTEX_POINT('',#17921);
#6722=VERTEX_POINT('',#17923);
#6723=VERTEX_POINT('',#17925);
#6724=VERTEX_POINT('',#17928);
#6725=VERTEX_POINT('',#17929);
#6726=VERTEX_POINT('',#17931);
#6727=VERTEX_POINT('',#17933);
#6728=VERTEX_POINT('',#17935);
#6729=VERTEX_POINT('',#17937);
#6730=VERTEX_POINT('',#17939);
#6731=VERTEX_POINT('',#17941);
#6732=VERTEX_POINT('',#17944);
#6733=VERTEX_POINT('',#17945);
#6734=VERTEX_POINT('',#17947);
#6735=VERTEX_POINT('',#17949);
#6736=VERTEX_POINT('',#17951);
#6737=VERTEX_POINT('',#17953);
#6738=VERTEX_POINT('',#17955);
#6739=VERTEX_POINT('',#17957);
#6740=VERTEX_POINT('',#17960);
#6741=VERTEX_POINT('',#17961);
#6742=VERTEX_POINT('',#17963);
#6743=VERTEX_POINT('',#17965);
#6744=VERTEX_POINT('',#17967);
#6745=VERTEX_POINT('',#17969);
#6746=VERTEX_POINT('',#17971);
#6747=VERTEX_POINT('',#17973);
#6748=VERTEX_POINT('',#17976);
#6749=VERTEX_POINT('',#17977);
#6750=VERTEX_POINT('',#17979);
#6751=VERTEX_POINT('',#17981);
#6752=VERTEX_POINT('',#17983);
#6753=VERTEX_POINT('',#17985);
#6754=VERTEX_POINT('',#17987);
#6755=VERTEX_POINT('',#17989);
#6756=VERTEX_POINT('',#17992);
#6757=VERTEX_POINT('',#17993);
#6758=VERTEX_POINT('',#17995);
#6759=VERTEX_POINT('',#17997);
#6760=VERTEX_POINT('',#17999);
#6761=VERTEX_POINT('',#18001);
#6762=VERTEX_POINT('',#18003);
#6763=VERTEX_POINT('',#18005);
#6764=VERTEX_POINT('',#18008);
#6765=VERTEX_POINT('',#18009);
#6766=VERTEX_POINT('',#18011);
#6767=VERTEX_POINT('',#18013);
#6768=VERTEX_POINT('',#18015);
#6769=VERTEX_POINT('',#18017);
#6770=VERTEX_POINT('',#18019);
#6771=VERTEX_POINT('',#18021);
#6772=VERTEX_POINT('',#18024);
#6773=VERTEX_POINT('',#18025);
#6774=VERTEX_POINT('',#18027);
#6775=VERTEX_POINT('',#18029);
#6776=VERTEX_POINT('',#18031);
#6777=VERTEX_POINT('',#18033);
#6778=VERTEX_POINT('',#18035);
#6779=VERTEX_POINT('',#18037);
#6780=VERTEX_POINT('',#18040);
#6781=VERTEX_POINT('',#18041);
#6782=VERTEX_POINT('',#18043);
#6783=VERTEX_POINT('',#18045);
#6784=VERTEX_POINT('',#18047);
#6785=VERTEX_POINT('',#18049);
#6786=VERTEX_POINT('',#18051);
#6787=VERTEX_POINT('',#18053);
#6788=VERTEX_POINT('',#18056);
#6789=VERTEX_POINT('',#18057);
#6790=VERTEX_POINT('',#18059);
#6791=VERTEX_POINT('',#18061);
#6792=VERTEX_POINT('',#18063);
#6793=VERTEX_POINT('',#18065);
#6794=VERTEX_POINT('',#18067);
#6795=VERTEX_POINT('',#18069);
#6796=VERTEX_POINT('',#18072);
#6797=VERTEX_POINT('',#18073);
#6798=VERTEX_POINT('',#18075);
#6799=VERTEX_POINT('',#18077);
#6800=VERTEX_POINT('',#18079);
#6801=VERTEX_POINT('',#18081);
#6802=VERTEX_POINT('',#18083);
#6803=VERTEX_POINT('',#18085);
#6804=VERTEX_POINT('',#18088);
#6805=VERTEX_POINT('',#18089);
#6806=VERTEX_POINT('',#18091);
#6807=VERTEX_POINT('',#18093);
#6808=VERTEX_POINT('',#18097);
#6809=VERTEX_POINT('',#18098);
#6810=VERTEX_POINT('',#18100);
#6811=VERTEX_POINT('',#18102);
#6812=VERTEX_POINT('',#18104);
#6813=VERTEX_POINT('',#18106);
#6814=VERTEX_POINT('',#18108);
#6815=VERTEX_POINT('',#18110);
#6816=VERTEX_POINT('',#18113);
#6817=VERTEX_POINT('',#18114);
#6818=VERTEX_POINT('',#18116);
#6819=VERTEX_POINT('',#18118);
#6820=VERTEX_POINT('',#18120);
#6821=VERTEX_POINT('',#18122);
#6822=VERTEX_POINT('',#18124);
#6823=VERTEX_POINT('',#18126);
#6824=VERTEX_POINT('',#18129);
#6825=VERTEX_POINT('',#18130);
#6826=VERTEX_POINT('',#18132);
#6827=VERTEX_POINT('',#18134);
#6828=VERTEX_POINT('',#18136);
#6829=VERTEX_POINT('',#18138);
#6830=VERTEX_POINT('',#18140);
#6831=VERTEX_POINT('',#18142);
#6832=VERTEX_POINT('',#18145);
#6833=VERTEX_POINT('',#18146);
#6834=VERTEX_POINT('',#18148);
#6835=VERTEX_POINT('',#18150);
#6836=VERTEX_POINT('',#18152);
#6837=VERTEX_POINT('',#18154);
#6838=VERTEX_POINT('',#18156);
#6839=VERTEX_POINT('',#18158);
#6840=VERTEX_POINT('',#18161);
#6841=VERTEX_POINT('',#18162);
#6842=VERTEX_POINT('',#18164);
#6843=VERTEX_POINT('',#18166);
#6844=VERTEX_POINT('',#18168);
#6845=VERTEX_POINT('',#18170);
#6846=VERTEX_POINT('',#18172);
#6847=VERTEX_POINT('',#18174);
#6848=VERTEX_POINT('',#18177);
#6849=VERTEX_POINT('',#18178);
#6850=VERTEX_POINT('',#18180);
#6851=VERTEX_POINT('',#18182);
#6852=VERTEX_POINT('',#18184);
#6853=VERTEX_POINT('',#18186);
#6854=VERTEX_POINT('',#18188);
#6855=VERTEX_POINT('',#18190);
#6856=VERTEX_POINT('',#18193);
#6857=VERTEX_POINT('',#18194);
#6858=VERTEX_POINT('',#18196);
#6859=VERTEX_POINT('',#18198);
#6860=VERTEX_POINT('',#18200);
#6861=VERTEX_POINT('',#18202);
#6862=VERTEX_POINT('',#18204);
#6863=VERTEX_POINT('',#18206);
#6864=VERTEX_POINT('',#18209);
#6865=VERTEX_POINT('',#18210);
#6866=VERTEX_POINT('',#18212);
#6867=VERTEX_POINT('',#18214);
#6868=VERTEX_POINT('',#18216);
#6869=VERTEX_POINT('',#18218);
#6870=VERTEX_POINT('',#18220);
#6871=VERTEX_POINT('',#18222);
#6872=VERTEX_POINT('',#18225);
#6873=VERTEX_POINT('',#18226);
#6874=VERTEX_POINT('',#18228);
#6875=VERTEX_POINT('',#18230);
#6876=VERTEX_POINT('',#18232);
#6877=VERTEX_POINT('',#18234);
#6878=VERTEX_POINT('',#18236);
#6879=VERTEX_POINT('',#18238);
#6880=VERTEX_POINT('',#18241);
#6881=VERTEX_POINT('',#18242);
#6882=VERTEX_POINT('',#18244);
#6883=VERTEX_POINT('',#18246);
#6884=VERTEX_POINT('',#18248);
#6885=VERTEX_POINT('',#18250);
#6886=VERTEX_POINT('',#18252);
#6887=VERTEX_POINT('',#18254);
#6888=VERTEX_POINT('',#18257);
#6889=VERTEX_POINT('',#18258);
#6890=VERTEX_POINT('',#18260);
#6891=VERTEX_POINT('',#18262);
#6892=VERTEX_POINT('',#18264);
#6893=VERTEX_POINT('',#18266);
#6894=VERTEX_POINT('',#18268);
#6895=VERTEX_POINT('',#18270);
#6896=VERTEX_POINT('',#18273);
#6897=VERTEX_POINT('',#18274);
#6898=VERTEX_POINT('',#18276);
#6899=VERTEX_POINT('',#18278);
#6900=VERTEX_POINT('',#18280);
#6901=VERTEX_POINT('',#18282);
#6902=VERTEX_POINT('',#18284);
#6903=VERTEX_POINT('',#18286);
#6904=VERTEX_POINT('',#18289);
#6905=VERTEX_POINT('',#18290);
#6906=VERTEX_POINT('',#18292);
#6907=VERTEX_POINT('',#18294);
#6908=VERTEX_POINT('',#18296);
#6909=VERTEX_POINT('',#18298);
#6910=VERTEX_POINT('',#18300);
#6911=VERTEX_POINT('',#18302);
#6912=VERTEX_POINT('',#18305);
#6913=VERTEX_POINT('',#18306);
#6914=VERTEX_POINT('',#18308);
#6915=VERTEX_POINT('',#18310);
#6916=VERTEX_POINT('',#18312);
#6917=VERTEX_POINT('',#18314);
#6918=VERTEX_POINT('',#18316);
#6919=VERTEX_POINT('',#18318);
#6920=VERTEX_POINT('',#18321);
#6921=VERTEX_POINT('',#18322);
#6922=VERTEX_POINT('',#18324);
#6923=VERTEX_POINT('',#18326);
#6924=VERTEX_POINT('',#18328);
#6925=VERTEX_POINT('',#18330);
#6926=VERTEX_POINT('',#18332);
#6927=VERTEX_POINT('',#18334);
#6928=VERTEX_POINT('',#18337);
#6929=VERTEX_POINT('',#18338);
#6930=VERTEX_POINT('',#18340);
#6931=VERTEX_POINT('',#18342);
#6932=VERTEX_POINT('',#18344);
#6933=VERTEX_POINT('',#18346);
#6934=VERTEX_POINT('',#18348);
#6935=VERTEX_POINT('',#18350);
#6936=VERTEX_POINT('',#18353);
#6937=VERTEX_POINT('',#18354);
#6938=VERTEX_POINT('',#18356);
#6939=VERTEX_POINT('',#18358);
#6940=VERTEX_POINT('',#18360);
#6941=VERTEX_POINT('',#18362);
#6942=VERTEX_POINT('',#18364);
#6943=VERTEX_POINT('',#18366);
#6944=VERTEX_POINT('',#18369);
#6945=VERTEX_POINT('',#18370);
#6946=VERTEX_POINT('',#18372);
#6947=VERTEX_POINT('',#18374);
#6948=VERTEX_POINT('',#18376);
#6949=VERTEX_POINT('',#18378);
#6950=VERTEX_POINT('',#18380);
#6951=VERTEX_POINT('',#18382);
#6952=VERTEX_POINT('',#18385);
#6953=VERTEX_POINT('',#18386);
#6954=VERTEX_POINT('',#18388);
#6955=VERTEX_POINT('',#18390);
#6956=VERTEX_POINT('',#18392);
#6957=VERTEX_POINT('',#18394);
#6958=VERTEX_POINT('',#18396);
#6959=VERTEX_POINT('',#18398);
#6960=VERTEX_POINT('',#18401);
#6961=VERTEX_POINT('',#18402);
#6962=VERTEX_POINT('',#18404);
#6963=VERTEX_POINT('',#18406);
#6964=VERTEX_POINT('',#18408);
#6965=VERTEX_POINT('',#18410);
#6966=VERTEX_POINT('',#18412);
#6967=VERTEX_POINT('',#18414);
#6968=VERTEX_POINT('',#18417);
#6969=VERTEX_POINT('',#18418);
#6970=VERTEX_POINT('',#18420);
#6971=VERTEX_POINT('',#18422);
#6972=VERTEX_POINT('',#18424);
#6973=VERTEX_POINT('',#18426);
#6974=VERTEX_POINT('',#18428);
#6975=VERTEX_POINT('',#18430);
#6976=VERTEX_POINT('',#18433);
#6977=VERTEX_POINT('',#18434);
#6978=VERTEX_POINT('',#18436);
#6979=VERTEX_POINT('',#18438);
#6980=VERTEX_POINT('',#18440);
#6981=VERTEX_POINT('',#18442);
#6982=VERTEX_POINT('',#18444);
#6983=VERTEX_POINT('',#18446);
#6984=VERTEX_POINT('',#18449);
#6985=VERTEX_POINT('',#18450);
#6986=VERTEX_POINT('',#18452);
#6987=VERTEX_POINT('',#18454);
#6988=VERTEX_POINT('',#18456);
#6989=VERTEX_POINT('',#18458);
#6990=VERTEX_POINT('',#18460);
#6991=VERTEX_POINT('',#18462);
#6992=VERTEX_POINT('',#18465);
#6993=VERTEX_POINT('',#18466);
#6994=VERTEX_POINT('',#18468);
#6995=VERTEX_POINT('',#18470);
#6996=VERTEX_POINT('',#18472);
#6997=VERTEX_POINT('',#18474);
#6998=VERTEX_POINT('',#18476);
#6999=VERTEX_POINT('',#18478);
#7000=VERTEX_POINT('',#18481);
#7001=VERTEX_POINT('',#18482);
#7002=VERTEX_POINT('',#18484);
#7003=VERTEX_POINT('',#18486);
#7004=VERTEX_POINT('',#18488);
#7005=VERTEX_POINT('',#18490);
#7006=VERTEX_POINT('',#18492);
#7007=VERTEX_POINT('',#18494);
#7008=VERTEX_POINT('',#18497);
#7009=VERTEX_POINT('',#18498);
#7010=VERTEX_POINT('',#18500);
#7011=VERTEX_POINT('',#18502);
#7012=VERTEX_POINT('',#18504);
#7013=VERTEX_POINT('',#18506);
#7014=VERTEX_POINT('',#18508);
#7015=VERTEX_POINT('',#18510);
#7016=VERTEX_POINT('',#18513);
#7017=VERTEX_POINT('',#18514);
#7018=VERTEX_POINT('',#18516);
#7019=VERTEX_POINT('',#18518);
#7020=VERTEX_POINT('',#18520);
#7021=VERTEX_POINT('',#18522);
#7022=VERTEX_POINT('',#18524);
#7023=VERTEX_POINT('',#18526);
#7024=VERTEX_POINT('',#18529);
#7025=VERTEX_POINT('',#18530);
#7026=VERTEX_POINT('',#18532);
#7027=VERTEX_POINT('',#18534);
#7028=VERTEX_POINT('',#18536);
#7029=VERTEX_POINT('',#18538);
#7030=VERTEX_POINT('',#18540);
#7031=VERTEX_POINT('',#18542);
#7032=VERTEX_POINT('',#18545);
#7033=VERTEX_POINT('',#18546);
#7034=VERTEX_POINT('',#18548);
#7035=VERTEX_POINT('',#18550);
#7036=VERTEX_POINT('',#18552);
#7037=VERTEX_POINT('',#18554);
#7038=VERTEX_POINT('',#18556);
#7039=VERTEX_POINT('',#18558);
#7040=VERTEX_POINT('',#18561);
#7041=VERTEX_POINT('',#18562);
#7042=VERTEX_POINT('',#18564);
#7043=VERTEX_POINT('',#18566);
#7044=VERTEX_POINT('',#18568);
#7045=VERTEX_POINT('',#18570);
#7046=VERTEX_POINT('',#18572);
#7047=VERTEX_POINT('',#18574);
#7048=VERTEX_POINT('',#18577);
#7049=VERTEX_POINT('',#18578);
#7050=VERTEX_POINT('',#18580);
#7051=VERTEX_POINT('',#18582);
#7052=VERTEX_POINT('',#18584);
#7053=VERTEX_POINT('',#18586);
#7054=VERTEX_POINT('',#18588);
#7055=VERTEX_POINT('',#18590);
#7056=VERTEX_POINT('',#18593);
#7057=VERTEX_POINT('',#18594);
#7058=VERTEX_POINT('',#18596);
#7059=VERTEX_POINT('',#18598);
#7060=VERTEX_POINT('',#18600);
#7061=VERTEX_POINT('',#18602);
#7062=VERTEX_POINT('',#18604);
#7063=VERTEX_POINT('',#18606);
#7064=VERTEX_POINT('',#18609);
#7065=VERTEX_POINT('',#18610);
#7066=VERTEX_POINT('',#18612);
#7067=VERTEX_POINT('',#18614);
#7068=VERTEX_POINT('',#18616);
#7069=VERTEX_POINT('',#18618);
#7070=VERTEX_POINT('',#18620);
#7071=VERTEX_POINT('',#18622);
#7072=VERTEX_POINT('',#18625);
#7073=VERTEX_POINT('',#18626);
#7074=VERTEX_POINT('',#18628);
#7075=VERTEX_POINT('',#18630);
#7076=VERTEX_POINT('',#18632);
#7077=VERTEX_POINT('',#18634);
#7078=VERTEX_POINT('',#18636);
#7079=VERTEX_POINT('',#18638);
#7080=VERTEX_POINT('',#18641);
#7081=VERTEX_POINT('',#18642);
#7082=VERTEX_POINT('',#18644);
#7083=VERTEX_POINT('',#18646);
#7084=VERTEX_POINT('',#18648);
#7085=VERTEX_POINT('',#18650);
#7086=VERTEX_POINT('',#18652);
#7087=VERTEX_POINT('',#18654);
#7088=VERTEX_POINT('',#18657);
#7089=VERTEX_POINT('',#18658);
#7090=VERTEX_POINT('',#18660);
#7091=VERTEX_POINT('',#18662);
#7092=VERTEX_POINT('',#18664);
#7093=VERTEX_POINT('',#18666);
#7094=VERTEX_POINT('',#18668);
#7095=VERTEX_POINT('',#18670);
#7096=VERTEX_POINT('',#18673);
#7097=VERTEX_POINT('',#18674);
#7098=VERTEX_POINT('',#18676);
#7099=VERTEX_POINT('',#18678);
#7100=VERTEX_POINT('',#18680);
#7101=VERTEX_POINT('',#18682);
#7102=VERTEX_POINT('',#18684);
#7103=VERTEX_POINT('',#18686);
#7104=VERTEX_POINT('',#18689);
#7105=VERTEX_POINT('',#18690);
#7106=VERTEX_POINT('',#18692);
#7107=VERTEX_POINT('',#18694);
#7108=VERTEX_POINT('',#18696);
#7109=VERTEX_POINT('',#18698);
#7110=VERTEX_POINT('',#18700);
#7111=VERTEX_POINT('',#18702);
#7112=VERTEX_POINT('',#18705);
#7113=VERTEX_POINT('',#18706);
#7114=VERTEX_POINT('',#18708);
#7115=VERTEX_POINT('',#18710);
#7116=VERTEX_POINT('',#18712);
#7117=VERTEX_POINT('',#18714);
#7118=VERTEX_POINT('',#18716);
#7119=VERTEX_POINT('',#18718);
#7120=VERTEX_POINT('',#18721);
#7121=VERTEX_POINT('',#18722);
#7122=VERTEX_POINT('',#18724);
#7123=VERTEX_POINT('',#18726);
#7124=VERTEX_POINT('',#18728);
#7125=VERTEX_POINT('',#18730);
#7126=VERTEX_POINT('',#18732);
#7127=VERTEX_POINT('',#18734);
#7128=VERTEX_POINT('',#18737);
#7129=VERTEX_POINT('',#18738);
#7130=VERTEX_POINT('',#18740);
#7131=VERTEX_POINT('',#18742);
#7132=VERTEX_POINT('',#18744);
#7133=VERTEX_POINT('',#18746);
#7134=VERTEX_POINT('',#18748);
#7135=VERTEX_POINT('',#18750);
#7136=VERTEX_POINT('',#18753);
#7137=VERTEX_POINT('',#18754);
#7138=VERTEX_POINT('',#18756);
#7139=VERTEX_POINT('',#18758);
#7140=VERTEX_POINT('',#18760);
#7141=VERTEX_POINT('',#18762);
#7142=VERTEX_POINT('',#18764);
#7143=VERTEX_POINT('',#18766);
#7144=VERTEX_POINT('',#18769);
#7145=VERTEX_POINT('',#18770);
#7146=VERTEX_POINT('',#18772);
#7147=VERTEX_POINT('',#18774);
#7148=VERTEX_POINT('',#18776);
#7149=VERTEX_POINT('',#18778);
#7150=VERTEX_POINT('',#18780);
#7151=VERTEX_POINT('',#18782);
#7152=VERTEX_POINT('',#18785);
#7153=VERTEX_POINT('',#18786);
#7154=VERTEX_POINT('',#18788);
#7155=VERTEX_POINT('',#18790);
#7156=VERTEX_POINT('',#18792);
#7157=VERTEX_POINT('',#18794);
#7158=VERTEX_POINT('',#18796);
#7159=VERTEX_POINT('',#18798);
#7160=VERTEX_POINT('',#18801);
#7161=VERTEX_POINT('',#18802);
#7162=VERTEX_POINT('',#18804);
#7163=VERTEX_POINT('',#18806);
#7164=VERTEX_POINT('',#18808);
#7165=VERTEX_POINT('',#18810);
#7166=VERTEX_POINT('',#18812);
#7167=VERTEX_POINT('',#18814);
#7168=VERTEX_POINT('',#18817);
#7169=VERTEX_POINT('',#18818);
#7170=VERTEX_POINT('',#18820);
#7171=VERTEX_POINT('',#18822);
#7172=VERTEX_POINT('',#18824);
#7173=VERTEX_POINT('',#18826);
#7174=VERTEX_POINT('',#18828);
#7175=VERTEX_POINT('',#18830);
#7176=VERTEX_POINT('',#18833);
#7177=VERTEX_POINT('',#18834);
#7178=VERTEX_POINT('',#18836);
#7179=VERTEX_POINT('',#18838);
#7180=VERTEX_POINT('',#18840);
#7181=VERTEX_POINT('',#18842);
#7182=VERTEX_POINT('',#18844);
#7183=VERTEX_POINT('',#18846);
#7184=VERTEX_POINT('',#18849);
#7185=VERTEX_POINT('',#18850);
#7186=VERTEX_POINT('',#18852);
#7187=VERTEX_POINT('',#18854);
#7188=VERTEX_POINT('',#18856);
#7189=VERTEX_POINT('',#18858);
#7190=VERTEX_POINT('',#18860);
#7191=VERTEX_POINT('',#18862);
#7192=VERTEX_POINT('',#18865);
#7193=VERTEX_POINT('',#18866);
#7194=VERTEX_POINT('',#18868);
#7195=VERTEX_POINT('',#18870);
#7196=VERTEX_POINT('',#18872);
#7197=VERTEX_POINT('',#18874);
#7198=VERTEX_POINT('',#18876);
#7199=VERTEX_POINT('',#18878);
#7200=VERTEX_POINT('',#18881);
#7201=VERTEX_POINT('',#18882);
#7202=VERTEX_POINT('',#18884);
#7203=VERTEX_POINT('',#18886);
#7204=VERTEX_POINT('',#18888);
#7205=VERTEX_POINT('',#18890);
#7206=VERTEX_POINT('',#18892);
#7207=VERTEX_POINT('',#18894);
#7208=VERTEX_POINT('',#18897);
#7209=VERTEX_POINT('',#18898);
#7210=VERTEX_POINT('',#18900);
#7211=VERTEX_POINT('',#18902);
#7212=VERTEX_POINT('',#18904);
#7213=VERTEX_POINT('',#18906);
#7214=VERTEX_POINT('',#18908);
#7215=VERTEX_POINT('',#18910);
#7216=VERTEX_POINT('',#18913);
#7217=VERTEX_POINT('',#18914);
#7218=VERTEX_POINT('',#18916);
#7219=VERTEX_POINT('',#18918);
#7220=VERTEX_POINT('',#18920);
#7221=VERTEX_POINT('',#18922);
#7222=VERTEX_POINT('',#18924);
#7223=VERTEX_POINT('',#18926);
#7224=VERTEX_POINT('',#18929);
#7225=VERTEX_POINT('',#18930);
#7226=VERTEX_POINT('',#18932);
#7227=VERTEX_POINT('',#18934);
#7228=VERTEX_POINT('',#18936);
#7229=VERTEX_POINT('',#18938);
#7230=VERTEX_POINT('',#18940);
#7231=VERTEX_POINT('',#18942);
#7232=VERTEX_POINT('',#18945);
#7233=VERTEX_POINT('',#18946);
#7234=VERTEX_POINT('',#18948);
#7235=VERTEX_POINT('',#18950);
#7236=VERTEX_POINT('',#18952);
#7237=VERTEX_POINT('',#18954);
#7238=VERTEX_POINT('',#18956);
#7239=VERTEX_POINT('',#18958);
#7240=VERTEX_POINT('',#18961);
#7241=VERTEX_POINT('',#18962);
#7242=VERTEX_POINT('',#18964);
#7243=VERTEX_POINT('',#18966);
#7244=VERTEX_POINT('',#18968);
#7245=VERTEX_POINT('',#18970);
#7246=VERTEX_POINT('',#18972);
#7247=VERTEX_POINT('',#18974);
#7248=VERTEX_POINT('',#18977);
#7249=VERTEX_POINT('',#18978);
#7250=VERTEX_POINT('',#18980);
#7251=VERTEX_POINT('',#18982);
#7252=VERTEX_POINT('',#18984);
#7253=VERTEX_POINT('',#18986);
#7254=VERTEX_POINT('',#18988);
#7255=VERTEX_POINT('',#18990);
#7256=VERTEX_POINT('',#18993);
#7257=VERTEX_POINT('',#18994);
#7258=VERTEX_POINT('',#18996);
#7259=VERTEX_POINT('',#18998);
#7260=VERTEX_POINT('',#19000);
#7261=VERTEX_POINT('',#19002);
#7262=VERTEX_POINT('',#19004);
#7263=VERTEX_POINT('',#19006);
#7264=VERTEX_POINT('',#19009);
#7265=VERTEX_POINT('',#19010);
#7266=VERTEX_POINT('',#19012);
#7267=VERTEX_POINT('',#19014);
#7268=VERTEX_POINT('',#19016);
#7269=VERTEX_POINT('',#19018);
#7270=VERTEX_POINT('',#19020);
#7271=VERTEX_POINT('',#19022);
#7272=VERTEX_POINT('',#19025);
#7273=VERTEX_POINT('',#19026);
#7274=VERTEX_POINT('',#19028);
#7275=VERTEX_POINT('',#19030);
#7276=VERTEX_POINT('',#19032);
#7277=VERTEX_POINT('',#19034);
#7278=VERTEX_POINT('',#19036);
#7279=VERTEX_POINT('',#19038);
#7280=VERTEX_POINT('',#19041);
#7281=VERTEX_POINT('',#19042);
#7282=VERTEX_POINT('',#19044);
#7283=VERTEX_POINT('',#19046);
#7284=VERTEX_POINT('',#19048);
#7285=VERTEX_POINT('',#19050);
#7286=VERTEX_POINT('',#19052);
#7287=VERTEX_POINT('',#19054);
#7288=VERTEX_POINT('',#19057);
#7289=VERTEX_POINT('',#19058);
#7290=VERTEX_POINT('',#19060);
#7291=VERTEX_POINT('',#19062);
#7292=VERTEX_POINT('',#19064);
#7293=VERTEX_POINT('',#19066);
#7294=VERTEX_POINT('',#19068);
#7295=VERTEX_POINT('',#19070);
#7296=VERTEX_POINT('',#19073);
#7297=VERTEX_POINT('',#19074);
#7298=VERTEX_POINT('',#19076);
#7299=VERTEX_POINT('',#19078);
#7300=VERTEX_POINT('',#19080);
#7301=VERTEX_POINT('',#19082);
#7302=VERTEX_POINT('',#19084);
#7303=VERTEX_POINT('',#19086);
#7304=VERTEX_POINT('',#19089);
#7305=VERTEX_POINT('',#19090);
#7306=VERTEX_POINT('',#19092);
#7307=VERTEX_POINT('',#19094);
#7308=VERTEX_POINT('',#19096);
#7309=VERTEX_POINT('',#19098);
#7310=VERTEX_POINT('',#19100);
#7311=VERTEX_POINT('',#19102);
#7312=VERTEX_POINT('',#19105);
#7313=VERTEX_POINT('',#19106);
#7314=VERTEX_POINT('',#19108);
#7315=VERTEX_POINT('',#19110);
#7316=VERTEX_POINT('',#19112);
#7317=VERTEX_POINT('',#19114);
#7318=VERTEX_POINT('',#19116);
#7319=VERTEX_POINT('',#19118);
#7320=VERTEX_POINT('',#19121);
#7321=VERTEX_POINT('',#19122);
#7322=VERTEX_POINT('',#19124);
#7323=VERTEX_POINT('',#19126);
#7324=VERTEX_POINT('',#19128);
#7325=VERTEX_POINT('',#19130);
#7326=VERTEX_POINT('',#19132);
#7327=VERTEX_POINT('',#19134);
#7328=VERTEX_POINT('',#19137);
#7329=VERTEX_POINT('',#19138);
#7330=VERTEX_POINT('',#19140);
#7331=VERTEX_POINT('',#19142);
#7332=VERTEX_POINT('',#19144);
#7333=VERTEX_POINT('',#19146);
#7334=VERTEX_POINT('',#19148);
#7335=VERTEX_POINT('',#19150);
#7336=VERTEX_POINT('',#19153);
#7337=VERTEX_POINT('',#19154);
#7338=VERTEX_POINT('',#19156);
#7339=VERTEX_POINT('',#19158);
#7340=VERTEX_POINT('',#19160);
#7341=VERTEX_POINT('',#19162);
#7342=VERTEX_POINT('',#19164);
#7343=VERTEX_POINT('',#19166);
#7344=VERTEX_POINT('',#19169);
#7345=VERTEX_POINT('',#19170);
#7346=VERTEX_POINT('',#19172);
#7347=VERTEX_POINT('',#19174);
#7348=VERTEX_POINT('',#19176);
#7349=VERTEX_POINT('',#19178);
#7350=VERTEX_POINT('',#19180);
#7351=VERTEX_POINT('',#19182);
#7352=VERTEX_POINT('',#19185);
#7353=VERTEX_POINT('',#19186);
#7354=VERTEX_POINT('',#19188);
#7355=VERTEX_POINT('',#19190);
#7356=VERTEX_POINT('',#19192);
#7357=VERTEX_POINT('',#19194);
#7358=VERTEX_POINT('',#19196);
#7359=VERTEX_POINT('',#19198);
#7360=VERTEX_POINT('',#19201);
#7361=VERTEX_POINT('',#19202);
#7362=VERTEX_POINT('',#19204);
#7363=VERTEX_POINT('',#19206);
#7364=VERTEX_POINT('',#19208);
#7365=VERTEX_POINT('',#19210);
#7366=VERTEX_POINT('',#19212);
#7367=VERTEX_POINT('',#19214);
#7368=VERTEX_POINT('',#19217);
#7369=VERTEX_POINT('',#19218);
#7370=VERTEX_POINT('',#19220);
#7371=VERTEX_POINT('',#19222);
#7372=VERTEX_POINT('',#19224);
#7373=VERTEX_POINT('',#19226);
#7374=VERTEX_POINT('',#19228);
#7375=VERTEX_POINT('',#19230);
#7376=VERTEX_POINT('',#19233);
#7377=VERTEX_POINT('',#19234);
#7378=VERTEX_POINT('',#19236);
#7379=VERTEX_POINT('',#19238);
#7380=VERTEX_POINT('',#19240);
#7381=VERTEX_POINT('',#19242);
#7382=VERTEX_POINT('',#19244);
#7383=VERTEX_POINT('',#19246);
#7384=VERTEX_POINT('',#19249);
#7385=VERTEX_POINT('',#19250);
#7386=VERTEX_POINT('',#19252);
#7387=VERTEX_POINT('',#19254);
#7388=VERTEX_POINT('',#19256);
#7389=VERTEX_POINT('',#19258);
#7390=VERTEX_POINT('',#19260);
#7391=VERTEX_POINT('',#19262);
#7392=VERTEX_POINT('',#19265);
#7393=VERTEX_POINT('',#19267);
#7394=VERTEX_POINT('',#19269);
#7395=VERTEX_POINT('',#19271);
#7396=VERTEX_POINT('',#19273);
#7397=VERTEX_POINT('',#19274);
#7398=VERTEX_POINT('',#19276);
#7399=VERTEX_POINT('',#19278);
#7400=LINE('',#16911,#8580);
#7401=LINE('',#16916,#8581);
#7402=LINE('',#16920,#8582);
#7403=LINE('',#16924,#8583);
#7404=LINE('',#16935,#8584);
#7405=LINE('',#16940,#8585);
#7406=LINE('',#16944,#8586);
#7407=LINE('',#16948,#8587);
#7408=LINE('',#16951,#8588);
#7409=LINE('',#16956,#8589);
#7410=LINE('',#16960,#8590);
#7411=LINE('',#16964,#8591);
#7412=LINE('',#16967,#8592);
#7413=LINE('',#16972,#8593);
#7414=LINE('',#16976,#8594);
#7415=LINE('',#16980,#8595);
#7416=LINE('',#16983,#8596);
#7417=LINE('',#16988,#8597);
#7418=LINE('',#16992,#8598);
#7419=LINE('',#16996,#8599);
#7420=LINE('',#16999,#8600);
#7421=LINE('',#17004,#8601);
#7422=LINE('',#17008,#8602);
#7423=LINE('',#17012,#8603);
#7424=LINE('',#17015,#8604);
#7425=LINE('',#17020,#8605);
#7426=LINE('',#17024,#8606);
#7427=LINE('',#17028,#8607);
#7428=LINE('',#17031,#8608);
#7429=LINE('',#17036,#8609);
#7430=LINE('',#17040,#8610);
#7431=LINE('',#17044,#8611);
#7432=LINE('',#17047,#8612);
#7433=LINE('',#17052,#8613);
#7434=LINE('',#17056,#8614);
#7435=LINE('',#17060,#8615);
#7436=LINE('',#17063,#8616);
#7437=LINE('',#17068,#8617);
#7438=LINE('',#17072,#8618);
#7439=LINE('',#17076,#8619);
#7440=LINE('',#17079,#8620);
#7441=LINE('',#17084,#8621);
#7442=LINE('',#17088,#8622);
#7443=LINE('',#17092,#8623);
#7444=LINE('',#17095,#8624);
#7445=LINE('',#17100,#8625);
#7446=LINE('',#17104,#8626);
#7447=LINE('',#17108,#8627);
#7448=LINE('',#17111,#8628);
#7449=LINE('',#17116,#8629);
#7450=LINE('',#17120,#8630);
#7451=LINE('',#17124,#8631);
#7452=LINE('',#17127,#8632);
#7453=LINE('',#17132,#8633);
#7454=LINE('',#17136,#8634);
#7455=LINE('',#17140,#8635);
#7456=LINE('',#17143,#8636);
#7457=LINE('',#17148,#8637);
#7458=LINE('',#17152,#8638);
#7459=LINE('',#17156,#8639);
#7460=LINE('',#17159,#8640);
#7461=LINE('',#17164,#8641);
#7462=LINE('',#17168,#8642);
#7463=LINE('',#17172,#8643);
#7464=LINE('',#17175,#8644);
#7465=LINE('',#17180,#8645);
#7466=LINE('',#17184,#8646);
#7467=LINE('',#17188,#8647);
#7468=LINE('',#17191,#8648);
#7469=LINE('',#17196,#8649);
#7470=LINE('',#17200,#8650);
#7471=LINE('',#17204,#8651);
#7472=LINE('',#17207,#8652);
#7473=LINE('',#17212,#8653);
#7474=LINE('',#17216,#8654);
#7475=LINE('',#17220,#8655);
#7476=LINE('',#17223,#8656);
#7477=LINE('',#17228,#8657);
#7478=LINE('',#17232,#8658);
#7479=LINE('',#17236,#8659);
#7480=LINE('',#17239,#8660);
#7481=LINE('',#17244,#8661);
#7482=LINE('',#17248,#8662);
#7483=LINE('',#17252,#8663);
#7484=LINE('',#17255,#8664);
#7485=LINE('',#17260,#8665);
#7486=LINE('',#17264,#8666);
#7487=LINE('',#17268,#8667);
#7488=LINE('',#17271,#8668);
#7489=LINE('',#17276,#8669);
#7490=LINE('',#17280,#8670);
#7491=LINE('',#17284,#8671);
#7492=LINE('',#17287,#8672);
#7493=LINE('',#17292,#8673);
#7494=LINE('',#17296,#8674);
#7495=LINE('',#17300,#8675);
#7496=LINE('',#17303,#8676);
#7497=LINE('',#17308,#8677);
#7498=LINE('',#17312,#8678);
#7499=LINE('',#17316,#8679);
#7500=LINE('',#17319,#8680);
#7501=LINE('',#17324,#8681);
#7502=LINE('',#17328,#8682);
#7503=LINE('',#17332,#8683);
#7504=LINE('',#17335,#8684);
#7505=LINE('',#17340,#8685);
#7506=LINE('',#17344,#8686);
#7507=LINE('',#17348,#8687);
#7508=LINE('',#17351,#8688);
#7509=LINE('',#17356,#8689);
#7510=LINE('',#17360,#8690);
#7511=LINE('',#17364,#8691);
#7512=LINE('',#17367,#8692);
#7513=LINE('',#17372,#8693);
#7514=LINE('',#17376,#8694);
#7515=LINE('',#17380,#8695);
#7516=LINE('',#17383,#8696);
#7517=LINE('',#17388,#8697);
#7518=LINE('',#17392,#8698);
#7519=LINE('',#17396,#8699);
#7520=LINE('',#17399,#8700);
#7521=LINE('',#17404,#8701);
#7522=LINE('',#17408,#8702);
#7523=LINE('',#17412,#8703);
#7524=LINE('',#17415,#8704);
#7525=LINE('',#17420,#8705);
#7526=LINE('',#17424,#8706);
#7527=LINE('',#17428,#8707);
#7528=LINE('',#17431,#8708);
#7529=LINE('',#17436,#8709);
#7530=LINE('',#17440,#8710);
#7531=LINE('',#17444,#8711);
#7532=LINE('',#17447,#8712);
#7533=LINE('',#17452,#8713);
#7534=LINE('',#17456,#8714);
#7535=LINE('',#17460,#8715);
#7536=LINE('',#17463,#8716);
#7537=LINE('',#17468,#8717);
#7538=LINE('',#17472,#8718);
#7539=LINE('',#17476,#8719);
#7540=LINE('',#17479,#8720);
#7541=LINE('',#17484,#8721);
#7542=LINE('',#17488,#8722);
#7543=LINE('',#17492,#8723);
#7544=LINE('',#17495,#8724);
#7545=LINE('',#17500,#8725);
#7546=LINE('',#17504,#8726);
#7547=LINE('',#17508,#8727);
#7548=LINE('',#17511,#8728);
#7549=LINE('',#17516,#8729);
#7550=LINE('',#17520,#8730);
#7551=LINE('',#17524,#8731);
#7552=LINE('',#17527,#8732);
#7553=LINE('',#17532,#8733);
#7554=LINE('',#17536,#8734);
#7555=LINE('',#17540,#8735);
#7556=LINE('',#17543,#8736);
#7557=LINE('',#17548,#8737);
#7558=LINE('',#17552,#8738);
#7559=LINE('',#17556,#8739);
#7560=LINE('',#17559,#8740);
#7561=LINE('',#17564,#8741);
#7562=LINE('',#17568,#8742);
#7563=LINE('',#17572,#8743);
#7564=LINE('',#17575,#8744);
#7565=LINE('',#17580,#8745);
#7566=LINE('',#17584,#8746);
#7567=LINE('',#17588,#8747);
#7568=LINE('',#17591,#8748);
#7569=LINE('',#17596,#8749);
#7570=LINE('',#17600,#8750);
#7571=LINE('',#17604,#8751);
#7572=LINE('',#17607,#8752);
#7573=LINE('',#17612,#8753);
#7574=LINE('',#17616,#8754);
#7575=LINE('',#17620,#8755);
#7576=LINE('',#17623,#8756);
#7577=LINE('',#17628,#8757);
#7578=LINE('',#17632,#8758);
#7579=LINE('',#17636,#8759);
#7580=LINE('',#17639,#8760);
#7581=LINE('',#17644,#8761);
#7582=LINE('',#17648,#8762);
#7583=LINE('',#17652,#8763);
#7584=LINE('',#17655,#8764);
#7585=LINE('',#17660,#8765);
#7586=LINE('',#17664,#8766);
#7587=LINE('',#17668,#8767);
#7588=LINE('',#17671,#8768);
#7589=LINE('',#17676,#8769);
#7590=LINE('',#17680,#8770);
#7591=LINE('',#17684,#8771);
#7592=LINE('',#17687,#8772);
#7593=LINE('',#17692,#8773);
#7594=LINE('',#17696,#8774);
#7595=LINE('',#17700,#8775);
#7596=LINE('',#17703,#8776);
#7597=LINE('',#17708,#8777);
#7598=LINE('',#17712,#8778);
#7599=LINE('',#17716,#8779);
#7600=LINE('',#17719,#8780);
#7601=LINE('',#17724,#8781);
#7602=LINE('',#17728,#8782);
#7603=LINE('',#17732,#8783);
#7604=LINE('',#17735,#8784);
#7605=LINE('',#17740,#8785);
#7606=LINE('',#17744,#8786);
#7607=LINE('',#17748,#8787);
#7608=LINE('',#17751,#8788);
#7609=LINE('',#17756,#8789);
#7610=LINE('',#17760,#8790);
#7611=LINE('',#17764,#8791);
#7612=LINE('',#17767,#8792);
#7613=LINE('',#17772,#8793);
#7614=LINE('',#17776,#8794);
#7615=LINE('',#17780,#8795);
#7616=LINE('',#17783,#8796);
#7617=LINE('',#17788,#8797);
#7618=LINE('',#17792,#8798);
#7619=LINE('',#17796,#8799);
#7620=LINE('',#17799,#8800);
#7621=LINE('',#17804,#8801);
#7622=LINE('',#17808,#8802);
#7623=LINE('',#17812,#8803);
#7624=LINE('',#17815,#8804);
#7625=LINE('',#17820,#8805);
#7626=LINE('',#17824,#8806);
#7627=LINE('',#17828,#8807);
#7628=LINE('',#17831,#8808);
#7629=LINE('',#17836,#8809);
#7630=LINE('',#17840,#8810);
#7631=LINE('',#17844,#8811);
#7632=LINE('',#17847,#8812);
#7633=LINE('',#17852,#8813);
#7634=LINE('',#17856,#8814);
#7635=LINE('',#17860,#8815);
#7636=LINE('',#17863,#8816);
#7637=LINE('',#17868,#8817);
#7638=LINE('',#17872,#8818);
#7639=LINE('',#17876,#8819);
#7640=LINE('',#17879,#8820);
#7641=LINE('',#17884,#8821);
#7642=LINE('',#17888,#8822);
#7643=LINE('',#17892,#8823);
#7644=LINE('',#17895,#8824);
#7645=LINE('',#17900,#8825);
#7646=LINE('',#17904,#8826);
#7647=LINE('',#17908,#8827);
#7648=LINE('',#17911,#8828);
#7649=LINE('',#17916,#8829);
#7650=LINE('',#17920,#8830);
#7651=LINE('',#17924,#8831);
#7652=LINE('',#17927,#8832);
#7653=LINE('',#17932,#8833);
#7654=LINE('',#17936,#8834);
#7655=LINE('',#17940,#8835);
#7656=LINE('',#17943,#8836);
#7657=LINE('',#17948,#8837);
#7658=LINE('',#17952,#8838);
#7659=LINE('',#17956,#8839);
#7660=LINE('',#17959,#8840);
#7661=LINE('',#17964,#8841);
#7662=LINE('',#17968,#8842);
#7663=LINE('',#17972,#8843);
#7664=LINE('',#17975,#8844);
#7665=LINE('',#17980,#8845);
#7666=LINE('',#17984,#8846);
#7667=LINE('',#17988,#8847);
#7668=LINE('',#17991,#8848);
#7669=LINE('',#17996,#8849);
#7670=LINE('',#18000,#8850);
#7671=LINE('',#18004,#8851);
#7672=LINE('',#18007,#8852);
#7673=LINE('',#18012,#8853);
#7674=LINE('',#18016,#8854);
#7675=LINE('',#18020,#8855);
#7676=LINE('',#18023,#8856);
#7677=LINE('',#18028,#8857);
#7678=LINE('',#18032,#8858);
#7679=LINE('',#18036,#8859);
#7680=LINE('',#18039,#8860);
#7681=LINE('',#18044,#8861);
#7682=LINE('',#18048,#8862);
#7683=LINE('',#18052,#8863);
#7684=LINE('',#18055,#8864);
#7685=LINE('',#18060,#8865);
#7686=LINE('',#18064,#8866);
#7687=LINE('',#18068,#8867);
#7688=LINE('',#18071,#8868);
#7689=LINE('',#18076,#8869);
#7690=LINE('',#18080,#8870);
#7691=LINE('',#18084,#8871);
#7692=LINE('',#18087,#8872);
#7693=LINE('',#18090,#8873);
#7694=LINE('',#18092,#8874);
#7695=LINE('',#18094,#8875);
#7696=LINE('',#18099,#8876);
#7697=LINE('',#18103,#8877);
#7698=LINE('',#18107,#8878);
#7699=LINE('',#18111,#8879);
#7700=LINE('',#18115,#8880);
#7701=LINE('',#18119,#8881);
#7702=LINE('',#18123,#8882);
#7703=LINE('',#18127,#8883);
#7704=LINE('',#18131,#8884);
#7705=LINE('',#18135,#8885);
#7706=LINE('',#18139,#8886);
#7707=LINE('',#18143,#8887);
#7708=LINE('',#18147,#8888);
#7709=LINE('',#18151,#8889);
#7710=LINE('',#18155,#8890);
#7711=LINE('',#18159,#8891);
#7712=LINE('',#18163,#8892);
#7713=LINE('',#18167,#8893);
#7714=LINE('',#18171,#8894);
#7715=LINE('',#18175,#8895);
#7716=LINE('',#18179,#8896);
#7717=LINE('',#18183,#8897);
#7718=LINE('',#18187,#8898);
#7719=LINE('',#18191,#8899);
#7720=LINE('',#18195,#8900);
#7721=LINE('',#18199,#8901);
#7722=LINE('',#18203,#8902);
#7723=LINE('',#18207,#8903);
#7724=LINE('',#18211,#8904);
#7725=LINE('',#18215,#8905);
#7726=LINE('',#18219,#8906);
#7727=LINE('',#18223,#8907);
#7728=LINE('',#18227,#8908);
#7729=LINE('',#18231,#8909);
#7730=LINE('',#18235,#8910);
#7731=LINE('',#18239,#8911);
#7732=LINE('',#18243,#8912);
#7733=LINE('',#18247,#8913);
#7734=LINE('',#18251,#8914);
#7735=LINE('',#18255,#8915);
#7736=LINE('',#18259,#8916);
#7737=LINE('',#18263,#8917);
#7738=LINE('',#18267,#8918);
#7739=LINE('',#18271,#8919);
#7740=LINE('',#18275,#8920);
#7741=LINE('',#18279,#8921);
#7742=LINE('',#18283,#8922);
#7743=LINE('',#18287,#8923);
#7744=LINE('',#18291,#8924);
#7745=LINE('',#18295,#8925);
#7746=LINE('',#18299,#8926);
#7747=LINE('',#18303,#8927);
#7748=LINE('',#18307,#8928);
#7749=LINE('',#18311,#8929);
#7750=LINE('',#18315,#8930);
#7751=LINE('',#18319,#8931);
#7752=LINE('',#18323,#8932);
#7753=LINE('',#18327,#8933);
#7754=LINE('',#18331,#8934);
#7755=LINE('',#18335,#8935);
#7756=LINE('',#18339,#8936);
#7757=LINE('',#18343,#8937);
#7758=LINE('',#18347,#8938);
#7759=LINE('',#18351,#8939);
#7760=LINE('',#18355,#8940);
#7761=LINE('',#18359,#8941);
#7762=LINE('',#18363,#8942);
#7763=LINE('',#18367,#8943);
#7764=LINE('',#18371,#8944);
#7765=LINE('',#18375,#8945);
#7766=LINE('',#18379,#8946);
#7767=LINE('',#18383,#8947);
#7768=LINE('',#18387,#8948);
#7769=LINE('',#18391,#8949);
#7770=LINE('',#18395,#8950);
#7771=LINE('',#18399,#8951);
#7772=LINE('',#18403,#8952);
#7773=LINE('',#18407,#8953);
#7774=LINE('',#18411,#8954);
#7775=LINE('',#18415,#8955);
#7776=LINE('',#18419,#8956);
#7777=LINE('',#18423,#8957);
#7778=LINE('',#18427,#8958);
#7779=LINE('',#18431,#8959);
#7780=LINE('',#18435,#8960);
#7781=LINE('',#18439,#8961);
#7782=LINE('',#18443,#8962);
#7783=LINE('',#18447,#8963);
#7784=LINE('',#18451,#8964);
#7785=LINE('',#18455,#8965);
#7786=LINE('',#18459,#8966);
#7787=LINE('',#18463,#8967);
#7788=LINE('',#18467,#8968);
#7789=LINE('',#18471,#8969);
#7790=LINE('',#18475,#8970);
#7791=LINE('',#18479,#8971);
#7792=LINE('',#18483,#8972);
#7793=LINE('',#18487,#8973);
#7794=LINE('',#18491,#8974);
#7795=LINE('',#18495,#8975);
#7796=LINE('',#18499,#8976);
#7797=LINE('',#18503,#8977);
#7798=LINE('',#18507,#8978);
#7799=LINE('',#18511,#8979);
#7800=LINE('',#18515,#8980);
#7801=LINE('',#18519,#8981);
#7802=LINE('',#18523,#8982);
#7803=LINE('',#18527,#8983);
#7804=LINE('',#18531,#8984);
#7805=LINE('',#18535,#8985);
#7806=LINE('',#18539,#8986);
#7807=LINE('',#18543,#8987);
#7808=LINE('',#18547,#8988);
#7809=LINE('',#18551,#8989);
#7810=LINE('',#18555,#8990);
#7811=LINE('',#18559,#8991);
#7812=LINE('',#18563,#8992);
#7813=LINE('',#18567,#8993);
#7814=LINE('',#18571,#8994);
#7815=LINE('',#18575,#8995);
#7816=LINE('',#18579,#8996);
#7817=LINE('',#18583,#8997);
#7818=LINE('',#18587,#8998);
#7819=LINE('',#18591,#8999);
#7820=LINE('',#18595,#9000);
#7821=LINE('',#18599,#9001);
#7822=LINE('',#18603,#9002);
#7823=LINE('',#18607,#9003);
#7824=LINE('',#18611,#9004);
#7825=LINE('',#18615,#9005);
#7826=LINE('',#18619,#9006);
#7827=LINE('',#18623,#9007);
#7828=LINE('',#18627,#9008);
#7829=LINE('',#18631,#9009);
#7830=LINE('',#18635,#9010);
#7831=LINE('',#18639,#9011);
#7832=LINE('',#18643,#9012);
#7833=LINE('',#18647,#9013);
#7834=LINE('',#18651,#9014);
#7835=LINE('',#18655,#9015);
#7836=LINE('',#18659,#9016);
#7837=LINE('',#18663,#9017);
#7838=LINE('',#18667,#9018);
#7839=LINE('',#18671,#9019);
#7840=LINE('',#18675,#9020);
#7841=LINE('',#18679,#9021);
#7842=LINE('',#18683,#9022);
#7843=LINE('',#18687,#9023);
#7844=LINE('',#18691,#9024);
#7845=LINE('',#18695,#9025);
#7846=LINE('',#18699,#9026);
#7847=LINE('',#18703,#9027);
#7848=LINE('',#18707,#9028);
#7849=LINE('',#18711,#9029);
#7850=LINE('',#18715,#9030);
#7851=LINE('',#18719,#9031);
#7852=LINE('',#18723,#9032);
#7853=LINE('',#18727,#9033);
#7854=LINE('',#18731,#9034);
#7855=LINE('',#18735,#9035);
#7856=LINE('',#18739,#9036);
#7857=LINE('',#18743,#9037);
#7858=LINE('',#18747,#9038);
#7859=LINE('',#18751,#9039);
#7860=LINE('',#18755,#9040);
#7861=LINE('',#18759,#9041);
#7862=LINE('',#18763,#9042);
#7863=LINE('',#18767,#9043);
#7864=LINE('',#18771,#9044);
#7865=LINE('',#18775,#9045);
#7866=LINE('',#18779,#9046);
#7867=LINE('',#18783,#9047);
#7868=LINE('',#18787,#9048);
#7869=LINE('',#18791,#9049);
#7870=LINE('',#18795,#9050);
#7871=LINE('',#18799,#9051);
#7872=LINE('',#18803,#9052);
#7873=LINE('',#18807,#9053);
#7874=LINE('',#18811,#9054);
#7875=LINE('',#18815,#9055);
#7876=LINE('',#18819,#9056);
#7877=LINE('',#18823,#9057);
#7878=LINE('',#18827,#9058);
#7879=LINE('',#18831,#9059);
#7880=LINE('',#18835,#9060);
#7881=LINE('',#18839,#9061);
#7882=LINE('',#18843,#9062);
#7883=LINE('',#18847,#9063);
#7884=LINE('',#18851,#9064);
#7885=LINE('',#18855,#9065);
#7886=LINE('',#18859,#9066);
#7887=LINE('',#18863,#9067);
#7888=LINE('',#18867,#9068);
#7889=LINE('',#18871,#9069);
#7890=LINE('',#18875,#9070);
#7891=LINE('',#18879,#9071);
#7892=LINE('',#18883,#9072);
#7893=LINE('',#18887,#9073);
#7894=LINE('',#18891,#9074);
#7895=LINE('',#18895,#9075);
#7896=LINE('',#18899,#9076);
#7897=LINE('',#18903,#9077);
#7898=LINE('',#18907,#9078);
#7899=LINE('',#18911,#9079);
#7900=LINE('',#18915,#9080);
#7901=LINE('',#18919,#9081);
#7902=LINE('',#18923,#9082);
#7903=LINE('',#18927,#9083);
#7904=LINE('',#18931,#9084);
#7905=LINE('',#18935,#9085);
#7906=LINE('',#18939,#9086);
#7907=LINE('',#18943,#9087);
#7908=LINE('',#18947,#9088);
#7909=LINE('',#18951,#9089);
#7910=LINE('',#18955,#9090);
#7911=LINE('',#18959,#9091);
#7912=LINE('',#18963,#9092);
#7913=LINE('',#18967,#9093);
#7914=LINE('',#18971,#9094);
#7915=LINE('',#18975,#9095);
#7916=LINE('',#18979,#9096);
#7917=LINE('',#18983,#9097);
#7918=LINE('',#18987,#9098);
#7919=LINE('',#18991,#9099);
#7920=LINE('',#18995,#9100);
#7921=LINE('',#18999,#9101);
#7922=LINE('',#19003,#9102);
#7923=LINE('',#19007,#9103);
#7924=LINE('',#19011,#9104);
#7925=LINE('',#19015,#9105);
#7926=LINE('',#19019,#9106);
#7927=LINE('',#19023,#9107);
#7928=LINE('',#19027,#9108);
#7929=LINE('',#19031,#9109);
#7930=LINE('',#19035,#9110);
#7931=LINE('',#19039,#9111);
#7932=LINE('',#19043,#9112);
#7933=LINE('',#19047,#9113);
#7934=LINE('',#19051,#9114);
#7935=LINE('',#19055,#9115);
#7936=LINE('',#19059,#9116);
#7937=LINE('',#19063,#9117);
#7938=LINE('',#19067,#9118);
#7939=LINE('',#19071,#9119);
#7940=LINE('',#19075,#9120);
#7941=LINE('',#19079,#9121);
#7942=LINE('',#19083,#9122);
#7943=LINE('',#19087,#9123);
#7944=LINE('',#19091,#9124);
#7945=LINE('',#19095,#9125);
#7946=LINE('',#19099,#9126);
#7947=LINE('',#19103,#9127);
#7948=LINE('',#19107,#9128);
#7949=LINE('',#19111,#9129);
#7950=LINE('',#19115,#9130);
#7951=LINE('',#19119,#9131);
#7952=LINE('',#19120,#9132);
#7953=LINE('',#19125,#9133);
#7954=LINE('',#19129,#9134);
#7955=LINE('',#19133,#9135);
#7956=LINE('',#19139,#9136);
#7957=LINE('',#19143,#9137);
#7958=LINE('',#19147,#9138);
#7959=LINE('',#19151,#9139);
#7960=LINE('',#19155,#9140);
#7961=LINE('',#19159,#9141);
#7962=LINE('',#19163,#9142);
#7963=LINE('',#19167,#9143);
#7964=LINE('',#19171,#9144);
#7965=LINE('',#19175,#9145);
#7966=LINE('',#19179,#9146);
#7967=LINE('',#19183,#9147);
#7968=LINE('',#19187,#9148);
#7969=LINE('',#19191,#9149);
#7970=LINE('',#19195,#9150);
#7971=LINE('',#19199,#9151);
#7972=LINE('',#19203,#9152);
#7973=LINE('',#19207,#9153);
#7974=LINE('',#19211,#9154);
#7975=LINE('',#19215,#9155);
#7976=LINE('',#19219,#9156);
#7977=LINE('',#19223,#9157);
#7978=LINE('',#19227,#9158);
#7979=LINE('',#19231,#9159);
#7980=LINE('',#19235,#9160);
#7981=LINE('',#19239,#9161);
#7982=LINE('',#19243,#9162);
#7983=LINE('',#19247,#9163);
#7984=LINE('',#19251,#9164);
#7985=LINE('',#19255,#9165);
#7986=LINE('',#19259,#9166);
#7987=LINE('',#19263,#9167);
#7988=LINE('',#19272,#9168);
#7989=LINE('',#19275,#9169);
#7990=LINE('',#19277,#9170);
#7991=LINE('',#19279,#9171);
#7992=LINE('',#19281,#9172);
#7993=LINE('',#19282,#9173);
#7994=LINE('',#19284,#9174);
#7995=LINE('',#19286,#9175);
#7996=LINE('',#19288,#9176);
#7997=LINE('',#19290,#9177);
#7998=LINE('',#19292,#9178);
#7999=LINE('',#19294,#9179);
#8000=LINE('',#19297,#9180);
#8001=LINE('',#19298,#9181);
#8002=LINE('',#19300,#9182);
#8003=LINE('',#19302,#9183);
#8004=LINE('',#19304,#9184);
#8005=LINE('',#19306,#9185);
#8006=LINE('',#19308,#9186);
#8007=LINE('',#19310,#9187);
#8008=LINE('',#19313,#9188);
#8009=LINE('',#19314,#9189);
#8010=LINE('',#19316,#9190);
#8011=LINE('',#19318,#9191);
#8012=LINE('',#19320,#9192);
#8013=LINE('',#19322,#9193);
#8014=LINE('',#19324,#9194);
#8015=LINE('',#19326,#9195);
#8016=LINE('',#19329,#9196);
#8017=LINE('',#19330,#9197);
#8018=LINE('',#19332,#9198);
#8019=LINE('',#19334,#9199);
#8020=LINE('',#19336,#9200);
#8021=LINE('',#19338,#9201);
#8022=LINE('',#19340,#9202);
#8023=LINE('',#19342,#9203);
#8024=LINE('',#19345,#9204);
#8025=LINE('',#19346,#9205);
#8026=LINE('',#19348,#9206);
#8027=LINE('',#19350,#9207);
#8028=LINE('',#19352,#9208);
#8029=LINE('',#19354,#9209);
#8030=LINE('',#19356,#9210);
#8031=LINE('',#19358,#9211);
#8032=LINE('',#19361,#9212);
#8033=LINE('',#19362,#9213);
#8034=LINE('',#19364,#9214);
#8035=LINE('',#19366,#9215);
#8036=LINE('',#19368,#9216);
#8037=LINE('',#19370,#9217);
#8038=LINE('',#19372,#9218);
#8039=LINE('',#19374,#9219);
#8040=LINE('',#19377,#9220);
#8041=LINE('',#19378,#9221);
#8042=LINE('',#19380,#9222);
#8043=LINE('',#19382,#9223);
#8044=LINE('',#19384,#9224);
#8045=LINE('',#19386,#9225);
#8046=LINE('',#19388,#9226);
#8047=LINE('',#19390,#9227);
#8048=LINE('',#19393,#9228);
#8049=LINE('',#19394,#9229);
#8050=LINE('',#19396,#9230);
#8051=LINE('',#19398,#9231);
#8052=LINE('',#19400,#9232);
#8053=LINE('',#19402,#9233);
#8054=LINE('',#19404,#9234);
#8055=LINE('',#19406,#9235);
#8056=LINE('',#19409,#9236);
#8057=LINE('',#19410,#9237);
#8058=LINE('',#19412,#9238);
#8059=LINE('',#19414,#9239);
#8060=LINE('',#19416,#9240);
#8061=LINE('',#19418,#9241);
#8062=LINE('',#19420,#9242);
#8063=LINE('',#19422,#9243);
#8064=LINE('',#19425,#9244);
#8065=LINE('',#19426,#9245);
#8066=LINE('',#19428,#9246);
#8067=LINE('',#19430,#9247);
#8068=LINE('',#19432,#9248);
#8069=LINE('',#19434,#9249);
#8070=LINE('',#19436,#9250);
#8071=LINE('',#19438,#9251);
#8072=LINE('',#19441,#9252);
#8073=LINE('',#19442,#9253);
#8074=LINE('',#19444,#9254);
#8075=LINE('',#19446,#9255);
#8076=LINE('',#19448,#9256);
#8077=LINE('',#19450,#9257);
#8078=LINE('',#19452,#9258);
#8079=LINE('',#19454,#9259);
#8080=LINE('',#19457,#9260);
#8081=LINE('',#19458,#9261);
#8082=LINE('',#19460,#9262);
#8083=LINE('',#19462,#9263);
#8084=LINE('',#19464,#9264);
#8085=LINE('',#19466,#9265);
#8086=LINE('',#19468,#9266);
#8087=LINE('',#19470,#9267);
#8088=LINE('',#19473,#9268);
#8089=LINE('',#19474,#9269);
#8090=LINE('',#19476,#9270);
#8091=LINE('',#19478,#9271);
#8092=LINE('',#19480,#9272);
#8093=LINE('',#19482,#9273);
#8094=LINE('',#19484,#9274);
#8095=LINE('',#19486,#9275);
#8096=LINE('',#19489,#9276);
#8097=LINE('',#19490,#9277);
#8098=LINE('',#19492,#9278);
#8099=LINE('',#19494,#9279);
#8100=LINE('',#19496,#9280);
#8101=LINE('',#19498,#9281);
#8102=LINE('',#19500,#9282);
#8103=LINE('',#19502,#9283);
#8104=LINE('',#19505,#9284);
#8105=LINE('',#19506,#9285);
#8106=LINE('',#19508,#9286);
#8107=LINE('',#19510,#9287);
#8108=LINE('',#19512,#9288);
#8109=LINE('',#19514,#9289);
#8110=LINE('',#19516,#9290);
#8111=LINE('',#19518,#9291);
#8112=LINE('',#19521,#9292);
#8113=LINE('',#19522,#9293);
#8114=LINE('',#19524,#9294);
#8115=LINE('',#19526,#9295);
#8116=LINE('',#19528,#9296);
#8117=LINE('',#19530,#9297);
#8118=LINE('',#19532,#9298);
#8119=LINE('',#19534,#9299);
#8120=LINE('',#19537,#9300);
#8121=LINE('',#19538,#9301);
#8122=LINE('',#19540,#9302);
#8123=LINE('',#19542,#9303);
#8124=LINE('',#19544,#9304);
#8125=LINE('',#19546,#9305);
#8126=LINE('',#19548,#9306);
#8127=LINE('',#19550,#9307);
#8128=LINE('',#19553,#9308);
#8129=LINE('',#19554,#9309);
#8130=LINE('',#19556,#9310);
#8131=LINE('',#19558,#9311);
#8132=LINE('',#19560,#9312);
#8133=LINE('',#19562,#9313);
#8134=LINE('',#19564,#9314);
#8135=LINE('',#19566,#9315);
#8136=LINE('',#19569,#9316);
#8137=LINE('',#19570,#9317);
#8138=LINE('',#19572,#9318);
#8139=LINE('',#19574,#9319);
#8140=LINE('',#19576,#9320);
#8141=LINE('',#19578,#9321);
#8142=LINE('',#19580,#9322);
#8143=LINE('',#19582,#9323);
#8144=LINE('',#19585,#9324);
#8145=LINE('',#19586,#9325);
#8146=LINE('',#19588,#9326);
#8147=LINE('',#19590,#9327);
#8148=LINE('',#19592,#9328);
#8149=LINE('',#19594,#9329);
#8150=LINE('',#19596,#9330);
#8151=LINE('',#19598,#9331);
#8152=LINE('',#19601,#9332);
#8153=LINE('',#19602,#9333);
#8154=LINE('',#19604,#9334);
#8155=LINE('',#19606,#9335);
#8156=LINE('',#19608,#9336);
#8157=LINE('',#19610,#9337);
#8158=LINE('',#19612,#9338);
#8159=LINE('',#19614,#9339);
#8160=LINE('',#19617,#9340);
#8161=LINE('',#19618,#9341);
#8162=LINE('',#19620,#9342);
#8163=LINE('',#19622,#9343);
#8164=LINE('',#19624,#9344);
#8165=LINE('',#19626,#9345);
#8166=LINE('',#19628,#9346);
#8167=LINE('',#19630,#9347);
#8168=LINE('',#19633,#9348);
#8169=LINE('',#19634,#9349);
#8170=LINE('',#19636,#9350);
#8171=LINE('',#19638,#9351);
#8172=LINE('',#19640,#9352);
#8173=LINE('',#19642,#9353);
#8174=LINE('',#19644,#9354);
#8175=LINE('',#19646,#9355);
#8176=LINE('',#19649,#9356);
#8177=LINE('',#19650,#9357);
#8178=LINE('',#19652,#9358);
#8179=LINE('',#19654,#9359);
#8180=LINE('',#19656,#9360);
#8181=LINE('',#19658,#9361);
#8182=LINE('',#19660,#9362);
#8183=LINE('',#19662,#9363);
#8184=LINE('',#19665,#9364);
#8185=LINE('',#19666,#9365);
#8186=LINE('',#19668,#9366);
#8187=LINE('',#19670,#9367);
#8188=LINE('',#19672,#9368);
#8189=LINE('',#19674,#9369);
#8190=LINE('',#19676,#9370);
#8191=LINE('',#19678,#9371);
#8192=LINE('',#19681,#9372);
#8193=LINE('',#19682,#9373);
#8194=LINE('',#19684,#9374);
#8195=LINE('',#19686,#9375);
#8196=LINE('',#19688,#9376);
#8197=LINE('',#19690,#9377);
#8198=LINE('',#19692,#9378);
#8199=LINE('',#19694,#9379);
#8200=LINE('',#19697,#9380);
#8201=LINE('',#19698,#9381);
#8202=LINE('',#19700,#9382);
#8203=LINE('',#19702,#9383);
#8204=LINE('',#19704,#9384);
#8205=LINE('',#19706,#9385);
#8206=LINE('',#19708,#9386);
#8207=LINE('',#19710,#9387);
#8208=LINE('',#19713,#9388);
#8209=LINE('',#19714,#9389);
#8210=LINE('',#19716,#9390);
#8211=LINE('',#19718,#9391);
#8212=LINE('',#19720,#9392);
#8213=LINE('',#19722,#9393);
#8214=LINE('',#19724,#9394);
#8215=LINE('',#19726,#9395);
#8216=LINE('',#19729,#9396);
#8217=LINE('',#19730,#9397);
#8218=LINE('',#19732,#9398);
#8219=LINE('',#19734,#9399);
#8220=LINE('',#19736,#9400);
#8221=LINE('',#19738,#9401);
#8222=LINE('',#19740,#9402);
#8223=LINE('',#19742,#9403);
#8224=LINE('',#19745,#9404);
#8225=LINE('',#19746,#9405);
#8226=LINE('',#19748,#9406);
#8227=LINE('',#19750,#9407);
#8228=LINE('',#19752,#9408);
#8229=LINE('',#19754,#9409);
#8230=LINE('',#19756,#9410);
#8231=LINE('',#19758,#9411);
#8232=LINE('',#19761,#9412);
#8233=LINE('',#19762,#9413);
#8234=LINE('',#19764,#9414);
#8235=LINE('',#19766,#9415);
#8236=LINE('',#19768,#9416);
#8237=LINE('',#19770,#9417);
#8238=LINE('',#19772,#9418);
#8239=LINE('',#19774,#9419);
#8240=LINE('',#19777,#9420);
#8241=LINE('',#19778,#9421);
#8242=LINE('',#19780,#9422);
#8243=LINE('',#19782,#9423);
#8244=LINE('',#19784,#9424);
#8245=LINE('',#19786,#9425);
#8246=LINE('',#19788,#9426);
#8247=LINE('',#19790,#9427);
#8248=LINE('',#19793,#9428);
#8249=LINE('',#19794,#9429);
#8250=LINE('',#19796,#9430);
#8251=LINE('',#19798,#9431);
#8252=LINE('',#19800,#9432);
#8253=LINE('',#19802,#9433);
#8254=LINE('',#19804,#9434);
#8255=LINE('',#19806,#9435);
#8256=LINE('',#19809,#9436);
#8257=LINE('',#19810,#9437);
#8258=LINE('',#19812,#9438);
#8259=LINE('',#19814,#9439);
#8260=LINE('',#19816,#9440);
#8261=LINE('',#19818,#9441);
#8262=LINE('',#19820,#9442);
#8263=LINE('',#19822,#9443);
#8264=LINE('',#19825,#9444);
#8265=LINE('',#19826,#9445);
#8266=LINE('',#19828,#9446);
#8267=LINE('',#19830,#9447);
#8268=LINE('',#19832,#9448);
#8269=LINE('',#19834,#9449);
#8270=LINE('',#19836,#9450);
#8271=LINE('',#19838,#9451);
#8272=LINE('',#19841,#9452);
#8273=LINE('',#19842,#9453);
#8274=LINE('',#19844,#9454);
#8275=LINE('',#19846,#9455);
#8276=LINE('',#19848,#9456);
#8277=LINE('',#19850,#9457);
#8278=LINE('',#19852,#9458);
#8279=LINE('',#19854,#9459);
#8280=LINE('',#19857,#9460);
#8281=LINE('',#19858,#9461);
#8282=LINE('',#19860,#9462);
#8283=LINE('',#19862,#9463);
#8284=LINE('',#19864,#9464);
#8285=LINE('',#19866,#9465);
#8286=LINE('',#19868,#9466);
#8287=LINE('',#19870,#9467);
#8288=LINE('',#19873,#9468);
#8289=LINE('',#19874,#9469);
#8290=LINE('',#19876,#9470);
#8291=LINE('',#19878,#9471);
#8292=LINE('',#19880,#9472);
#8293=LINE('',#19882,#9473);
#8294=LINE('',#19884,#9474);
#8295=LINE('',#19886,#9475);
#8296=LINE('',#19889,#9476);
#8297=LINE('',#19890,#9477);
#8298=LINE('',#19892,#9478);
#8299=LINE('',#19894,#9479);
#8300=LINE('',#19896,#9480);
#8301=LINE('',#19898,#9481);
#8302=LINE('',#19900,#9482);
#8303=LINE('',#19902,#9483);
#8304=LINE('',#19905,#9484);
#8305=LINE('',#19906,#9485);
#8306=LINE('',#19908,#9486);
#8307=LINE('',#19910,#9487);
#8308=LINE('',#19912,#9488);
#8309=LINE('',#19914,#9489);
#8310=LINE('',#19916,#9490);
#8311=LINE('',#19918,#9491);
#8312=LINE('',#19921,#9492);
#8313=LINE('',#19922,#9493);
#8314=LINE('',#19924,#9494);
#8315=LINE('',#19926,#9495);
#8316=LINE('',#19928,#9496);
#8317=LINE('',#19930,#9497);
#8318=LINE('',#19932,#9498);
#8319=LINE('',#19934,#9499);
#8320=LINE('',#19937,#9500);
#8321=LINE('',#19938,#9501);
#8322=LINE('',#19940,#9502);
#8323=LINE('',#19942,#9503);
#8324=LINE('',#19944,#9504);
#8325=LINE('',#19946,#9505);
#8326=LINE('',#19948,#9506);
#8327=LINE('',#19950,#9507);
#8328=LINE('',#19953,#9508);
#8329=LINE('',#19954,#9509);
#8330=LINE('',#19956,#9510);
#8331=LINE('',#19958,#9511);
#8332=LINE('',#19960,#9512);
#8333=LINE('',#19962,#9513);
#8334=LINE('',#19964,#9514);
#8335=LINE('',#19966,#9515);
#8336=LINE('',#19969,#9516);
#8337=LINE('',#19970,#9517);
#8338=LINE('',#19972,#9518);
#8339=LINE('',#19974,#9519);
#8340=LINE('',#19976,#9520);
#8341=LINE('',#19978,#9521);
#8342=LINE('',#19980,#9522);
#8343=LINE('',#19982,#9523);
#8344=LINE('',#19985,#9524);
#8345=LINE('',#19986,#9525);
#8346=LINE('',#19988,#9526);
#8347=LINE('',#19990,#9527);
#8348=LINE('',#19992,#9528);
#8349=LINE('',#19994,#9529);
#8350=LINE('',#19996,#9530);
#8351=LINE('',#19998,#9531);
#8352=LINE('',#20001,#9532);
#8353=LINE('',#20002,#9533);
#8354=LINE('',#20004,#9534);
#8355=LINE('',#20006,#9535);
#8356=LINE('',#20008,#9536);
#8357=LINE('',#20010,#9537);
#8358=LINE('',#20012,#9538);
#8359=LINE('',#20014,#9539);
#8360=LINE('',#20017,#9540);
#8361=LINE('',#20018,#9541);
#8362=LINE('',#20020,#9542);
#8363=LINE('',#20022,#9543);
#8364=LINE('',#20024,#9544);
#8365=LINE('',#20026,#9545);
#8366=LINE('',#20028,#9546);
#8367=LINE('',#20030,#9547);
#8368=LINE('',#20033,#9548);
#8369=LINE('',#20034,#9549);
#8370=LINE('',#20036,#9550);
#8371=LINE('',#20038,#9551);
#8372=LINE('',#20040,#9552);
#8373=LINE('',#20042,#9553);
#8374=LINE('',#20044,#9554);
#8375=LINE('',#20046,#9555);
#8376=LINE('',#20049,#9556);
#8377=LINE('',#20050,#9557);
#8378=LINE('',#20052,#9558);
#8379=LINE('',#20054,#9559);
#8380=LINE('',#20056,#9560);
#8381=LINE('',#20058,#9561);
#8382=LINE('',#20060,#9562);
#8383=LINE('',#20062,#9563);
#8384=LINE('',#20065,#9564);
#8385=LINE('',#20066,#9565);
#8386=LINE('',#20068,#9566);
#8387=LINE('',#20070,#9567);
#8388=LINE('',#20072,#9568);
#8389=LINE('',#20074,#9569);
#8390=LINE('',#20076,#9570);
#8391=LINE('',#20078,#9571);
#8392=LINE('',#20081,#9572);
#8393=LINE('',#20082,#9573);
#8394=LINE('',#20084,#9574);
#8395=LINE('',#20086,#9575);
#8396=LINE('',#20088,#9576);
#8397=LINE('',#20090,#9577);
#8398=LINE('',#20092,#9578);
#8399=LINE('',#20094,#9579);
#8400=LINE('',#20097,#9580);
#8401=LINE('',#20098,#9581);
#8402=LINE('',#20100,#9582);
#8403=LINE('',#20102,#9583);
#8404=LINE('',#20104,#9584);
#8405=LINE('',#20106,#9585);
#8406=LINE('',#20108,#9586);
#8407=LINE('',#20110,#9587);
#8408=LINE('',#20113,#9588);
#8409=LINE('',#20114,#9589);
#8410=LINE('',#20116,#9590);
#8411=LINE('',#20118,#9591);
#8412=LINE('',#20120,#9592);
#8413=LINE('',#20122,#9593);
#8414=LINE('',#20124,#9594);
#8415=LINE('',#20126,#9595);
#8416=LINE('',#20129,#9596);
#8417=LINE('',#20130,#9597);
#8418=LINE('',#20132,#9598);
#8419=LINE('',#20134,#9599);
#8420=LINE('',#20136,#9600);
#8421=LINE('',#20138,#9601);
#8422=LINE('',#20140,#9602);
#8423=LINE('',#20142,#9603);
#8424=LINE('',#20145,#9604);
#8425=LINE('',#20146,#9605);
#8426=LINE('',#20148,#9606);
#8427=LINE('',#20150,#9607);
#8428=LINE('',#20152,#9608);
#8429=LINE('',#20154,#9609);
#8430=LINE('',#20156,#9610);
#8431=LINE('',#20158,#9611);
#8432=LINE('',#20161,#9612);
#8433=LINE('',#20162,#9613);
#8434=LINE('',#20164,#9614);
#8435=LINE('',#20166,#9615);
#8436=LINE('',#20168,#9616);
#8437=LINE('',#20170,#9617);
#8438=LINE('',#20172,#9618);
#8439=LINE('',#20174,#9619);
#8440=LINE('',#20177,#9620);
#8441=LINE('',#20178,#9621);
#8442=LINE('',#20180,#9622);
#8443=LINE('',#20182,#9623);
#8444=LINE('',#20184,#9624);
#8445=LINE('',#20186,#9625);
#8446=LINE('',#20188,#9626);
#8447=LINE('',#20190,#9627);
#8448=LINE('',#20193,#9628);
#8449=LINE('',#20194,#9629);
#8450=LINE('',#20196,#9630);
#8451=LINE('',#20198,#9631);
#8452=LINE('',#20200,#9632);
#8453=LINE('',#20202,#9633);
#8454=LINE('',#20204,#9634);
#8455=LINE('',#20206,#9635);
#8456=LINE('',#20209,#9636);
#8457=LINE('',#20210,#9637);
#8458=LINE('',#20212,#9638);
#8459=LINE('',#20214,#9639);
#8460=LINE('',#20216,#9640);
#8461=LINE('',#20218,#9641);
#8462=LINE('',#20220,#9642);
#8463=LINE('',#20222,#9643);
#8464=LINE('',#20225,#9644);
#8465=LINE('',#20226,#9645);
#8466=LINE('',#20228,#9646);
#8467=LINE('',#20230,#9647);
#8468=LINE('',#20232,#9648);
#8469=LINE('',#20234,#9649);
#8470=LINE('',#20236,#9650);
#8471=LINE('',#20238,#9651);
#8472=LINE('',#20241,#9652);
#8473=LINE('',#20242,#9653);
#8474=LINE('',#20244,#9654);
#8475=LINE('',#20246,#9655);
#8476=LINE('',#20248,#9656);
#8477=LINE('',#20250,#9657);
#8478=LINE('',#20252,#9658);
#8479=LINE('',#20254,#9659);
#8480=LINE('',#20257,#9660);
#8481=LINE('',#20258,#9661);
#8482=LINE('',#20260,#9662);
#8483=LINE('',#20262,#9663);
#8484=LINE('',#20264,#9664);
#8485=LINE('',#20266,#9665);
#8486=LINE('',#20268,#9666);
#8487=LINE('',#20270,#9667);
#8488=LINE('',#20273,#9668);
#8489=LINE('',#20274,#9669);
#8490=LINE('',#20276,#9670);
#8491=LINE('',#20278,#9671);
#8492=LINE('',#20280,#9672);
#8493=LINE('',#20282,#9673);
#8494=LINE('',#20284,#9674);
#8495=LINE('',#20286,#9675);
#8496=LINE('',#20289,#9676);
#8497=LINE('',#20290,#9677);
#8498=LINE('',#20292,#9678);
#8499=LINE('',#20294,#9679);
#8500=LINE('',#20296,#9680);
#8501=LINE('',#20298,#9681);
#8502=LINE('',#20300,#9682);
#8503=LINE('',#20302,#9683);
#8504=LINE('',#20305,#9684);
#8505=LINE('',#20306,#9685);
#8506=LINE('',#20308,#9686);
#8507=LINE('',#20310,#9687);
#8508=LINE('',#20312,#9688);
#8509=LINE('',#20314,#9689);
#8510=LINE('',#20316,#9690);
#8511=LINE('',#20318,#9691);
#8512=LINE('',#20321,#9692);
#8513=LINE('',#20322,#9693);
#8514=LINE('',#20324,#9694);
#8515=LINE('',#20326,#9695);
#8516=LINE('',#20328,#9696);
#8517=LINE('',#20330,#9697);
#8518=LINE('',#20332,#9698);
#8519=LINE('',#20334,#9699);
#8520=LINE('',#20337,#9700);
#8521=LINE('',#20338,#9701);
#8522=LINE('',#20340,#9702);
#8523=LINE('',#20342,#9703);
#8524=LINE('',#20344,#9704);
#8525=LINE('',#20346,#9705);
#8526=LINE('',#20348,#9706);
#8527=LINE('',#20350,#9707);
#8528=LINE('',#20353,#9708);
#8529=LINE('',#20354,#9709);
#8530=LINE('',#20356,#9710);
#8531=LINE('',#20358,#9711);
#8532=LINE('',#20360,#9712);
#8533=LINE('',#20362,#9713);
#8534=LINE('',#20364,#9714);
#8535=LINE('',#20366,#9715);
#8536=LINE('',#20369,#9716);
#8537=LINE('',#20370,#9717);
#8538=LINE('',#20372,#9718);
#8539=LINE('',#20374,#9719);
#8540=LINE('',#20376,#9720);
#8541=LINE('',#20378,#9721);
#8542=LINE('',#20380,#9722);
#8543=LINE('',#20382,#9723);
#8544=LINE('',#20385,#9724);
#8545=LINE('',#20386,#9725);
#8546=LINE('',#20388,#9726);
#8547=LINE('',#20390,#9727);
#8548=LINE('',#20392,#9728);
#8549=LINE('',#20394,#9729);
#8550=LINE('',#20396,#9730);
#8551=LINE('',#20398,#9731);
#8552=LINE('',#20401,#9732);
#8553=LINE('',#20402,#9733);
#8554=LINE('',#20404,#9734);
#8555=LINE('',#20406,#9735);
#8556=LINE('',#20408,#9736);
#8557=LINE('',#20410,#9737);
#8558=LINE('',#20412,#9738);
#8559=LINE('',#20414,#9739);
#8560=LINE('',#20417,#9740);
#8561=LINE('',#20418,#9741);
#8562=LINE('',#20420,#9742);
#8563=LINE('',#20422,#9743);
#8564=LINE('',#20424,#9744);
#8565=LINE('',#20426,#9745);
#8566=LINE('',#20428,#9746);
#8567=LINE('',#20430,#9747);
#8568=LINE('',#20437,#9748);
#8569=LINE('',#20438,#9749);
#8570=LINE('',#20440,#9750);
#8571=LINE('',#20442,#9751);
#8572=LINE('',#20445,#9752);
#8573=LINE('',#20446,#9753);
#8574=LINE('',#20448,#9754);
#8575=LINE('',#20450,#9755);
#8576=LINE('',#20452,#9756);
#8577=LINE('',#20454,#9757);
#8578=LINE('',#20456,#9758);
#8579=LINE('',#20458,#9759);
#8580=VECTOR('',#13359,1.);
#8581=VECTOR('',#13362,1.);
#8582=VECTOR('',#13365,1.);
#8583=VECTOR('',#13368,1.);
#8584=VECTOR('',#13379,1.);
#8585=VECTOR('',#13382,1.);
#8586=VECTOR('',#13385,1.);
#8587=VECTOR('',#13388,1.);
#8588=VECTOR('',#13391,1.);
#8589=VECTOR('',#13394,1.);
#8590=VECTOR('',#13397,1.);
#8591=VECTOR('',#13400,1.);
#8592=VECTOR('',#13403,1.);
#8593=VECTOR('',#13406,1.);
#8594=VECTOR('',#13409,1.);
#8595=VECTOR('',#13412,1.);
#8596=VECTOR('',#13415,1.);
#8597=VECTOR('',#13418,1.);
#8598=VECTOR('',#13421,1.);
#8599=VECTOR('',#13424,1.);
#8600=VECTOR('',#13427,1.);
#8601=VECTOR('',#13430,1.);
#8602=VECTOR('',#13433,1.);
#8603=VECTOR('',#13436,1.);
#8604=VECTOR('',#13439,1.);
#8605=VECTOR('',#13442,1.);
#8606=VECTOR('',#13445,1.);
#8607=VECTOR('',#13448,1.);
#8608=VECTOR('',#13451,1.);
#8609=VECTOR('',#13454,1.);
#8610=VECTOR('',#13457,1.);
#8611=VECTOR('',#13460,1.);
#8612=VECTOR('',#13463,1.);
#8613=VECTOR('',#13466,1.);
#8614=VECTOR('',#13469,1.);
#8615=VECTOR('',#13472,1.);
#8616=VECTOR('',#13475,1.);
#8617=VECTOR('',#13478,1.);
#8618=VECTOR('',#13481,1.);
#8619=VECTOR('',#13484,1.);
#8620=VECTOR('',#13487,1.);
#8621=VECTOR('',#13490,1.);
#8622=VECTOR('',#13493,1.);
#8623=VECTOR('',#13496,1.);
#8624=VECTOR('',#13499,1.);
#8625=VECTOR('',#13502,1.);
#8626=VECTOR('',#13505,1.);
#8627=VECTOR('',#13508,1.);
#8628=VECTOR('',#13511,1.);
#8629=VECTOR('',#13514,1.);
#8630=VECTOR('',#13517,1.);
#8631=VECTOR('',#13520,1.);
#8632=VECTOR('',#13523,1.);
#8633=VECTOR('',#13526,1.);
#8634=VECTOR('',#13529,1.);
#8635=VECTOR('',#13532,1.);
#8636=VECTOR('',#13535,1.);
#8637=VECTOR('',#13538,1.);
#8638=VECTOR('',#13541,1.);
#8639=VECTOR('',#13544,1.);
#8640=VECTOR('',#13547,1.);
#8641=VECTOR('',#13550,1.);
#8642=VECTOR('',#13553,1.);
#8643=VECTOR('',#13556,1.);
#8644=VECTOR('',#13559,1.);
#8645=VECTOR('',#13562,1.);
#8646=VECTOR('',#13565,1.);
#8647=VECTOR('',#13568,1.);
#8648=VECTOR('',#13571,1.);
#8649=VECTOR('',#13574,1.);
#8650=VECTOR('',#13577,1.);
#8651=VECTOR('',#13580,1.);
#8652=VECTOR('',#13583,1.);
#8653=VECTOR('',#13586,1.);
#8654=VECTOR('',#13589,1.);
#8655=VECTOR('',#13592,1.);
#8656=VECTOR('',#13595,1.);
#8657=VECTOR('',#13598,1.);
#8658=VECTOR('',#13601,1.);
#8659=VECTOR('',#13604,1.);
#8660=VECTOR('',#13607,1.);
#8661=VECTOR('',#13610,1.);
#8662=VECTOR('',#13613,1.);
#8663=VECTOR('',#13616,1.);
#8664=VECTOR('',#13619,1.);
#8665=VECTOR('',#13622,1.);
#8666=VECTOR('',#13625,1.);
#8667=VECTOR('',#13628,1.);
#8668=VECTOR('',#13631,1.);
#8669=VECTOR('',#13634,1.);
#8670=VECTOR('',#13637,1.);
#8671=VECTOR('',#13640,1.);
#8672=VECTOR('',#13643,1.);
#8673=VECTOR('',#13646,1.);
#8674=VECTOR('',#13649,1.);
#8675=VECTOR('',#13652,1.);
#8676=VECTOR('',#13655,1.);
#8677=VECTOR('',#13658,1.);
#8678=VECTOR('',#13661,1.);
#8679=VECTOR('',#13664,1.);
#8680=VECTOR('',#13667,1.);
#8681=VECTOR('',#13670,1.);
#8682=VECTOR('',#13673,1.);
#8683=VECTOR('',#13676,1.);
#8684=VECTOR('',#13679,1.);
#8685=VECTOR('',#13682,1.);
#8686=VECTOR('',#13685,1.);
#8687=VECTOR('',#13688,1.);
#8688=VECTOR('',#13691,1.);
#8689=VECTOR('',#13694,1.);
#8690=VECTOR('',#13697,1.);
#8691=VECTOR('',#13700,1.);
#8692=VECTOR('',#13703,1.);
#8693=VECTOR('',#13706,1.);
#8694=VECTOR('',#13709,1.);
#8695=VECTOR('',#13712,1.);
#8696=VECTOR('',#13715,1.);
#8697=VECTOR('',#13718,1.);
#8698=VECTOR('',#13721,1.);
#8699=VECTOR('',#13724,1.);
#8700=VECTOR('',#13727,1.);
#8701=VECTOR('',#13730,1.);
#8702=VECTOR('',#13733,1.);
#8703=VECTOR('',#13736,1.);
#8704=VECTOR('',#13739,1.);
#8705=VECTOR('',#13742,1.);
#8706=VECTOR('',#13745,1.);
#8707=VECTOR('',#13748,1.);
#8708=VECTOR('',#13751,1.);
#8709=VECTOR('',#13754,1.);
#8710=VECTOR('',#13757,1.);
#8711=VECTOR('',#13760,1.);
#8712=VECTOR('',#13763,1.);
#8713=VECTOR('',#13766,1.);
#8714=VECTOR('',#13769,1.);
#8715=VECTOR('',#13772,1.);
#8716=VECTOR('',#13775,1.);
#8717=VECTOR('',#13778,1.);
#8718=VECTOR('',#13781,1.);
#8719=VECTOR('',#13784,1.);
#8720=VECTOR('',#13787,1.);
#8721=VECTOR('',#13790,1.);
#8722=VECTOR('',#13793,1.);
#8723=VECTOR('',#13796,1.);
#8724=VECTOR('',#13799,1.);
#8725=VECTOR('',#13802,1.);
#8726=VECTOR('',#13805,1.);
#8727=VECTOR('',#13808,1.);
#8728=VECTOR('',#13811,1.);
#8729=VECTOR('',#13814,1.);
#8730=VECTOR('',#13817,1.);
#8731=VECTOR('',#13820,1.);
#8732=VECTOR('',#13823,1.);
#8733=VECTOR('',#13826,1.);
#8734=VECTOR('',#13829,1.);
#8735=VECTOR('',#13832,1.);
#8736=VECTOR('',#13835,1.);
#8737=VECTOR('',#13838,1.);
#8738=VECTOR('',#13841,1.);
#8739=VECTOR('',#13844,1.);
#8740=VECTOR('',#13847,1.);
#8741=VECTOR('',#13850,1.);
#8742=VECTOR('',#13853,1.);
#8743=VECTOR('',#13856,1.);
#8744=VECTOR('',#13859,1.);
#8745=VECTOR('',#13862,1.);
#8746=VECTOR('',#13865,1.);
#8747=VECTOR('',#13868,1.);
#8748=VECTOR('',#13871,1.);
#8749=VECTOR('',#13874,1.);
#8750=VECTOR('',#13877,1.);
#8751=VECTOR('',#13880,1.);
#8752=VECTOR('',#13883,1.);
#8753=VECTOR('',#13886,1.);
#8754=VECTOR('',#13889,1.);
#8755=VECTOR('',#13892,1.);
#8756=VECTOR('',#13895,1.);
#8757=VECTOR('',#13898,1.);
#8758=VECTOR('',#13901,1.);
#8759=VECTOR('',#13904,1.);
#8760=VECTOR('',#13907,1.);
#8761=VECTOR('',#13910,1.);
#8762=VECTOR('',#13913,1.);
#8763=VECTOR('',#13916,1.);
#8764=VECTOR('',#13919,1.);
#8765=VECTOR('',#13922,1.);
#8766=VECTOR('',#13925,1.);
#8767=VECTOR('',#13928,1.);
#8768=VECTOR('',#13931,1.);
#8769=VECTOR('',#13934,1.);
#8770=VECTOR('',#13937,1.);
#8771=VECTOR('',#13940,1.);
#8772=VECTOR('',#13943,1.);
#8773=VECTOR('',#13946,1.);
#8774=VECTOR('',#13949,1.);
#8775=VECTOR('',#13952,1.);
#8776=VECTOR('',#13955,1.);
#8777=VECTOR('',#13958,1.);
#8778=VECTOR('',#13961,1.);
#8779=VECTOR('',#13964,1.);
#8780=VECTOR('',#13967,1.);
#8781=VECTOR('',#13970,1.);
#8782=VECTOR('',#13973,1.);
#8783=VECTOR('',#13976,1.);
#8784=VECTOR('',#13979,1.);
#8785=VECTOR('',#13982,1.);
#8786=VECTOR('',#13985,1.);
#8787=VECTOR('',#13988,1.);
#8788=VECTOR('',#13991,1.);
#8789=VECTOR('',#13994,1.);
#8790=VECTOR('',#13997,1.);
#8791=VECTOR('',#14000,1.);
#8792=VECTOR('',#14003,1.);
#8793=VECTOR('',#14006,1.);
#8794=VECTOR('',#14009,1.);
#8795=VECTOR('',#14012,1.);
#8796=VECTOR('',#14015,1.);
#8797=VECTOR('',#14018,1.);
#8798=VECTOR('',#14021,1.);
#8799=VECTOR('',#14024,1.);
#8800=VECTOR('',#14027,1.);
#8801=VECTOR('',#14030,1.);
#8802=VECTOR('',#14033,1.);
#8803=VECTOR('',#14036,1.);
#8804=VECTOR('',#14039,1.);
#8805=VECTOR('',#14042,1.);
#8806=VECTOR('',#14045,1.);
#8807=VECTOR('',#14048,1.);
#8808=VECTOR('',#14051,1.);
#8809=VECTOR('',#14054,1.);
#8810=VECTOR('',#14057,1.);
#8811=VECTOR('',#14060,1.);
#8812=VECTOR('',#14063,1.);
#8813=VECTOR('',#14066,1.);
#8814=VECTOR('',#14069,1.);
#8815=VECTOR('',#14072,1.);
#8816=VECTOR('',#14075,1.);
#8817=VECTOR('',#14078,1.);
#8818=VECTOR('',#14081,1.);
#8819=VECTOR('',#14084,1.);
#8820=VECTOR('',#14087,1.);
#8821=VECTOR('',#14090,1.);
#8822=VECTOR('',#14093,1.);
#8823=VECTOR('',#14096,1.);
#8824=VECTOR('',#14099,1.);
#8825=VECTOR('',#14102,1.);
#8826=VECTOR('',#14105,1.);
#8827=VECTOR('',#14108,1.);
#8828=VECTOR('',#14111,1.);
#8829=VECTOR('',#14114,1.);
#8830=VECTOR('',#14117,1.);
#8831=VECTOR('',#14120,1.);
#8832=VECTOR('',#14123,1.);
#8833=VECTOR('',#14126,1.);
#8834=VECTOR('',#14129,1.);
#8835=VECTOR('',#14132,1.);
#8836=VECTOR('',#14135,1.);
#8837=VECTOR('',#14138,1.);
#8838=VECTOR('',#14141,1.);
#8839=VECTOR('',#14144,1.);
#8840=VECTOR('',#14147,1.);
#8841=VECTOR('',#14150,1.);
#8842=VECTOR('',#14153,1.);
#8843=VECTOR('',#14156,1.);
#8844=VECTOR('',#14159,1.);
#8845=VECTOR('',#14162,1.);
#8846=VECTOR('',#14165,1.);
#8847=VECTOR('',#14168,1.);
#8848=VECTOR('',#14171,1.);
#8849=VECTOR('',#14174,1.);
#8850=VECTOR('',#14177,1.);
#8851=VECTOR('',#14180,1.);
#8852=VECTOR('',#14183,1.);
#8853=VECTOR('',#14186,1.);
#8854=VECTOR('',#14189,1.);
#8855=VECTOR('',#14192,1.);
#8856=VECTOR('',#14195,1.);
#8857=VECTOR('',#14198,1.);
#8858=VECTOR('',#14201,1.);
#8859=VECTOR('',#14204,1.);
#8860=VECTOR('',#14207,1.);
#8861=VECTOR('',#14210,1.);
#8862=VECTOR('',#14213,1.);
#8863=VECTOR('',#14216,1.);
#8864=VECTOR('',#14219,1.);
#8865=VECTOR('',#14222,1.);
#8866=VECTOR('',#14225,1.);
#8867=VECTOR('',#14228,1.);
#8868=VECTOR('',#14231,1.);
#8869=VECTOR('',#14234,1.);
#8870=VECTOR('',#14237,1.);
#8871=VECTOR('',#14240,1.);
#8872=VECTOR('',#14243,1.);
#8873=VECTOR('',#14244,1.);
#8874=VECTOR('',#14245,1.);
#8875=VECTOR('',#14246,1.);
#8876=VECTOR('',#14251,1.);
#8877=VECTOR('',#14254,1.);
#8878=VECTOR('',#14257,1.);
#8879=VECTOR('',#14260,1.);
#8880=VECTOR('',#14263,1.);
#8881=VECTOR('',#14266,1.);
#8882=VECTOR('',#14269,1.);
#8883=VECTOR('',#14272,1.);
#8884=VECTOR('',#14275,1.);
#8885=VECTOR('',#14278,1.);
#8886=VECTOR('',#14281,1.);
#8887=VECTOR('',#14284,1.);
#8888=VECTOR('',#14287,1.);
#8889=VECTOR('',#14290,1.);
#8890=VECTOR('',#14293,1.);
#8891=VECTOR('',#14296,1.);
#8892=VECTOR('',#14299,1.);
#8893=VECTOR('',#14302,1.);
#8894=VECTOR('',#14305,1.);
#8895=VECTOR('',#14308,1.);
#8896=VECTOR('',#14311,1.);
#8897=VECTOR('',#14314,1.);
#8898=VECTOR('',#14317,1.);
#8899=VECTOR('',#14320,1.);
#8900=VECTOR('',#14323,1.);
#8901=VECTOR('',#14326,1.);
#8902=VECTOR('',#14329,1.);
#8903=VECTOR('',#14332,1.);
#8904=VECTOR('',#14335,1.);
#8905=VECTOR('',#14338,1.);
#8906=VECTOR('',#14341,1.);
#8907=VECTOR('',#14344,1.);
#8908=VECTOR('',#14347,1.);
#8909=VECTOR('',#14350,1.);
#8910=VECTOR('',#14353,1.);
#8911=VECTOR('',#14356,1.);
#8912=VECTOR('',#14359,1.);
#8913=VECTOR('',#14362,1.);
#8914=VECTOR('',#14365,1.);
#8915=VECTOR('',#14368,1.);
#8916=VECTOR('',#14371,1.);
#8917=VECTOR('',#14374,1.);
#8918=VECTOR('',#14377,1.);
#8919=VECTOR('',#14380,1.);
#8920=VECTOR('',#14383,1.);
#8921=VECTOR('',#14386,1.);
#8922=VECTOR('',#14389,1.);
#8923=VECTOR('',#14392,1.);
#8924=VECTOR('',#14395,1.);
#8925=VECTOR('',#14398,1.);
#8926=VECTOR('',#14401,1.);
#8927=VECTOR('',#14404,1.);
#8928=VECTOR('',#14407,1.);
#8929=VECTOR('',#14410,1.);
#8930=VECTOR('',#14413,1.);
#8931=VECTOR('',#14416,1.);
#8932=VECTOR('',#14419,1.);
#8933=VECTOR('',#14422,1.);
#8934=VECTOR('',#14425,1.);
#8935=VECTOR('',#14428,1.);
#8936=VECTOR('',#14431,1.);
#8937=VECTOR('',#14434,1.);
#8938=VECTOR('',#14437,1.);
#8939=VECTOR('',#14440,1.);
#8940=VECTOR('',#14443,1.);
#8941=VECTOR('',#14446,1.);
#8942=VECTOR('',#14449,1.);
#8943=VECTOR('',#14452,1.);
#8944=VECTOR('',#14455,1.);
#8945=VECTOR('',#14458,1.);
#8946=VECTOR('',#14461,1.);
#8947=VECTOR('',#14464,1.);
#8948=VECTOR('',#14467,1.);
#8949=VECTOR('',#14470,1.);
#8950=VECTOR('',#14473,1.);
#8951=VECTOR('',#14476,1.);
#8952=VECTOR('',#14479,1.);
#8953=VECTOR('',#14482,1.);
#8954=VECTOR('',#14485,1.);
#8955=VECTOR('',#14488,1.);
#8956=VECTOR('',#14491,1.);
#8957=VECTOR('',#14494,1.);
#8958=VECTOR('',#14497,1.);
#8959=VECTOR('',#14500,1.);
#8960=VECTOR('',#14503,1.);
#8961=VECTOR('',#14506,1.);
#8962=VECTOR('',#14509,1.);
#8963=VECTOR('',#14512,1.);
#8964=VECTOR('',#14515,1.);
#8965=VECTOR('',#14518,1.);
#8966=VECTOR('',#14521,1.);
#8967=VECTOR('',#14524,1.);
#8968=VECTOR('',#14527,1.);
#8969=VECTOR('',#14530,1.);
#8970=VECTOR('',#14533,1.);
#8971=VECTOR('',#14536,1.);
#8972=VECTOR('',#14539,1.);
#8973=VECTOR('',#14542,1.);
#8974=VECTOR('',#14545,1.);
#8975=VECTOR('',#14548,1.);
#8976=VECTOR('',#14551,1.);
#8977=VECTOR('',#14554,1.);
#8978=VECTOR('',#14557,1.);
#8979=VECTOR('',#14560,1.);
#8980=VECTOR('',#14563,1.);
#8981=VECTOR('',#14566,1.);
#8982=VECTOR('',#14569,1.);
#8983=VECTOR('',#14572,1.);
#8984=VECTOR('',#14575,1.);
#8985=VECTOR('',#14578,1.);
#8986=VECTOR('',#14581,1.);
#8987=VECTOR('',#14584,1.);
#8988=VECTOR('',#14587,1.);
#8989=VECTOR('',#14590,1.);
#8990=VECTOR('',#14593,1.);
#8991=VECTOR('',#14596,1.);
#8992=VECTOR('',#14599,1.);
#8993=VECTOR('',#14602,1.);
#8994=VECTOR('',#14605,1.);
#8995=VECTOR('',#14608,1.);
#8996=VECTOR('',#14611,1.);
#8997=VECTOR('',#14614,1.);
#8998=VECTOR('',#14617,1.);
#8999=VECTOR('',#14620,1.);
#9000=VECTOR('',#14623,1.);
#9001=VECTOR('',#14626,1.);
#9002=VECTOR('',#14629,1.);
#9003=VECTOR('',#14632,1.);
#9004=VECTOR('',#14635,1.);
#9005=VECTOR('',#14638,1.);
#9006=VECTOR('',#14641,1.);
#9007=VECTOR('',#14644,1.);
#9008=VECTOR('',#14647,1.);
#9009=VECTOR('',#14650,1.);
#9010=VECTOR('',#14653,1.);
#9011=VECTOR('',#14656,1.);
#9012=VECTOR('',#14659,1.);
#9013=VECTOR('',#14662,1.);
#9014=VECTOR('',#14665,1.);
#9015=VECTOR('',#14668,1.);
#9016=VECTOR('',#14671,1.);
#9017=VECTOR('',#14674,1.);
#9018=VECTOR('',#14677,1.);
#9019=VECTOR('',#14680,1.);
#9020=VECTOR('',#14683,1.);
#9021=VECTOR('',#14686,1.);
#9022=VECTOR('',#14689,1.);
#9023=VECTOR('',#14692,1.);
#9024=VECTOR('',#14695,1.);
#9025=VECTOR('',#14698,1.);
#9026=VECTOR('',#14701,1.);
#9027=VECTOR('',#14704,1.);
#9028=VECTOR('',#14707,1.);
#9029=VECTOR('',#14710,1.);
#9030=VECTOR('',#14713,1.);
#9031=VECTOR('',#14716,1.);
#9032=VECTOR('',#14719,1.);
#9033=VECTOR('',#14722,1.);
#9034=VECTOR('',#14725,1.);
#9035=VECTOR('',#14728,1.);
#9036=VECTOR('',#14731,1.);
#9037=VECTOR('',#14734,1.);
#9038=VECTOR('',#14737,1.);
#9039=VECTOR('',#14740,1.);
#9040=VECTOR('',#14743,1.);
#9041=VECTOR('',#14746,1.);
#9042=VECTOR('',#14749,1.);
#9043=VECTOR('',#14752,1.);
#9044=VECTOR('',#14755,1.);
#9045=VECTOR('',#14758,1.);
#9046=VECTOR('',#14761,1.);
#9047=VECTOR('',#14764,1.);
#9048=VECTOR('',#14767,1.);
#9049=VECTOR('',#14770,1.);
#9050=VECTOR('',#14773,1.);
#9051=VECTOR('',#14776,1.);
#9052=VECTOR('',#14779,1.);
#9053=VECTOR('',#14782,1.);
#9054=VECTOR('',#14785,1.);
#9055=VECTOR('',#14788,1.);
#9056=VECTOR('',#14791,1.);
#9057=VECTOR('',#14794,1.);
#9058=VECTOR('',#14797,1.);
#9059=VECTOR('',#14800,1.);
#9060=VECTOR('',#14803,1.);
#9061=VECTOR('',#14806,1.);
#9062=VECTOR('',#14809,1.);
#9063=VECTOR('',#14812,1.);
#9064=VECTOR('',#14815,1.);
#9065=VECTOR('',#14818,1.);
#9066=VECTOR('',#14821,1.);
#9067=VECTOR('',#14824,1.);
#9068=VECTOR('',#14827,1.);
#9069=VECTOR('',#14830,1.);
#9070=VECTOR('',#14833,1.);
#9071=VECTOR('',#14836,1.);
#9072=VECTOR('',#14839,1.);
#9073=VECTOR('',#14842,1.);
#9074=VECTOR('',#14845,1.);
#9075=VECTOR('',#14848,1.);
#9076=VECTOR('',#14851,1.);
#9077=VECTOR('',#14854,1.);
#9078=VECTOR('',#14857,1.);
#9079=VECTOR('',#14860,1.);
#9080=VECTOR('',#14863,1.);
#9081=VECTOR('',#14866,1.);
#9082=VECTOR('',#14869,1.);
#9083=VECTOR('',#14872,1.);
#9084=VECTOR('',#14875,1.);
#9085=VECTOR('',#14878,1.);
#9086=VECTOR('',#14881,1.);
#9087=VECTOR('',#14884,1.);
#9088=VECTOR('',#14887,1.);
#9089=VECTOR('',#14890,1.);
#9090=VECTOR('',#14893,1.);
#9091=VECTOR('',#14896,1.);
#9092=VECTOR('',#14899,1.);
#9093=VECTOR('',#14902,1.);
#9094=VECTOR('',#14905,1.);
#9095=VECTOR('',#14908,1.);
#9096=VECTOR('',#14911,1.);
#9097=VECTOR('',#14914,1.);
#9098=VECTOR('',#14917,1.);
#9099=VECTOR('',#14920,1.);
#9100=VECTOR('',#14923,1.);
#9101=VECTOR('',#14926,1.);
#9102=VECTOR('',#14929,1.);
#9103=VECTOR('',#14932,1.);
#9104=VECTOR('',#14935,1.);
#9105=VECTOR('',#14938,1.);
#9106=VECTOR('',#14941,1.);
#9107=VECTOR('',#14944,1.);
#9108=VECTOR('',#14947,1.);
#9109=VECTOR('',#14950,1.);
#9110=VECTOR('',#14953,1.);
#9111=VECTOR('',#14956,1.);
#9112=VECTOR('',#14959,1.);
#9113=VECTOR('',#14962,1.);
#9114=VECTOR('',#14965,1.);
#9115=VECTOR('',#14968,1.);
#9116=VECTOR('',#14971,1.);
#9117=VECTOR('',#14974,1.);
#9118=VECTOR('',#14977,1.);
#9119=VECTOR('',#14980,1.);
#9120=VECTOR('',#14983,1.);
#9121=VECTOR('',#14986,1.);
#9122=VECTOR('',#14989,1.);
#9123=VECTOR('',#14992,1.);
#9124=VECTOR('',#14995,1.);
#9125=VECTOR('',#14998,1.);
#9126=VECTOR('',#15001,1.);
#9127=VECTOR('',#15004,1.);
#9128=VECTOR('',#15007,1.);
#9129=VECTOR('',#15010,1.);
#9130=VECTOR('',#15013,1.);
#9131=VECTOR('',#15016,1.);
#9132=VECTOR('',#15017,1.);
#9133=VECTOR('',#15020,1.);
#9134=VECTOR('',#15023,1.);
#9135=VECTOR('',#15026,1.);
#9136=VECTOR('',#15031,1.);
#9137=VECTOR('',#15034,1.);
#9138=VECTOR('',#15037,1.);
#9139=VECTOR('',#15040,1.);
#9140=VECTOR('',#15043,1.);
#9141=VECTOR('',#15046,1.);
#9142=VECTOR('',#15049,1.);
#9143=VECTOR('',#15052,1.);
#9144=VECTOR('',#15055,1.);
#9145=VECTOR('',#15058,1.);
#9146=VECTOR('',#15061,1.);
#9147=VECTOR('',#15064,1.);
#9148=VECTOR('',#15067,1.);
#9149=VECTOR('',#15070,1.);
#9150=VECTOR('',#15073,1.);
#9151=VECTOR('',#15076,1.);
#9152=VECTOR('',#15079,1.);
#9153=VECTOR('',#15082,1.);
#9154=VECTOR('',#15085,1.);
#9155=VECTOR('',#15088,1.);
#9156=VECTOR('',#15091,1.);
#9157=VECTOR('',#15094,1.);
#9158=VECTOR('',#15097,1.);
#9159=VECTOR('',#15100,1.);
#9160=VECTOR('',#15103,1.);
#9161=VECTOR('',#15106,1.);
#9162=VECTOR('',#15109,1.);
#9163=VECTOR('',#15112,1.);
#9164=VECTOR('',#15115,1.);
#9165=VECTOR('',#15118,1.);
#9166=VECTOR('',#15121,1.);
#9167=VECTOR('',#15124,1.);
#9168=VECTOR('',#15133,1.);
#9169=VECTOR('',#15134,1.);
#9170=VECTOR('',#15135,1.);
#9171=VECTOR('',#15136,1.);
#9172=VECTOR('',#15139,1.);
#9173=VECTOR('',#15140,1.);
#9174=VECTOR('',#15143,1.);
#9175=VECTOR('',#15146,1.);
#9176=VECTOR('',#15149,1.);
#9177=VECTOR('',#15152,1.);
#9178=VECTOR('',#15155,1.);
#9179=VECTOR('',#15158,1.);
#9180=VECTOR('',#15163,1.);
#9181=VECTOR('',#15164,1.);
#9182=VECTOR('',#15167,1.);
#9183=VECTOR('',#15170,1.);
#9184=VECTOR('',#15173,1.);
#9185=VECTOR('',#15176,1.);
#9186=VECTOR('',#15179,1.);
#9187=VECTOR('',#15182,1.);
#9188=VECTOR('',#15187,1.);
#9189=VECTOR('',#15188,1.);
#9190=VECTOR('',#15191,1.);
#9191=VECTOR('',#15194,1.);
#9192=VECTOR('',#15197,1.);
#9193=VECTOR('',#15200,1.);
#9194=VECTOR('',#15203,1.);
#9195=VECTOR('',#15206,1.);
#9196=VECTOR('',#15211,1.);
#9197=VECTOR('',#15212,1.);
#9198=VECTOR('',#15215,1.);
#9199=VECTOR('',#15218,1.);
#9200=VECTOR('',#15221,1.);
#9201=VECTOR('',#15224,1.);
#9202=VECTOR('',#15227,1.);
#9203=VECTOR('',#15230,1.);
#9204=VECTOR('',#15235,1.);
#9205=VECTOR('',#15236,1.);
#9206=VECTOR('',#15239,1.);
#9207=VECTOR('',#15242,1.);
#9208=VECTOR('',#15245,1.);
#9209=VECTOR('',#15248,1.);
#9210=VECTOR('',#15251,1.);
#9211=VECTOR('',#15254,1.);
#9212=VECTOR('',#15259,1.);
#9213=VECTOR('',#15260,1.);
#9214=VECTOR('',#15263,1.);
#9215=VECTOR('',#15266,1.);
#9216=VECTOR('',#15269,1.);
#9217=VECTOR('',#15272,1.);
#9218=VECTOR('',#15275,1.);
#9219=VECTOR('',#15278,1.);
#9220=VECTOR('',#15283,1.);
#9221=VECTOR('',#15284,1.);
#9222=VECTOR('',#15287,1.);
#9223=VECTOR('',#15290,1.);
#9224=VECTOR('',#15293,1.);
#9225=VECTOR('',#15296,1.);
#9226=VECTOR('',#15299,1.);
#9227=VECTOR('',#15302,1.);
#9228=VECTOR('',#15307,1.);
#9229=VECTOR('',#15308,1.);
#9230=VECTOR('',#15311,1.);
#9231=VECTOR('',#15314,1.);
#9232=VECTOR('',#15317,1.);
#9233=VECTOR('',#15320,1.);
#9234=VECTOR('',#15323,1.);
#9235=VECTOR('',#15326,1.);
#9236=VECTOR('',#15331,1.);
#9237=VECTOR('',#15332,1.);
#9238=VECTOR('',#15335,1.);
#9239=VECTOR('',#15338,1.);
#9240=VECTOR('',#15341,1.);
#9241=VECTOR('',#15344,1.);
#9242=VECTOR('',#15347,1.);
#9243=VECTOR('',#15350,1.);
#9244=VECTOR('',#15355,1.);
#9245=VECTOR('',#15356,1.);
#9246=VECTOR('',#15359,1.);
#9247=VECTOR('',#15362,1.);
#9248=VECTOR('',#15365,1.);
#9249=VECTOR('',#15368,1.);
#9250=VECTOR('',#15371,1.);
#9251=VECTOR('',#15374,1.);
#9252=VECTOR('',#15379,1.);
#9253=VECTOR('',#15380,1.);
#9254=VECTOR('',#15383,1.);
#9255=VECTOR('',#15386,1.);
#9256=VECTOR('',#15389,1.);
#9257=VECTOR('',#15392,1.);
#9258=VECTOR('',#15395,1.);
#9259=VECTOR('',#15398,1.);
#9260=VECTOR('',#15403,1.);
#9261=VECTOR('',#15404,1.);
#9262=VECTOR('',#15407,1.);
#9263=VECTOR('',#15410,1.);
#9264=VECTOR('',#15413,1.);
#9265=VECTOR('',#15416,1.);
#9266=VECTOR('',#15419,1.);
#9267=VECTOR('',#15422,1.);
#9268=VECTOR('',#15427,1.);
#9269=VECTOR('',#15428,1.);
#9270=VECTOR('',#15431,1.);
#9271=VECTOR('',#15434,1.);
#9272=VECTOR('',#15437,1.);
#9273=VECTOR('',#15440,1.);
#9274=VECTOR('',#15443,1.);
#9275=VECTOR('',#15446,1.);
#9276=VECTOR('',#15451,1.);
#9277=VECTOR('',#15452,1.);
#9278=VECTOR('',#15455,1.);
#9279=VECTOR('',#15458,1.);
#9280=VECTOR('',#15461,1.);
#9281=VECTOR('',#15464,1.);
#9282=VECTOR('',#15467,1.);
#9283=VECTOR('',#15470,1.);
#9284=VECTOR('',#15475,1.);
#9285=VECTOR('',#15476,1.);
#9286=VECTOR('',#15479,1.);
#9287=VECTOR('',#15482,1.);
#9288=VECTOR('',#15485,1.);
#9289=VECTOR('',#15488,1.);
#9290=VECTOR('',#15491,1.);
#9291=VECTOR('',#15494,1.);
#9292=VECTOR('',#15499,1.);
#9293=VECTOR('',#15500,1.);
#9294=VECTOR('',#15503,1.);
#9295=VECTOR('',#15506,1.);
#9296=VECTOR('',#15509,1.);
#9297=VECTOR('',#15512,1.);
#9298=VECTOR('',#15515,1.);
#9299=VECTOR('',#15518,1.);
#9300=VECTOR('',#15523,1.);
#9301=VECTOR('',#15524,1.);
#9302=VECTOR('',#15527,1.);
#9303=VECTOR('',#15530,1.);
#9304=VECTOR('',#15533,1.);
#9305=VECTOR('',#15536,1.);
#9306=VECTOR('',#15539,1.);
#9307=VECTOR('',#15542,1.);
#9308=VECTOR('',#15547,1.);
#9309=VECTOR('',#15548,1.);
#9310=VECTOR('',#15551,1.);
#9311=VECTOR('',#15554,1.);
#9312=VECTOR('',#15557,1.);
#9313=VECTOR('',#15560,1.);
#9314=VECTOR('',#15563,1.);
#9315=VECTOR('',#15566,1.);
#9316=VECTOR('',#15571,1.);
#9317=VECTOR('',#15572,1.);
#9318=VECTOR('',#15575,1.);
#9319=VECTOR('',#15578,1.);
#9320=VECTOR('',#15581,1.);
#9321=VECTOR('',#15584,1.);
#9322=VECTOR('',#15587,1.);
#9323=VECTOR('',#15590,1.);
#9324=VECTOR('',#15595,1.);
#9325=VECTOR('',#15596,1.);
#9326=VECTOR('',#15599,1.);
#9327=VECTOR('',#15602,1.);
#9328=VECTOR('',#15605,1.);
#9329=VECTOR('',#15608,1.);
#9330=VECTOR('',#15611,1.);
#9331=VECTOR('',#15614,1.);
#9332=VECTOR('',#15619,1.);
#9333=VECTOR('',#15620,1.);
#9334=VECTOR('',#15623,1.);
#9335=VECTOR('',#15626,1.);
#9336=VECTOR('',#15629,1.);
#9337=VECTOR('',#15632,1.);
#9338=VECTOR('',#15635,1.);
#9339=VECTOR('',#15638,1.);
#9340=VECTOR('',#15643,1.);
#9341=VECTOR('',#15644,1.);
#9342=VECTOR('',#15647,1.);
#9343=VECTOR('',#15650,1.);
#9344=VECTOR('',#15653,1.);
#9345=VECTOR('',#15656,1.);
#9346=VECTOR('',#15659,1.);
#9347=VECTOR('',#15662,1.);
#9348=VECTOR('',#15667,1.);
#9349=VECTOR('',#15668,1.);
#9350=VECTOR('',#15671,1.);
#9351=VECTOR('',#15674,1.);
#9352=VECTOR('',#15677,1.);
#9353=VECTOR('',#15680,1.);
#9354=VECTOR('',#15683,1.);
#9355=VECTOR('',#15686,1.);
#9356=VECTOR('',#15691,1.);
#9357=VECTOR('',#15692,1.);
#9358=VECTOR('',#15695,1.);
#9359=VECTOR('',#15698,1.);
#9360=VECTOR('',#15701,1.);
#9361=VECTOR('',#15704,1.);
#9362=VECTOR('',#15707,1.);
#9363=VECTOR('',#15710,1.);
#9364=VECTOR('',#15715,1.);
#9365=VECTOR('',#15716,1.);
#9366=VECTOR('',#15719,1.);
#9367=VECTOR('',#15722,1.);
#9368=VECTOR('',#15725,1.);
#9369=VECTOR('',#15728,1.);
#9370=VECTOR('',#15731,1.);
#9371=VECTOR('',#15734,1.);
#9372=VECTOR('',#15739,1.);
#9373=VECTOR('',#15740,1.);
#9374=VECTOR('',#15743,1.);
#9375=VECTOR('',#15746,1.);
#9376=VECTOR('',#15749,1.);
#9377=VECTOR('',#15752,1.);
#9378=VECTOR('',#15755,1.);
#9379=VECTOR('',#15758,1.);
#9380=VECTOR('',#15763,1.);
#9381=VECTOR('',#15764,1.);
#9382=VECTOR('',#15767,1.);
#9383=VECTOR('',#15770,1.);
#9384=VECTOR('',#15773,1.);
#9385=VECTOR('',#15776,1.);
#9386=VECTOR('',#15779,1.);
#9387=VECTOR('',#15782,1.);
#9388=VECTOR('',#15787,1.);
#9389=VECTOR('',#15788,1.);
#9390=VECTOR('',#15791,1.);
#9391=VECTOR('',#15794,1.);
#9392=VECTOR('',#15797,1.);
#9393=VECTOR('',#15800,1.);
#9394=VECTOR('',#15803,1.);
#9395=VECTOR('',#15806,1.);
#9396=VECTOR('',#15811,1.);
#9397=VECTOR('',#15812,1.);
#9398=VECTOR('',#15815,1.);
#9399=VECTOR('',#15818,1.);
#9400=VECTOR('',#15821,1.);
#9401=VECTOR('',#15824,1.);
#9402=VECTOR('',#15827,1.);
#9403=VECTOR('',#15830,1.);
#9404=VECTOR('',#15835,1.);
#9405=VECTOR('',#15836,1.);
#9406=VECTOR('',#15839,1.);
#9407=VECTOR('',#15842,1.);
#9408=VECTOR('',#15845,1.);
#9409=VECTOR('',#15848,1.);
#9410=VECTOR('',#15851,1.);
#9411=VECTOR('',#15854,1.);
#9412=VECTOR('',#15859,1.);
#9413=VECTOR('',#15860,1.);
#9414=VECTOR('',#15863,1.);
#9415=VECTOR('',#15866,1.);
#9416=VECTOR('',#15869,1.);
#9417=VECTOR('',#15872,1.);
#9418=VECTOR('',#15875,1.);
#9419=VECTOR('',#15878,1.);
#9420=VECTOR('',#15883,1.);
#9421=VECTOR('',#15884,1.);
#9422=VECTOR('',#15887,1.);
#9423=VECTOR('',#15890,1.);
#9424=VECTOR('',#15893,1.);
#9425=VECTOR('',#15896,1.);
#9426=VECTOR('',#15899,1.);
#9427=VECTOR('',#15902,1.);
#9428=VECTOR('',#15907,1.);
#9429=VECTOR('',#15908,1.);
#9430=VECTOR('',#15911,1.);
#9431=VECTOR('',#15914,1.);
#9432=VECTOR('',#15917,1.);
#9433=VECTOR('',#15920,1.);
#9434=VECTOR('',#15923,1.);
#9435=VECTOR('',#15926,1.);
#9436=VECTOR('',#15931,1.);
#9437=VECTOR('',#15932,1.);
#9438=VECTOR('',#15935,1.);
#9439=VECTOR('',#15938,1.);
#9440=VECTOR('',#15941,1.);
#9441=VECTOR('',#15944,1.);
#9442=VECTOR('',#15947,1.);
#9443=VECTOR('',#15950,1.);
#9444=VECTOR('',#15955,1.);
#9445=VECTOR('',#15956,1.);
#9446=VECTOR('',#15959,1.);
#9447=VECTOR('',#15962,1.);
#9448=VECTOR('',#15965,1.);
#9449=VECTOR('',#15968,1.);
#9450=VECTOR('',#15971,1.);
#9451=VECTOR('',#15974,1.);
#9452=VECTOR('',#15979,1.);
#9453=VECTOR('',#15980,1.);
#9454=VECTOR('',#15983,1.);
#9455=VECTOR('',#15986,1.);
#9456=VECTOR('',#15989,1.);
#9457=VECTOR('',#15992,1.);
#9458=VECTOR('',#15995,1.);
#9459=VECTOR('',#15998,1.);
#9460=VECTOR('',#16003,1.);
#9461=VECTOR('',#16004,1.);
#9462=VECTOR('',#16007,1.);
#9463=VECTOR('',#16010,1.);
#9464=VECTOR('',#16013,1.);
#9465=VECTOR('',#16016,1.);
#9466=VECTOR('',#16019,1.);
#9467=VECTOR('',#16022,1.);
#9468=VECTOR('',#16027,1.);
#9469=VECTOR('',#16028,1.);
#9470=VECTOR('',#16031,1.);
#9471=VECTOR('',#16034,1.);
#9472=VECTOR('',#16037,1.);
#9473=VECTOR('',#16040,1.);
#9474=VECTOR('',#16043,1.);
#9475=VECTOR('',#16046,1.);
#9476=VECTOR('',#16051,1.);
#9477=VECTOR('',#16052,1.);
#9478=VECTOR('',#16055,1.);
#9479=VECTOR('',#16058,1.);
#9480=VECTOR('',#16061,1.);
#9481=VECTOR('',#16064,1.);
#9482=VECTOR('',#16067,1.);
#9483=VECTOR('',#16070,1.);
#9484=VECTOR('',#16075,1.);
#9485=VECTOR('',#16076,1.);
#9486=VECTOR('',#16079,1.);
#9487=VECTOR('',#16082,1.);
#9488=VECTOR('',#16085,1.);
#9489=VECTOR('',#16088,1.);
#9490=VECTOR('',#16091,1.);
#9491=VECTOR('',#16094,1.);
#9492=VECTOR('',#16099,1.);
#9493=VECTOR('',#16100,1.);
#9494=VECTOR('',#16103,1.);
#9495=VECTOR('',#16106,1.);
#9496=VECTOR('',#16109,1.);
#9497=VECTOR('',#16112,1.);
#9498=VECTOR('',#16115,1.);
#9499=VECTOR('',#16118,1.);
#9500=VECTOR('',#16123,1.);
#9501=VECTOR('',#16124,1.);
#9502=VECTOR('',#16127,1.);
#9503=VECTOR('',#16130,1.);
#9504=VECTOR('',#16133,1.);
#9505=VECTOR('',#16136,1.);
#9506=VECTOR('',#16139,1.);
#9507=VECTOR('',#16142,1.);
#9508=VECTOR('',#16147,1.);
#9509=VECTOR('',#16148,1.);
#9510=VECTOR('',#16151,1.);
#9511=VECTOR('',#16154,1.);
#9512=VECTOR('',#16157,1.);
#9513=VECTOR('',#16160,1.);
#9514=VECTOR('',#16163,1.);
#9515=VECTOR('',#16166,1.);
#9516=VECTOR('',#16171,1.);
#9517=VECTOR('',#16172,1.);
#9518=VECTOR('',#16175,1.);
#9519=VECTOR('',#16178,1.);
#9520=VECTOR('',#16181,1.);
#9521=VECTOR('',#16184,1.);
#9522=VECTOR('',#16187,1.);
#9523=VECTOR('',#16190,1.);
#9524=VECTOR('',#16195,1.);
#9525=VECTOR('',#16196,1.);
#9526=VECTOR('',#16199,1.);
#9527=VECTOR('',#16202,1.);
#9528=VECTOR('',#16205,1.);
#9529=VECTOR('',#16208,1.);
#9530=VECTOR('',#16211,1.);
#9531=VECTOR('',#16214,1.);
#9532=VECTOR('',#16219,1.);
#9533=VECTOR('',#16220,1.);
#9534=VECTOR('',#16223,1.);
#9535=VECTOR('',#16226,1.);
#9536=VECTOR('',#16229,1.);
#9537=VECTOR('',#16232,1.);
#9538=VECTOR('',#16235,1.);
#9539=VECTOR('',#16238,1.);
#9540=VECTOR('',#16243,1.);
#9541=VECTOR('',#16244,1.);
#9542=VECTOR('',#16247,1.);
#9543=VECTOR('',#16250,1.);
#9544=VECTOR('',#16253,1.);
#9545=VECTOR('',#16256,1.);
#9546=VECTOR('',#16259,1.);
#9547=VECTOR('',#16262,1.);
#9548=VECTOR('',#16267,1.);
#9549=VECTOR('',#16268,1.);
#9550=VECTOR('',#16271,1.);
#9551=VECTOR('',#16274,1.);
#9552=VECTOR('',#16277,1.);
#9553=VECTOR('',#16280,1.);
#9554=VECTOR('',#16283,1.);
#9555=VECTOR('',#16286,1.);
#9556=VECTOR('',#16291,1.);
#9557=VECTOR('',#16292,1.);
#9558=VECTOR('',#16295,1.);
#9559=VECTOR('',#16298,1.);
#9560=VECTOR('',#16301,1.);
#9561=VECTOR('',#16304,1.);
#9562=VECTOR('',#16307,1.);
#9563=VECTOR('',#16310,1.);
#9564=VECTOR('',#16315,1.);
#9565=VECTOR('',#16316,1.);
#9566=VECTOR('',#16319,1.);
#9567=VECTOR('',#16322,1.);
#9568=VECTOR('',#16325,1.);
#9569=VECTOR('',#16328,1.);
#9570=VECTOR('',#16331,1.);
#9571=VECTOR('',#16334,1.);
#9572=VECTOR('',#16339,1.);
#9573=VECTOR('',#16340,1.);
#9574=VECTOR('',#16343,1.);
#9575=VECTOR('',#16346,1.);
#9576=VECTOR('',#16349,1.);
#9577=VECTOR('',#16352,1.);
#9578=VECTOR('',#16355,1.);
#9579=VECTOR('',#16358,1.);
#9580=VECTOR('',#16363,1.);
#9581=VECTOR('',#16364,1.);
#9582=VECTOR('',#16367,1.);
#9583=VECTOR('',#16370,1.);
#9584=VECTOR('',#16373,1.);
#9585=VECTOR('',#16376,1.);
#9586=VECTOR('',#16379,1.);
#9587=VECTOR('',#16382,1.);
#9588=VECTOR('',#16387,1.);
#9589=VECTOR('',#16388,1.);
#9590=VECTOR('',#16391,1.);
#9591=VECTOR('',#16394,1.);
#9592=VECTOR('',#16397,1.);
#9593=VECTOR('',#16400,1.);
#9594=VECTOR('',#16403,1.);
#9595=VECTOR('',#16406,1.);
#9596=VECTOR('',#16411,1.);
#9597=VECTOR('',#16412,1.);
#9598=VECTOR('',#16415,1.);
#9599=VECTOR('',#16418,1.);
#9600=VECTOR('',#16421,1.);
#9601=VECTOR('',#16424,1.);
#9602=VECTOR('',#16427,1.);
#9603=VECTOR('',#16430,1.);
#9604=VECTOR('',#16435,1.);
#9605=VECTOR('',#16436,1.);
#9606=VECTOR('',#16439,1.);
#9607=VECTOR('',#16442,1.);
#9608=VECTOR('',#16445,1.);
#9609=VECTOR('',#16448,1.);
#9610=VECTOR('',#16451,1.);
#9611=VECTOR('',#16454,1.);
#9612=VECTOR('',#16459,1.);
#9613=VECTOR('',#16460,1.);
#9614=VECTOR('',#16463,1.);
#9615=VECTOR('',#16466,1.);
#9616=VECTOR('',#16469,1.);
#9617=VECTOR('',#16472,1.);
#9618=VECTOR('',#16475,1.);
#9619=VECTOR('',#16478,1.);
#9620=VECTOR('',#16483,1.);
#9621=VECTOR('',#16484,1.);
#9622=VECTOR('',#16487,1.);
#9623=VECTOR('',#16490,1.);
#9624=VECTOR('',#16493,1.);
#9625=VECTOR('',#16496,1.);
#9626=VECTOR('',#16499,1.);
#9627=VECTOR('',#16502,1.);
#9628=VECTOR('',#16507,1.);
#9629=VECTOR('',#16508,1.);
#9630=VECTOR('',#16511,1.);
#9631=VECTOR('',#16514,1.);
#9632=VECTOR('',#16517,1.);
#9633=VECTOR('',#16520,1.);
#9634=VECTOR('',#16523,1.);
#9635=VECTOR('',#16526,1.);
#9636=VECTOR('',#16531,1.);
#9637=VECTOR('',#16532,1.);
#9638=VECTOR('',#16535,1.);
#9639=VECTOR('',#16538,1.);
#9640=VECTOR('',#16541,1.);
#9641=VECTOR('',#16544,1.);
#9642=VECTOR('',#16547,1.);
#9643=VECTOR('',#16550,1.);
#9644=VECTOR('',#16555,1.);
#9645=VECTOR('',#16556,1.);
#9646=VECTOR('',#16559,1.);
#9647=VECTOR('',#16562,1.);
#9648=VECTOR('',#16565,1.);
#9649=VECTOR('',#16568,1.);
#9650=VECTOR('',#16571,1.);
#9651=VECTOR('',#16574,1.);
#9652=VECTOR('',#16579,1.);
#9653=VECTOR('',#16580,1.);
#9654=VECTOR('',#16583,1.);
#9655=VECTOR('',#16586,1.);
#9656=VECTOR('',#16589,1.);
#9657=VECTOR('',#16592,1.);
#9658=VECTOR('',#16595,1.);
#9659=VECTOR('',#16598,1.);
#9660=VECTOR('',#16603,1.);
#9661=VECTOR('',#16604,1.);
#9662=VECTOR('',#16607,1.);
#9663=VECTOR('',#16610,1.);
#9664=VECTOR('',#16613,1.);
#9665=VECTOR('',#16616,1.);
#9666=VECTOR('',#16619,1.);
#9667=VECTOR('',#16622,1.);
#9668=VECTOR('',#16627,1.);
#9669=VECTOR('',#16628,1.);
#9670=VECTOR('',#16631,1.);
#9671=VECTOR('',#16634,1.);
#9672=VECTOR('',#16637,1.);
#9673=VECTOR('',#16640,1.);
#9674=VECTOR('',#16643,1.);
#9675=VECTOR('',#16646,1.);
#9676=VECTOR('',#16651,1.);
#9677=VECTOR('',#16652,1.);
#9678=VECTOR('',#16655,1.);
#9679=VECTOR('',#16658,1.);
#9680=VECTOR('',#16661,1.);
#9681=VECTOR('',#16664,1.);
#9682=VECTOR('',#16667,1.);
#9683=VECTOR('',#16670,1.);
#9684=VECTOR('',#16675,1.);
#9685=VECTOR('',#16676,1.);
#9686=VECTOR('',#16679,1.);
#9687=VECTOR('',#16682,1.);
#9688=VECTOR('',#16685,1.);
#9689=VECTOR('',#16688,1.);
#9690=VECTOR('',#16691,1.);
#9691=VECTOR('',#16694,1.);
#9692=VECTOR('',#16699,1.);
#9693=VECTOR('',#16700,1.);
#9694=VECTOR('',#16703,1.);
#9695=VECTOR('',#16706,1.);
#9696=VECTOR('',#16709,1.);
#9697=VECTOR('',#16712,1.);
#9698=VECTOR('',#16715,1.);
#9699=VECTOR('',#16718,1.);
#9700=VECTOR('',#16723,1.);
#9701=VECTOR('',#16724,1.);
#9702=VECTOR('',#16727,1.);
#9703=VECTOR('',#16730,1.);
#9704=VECTOR('',#16733,1.);
#9705=VECTOR('',#16736,1.);
#9706=VECTOR('',#16739,1.);
#9707=VECTOR('',#16742,1.);
#9708=VECTOR('',#16747,1.);
#9709=VECTOR('',#16748,1.);
#9710=VECTOR('',#16751,1.);
#9711=VECTOR('',#16754,1.);
#9712=VECTOR('',#16757,1.);
#9713=VECTOR('',#16760,1.);
#9714=VECTOR('',#16763,1.);
#9715=VECTOR('',#16766,1.);
#9716=VECTOR('',#16771,1.);
#9717=VECTOR('',#16772,1.);
#9718=VECTOR('',#16775,1.);
#9719=VECTOR('',#16778,1.);
#9720=VECTOR('',#16781,1.);
#9721=VECTOR('',#16784,1.);
#9722=VECTOR('',#16787,1.);
#9723=VECTOR('',#16790,1.);
#9724=VECTOR('',#16795,1.);
#9725=VECTOR('',#16796,1.);
#9726=VECTOR('',#16799,1.);
#9727=VECTOR('',#16802,1.);
#9728=VECTOR('',#16805,1.);
#9729=VECTOR('',#16808,1.);
#9730=VECTOR('',#16811,1.);
#9731=VECTOR('',#16814,1.);
#9732=VECTOR('',#16819,1.);
#9733=VECTOR('',#16820,1.);
#9734=VECTOR('',#16823,1.);
#9735=VECTOR('',#16826,1.);
#9736=VECTOR('',#16829,1.);
#9737=VECTOR('',#16832,1.);
#9738=VECTOR('',#16835,1.);
#9739=VECTOR('',#16838,1.);
#9740=VECTOR('',#16843,1.);
#9741=VECTOR('',#16844,1.);
#9742=VECTOR('',#16847,1.);
#9743=VECTOR('',#16850,1.);
#9744=VECTOR('',#16853,1.);
#9745=VECTOR('',#16856,1.);
#9746=VECTOR('',#16859,1.);
#9747=VECTOR('',#16862,1.);
#9748=VECTOR('',#16875,1.);
#9749=VECTOR('',#16876,1.);
#9750=VECTOR('',#16879,1.);
#9751=VECTOR('',#16882,1.);
#9752=VECTOR('',#16887,1.);
#9753=VECTOR('',#16888,1.);
#9754=VECTOR('',#16891,1.);
#9755=VECTOR('',#16894,1.);
#9756=VECTOR('',#16897,1.);
#9757=VECTOR('',#16900,1.);
#9758=VECTOR('',#16903,1.);
#9759=VECTOR('',#16906,1.);
#9760=EDGE_LOOP('',(#900,#901,#902,#903,#904,#905,#906,#907));
#9761=EDGE_LOOP('',(#908));
#9762=EDGE_LOOP('',(#909));
#9763=EDGE_LOOP('',(#910));
#9764=EDGE_LOOP('',(#911));
#9765=EDGE_LOOP('',(#912,#913,#914,#915,#916,#917,#918,#919));
#9766=EDGE_LOOP('',(#920,#921,#922,#923,#924,#925,#926,#927));
#9767=EDGE_LOOP('',(#928,#929,#930,#931,#932,#933,#934,#935));
#9768=EDGE_LOOP('',(#936,#937,#938,#939,#940,#941,#942,#943));
#9769=EDGE_LOOP('',(#944,#945,#946,#947,#948,#949,#950,#951));
#9770=EDGE_LOOP('',(#952,#953,#954,#955,#956,#957,#958,#959));
#9771=EDGE_LOOP('',(#960,#961,#962,#963,#964,#965,#966,#967));
#9772=EDGE_LOOP('',(#968,#969,#970,#971,#972,#973,#974,#975));
#9773=EDGE_LOOP('',(#976,#977,#978,#979,#980,#981,#982,#983));
#9774=EDGE_LOOP('',(#984,#985,#986,#987,#988,#989,#990,#991));
#9775=EDGE_LOOP('',(#992,#993,#994,#995,#996,#997,#998,#999));
#9776=EDGE_LOOP('',(#1000,#1001,#1002,#1003,#1004,#1005,#1006,#1007));
#9777=EDGE_LOOP('',(#1008,#1009,#1010,#1011,#1012,#1013,#1014,#1015));
#9778=EDGE_LOOP('',(#1016,#1017,#1018,#1019,#1020,#1021,#1022,#1023));
#9779=EDGE_LOOP('',(#1024,#1025,#1026,#1027,#1028,#1029,#1030,#1031));
#9780=EDGE_LOOP('',(#1032,#1033,#1034,#1035,#1036,#1037,#1038,#1039));
#9781=EDGE_LOOP('',(#1040,#1041,#1042,#1043,#1044,#1045,#1046,#1047));
#9782=EDGE_LOOP('',(#1048,#1049,#1050,#1051,#1052,#1053,#1054,#1055));
#9783=EDGE_LOOP('',(#1056,#1057,#1058,#1059,#1060,#1061,#1062,#1063));
#9784=EDGE_LOOP('',(#1064,#1065,#1066,#1067,#1068,#1069,#1070,#1071));
#9785=EDGE_LOOP('',(#1072,#1073,#1074,#1075,#1076,#1077,#1078,#1079));
#9786=EDGE_LOOP('',(#1080,#1081,#1082,#1083,#1084,#1085,#1086,#1087));
#9787=EDGE_LOOP('',(#1088,#1089,#1090,#1091,#1092,#1093,#1094,#1095));
#9788=EDGE_LOOP('',(#1096,#1097,#1098,#1099,#1100,#1101,#1102,#1103));
#9789=EDGE_LOOP('',(#1104,#1105,#1106,#1107,#1108,#1109,#1110,#1111));
#9790=EDGE_LOOP('',(#1112,#1113,#1114,#1115,#1116,#1117,#1118,#1119));
#9791=EDGE_LOOP('',(#1120,#1121,#1122,#1123,#1124,#1125,#1126,#1127));
#9792=EDGE_LOOP('',(#1128,#1129,#1130,#1131,#1132,#1133,#1134,#1135));
#9793=EDGE_LOOP('',(#1136,#1137,#1138,#1139,#1140,#1141,#1142,#1143));
#9794=EDGE_LOOP('',(#1144,#1145,#1146,#1147,#1148,#1149,#1150,#1151));
#9795=EDGE_LOOP('',(#1152,#1153,#1154,#1155,#1156,#1157,#1158,#1159));
#9796=EDGE_LOOP('',(#1160,#1161,#1162,#1163,#1164,#1165,#1166,#1167));
#9797=EDGE_LOOP('',(#1168,#1169,#1170,#1171,#1172,#1173,#1174,#1175));
#9798=EDGE_LOOP('',(#1176,#1177,#1178,#1179,#1180,#1181,#1182,#1183));
#9799=EDGE_LOOP('',(#1184,#1185,#1186,#1187,#1188,#1189,#1190,#1191));
#9800=EDGE_LOOP('',(#1192,#1193,#1194,#1195,#1196,#1197,#1198,#1199));
#9801=EDGE_LOOP('',(#1200,#1201,#1202,#1203,#1204,#1205,#1206,#1207));
#9802=EDGE_LOOP('',(#1208,#1209,#1210,#1211,#1212,#1213,#1214,#1215));
#9803=EDGE_LOOP('',(#1216,#1217,#1218,#1219,#1220,#1221,#1222,#1223));
#9804=EDGE_LOOP('',(#1224,#1225,#1226,#1227,#1228,#1229,#1230,#1231));
#9805=EDGE_LOOP('',(#1232,#1233,#1234,#1235,#1236,#1237,#1238,#1239));
#9806=EDGE_LOOP('',(#1240,#1241,#1242,#1243,#1244,#1245,#1246,#1247));
#9807=EDGE_LOOP('',(#1248,#1249,#1250,#1251,#1252,#1253,#1254,#1255));
#9808=EDGE_LOOP('',(#1256,#1257,#1258,#1259,#1260,#1261,#1262,#1263));
#9809=EDGE_LOOP('',(#1264,#1265,#1266,#1267,#1268,#1269,#1270,#1271));
#9810=EDGE_LOOP('',(#1272,#1273,#1274,#1275,#1276,#1277,#1278,#1279));
#9811=EDGE_LOOP('',(#1280,#1281,#1282,#1283,#1284,#1285,#1286,#1287));
#9812=EDGE_LOOP('',(#1288,#1289,#1290,#1291,#1292,#1293,#1294,#1295));
#9813=EDGE_LOOP('',(#1296,#1297,#1298,#1299,#1300,#1301,#1302,#1303));
#9814=EDGE_LOOP('',(#1304,#1305,#1306,#1307,#1308,#1309,#1310,#1311));
#9815=EDGE_LOOP('',(#1312,#1313,#1314,#1315,#1316,#1317,#1318,#1319));
#9816=EDGE_LOOP('',(#1320,#1321,#1322,#1323,#1324,#1325,#1326,#1327));
#9817=EDGE_LOOP('',(#1328,#1329,#1330,#1331,#1332,#1333,#1334,#1335));
#9818=EDGE_LOOP('',(#1336,#1337,#1338,#1339,#1340,#1341,#1342,#1343));
#9819=EDGE_LOOP('',(#1344,#1345,#1346,#1347,#1348,#1349,#1350,#1351));
#9820=EDGE_LOOP('',(#1352,#1353,#1354,#1355,#1356,#1357,#1358,#1359));
#9821=EDGE_LOOP('',(#1360,#1361,#1362,#1363,#1364,#1365,#1366,#1367));
#9822=EDGE_LOOP('',(#1368,#1369,#1370,#1371,#1372,#1373,#1374,#1375));
#9823=EDGE_LOOP('',(#1376,#1377,#1378,#1379,#1380,#1381,#1382,#1383));
#9824=EDGE_LOOP('',(#1384,#1385,#1386,#1387,#1388,#1389,#1390,#1391));
#9825=EDGE_LOOP('',(#1392,#1393,#1394,#1395,#1396,#1397,#1398,#1399));
#9826=EDGE_LOOP('',(#1400,#1401,#1402,#1403,#1404,#1405,#1406,#1407));
#9827=EDGE_LOOP('',(#1408,#1409,#1410,#1411,#1412,#1413,#1414,#1415));
#9828=EDGE_LOOP('',(#1416,#1417,#1418,#1419,#1420,#1421,#1422,#1423));
#9829=EDGE_LOOP('',(#1424,#1425,#1426,#1427,#1428,#1429,#1430,#1431));
#9830=EDGE_LOOP('',(#1432,#1433,#1434,#1435,#1436,#1437,#1438,#1439));
#9831=EDGE_LOOP('',(#1440,#1441,#1442,#1443,#1444,#1445,#1446,#1447));
#9832=EDGE_LOOP('',(#1448,#1449,#1450,#1451,#1452,#1453,#1454,#1455));
#9833=EDGE_LOOP('',(#1456,#1457,#1458,#1459,#1460,#1461,#1462,#1463));
#9834=EDGE_LOOP('',(#1464,#1465,#1466,#1467,#1468,#1469,#1470,#1471));
#9835=EDGE_LOOP('',(#1472,#1473,#1474,#1475,#1476,#1477,#1478,#1479));
#9836=EDGE_LOOP('',(#1480,#1481,#1482,#1483,#1484,#1485,#1486,#1487));
#9837=EDGE_LOOP('',(#1488,#1489,#1490,#1491));
#9838=EDGE_LOOP('',(#1492,#1493,#1494,#1495,#1496,#1497,#1498,#1499));
#9839=EDGE_LOOP('',(#1500,#1501,#1502,#1503,#1504,#1505,#1506,#1507));
#9840=EDGE_LOOP('',(#1508,#1509,#1510,#1511,#1512,#1513,#1514,#1515));
#9841=EDGE_LOOP('',(#1516,#1517,#1518,#1519,#1520,#1521,#1522,#1523));
#9842=EDGE_LOOP('',(#1524,#1525,#1526,#1527,#1528,#1529,#1530,#1531));
#9843=EDGE_LOOP('',(#1532,#1533,#1534,#1535,#1536,#1537,#1538,#1539));
#9844=EDGE_LOOP('',(#1540,#1541,#1542,#1543,#1544,#1545,#1546,#1547));
#9845=EDGE_LOOP('',(#1548,#1549,#1550,#1551,#1552,#1553,#1554,#1555));
#9846=EDGE_LOOP('',(#1556,#1557,#1558,#1559,#1560,#1561,#1562,#1563));
#9847=EDGE_LOOP('',(#1564,#1565,#1566,#1567,#1568,#1569,#1570,#1571));
#9848=EDGE_LOOP('',(#1572,#1573,#1574,#1575,#1576,#1577,#1578,#1579));
#9849=EDGE_LOOP('',(#1580,#1581,#1582,#1583,#1584,#1585,#1586,#1587));
#9850=EDGE_LOOP('',(#1588,#1589,#1590,#1591,#1592,#1593,#1594,#1595));
#9851=EDGE_LOOP('',(#1596,#1597,#1598,#1599,#1600,#1601,#1602,#1603));
#9852=EDGE_LOOP('',(#1604,#1605,#1606,#1607,#1608,#1609,#1610,#1611));
#9853=EDGE_LOOP('',(#1612,#1613,#1614,#1615,#1616,#1617,#1618,#1619));
#9854=EDGE_LOOP('',(#1620,#1621,#1622,#1623,#1624,#1625,#1626,#1627));
#9855=EDGE_LOOP('',(#1628,#1629,#1630,#1631,#1632,#1633,#1634,#1635));
#9856=EDGE_LOOP('',(#1636,#1637,#1638,#1639,#1640,#1641,#1642,#1643));
#9857=EDGE_LOOP('',(#1644,#1645,#1646,#1647,#1648,#1649,#1650,#1651));
#9858=EDGE_LOOP('',(#1652,#1653,#1654,#1655,#1656,#1657,#1658,#1659));
#9859=EDGE_LOOP('',(#1660,#1661,#1662,#1663,#1664,#1665,#1666,#1667));
#9860=EDGE_LOOP('',(#1668,#1669,#1670,#1671,#1672,#1673,#1674,#1675));
#9861=EDGE_LOOP('',(#1676,#1677,#1678,#1679,#1680,#1681,#1682,#1683));
#9862=EDGE_LOOP('',(#1684,#1685,#1686,#1687,#1688,#1689,#1690,#1691));
#9863=EDGE_LOOP('',(#1692,#1693,#1694,#1695,#1696,#1697,#1698,#1699));
#9864=EDGE_LOOP('',(#1700,#1701,#1702,#1703,#1704,#1705,#1706,#1707));
#9865=EDGE_LOOP('',(#1708,#1709,#1710,#1711,#1712,#1713,#1714,#1715));
#9866=EDGE_LOOP('',(#1716,#1717,#1718,#1719,#1720,#1721,#1722,#1723));
#9867=EDGE_LOOP('',(#1724,#1725,#1726,#1727,#1728,#1729,#1730,#1731));
#9868=EDGE_LOOP('',(#1732,#1733,#1734,#1735,#1736,#1737,#1738,#1739));
#9869=EDGE_LOOP('',(#1740,#1741,#1742,#1743,#1744,#1745,#1746,#1747));
#9870=EDGE_LOOP('',(#1748,#1749,#1750,#1751,#1752,#1753,#1754,#1755));
#9871=EDGE_LOOP('',(#1756,#1757,#1758,#1759,#1760,#1761,#1762,#1763));
#9872=EDGE_LOOP('',(#1764,#1765,#1766,#1767,#1768,#1769,#1770,#1771));
#9873=EDGE_LOOP('',(#1772,#1773,#1774,#1775,#1776,#1777,#1778,#1779));
#9874=EDGE_LOOP('',(#1780,#1781,#1782,#1783,#1784,#1785,#1786,#1787));
#9875=EDGE_LOOP('',(#1788,#1789,#1790,#1791,#1792,#1793,#1794,#1795));
#9876=EDGE_LOOP('',(#1796,#1797,#1798,#1799,#1800,#1801,#1802,#1803));
#9877=EDGE_LOOP('',(#1804,#1805,#1806,#1807,#1808,#1809,#1810,#1811));
#9878=EDGE_LOOP('',(#1812,#1813,#1814,#1815,#1816,#1817,#1818,#1819));
#9879=EDGE_LOOP('',(#1820,#1821,#1822,#1823,#1824,#1825,#1826,#1827));
#9880=EDGE_LOOP('',(#1828,#1829,#1830,#1831,#1832,#1833,#1834,#1835));
#9881=EDGE_LOOP('',(#1836,#1837,#1838,#1839,#1840,#1841,#1842,#1843));
#9882=EDGE_LOOP('',(#1844,#1845,#1846,#1847,#1848,#1849,#1850,#1851));
#9883=EDGE_LOOP('',(#1852,#1853,#1854,#1855,#1856,#1857,#1858,#1859));
#9884=EDGE_LOOP('',(#1860,#1861,#1862,#1863,#1864,#1865,#1866,#1867));
#9885=EDGE_LOOP('',(#1868,#1869,#1870,#1871,#1872,#1873,#1874,#1875));
#9886=EDGE_LOOP('',(#1876,#1877,#1878,#1879,#1880,#1881,#1882,#1883));
#9887=EDGE_LOOP('',(#1884,#1885,#1886,#1887,#1888,#1889,#1890,#1891));
#9888=EDGE_LOOP('',(#1892,#1893,#1894,#1895,#1896,#1897,#1898,#1899));
#9889=EDGE_LOOP('',(#1900,#1901,#1902,#1903,#1904,#1905,#1906,#1907));
#9890=EDGE_LOOP('',(#1908,#1909,#1910,#1911,#1912,#1913,#1914,#1915));
#9891=EDGE_LOOP('',(#1916,#1917,#1918,#1919,#1920,#1921,#1922,#1923));
#9892=EDGE_LOOP('',(#1924,#1925,#1926,#1927,#1928,#1929,#1930,#1931));
#9893=EDGE_LOOP('',(#1932,#1933,#1934,#1935,#1936,#1937,#1938,#1939));
#9894=EDGE_LOOP('',(#1940,#1941,#1942,#1943,#1944,#1945,#1946,#1947));
#9895=EDGE_LOOP('',(#1948,#1949,#1950,#1951,#1952,#1953,#1954,#1955));
#9896=EDGE_LOOP('',(#1956,#1957,#1958,#1959,#1960,#1961,#1962,#1963));
#9897=EDGE_LOOP('',(#1964,#1965,#1966,#1967,#1968,#1969,#1970,#1971));
#9898=EDGE_LOOP('',(#1972,#1973,#1974,#1975,#1976,#1977,#1978,#1979));
#9899=EDGE_LOOP('',(#1980,#1981,#1982,#1983,#1984,#1985,#1986,#1987));
#9900=EDGE_LOOP('',(#1988,#1989,#1990,#1991,#1992,#1993,#1994,#1995));
#9901=EDGE_LOOP('',(#1996,#1997,#1998,#1999,#2000,#2001,#2002,#2003));
#9902=EDGE_LOOP('',(#2004,#2005,#2006,#2007,#2008,#2009,#2010,#2011));
#9903=EDGE_LOOP('',(#2012,#2013,#2014,#2015,#2016,#2017,#2018,#2019));
#9904=EDGE_LOOP('',(#2020,#2021,#2022,#2023,#2024,#2025,#2026,#2027));
#9905=EDGE_LOOP('',(#2028,#2029,#2030,#2031,#2032,#2033,#2034,#2035));
#9906=EDGE_LOOP('',(#2036,#2037,#2038,#2039,#2040,#2041,#2042,#2043));
#9907=EDGE_LOOP('',(#2044,#2045,#2046,#2047,#2048,#2049,#2050,#2051));
#9908=EDGE_LOOP('',(#2052,#2053,#2054,#2055,#2056,#2057,#2058,#2059));
#9909=EDGE_LOOP('',(#2060,#2061,#2062,#2063,#2064,#2065,#2066,#2067));
#9910=EDGE_LOOP('',(#2068,#2069,#2070,#2071,#2072,#2073,#2074,#2075));
#9911=EDGE_LOOP('',(#2076));
#9912=EDGE_LOOP('',(#2077));
#9913=EDGE_LOOP('',(#2078));
#9914=EDGE_LOOP('',(#2079));
#9915=EDGE_LOOP('',(#2080,#2081,#2082,#2083));
#9916=EDGE_LOOP('',(#2084,#2085,#2086,#2087));
#9917=EDGE_LOOP('',(#2088,#2089,#2090,#2091));
#9918=EDGE_LOOP('',(#2092,#2093,#2094,#2095));
#9919=EDGE_LOOP('',(#2096,#2097,#2098,#2099));
#9920=EDGE_LOOP('',(#2100,#2101,#2102,#2103));
#9921=EDGE_LOOP('',(#2104,#2105,#2106,#2107));
#9922=EDGE_LOOP('',(#2108,#2109,#2110,#2111));
#9923=EDGE_LOOP('',(#2112,#2113,#2114,#2115));
#9924=EDGE_LOOP('',(#2116,#2117,#2118,#2119));
#9925=EDGE_LOOP('',(#2120,#2121,#2122,#2123));
#9926=EDGE_LOOP('',(#2124,#2125,#2126,#2127));
#9927=EDGE_LOOP('',(#2128,#2129,#2130,#2131));
#9928=EDGE_LOOP('',(#2132,#2133,#2134,#2135));
#9929=EDGE_LOOP('',(#2136,#2137,#2138,#2139));
#9930=EDGE_LOOP('',(#2140,#2141,#2142,#2143));
#9931=EDGE_LOOP('',(#2144,#2145,#2146,#2147));
#9932=EDGE_LOOP('',(#2148,#2149,#2150,#2151));
#9933=EDGE_LOOP('',(#2152,#2153,#2154,#2155));
#9934=EDGE_LOOP('',(#2156,#2157,#2158,#2159));
#9935=EDGE_LOOP('',(#2160,#2161,#2162,#2163));
#9936=EDGE_LOOP('',(#2164,#2165,#2166,#2167));
#9937=EDGE_LOOP('',(#2168,#2169,#2170,#2171));
#9938=EDGE_LOOP('',(#2172,#2173,#2174,#2175));
#9939=EDGE_LOOP('',(#2176,#2177,#2178,#2179));
#9940=EDGE_LOOP('',(#2180,#2181,#2182,#2183));
#9941=EDGE_LOOP('',(#2184,#2185,#2186,#2187));
#9942=EDGE_LOOP('',(#2188,#2189,#2190,#2191));
#9943=EDGE_LOOP('',(#2192,#2193,#2194,#2195));
#9944=EDGE_LOOP('',(#2196,#2197,#2198,#2199));
#9945=EDGE_LOOP('',(#2200,#2201,#2202,#2203));
#9946=EDGE_LOOP('',(#2204,#2205,#2206,#2207));
#9947=EDGE_LOOP('',(#2208,#2209,#2210,#2211));
#9948=EDGE_LOOP('',(#2212,#2213,#2214,#2215));
#9949=EDGE_LOOP('',(#2216,#2217,#2218,#2219));
#9950=EDGE_LOOP('',(#2220,#2221,#2222,#2223));
#9951=EDGE_LOOP('',(#2224,#2225,#2226,#2227));
#9952=EDGE_LOOP('',(#2228,#2229,#2230,#2231));
#9953=EDGE_LOOP('',(#2232,#2233,#2234,#2235));
#9954=EDGE_LOOP('',(#2236,#2237,#2238,#2239));
#9955=EDGE_LOOP('',(#2240,#2241,#2242,#2243));
#9956=EDGE_LOOP('',(#2244,#2245,#2246,#2247));
#9957=EDGE_LOOP('',(#2248,#2249,#2250,#2251));
#9958=EDGE_LOOP('',(#2252,#2253,#2254,#2255));
#9959=EDGE_LOOP('',(#2256,#2257,#2258,#2259));
#9960=EDGE_LOOP('',(#2260,#2261,#2262,#2263));
#9961=EDGE_LOOP('',(#2264,#2265,#2266,#2267));
#9962=EDGE_LOOP('',(#2268,#2269,#2270,#2271));
#9963=EDGE_LOOP('',(#2272,#2273,#2274,#2275));
#9964=EDGE_LOOP('',(#2276,#2277,#2278,#2279));
#9965=EDGE_LOOP('',(#2280,#2281,#2282,#2283));
#9966=EDGE_LOOP('',(#2284,#2285,#2286,#2287));
#9967=EDGE_LOOP('',(#2288,#2289,#2290,#2291));
#9968=EDGE_LOOP('',(#2292,#2293,#2294,#2295));
#9969=EDGE_LOOP('',(#2296,#2297,#2298,#2299));
#9970=EDGE_LOOP('',(#2300,#2301,#2302,#2303));
#9971=EDGE_LOOP('',(#2304,#2305,#2306,#2307));
#9972=EDGE_LOOP('',(#2308,#2309,#2310,#2311));
#9973=EDGE_LOOP('',(#2312,#2313,#2314,#2315));
#9974=EDGE_LOOP('',(#2316,#2317,#2318,#2319));
#9975=EDGE_LOOP('',(#2320,#2321,#2322,#2323));
#9976=EDGE_LOOP('',(#2324,#2325,#2326,#2327));
#9977=EDGE_LOOP('',(#2328,#2329,#2330,#2331));
#9978=EDGE_LOOP('',(#2332,#2333,#2334,#2335));
#9979=EDGE_LOOP('',(#2336,#2337,#2338,#2339));
#9980=EDGE_LOOP('',(#2340,#2341,#2342,#2343));
#9981=EDGE_LOOP('',(#2344,#2345,#2346,#2347));
#9982=EDGE_LOOP('',(#2348,#2349,#2350,#2351));
#9983=EDGE_LOOP('',(#2352,#2353,#2354,#2355));
#9984=EDGE_LOOP('',(#2356,#2357,#2358,#2359));
#9985=EDGE_LOOP('',(#2360,#2361,#2362,#2363));
#9986=EDGE_LOOP('',(#2364,#2365,#2366,#2367));
#9987=EDGE_LOOP('',(#2368,#2369,#2370,#2371));
#9988=EDGE_LOOP('',(#2372,#2373,#2374,#2375));
#9989=EDGE_LOOP('',(#2376,#2377,#2378,#2379));
#9990=EDGE_LOOP('',(#2380,#2381,#2382,#2383));
#9991=EDGE_LOOP('',(#2384,#2385,#2386,#2387));
#9992=EDGE_LOOP('',(#2388,#2389,#2390,#2391));
#9993=EDGE_LOOP('',(#2392,#2393,#2394,#2395));
#9994=EDGE_LOOP('',(#2396,#2397,#2398,#2399));
#9995=EDGE_LOOP('',(#2400,#2401,#2402,#2403));
#9996=EDGE_LOOP('',(#2404,#2405,#2406,#2407));
#9997=EDGE_LOOP('',(#2408,#2409,#2410,#2411));
#9998=EDGE_LOOP('',(#2412,#2413,#2414,#2415));
#9999=EDGE_LOOP('',(#2416,#2417,#2418,#2419));
#10000=EDGE_LOOP('',(#2420,#2421,#2422,#2423));
#10001=EDGE_LOOP('',(#2424,#2425,#2426,#2427));
#10002=EDGE_LOOP('',(#2428,#2429,#2430,#2431));
#10003=EDGE_LOOP('',(#2432,#2433,#2434,#2435));
#10004=EDGE_LOOP('',(#2436,#2437,#2438,#2439));
#10005=EDGE_LOOP('',(#2440,#2441,#2442,#2443));
#10006=EDGE_LOOP('',(#2444,#2445,#2446,#2447));
#10007=EDGE_LOOP('',(#2448,#2449,#2450,#2451));
#10008=EDGE_LOOP('',(#2452,#2453,#2454,#2455));
#10009=EDGE_LOOP('',(#2456,#2457,#2458,#2459));
#10010=EDGE_LOOP('',(#2460,#2461,#2462,#2463));
#10011=EDGE_LOOP('',(#2464,#2465,#2466,#2467));
#10012=EDGE_LOOP('',(#2468,#2469,#2470,#2471));
#10013=EDGE_LOOP('',(#2472,#2473,#2474,#2475));
#10014=EDGE_LOOP('',(#2476,#2477,#2478,#2479));
#10015=EDGE_LOOP('',(#2480,#2481,#2482,#2483));
#10016=EDGE_LOOP('',(#2484,#2485,#2486,#2487));
#10017=EDGE_LOOP('',(#2488,#2489,#2490,#2491));
#10018=EDGE_LOOP('',(#2492,#2493,#2494,#2495));
#10019=EDGE_LOOP('',(#2496,#2497,#2498,#2499));
#10020=EDGE_LOOP('',(#2500,#2501,#2502,#2503));
#10021=EDGE_LOOP('',(#2504,#2505,#2506,#2507));
#10022=EDGE_LOOP('',(#2508,#2509,#2510,#2511));
#10023=EDGE_LOOP('',(#2512,#2513,#2514,#2515));
#10024=EDGE_LOOP('',(#2516,#2517,#2518,#2519));
#10025=EDGE_LOOP('',(#2520,#2521,#2522,#2523));
#10026=EDGE_LOOP('',(#2524,#2525,#2526,#2527));
#10027=EDGE_LOOP('',(#2528,#2529,#2530,#2531));
#10028=EDGE_LOOP('',(#2532,#2533,#2534,#2535));
#10029=EDGE_LOOP('',(#2536,#2537,#2538,#2539));
#10030=EDGE_LOOP('',(#2540,#2541,#2542,#2543));
#10031=EDGE_LOOP('',(#2544,#2545,#2546,#2547));
#10032=EDGE_LOOP('',(#2548,#2549,#2550,#2551));
#10033=EDGE_LOOP('',(#2552,#2553,#2554,#2555));
#10034=EDGE_LOOP('',(#2556,#2557,#2558,#2559));
#10035=EDGE_LOOP('',(#2560,#2561,#2562,#2563));
#10036=EDGE_LOOP('',(#2564,#2565,#2566,#2567));
#10037=EDGE_LOOP('',(#2568,#2569,#2570,#2571));
#10038=EDGE_LOOP('',(#2572,#2573,#2574,#2575));
#10039=EDGE_LOOP('',(#2576,#2577,#2578,#2579));
#10040=EDGE_LOOP('',(#2580,#2581,#2582,#2583));
#10041=EDGE_LOOP('',(#2584,#2585,#2586,#2587));
#10042=EDGE_LOOP('',(#2588,#2589,#2590,#2591));
#10043=EDGE_LOOP('',(#2592,#2593,#2594,#2595));
#10044=EDGE_LOOP('',(#2596,#2597,#2598,#2599));
#10045=EDGE_LOOP('',(#2600,#2601,#2602,#2603));
#10046=EDGE_LOOP('',(#2604,#2605,#2606,#2607));
#10047=EDGE_LOOP('',(#2608,#2609,#2610,#2611));
#10048=EDGE_LOOP('',(#2612,#2613,#2614,#2615));
#10049=EDGE_LOOP('',(#2616,#2617,#2618,#2619));
#10050=EDGE_LOOP('',(#2620,#2621,#2622,#2623));
#10051=EDGE_LOOP('',(#2624,#2625,#2626,#2627));
#10052=EDGE_LOOP('',(#2628,#2629,#2630,#2631));
#10053=EDGE_LOOP('',(#2632,#2633,#2634,#2635));
#10054=EDGE_LOOP('',(#2636,#2637,#2638,#2639));
#10055=EDGE_LOOP('',(#2640,#2641,#2642,#2643));
#10056=EDGE_LOOP('',(#2644,#2645,#2646,#2647));
#10057=EDGE_LOOP('',(#2648,#2649,#2650,#2651));
#10058=EDGE_LOOP('',(#2652,#2653,#2654,#2655));
#10059=EDGE_LOOP('',(#2656,#2657,#2658,#2659));
#10060=EDGE_LOOP('',(#2660,#2661,#2662,#2663));
#10061=EDGE_LOOP('',(#2664,#2665,#2666,#2667));
#10062=EDGE_LOOP('',(#2668,#2669,#2670,#2671));
#10063=EDGE_LOOP('',(#2672,#2673,#2674,#2675));
#10064=EDGE_LOOP('',(#2676,#2677,#2678,#2679));
#10065=EDGE_LOOP('',(#2680,#2681,#2682,#2683));
#10066=EDGE_LOOP('',(#2684,#2685,#2686,#2687));
#10067=EDGE_LOOP('',(#2688,#2689,#2690,#2691));
#10068=EDGE_LOOP('',(#2692,#2693,#2694,#2695));
#10069=EDGE_LOOP('',(#2696,#2697,#2698,#2699));
#10070=EDGE_LOOP('',(#2700,#2701,#2702,#2703));
#10071=EDGE_LOOP('',(#2704,#2705,#2706,#2707));
#10072=EDGE_LOOP('',(#2708,#2709,#2710,#2711));
#10073=EDGE_LOOP('',(#2712,#2713,#2714,#2715));
#10074=EDGE_LOOP('',(#2716,#2717,#2718,#2719));
#10075=EDGE_LOOP('',(#2720,#2721,#2722,#2723));
#10076=EDGE_LOOP('',(#2724,#2725,#2726,#2727));
#10077=EDGE_LOOP('',(#2728,#2729,#2730,#2731));
#10078=EDGE_LOOP('',(#2732,#2733,#2734,#2735));
#10079=EDGE_LOOP('',(#2736,#2737,#2738,#2739));
#10080=EDGE_LOOP('',(#2740,#2741,#2742,#2743));
#10081=EDGE_LOOP('',(#2744,#2745,#2746,#2747));
#10082=EDGE_LOOP('',(#2748,#2749,#2750,#2751));
#10083=EDGE_LOOP('',(#2752,#2753,#2754,#2755));
#10084=EDGE_LOOP('',(#2756,#2757,#2758,#2759));
#10085=EDGE_LOOP('',(#2760,#2761,#2762,#2763));
#10086=EDGE_LOOP('',(#2764,#2765,#2766,#2767));
#10087=EDGE_LOOP('',(#2768,#2769,#2770,#2771));
#10088=EDGE_LOOP('',(#2772,#2773,#2774,#2775));
#10089=EDGE_LOOP('',(#2776,#2777,#2778,#2779));
#10090=EDGE_LOOP('',(#2780,#2781,#2782,#2783));
#10091=EDGE_LOOP('',(#2784,#2785,#2786,#2787));
#10092=EDGE_LOOP('',(#2788,#2789,#2790,#2791));
#10093=EDGE_LOOP('',(#2792,#2793,#2794,#2795));
#10094=EDGE_LOOP('',(#2796,#2797,#2798,#2799));
#10095=EDGE_LOOP('',(#2800,#2801,#2802,#2803));
#10096=EDGE_LOOP('',(#2804,#2805,#2806,#2807));
#10097=EDGE_LOOP('',(#2808,#2809,#2810,#2811));
#10098=EDGE_LOOP('',(#2812,#2813,#2814,#2815));
#10099=EDGE_LOOP('',(#2816,#2817,#2818,#2819));
#10100=EDGE_LOOP('',(#2820,#2821,#2822,#2823));
#10101=EDGE_LOOP('',(#2824,#2825,#2826,#2827));
#10102=EDGE_LOOP('',(#2828,#2829,#2830,#2831));
#10103=EDGE_LOOP('',(#2832,#2833,#2834,#2835));
#10104=EDGE_LOOP('',(#2836,#2837,#2838,#2839));
#10105=EDGE_LOOP('',(#2840,#2841,#2842,#2843));
#10106=EDGE_LOOP('',(#2844,#2845,#2846,#2847));
#10107=EDGE_LOOP('',(#2848,#2849,#2850,#2851));
#10108=EDGE_LOOP('',(#2852,#2853,#2854,#2855));
#10109=EDGE_LOOP('',(#2856,#2857,#2858,#2859));
#10110=EDGE_LOOP('',(#2860,#2861,#2862,#2863));
#10111=EDGE_LOOP('',(#2864,#2865,#2866,#2867));
#10112=EDGE_LOOP('',(#2868,#2869,#2870,#2871));
#10113=EDGE_LOOP('',(#2872,#2873,#2874,#2875));
#10114=EDGE_LOOP('',(#2876,#2877,#2878,#2879));
#10115=EDGE_LOOP('',(#2880,#2881,#2882,#2883));
#10116=EDGE_LOOP('',(#2884,#2885,#2886,#2887));
#10117=EDGE_LOOP('',(#2888,#2889,#2890,#2891));
#10118=EDGE_LOOP('',(#2892,#2893,#2894,#2895));
#10119=EDGE_LOOP('',(#2896,#2897,#2898,#2899));
#10120=EDGE_LOOP('',(#2900,#2901,#2902,#2903));
#10121=EDGE_LOOP('',(#2904,#2905,#2906,#2907));
#10122=EDGE_LOOP('',(#2908,#2909,#2910,#2911));
#10123=EDGE_LOOP('',(#2912,#2913,#2914,#2915));
#10124=EDGE_LOOP('',(#2916,#2917,#2918,#2919));
#10125=EDGE_LOOP('',(#2920,#2921,#2922,#2923));
#10126=EDGE_LOOP('',(#2924,#2925,#2926,#2927));
#10127=EDGE_LOOP('',(#2928,#2929,#2930,#2931));
#10128=EDGE_LOOP('',(#2932,#2933,#2934,#2935));
#10129=EDGE_LOOP('',(#2936,#2937,#2938,#2939));
#10130=EDGE_LOOP('',(#2940,#2941,#2942,#2943));
#10131=EDGE_LOOP('',(#2944,#2945,#2946,#2947));
#10132=EDGE_LOOP('',(#2948,#2949,#2950,#2951));
#10133=EDGE_LOOP('',(#2952,#2953,#2954,#2955));
#10134=EDGE_LOOP('',(#2956,#2957,#2958,#2959));
#10135=EDGE_LOOP('',(#2960,#2961,#2962,#2963));
#10136=EDGE_LOOP('',(#2964,#2965,#2966,#2967));
#10137=EDGE_LOOP('',(#2968,#2969,#2970,#2971));
#10138=EDGE_LOOP('',(#2972,#2973,#2974,#2975));
#10139=EDGE_LOOP('',(#2976,#2977,#2978,#2979));
#10140=EDGE_LOOP('',(#2980,#2981,#2982,#2983));
#10141=EDGE_LOOP('',(#2984,#2985,#2986,#2987));
#10142=EDGE_LOOP('',(#2988,#2989,#2990,#2991));
#10143=EDGE_LOOP('',(#2992,#2993,#2994,#2995));
#10144=EDGE_LOOP('',(#2996,#2997,#2998,#2999));
#10145=EDGE_LOOP('',(#3000,#3001,#3002,#3003));
#10146=EDGE_LOOP('',(#3004,#3005,#3006,#3007));
#10147=EDGE_LOOP('',(#3008,#3009,#3010,#3011));
#10148=EDGE_LOOP('',(#3012,#3013,#3014,#3015));
#10149=EDGE_LOOP('',(#3016,#3017,#3018,#3019));
#10150=EDGE_LOOP('',(#3020,#3021,#3022,#3023));
#10151=EDGE_LOOP('',(#3024,#3025,#3026,#3027));
#10152=EDGE_LOOP('',(#3028,#3029,#3030,#3031));
#10153=EDGE_LOOP('',(#3032,#3033,#3034,#3035));
#10154=EDGE_LOOP('',(#3036,#3037,#3038,#3039));
#10155=EDGE_LOOP('',(#3040,#3041,#3042,#3043));
#10156=EDGE_LOOP('',(#3044,#3045,#3046,#3047));
#10157=EDGE_LOOP('',(#3048,#3049,#3050,#3051));
#10158=EDGE_LOOP('',(#3052,#3053,#3054,#3055));
#10159=EDGE_LOOP('',(#3056,#3057,#3058,#3059));
#10160=EDGE_LOOP('',(#3060,#3061,#3062,#3063));
#10161=EDGE_LOOP('',(#3064,#3065,#3066,#3067));
#10162=EDGE_LOOP('',(#3068,#3069,#3070,#3071));
#10163=EDGE_LOOP('',(#3072,#3073,#3074,#3075));
#10164=EDGE_LOOP('',(#3076,#3077,#3078,#3079));
#10165=EDGE_LOOP('',(#3080,#3081,#3082,#3083));
#10166=EDGE_LOOP('',(#3084,#3085,#3086,#3087));
#10167=EDGE_LOOP('',(#3088,#3089,#3090,#3091));
#10168=EDGE_LOOP('',(#3092,#3093,#3094,#3095));
#10169=EDGE_LOOP('',(#3096,#3097,#3098,#3099));
#10170=EDGE_LOOP('',(#3100,#3101,#3102,#3103));
#10171=EDGE_LOOP('',(#3104,#3105,#3106,#3107));
#10172=EDGE_LOOP('',(#3108,#3109,#3110,#3111));
#10173=EDGE_LOOP('',(#3112,#3113,#3114,#3115));
#10174=EDGE_LOOP('',(#3116,#3117,#3118,#3119));
#10175=EDGE_LOOP('',(#3120,#3121,#3122,#3123));
#10176=EDGE_LOOP('',(#3124,#3125,#3126,#3127));
#10177=EDGE_LOOP('',(#3128,#3129,#3130,#3131));
#10178=EDGE_LOOP('',(#3132,#3133,#3134,#3135));
#10179=EDGE_LOOP('',(#3136,#3137,#3138,#3139));
#10180=EDGE_LOOP('',(#3140,#3141,#3142,#3143));
#10181=EDGE_LOOP('',(#3144,#3145,#3146,#3147));
#10182=EDGE_LOOP('',(#3148,#3149,#3150,#3151));
#10183=EDGE_LOOP('',(#3152,#3153,#3154,#3155));
#10184=EDGE_LOOP('',(#3156,#3157,#3158,#3159));
#10185=EDGE_LOOP('',(#3160,#3161,#3162,#3163));
#10186=EDGE_LOOP('',(#3164,#3165,#3166,#3167));
#10187=EDGE_LOOP('',(#3168,#3169,#3170,#3171));
#10188=EDGE_LOOP('',(#3172,#3173,#3174,#3175));
#10189=EDGE_LOOP('',(#3176,#3177,#3178,#3179));
#10190=EDGE_LOOP('',(#3180,#3181,#3182,#3183));
#10191=EDGE_LOOP('',(#3184,#3185,#3186,#3187));
#10192=EDGE_LOOP('',(#3188,#3189,#3190,#3191));
#10193=EDGE_LOOP('',(#3192,#3193,#3194,#3195));
#10194=EDGE_LOOP('',(#3196,#3197,#3198,#3199));
#10195=EDGE_LOOP('',(#3200,#3201,#3202,#3203));
#10196=EDGE_LOOP('',(#3204,#3205,#3206,#3207));
#10197=EDGE_LOOP('',(#3208,#3209,#3210,#3211));
#10198=EDGE_LOOP('',(#3212,#3213,#3214,#3215));
#10199=EDGE_LOOP('',(#3216,#3217,#3218,#3219));
#10200=EDGE_LOOP('',(#3220,#3221,#3222,#3223));
#10201=EDGE_LOOP('',(#3224,#3225,#3226,#3227));
#10202=EDGE_LOOP('',(#3228,#3229,#3230,#3231));
#10203=EDGE_LOOP('',(#3232,#3233,#3234,#3235));
#10204=EDGE_LOOP('',(#3236,#3237,#3238,#3239));
#10205=EDGE_LOOP('',(#3240,#3241,#3242,#3243));
#10206=EDGE_LOOP('',(#3244,#3245,#3246,#3247));
#10207=EDGE_LOOP('',(#3248,#3249,#3250,#3251));
#10208=EDGE_LOOP('',(#3252,#3253,#3254,#3255));
#10209=EDGE_LOOP('',(#3256,#3257,#3258,#3259));
#10210=EDGE_LOOP('',(#3260,#3261,#3262,#3263));
#10211=EDGE_LOOP('',(#3264,#3265,#3266,#3267));
#10212=EDGE_LOOP('',(#3268,#3269,#3270,#3271));
#10213=EDGE_LOOP('',(#3272,#3273,#3274,#3275));
#10214=EDGE_LOOP('',(#3276,#3277,#3278,#3279));
#10215=EDGE_LOOP('',(#3280,#3281,#3282,#3283));
#10216=EDGE_LOOP('',(#3284,#3285,#3286,#3287));
#10217=EDGE_LOOP('',(#3288,#3289,#3290,#3291));
#10218=EDGE_LOOP('',(#3292,#3293,#3294,#3295));
#10219=EDGE_LOOP('',(#3296,#3297,#3298,#3299));
#10220=EDGE_LOOP('',(#3300,#3301,#3302,#3303));
#10221=EDGE_LOOP('',(#3304,#3305,#3306,#3307));
#10222=EDGE_LOOP('',(#3308,#3309,#3310,#3311));
#10223=EDGE_LOOP('',(#3312,#3313,#3314,#3315));
#10224=EDGE_LOOP('',(#3316,#3317,#3318,#3319));
#10225=EDGE_LOOP('',(#3320,#3321,#3322,#3323));
#10226=EDGE_LOOP('',(#3324,#3325,#3326,#3327));
#10227=EDGE_LOOP('',(#3328,#3329,#3330,#3331));
#10228=EDGE_LOOP('',(#3332,#3333,#3334,#3335));
#10229=EDGE_LOOP('',(#3336,#3337,#3338,#3339));
#10230=EDGE_LOOP('',(#3340,#3341,#3342,#3343));
#10231=EDGE_LOOP('',(#3344,#3345,#3346,#3347));
#10232=EDGE_LOOP('',(#3348,#3349,#3350,#3351));
#10233=EDGE_LOOP('',(#3352,#3353,#3354,#3355));
#10234=EDGE_LOOP('',(#3356,#3357,#3358,#3359));
#10235=EDGE_LOOP('',(#3360,#3361,#3362,#3363));
#10236=EDGE_LOOP('',(#3364,#3365,#3366,#3367));
#10237=EDGE_LOOP('',(#3368,#3369,#3370,#3371));
#10238=EDGE_LOOP('',(#3372,#3373,#3374,#3375));
#10239=EDGE_LOOP('',(#3376,#3377,#3378,#3379));
#10240=EDGE_LOOP('',(#3380,#3381,#3382,#3383));
#10241=EDGE_LOOP('',(#3384,#3385,#3386,#3387));
#10242=EDGE_LOOP('',(#3388,#3389,#3390,#3391));
#10243=EDGE_LOOP('',(#3392,#3393,#3394,#3395));
#10244=EDGE_LOOP('',(#3396,#3397,#3398,#3399));
#10245=EDGE_LOOP('',(#3400,#3401,#3402,#3403));
#10246=EDGE_LOOP('',(#3404,#3405,#3406,#3407));
#10247=EDGE_LOOP('',(#3408,#3409,#3410,#3411));
#10248=EDGE_LOOP('',(#3412,#3413,#3414,#3415));
#10249=EDGE_LOOP('',(#3416,#3417,#3418,#3419));
#10250=EDGE_LOOP('',(#3420,#3421,#3422,#3423));
#10251=EDGE_LOOP('',(#3424,#3425,#3426,#3427));
#10252=EDGE_LOOP('',(#3428,#3429,#3430,#3431));
#10253=EDGE_LOOP('',(#3432,#3433,#3434,#3435));
#10254=EDGE_LOOP('',(#3436,#3437,#3438,#3439));
#10255=EDGE_LOOP('',(#3440,#3441,#3442,#3443));
#10256=EDGE_LOOP('',(#3444,#3445,#3446,#3447));
#10257=EDGE_LOOP('',(#3448,#3449,#3450,#3451));
#10258=EDGE_LOOP('',(#3452,#3453,#3454,#3455));
#10259=EDGE_LOOP('',(#3456,#3457,#3458,#3459));
#10260=EDGE_LOOP('',(#3460,#3461,#3462,#3463));
#10261=EDGE_LOOP('',(#3464,#3465,#3466,#3467));
#10262=EDGE_LOOP('',(#3468,#3469,#3470,#3471));
#10263=EDGE_LOOP('',(#3472,#3473,#3474,#3475));
#10264=EDGE_LOOP('',(#3476,#3477,#3478,#3479));
#10265=EDGE_LOOP('',(#3480,#3481,#3482,#3483));
#10266=EDGE_LOOP('',(#3484,#3485,#3486,#3487));
#10267=EDGE_LOOP('',(#3488,#3489,#3490,#3491));
#10268=EDGE_LOOP('',(#3492,#3493,#3494,#3495));
#10269=EDGE_LOOP('',(#3496,#3497,#3498,#3499));
#10270=EDGE_LOOP('',(#3500,#3501,#3502,#3503));
#10271=EDGE_LOOP('',(#3504,#3505,#3506,#3507));
#10272=EDGE_LOOP('',(#3508,#3509,#3510,#3511));
#10273=EDGE_LOOP('',(#3512,#3513,#3514,#3515));
#10274=EDGE_LOOP('',(#3516,#3517,#3518,#3519));
#10275=EDGE_LOOP('',(#3520,#3521,#3522,#3523));
#10276=EDGE_LOOP('',(#3524,#3525,#3526,#3527));
#10277=EDGE_LOOP('',(#3528,#3529,#3530,#3531));
#10278=EDGE_LOOP('',(#3532,#3533,#3534,#3535));
#10279=EDGE_LOOP('',(#3536,#3537,#3538,#3539));
#10280=EDGE_LOOP('',(#3540,#3541,#3542,#3543));
#10281=EDGE_LOOP('',(#3544,#3545,#3546,#3547));
#10282=EDGE_LOOP('',(#3548,#3549,#3550,#3551));
#10283=EDGE_LOOP('',(#3552,#3553,#3554,#3555));
#10284=EDGE_LOOP('',(#3556,#3557,#3558,#3559));
#10285=EDGE_LOOP('',(#3560,#3561,#3562,#3563));
#10286=EDGE_LOOP('',(#3564,#3565,#3566,#3567));
#10287=EDGE_LOOP('',(#3568,#3569,#3570,#3571));
#10288=EDGE_LOOP('',(#3572,#3573,#3574,#3575));
#10289=EDGE_LOOP('',(#3576,#3577,#3578,#3579));
#10290=EDGE_LOOP('',(#3580,#3581,#3582,#3583));
#10291=EDGE_LOOP('',(#3584,#3585,#3586,#3587));
#10292=EDGE_LOOP('',(#3588,#3589,#3590,#3591));
#10293=EDGE_LOOP('',(#3592,#3593,#3594,#3595));
#10294=EDGE_LOOP('',(#3596,#3597,#3598,#3599));
#10295=EDGE_LOOP('',(#3600,#3601,#3602,#3603));
#10296=EDGE_LOOP('',(#3604,#3605,#3606,#3607));
#10297=EDGE_LOOP('',(#3608,#3609,#3610,#3611));
#10298=EDGE_LOOP('',(#3612,#3613,#3614,#3615));
#10299=EDGE_LOOP('',(#3616,#3617,#3618,#3619));
#10300=EDGE_LOOP('',(#3620,#3621,#3622,#3623));
#10301=EDGE_LOOP('',(#3624,#3625,#3626,#3627));
#10302=EDGE_LOOP('',(#3628,#3629,#3630,#3631));
#10303=EDGE_LOOP('',(#3632,#3633,#3634,#3635));
#10304=EDGE_LOOP('',(#3636,#3637,#3638,#3639));
#10305=EDGE_LOOP('',(#3640,#3641,#3642,#3643));
#10306=EDGE_LOOP('',(#3644,#3645,#3646,#3647));
#10307=EDGE_LOOP('',(#3648,#3649,#3650,#3651));
#10308=EDGE_LOOP('',(#3652,#3653,#3654,#3655));
#10309=EDGE_LOOP('',(#3656,#3657,#3658,#3659));
#10310=EDGE_LOOP('',(#3660,#3661,#3662,#3663));
#10311=EDGE_LOOP('',(#3664,#3665,#3666,#3667));
#10312=EDGE_LOOP('',(#3668,#3669,#3670,#3671));
#10313=EDGE_LOOP('',(#3672,#3673,#3674,#3675));
#10314=EDGE_LOOP('',(#3676,#3677,#3678,#3679));
#10315=EDGE_LOOP('',(#3680,#3681,#3682,#3683));
#10316=EDGE_LOOP('',(#3684,#3685,#3686,#3687));
#10317=EDGE_LOOP('',(#3688,#3689,#3690,#3691));
#10318=EDGE_LOOP('',(#3692,#3693,#3694,#3695));
#10319=EDGE_LOOP('',(#3696,#3697,#3698,#3699));
#10320=EDGE_LOOP('',(#3700,#3701,#3702,#3703));
#10321=EDGE_LOOP('',(#3704,#3705,#3706,#3707));
#10322=EDGE_LOOP('',(#3708,#3709,#3710,#3711));
#10323=EDGE_LOOP('',(#3712,#3713,#3714,#3715));
#10324=EDGE_LOOP('',(#3716,#3717,#3718,#3719));
#10325=EDGE_LOOP('',(#3720,#3721,#3722,#3723));
#10326=EDGE_LOOP('',(#3724,#3725,#3726,#3727));
#10327=EDGE_LOOP('',(#3728,#3729,#3730,#3731));
#10328=EDGE_LOOP('',(#3732,#3733,#3734,#3735));
#10329=EDGE_LOOP('',(#3736,#3737,#3738,#3739));
#10330=EDGE_LOOP('',(#3740,#3741,#3742,#3743));
#10331=EDGE_LOOP('',(#3744,#3745,#3746,#3747));
#10332=EDGE_LOOP('',(#3748,#3749,#3750,#3751));
#10333=EDGE_LOOP('',(#3752,#3753,#3754,#3755));
#10334=EDGE_LOOP('',(#3756,#3757,#3758,#3759));
#10335=EDGE_LOOP('',(#3760,#3761,#3762,#3763));
#10336=EDGE_LOOP('',(#3764,#3765,#3766,#3767));
#10337=EDGE_LOOP('',(#3768,#3769,#3770,#3771));
#10338=EDGE_LOOP('',(#3772,#3773,#3774,#3775));
#10339=EDGE_LOOP('',(#3776,#3777,#3778,#3779));
#10340=EDGE_LOOP('',(#3780,#3781,#3782,#3783));
#10341=EDGE_LOOP('',(#3784,#3785,#3786,#3787));
#10342=EDGE_LOOP('',(#3788,#3789,#3790,#3791));
#10343=EDGE_LOOP('',(#3792,#3793,#3794,#3795));
#10344=EDGE_LOOP('',(#3796,#3797,#3798,#3799));
#10345=EDGE_LOOP('',(#3800,#3801,#3802,#3803));
#10346=EDGE_LOOP('',(#3804,#3805,#3806,#3807));
#10347=EDGE_LOOP('',(#3808,#3809,#3810,#3811));
#10348=EDGE_LOOP('',(#3812,#3813,#3814,#3815));
#10349=EDGE_LOOP('',(#3816,#3817,#3818,#3819));
#10350=EDGE_LOOP('',(#3820,#3821,#3822,#3823));
#10351=EDGE_LOOP('',(#3824,#3825,#3826,#3827));
#10352=EDGE_LOOP('',(#3828,#3829,#3830,#3831));
#10353=EDGE_LOOP('',(#3832,#3833,#3834,#3835));
#10354=EDGE_LOOP('',(#3836,#3837,#3838,#3839));
#10355=EDGE_LOOP('',(#3840,#3841,#3842,#3843));
#10356=EDGE_LOOP('',(#3844,#3845,#3846,#3847));
#10357=EDGE_LOOP('',(#3848,#3849,#3850,#3851));
#10358=EDGE_LOOP('',(#3852,#3853,#3854,#3855));
#10359=EDGE_LOOP('',(#3856,#3857,#3858,#3859));
#10360=EDGE_LOOP('',(#3860,#3861,#3862,#3863));
#10361=EDGE_LOOP('',(#3864,#3865,#3866,#3867));
#10362=EDGE_LOOP('',(#3868,#3869,#3870,#3871));
#10363=EDGE_LOOP('',(#3872,#3873,#3874,#3875));
#10364=EDGE_LOOP('',(#3876,#3877,#3878,#3879));
#10365=EDGE_LOOP('',(#3880,#3881,#3882,#3883));
#10366=EDGE_LOOP('',(#3884,#3885,#3886,#3887));
#10367=EDGE_LOOP('',(#3888,#3889,#3890,#3891));
#10368=EDGE_LOOP('',(#3892,#3893,#3894,#3895));
#10369=EDGE_LOOP('',(#3896,#3897,#3898,#3899));
#10370=EDGE_LOOP('',(#3900,#3901,#3902,#3903));
#10371=EDGE_LOOP('',(#3904,#3905,#3906,#3907));
#10372=EDGE_LOOP('',(#3908,#3909,#3910,#3911));
#10373=EDGE_LOOP('',(#3912,#3913,#3914,#3915));
#10374=EDGE_LOOP('',(#3916,#3917,#3918,#3919));
#10375=EDGE_LOOP('',(#3920,#3921,#3922,#3923));
#10376=EDGE_LOOP('',(#3924,#3925,#3926,#3927));
#10377=EDGE_LOOP('',(#3928,#3929,#3930,#3931));
#10378=EDGE_LOOP('',(#3932,#3933,#3934,#3935));
#10379=EDGE_LOOP('',(#3936,#3937,#3938,#3939));
#10380=EDGE_LOOP('',(#3940,#3941,#3942,#3943));
#10381=EDGE_LOOP('',(#3944,#3945,#3946,#3947));
#10382=EDGE_LOOP('',(#3948,#3949,#3950,#3951));
#10383=EDGE_LOOP('',(#3952,#3953,#3954,#3955));
#10384=EDGE_LOOP('',(#3956,#3957,#3958,#3959));
#10385=EDGE_LOOP('',(#3960,#3961,#3962,#3963));
#10386=EDGE_LOOP('',(#3964,#3965,#3966,#3967));
#10387=EDGE_LOOP('',(#3968,#3969,#3970,#3971));
#10388=EDGE_LOOP('',(#3972,#3973,#3974,#3975));
#10389=EDGE_LOOP('',(#3976,#3977,#3978,#3979));
#10390=EDGE_LOOP('',(#3980,#3981,#3982,#3983));
#10391=EDGE_LOOP('',(#3984,#3985,#3986,#3987));
#10392=EDGE_LOOP('',(#3988,#3989,#3990,#3991));
#10393=EDGE_LOOP('',(#3992,#3993,#3994,#3995));
#10394=EDGE_LOOP('',(#3996,#3997,#3998,#3999));
#10395=EDGE_LOOP('',(#4000,#4001,#4002,#4003));
#10396=EDGE_LOOP('',(#4004,#4005,#4006,#4007));
#10397=EDGE_LOOP('',(#4008,#4009,#4010,#4011));
#10398=EDGE_LOOP('',(#4012,#4013,#4014,#4015));
#10399=EDGE_LOOP('',(#4016,#4017,#4018,#4019));
#10400=EDGE_LOOP('',(#4020,#4021,#4022,#4023));
#10401=EDGE_LOOP('',(#4024,#4025,#4026,#4027));
#10402=EDGE_LOOP('',(#4028,#4029,#4030,#4031));
#10403=EDGE_LOOP('',(#4032,#4033,#4034,#4035));
#10404=EDGE_LOOP('',(#4036,#4037,#4038,#4039));
#10405=EDGE_LOOP('',(#4040,#4041,#4042,#4043));
#10406=EDGE_LOOP('',(#4044,#4045,#4046,#4047));
#10407=EDGE_LOOP('',(#4048,#4049,#4050,#4051));
#10408=EDGE_LOOP('',(#4052,#4053,#4054,#4055));
#10409=EDGE_LOOP('',(#4056,#4057,#4058,#4059));
#10410=EDGE_LOOP('',(#4060,#4061,#4062,#4063));
#10411=EDGE_LOOP('',(#4064,#4065,#4066,#4067));
#10412=EDGE_LOOP('',(#4068,#4069,#4070,#4071));
#10413=EDGE_LOOP('',(#4072,#4073,#4074,#4075));
#10414=EDGE_LOOP('',(#4076,#4077,#4078,#4079));
#10415=EDGE_LOOP('',(#4080,#4081,#4082,#4083));
#10416=EDGE_LOOP('',(#4084,#4085,#4086,#4087));
#10417=EDGE_LOOP('',(#4088,#4089,#4090,#4091));
#10418=EDGE_LOOP('',(#4092,#4093,#4094,#4095));
#10419=EDGE_LOOP('',(#4096,#4097,#4098,#4099));
#10420=EDGE_LOOP('',(#4100,#4101,#4102,#4103));
#10421=EDGE_LOOP('',(#4104,#4105,#4106,#4107));
#10422=EDGE_LOOP('',(#4108,#4109,#4110,#4111));
#10423=EDGE_LOOP('',(#4112,#4113,#4114,#4115));
#10424=EDGE_LOOP('',(#4116,#4117,#4118,#4119));
#10425=EDGE_LOOP('',(#4120,#4121,#4122,#4123));
#10426=EDGE_LOOP('',(#4124,#4125,#4126,#4127));
#10427=EDGE_LOOP('',(#4128,#4129,#4130,#4131));
#10428=EDGE_LOOP('',(#4132,#4133,#4134,#4135));
#10429=EDGE_LOOP('',(#4136,#4137,#4138,#4139));
#10430=EDGE_LOOP('',(#4140,#4141,#4142,#4143));
#10431=EDGE_LOOP('',(#4144,#4145,#4146,#4147));
#10432=EDGE_LOOP('',(#4148,#4149,#4150,#4151));
#10433=EDGE_LOOP('',(#4152,#4153,#4154,#4155));
#10434=EDGE_LOOP('',(#4156,#4157,#4158,#4159));
#10435=EDGE_LOOP('',(#4160,#4161,#4162,#4163));
#10436=EDGE_LOOP('',(#4164,#4165,#4166,#4167));
#10437=EDGE_LOOP('',(#4168,#4169,#4170,#4171));
#10438=EDGE_LOOP('',(#4172,#4173,#4174,#4175));
#10439=EDGE_LOOP('',(#4176,#4177,#4178,#4179));
#10440=EDGE_LOOP('',(#4180,#4181,#4182,#4183));
#10441=EDGE_LOOP('',(#4184,#4185,#4186,#4187));
#10442=EDGE_LOOP('',(#4188,#4189,#4190,#4191));
#10443=EDGE_LOOP('',(#4192,#4193,#4194,#4195));
#10444=EDGE_LOOP('',(#4196,#4197,#4198,#4199));
#10445=EDGE_LOOP('',(#4200,#4201,#4202,#4203));
#10446=EDGE_LOOP('',(#4204,#4205,#4206,#4207));
#10447=EDGE_LOOP('',(#4208,#4209,#4210,#4211));
#10448=EDGE_LOOP('',(#4212,#4213,#4214,#4215));
#10449=EDGE_LOOP('',(#4216,#4217,#4218,#4219));
#10450=EDGE_LOOP('',(#4220,#4221,#4222,#4223));
#10451=EDGE_LOOP('',(#4224,#4225,#4226,#4227));
#10452=EDGE_LOOP('',(#4228,#4229,#4230,#4231));
#10453=EDGE_LOOP('',(#4232,#4233,#4234,#4235));
#10454=EDGE_LOOP('',(#4236,#4237,#4238,#4239));
#10455=EDGE_LOOP('',(#4240,#4241,#4242,#4243));
#10456=EDGE_LOOP('',(#4244,#4245,#4246,#4247));
#10457=EDGE_LOOP('',(#4248,#4249,#4250,#4251));
#10458=EDGE_LOOP('',(#4252,#4253,#4254,#4255));
#10459=EDGE_LOOP('',(#4256,#4257,#4258,#4259));
#10460=EDGE_LOOP('',(#4260,#4261,#4262,#4263));
#10461=EDGE_LOOP('',(#4264,#4265,#4266,#4267));
#10462=EDGE_LOOP('',(#4268,#4269,#4270,#4271));
#10463=EDGE_LOOP('',(#4272,#4273,#4274,#4275));
#10464=EDGE_LOOP('',(#4276,#4277,#4278,#4279));
#10465=EDGE_LOOP('',(#4280,#4281,#4282,#4283));
#10466=EDGE_LOOP('',(#4284,#4285,#4286,#4287));
#10467=EDGE_LOOP('',(#4288,#4289,#4290,#4291));
#10468=EDGE_LOOP('',(#4292,#4293,#4294,#4295));
#10469=EDGE_LOOP('',(#4296,#4297,#4298,#4299));
#10470=EDGE_LOOP('',(#4300,#4301,#4302,#4303));
#10471=EDGE_LOOP('',(#4304,#4305,#4306,#4307));
#10472=EDGE_LOOP('',(#4308,#4309,#4310,#4311));
#10473=EDGE_LOOP('',(#4312,#4313,#4314,#4315));
#10474=EDGE_LOOP('',(#4316,#4317,#4318,#4319));
#10475=EDGE_LOOP('',(#4320,#4321,#4322,#4323));
#10476=EDGE_LOOP('',(#4324,#4325,#4326,#4327));
#10477=EDGE_LOOP('',(#4328,#4329,#4330,#4331));
#10478=EDGE_LOOP('',(#4332,#4333,#4334,#4335));
#10479=EDGE_LOOP('',(#4336,#4337,#4338,#4339));
#10480=EDGE_LOOP('',(#4340,#4341,#4342,#4343));
#10481=EDGE_LOOP('',(#4344,#4345,#4346,#4347));
#10482=EDGE_LOOP('',(#4348,#4349,#4350,#4351));
#10483=EDGE_LOOP('',(#4352,#4353,#4354,#4355));
#10484=EDGE_LOOP('',(#4356,#4357,#4358,#4359));
#10485=EDGE_LOOP('',(#4360,#4361,#4362,#4363));
#10486=EDGE_LOOP('',(#4364,#4365,#4366,#4367));
#10487=EDGE_LOOP('',(#4368,#4369,#4370,#4371));
#10488=EDGE_LOOP('',(#4372,#4373,#4374,#4375));
#10489=EDGE_LOOP('',(#4376,#4377,#4378,#4379));
#10490=EDGE_LOOP('',(#4380,#4381,#4382,#4383));
#10491=EDGE_LOOP('',(#4384,#4385,#4386,#4387));
#10492=EDGE_LOOP('',(#4388));
#10493=EDGE_LOOP('',(#4389));
#10494=EDGE_LOOP('',(#4390));
#10495=EDGE_LOOP('',(#4391));
#10496=EDGE_LOOP('',(#4392));
#10497=EDGE_LOOP('',(#4393));
#10498=EDGE_LOOP('',(#4394));
#10499=EDGE_LOOP('',(#4395));
#10500=EDGE_LOOP('',(#4396,#4397,#4398,#4399));
#10501=EDGE_LOOP('',(#4400,#4401,#4402,#4403));
#10502=EDGE_LOOP('',(#4404,#4405,#4406,#4407));
#10503=EDGE_LOOP('',(#4408,#4409,#4410,#4411));
#10504=EDGE_LOOP('',(#4412,#4413,#4414,#4415));
#10505=EDGE_LOOP('',(#4416,#4417,#4418,#4419));
#10506=EDGE_LOOP('',(#4420,#4421,#4422,#4423));
#10507=EDGE_LOOP('',(#4424,#4425,#4426,#4427));
#10508=EDGE_LOOP('',(#4428,#4429,#4430,#4431));
#10509=EDGE_LOOP('',(#4432,#4433,#4434,#4435));
#10510=EDGE_LOOP('',(#4436,#4437,#4438,#4439));
#10511=EDGE_LOOP('',(#4440,#4441,#4442,#4443));
#10512=FACE_BOUND('',#9760,.T.);
#10513=FACE_BOUND('',#9761,.T.);
#10514=FACE_BOUND('',#9762,.T.);
#10515=FACE_BOUND('',#9763,.T.);
#10516=FACE_BOUND('',#9764,.T.);
#10517=FACE_BOUND('',#9765,.T.);
#10518=FACE_BOUND('',#9766,.T.);
#10519=FACE_BOUND('',#9767,.T.);
#10520=FACE_BOUND('',#9768,.T.);
#10521=FACE_BOUND('',#9769,.T.);
#10522=FACE_BOUND('',#9770,.T.);
#10523=FACE_BOUND('',#9771,.T.);
#10524=FACE_BOUND('',#9772,.T.);
#10525=FACE_BOUND('',#9773,.T.);
#10526=FACE_BOUND('',#9774,.T.);
#10527=FACE_BOUND('',#9775,.T.);
#10528=FACE_BOUND('',#9776,.T.);
#10529=FACE_BOUND('',#9777,.T.);
#10530=FACE_BOUND('',#9778,.T.);
#10531=FACE_BOUND('',#9779,.T.);
#10532=FACE_BOUND('',#9780,.T.);
#10533=FACE_BOUND('',#9781,.T.);
#10534=FACE_BOUND('',#9782,.T.);
#10535=FACE_BOUND('',#9783,.T.);
#10536=FACE_BOUND('',#9784,.T.);
#10537=FACE_BOUND('',#9785,.T.);
#10538=FACE_BOUND('',#9786,.T.);
#10539=FACE_BOUND('',#9787,.T.);
#10540=FACE_BOUND('',#9788,.T.);
#10541=FACE_BOUND('',#9789,.T.);
#10542=FACE_BOUND('',#9790,.T.);
#10543=FACE_BOUND('',#9791,.T.);
#10544=FACE_BOUND('',#9792,.T.);
#10545=FACE_BOUND('',#9793,.T.);
#10546=FACE_BOUND('',#9794,.T.);
#10547=FACE_BOUND('',#9795,.T.);
#10548=FACE_BOUND('',#9796,.T.);
#10549=FACE_BOUND('',#9797,.T.);
#10550=FACE_BOUND('',#9798,.T.);
#10551=FACE_BOUND('',#9799,.T.);
#10552=FACE_BOUND('',#9800,.T.);
#10553=FACE_BOUND('',#9801,.T.);
#10554=FACE_BOUND('',#9802,.T.);
#10555=FACE_BOUND('',#9803,.T.);
#10556=FACE_BOUND('',#9804,.T.);
#10557=FACE_BOUND('',#9805,.T.);
#10558=FACE_BOUND('',#9806,.T.);
#10559=FACE_BOUND('',#9807,.T.);
#10560=FACE_BOUND('',#9808,.T.);
#10561=FACE_BOUND('',#9809,.T.);
#10562=FACE_BOUND('',#9810,.T.);
#10563=FACE_BOUND('',#9811,.T.);
#10564=FACE_BOUND('',#9812,.T.);
#10565=FACE_BOUND('',#9813,.T.);
#10566=FACE_BOUND('',#9814,.T.);
#10567=FACE_BOUND('',#9815,.T.);
#10568=FACE_BOUND('',#9816,.T.);
#10569=FACE_BOUND('',#9817,.T.);
#10570=FACE_BOUND('',#9818,.T.);
#10571=FACE_BOUND('',#9819,.T.);
#10572=FACE_BOUND('',#9820,.T.);
#10573=FACE_BOUND('',#9821,.T.);
#10574=FACE_BOUND('',#9822,.T.);
#10575=FACE_BOUND('',#9823,.T.);
#10576=FACE_BOUND('',#9824,.T.);
#10577=FACE_BOUND('',#9825,.T.);
#10578=FACE_BOUND('',#9826,.T.);
#10579=FACE_BOUND('',#9827,.T.);
#10580=FACE_BOUND('',#9828,.T.);
#10581=FACE_BOUND('',#9829,.T.);
#10582=FACE_BOUND('',#9830,.T.);
#10583=FACE_BOUND('',#9831,.T.);
#10584=FACE_BOUND('',#9832,.T.);
#10585=FACE_BOUND('',#9833,.T.);
#10586=FACE_BOUND('',#9834,.T.);
#10587=FACE_BOUND('',#9835,.T.);
#10588=FACE_BOUND('',#9836,.T.);
#10589=FACE_BOUND('',#9837,.T.);
#10590=FACE_BOUND('',#9838,.T.);
#10591=FACE_BOUND('',#9839,.T.);
#10592=FACE_BOUND('',#9840,.T.);
#10593=FACE_BOUND('',#9841,.T.);
#10594=FACE_BOUND('',#9842,.T.);
#10595=FACE_BOUND('',#9843,.T.);
#10596=FACE_BOUND('',#9844,.T.);
#10597=FACE_BOUND('',#9845,.T.);
#10598=FACE_BOUND('',#9846,.T.);
#10599=FACE_BOUND('',#9847,.T.);
#10600=FACE_BOUND('',#9848,.T.);
#10601=FACE_BOUND('',#9849,.T.);
#10602=FACE_BOUND('',#9850,.T.);
#10603=FACE_BOUND('',#9851,.T.);
#10604=FACE_BOUND('',#9852,.T.);
#10605=FACE_BOUND('',#9853,.T.);
#10606=FACE_BOUND('',#9854,.T.);
#10607=FACE_BOUND('',#9855,.T.);
#10608=FACE_BOUND('',#9856,.T.);
#10609=FACE_BOUND('',#9857,.T.);
#10610=FACE_BOUND('',#9858,.T.);
#10611=FACE_BOUND('',#9859,.T.);
#10612=FACE_BOUND('',#9860,.T.);
#10613=FACE_BOUND('',#9861,.T.);
#10614=FACE_BOUND('',#9862,.T.);
#10615=FACE_BOUND('',#9863,.T.);
#10616=FACE_BOUND('',#9864,.T.);
#10617=FACE_BOUND('',#9865,.T.);
#10618=FACE_BOUND('',#9866,.T.);
#10619=FACE_BOUND('',#9867,.T.);
#10620=FACE_BOUND('',#9868,.T.);
#10621=FACE_BOUND('',#9869,.T.);
#10622=FACE_BOUND('',#9870,.T.);
#10623=FACE_BOUND('',#9871,.T.);
#10624=FACE_BOUND('',#9872,.T.);
#10625=FACE_BOUND('',#9873,.T.);
#10626=FACE_BOUND('',#9874,.T.);
#10627=FACE_BOUND('',#9875,.T.);
#10628=FACE_BOUND('',#9876,.T.);
#10629=FACE_BOUND('',#9877,.T.);
#10630=FACE_BOUND('',#9878,.T.);
#10631=FACE_BOUND('',#9879,.T.);
#10632=FACE_BOUND('',#9880,.T.);
#10633=FACE_BOUND('',#9881,.T.);
#10634=FACE_BOUND('',#9882,.T.);
#10635=FACE_BOUND('',#9883,.T.);
#10636=FACE_BOUND('',#9884,.T.);
#10637=FACE_BOUND('',#9885,.T.);
#10638=FACE_BOUND('',#9886,.T.);
#10639=FACE_BOUND('',#9887,.T.);
#10640=FACE_BOUND('',#9888,.T.);
#10641=FACE_BOUND('',#9889,.T.);
#10642=FACE_BOUND('',#9890,.T.);
#10643=FACE_BOUND('',#9891,.T.);
#10644=FACE_BOUND('',#9892,.T.);
#10645=FACE_BOUND('',#9893,.T.);
#10646=FACE_BOUND('',#9894,.T.);
#10647=FACE_BOUND('',#9895,.T.);
#10648=FACE_BOUND('',#9896,.T.);
#10649=FACE_BOUND('',#9897,.T.);
#10650=FACE_BOUND('',#9898,.T.);
#10651=FACE_BOUND('',#9899,.T.);
#10652=FACE_BOUND('',#9900,.T.);
#10653=FACE_BOUND('',#9901,.T.);
#10654=FACE_BOUND('',#9902,.T.);
#10655=FACE_BOUND('',#9903,.T.);
#10656=FACE_BOUND('',#9904,.T.);
#10657=FACE_BOUND('',#9905,.T.);
#10658=FACE_BOUND('',#9906,.T.);
#10659=FACE_BOUND('',#9907,.T.);
#10660=FACE_BOUND('',#9908,.T.);
#10661=FACE_BOUND('',#9909,.T.);
#10662=FACE_BOUND('',#9910,.T.);
#10663=FACE_BOUND('',#9911,.T.);
#10664=FACE_BOUND('',#9912,.T.);
#10665=FACE_BOUND('',#9913,.T.);
#10666=FACE_BOUND('',#9914,.T.);
#10667=FACE_BOUND('',#9915,.T.);
#10668=FACE_BOUND('',#9916,.T.);
#10669=FACE_BOUND('',#9917,.T.);
#10670=FACE_BOUND('',#9918,.T.);
#10671=FACE_BOUND('',#9919,.T.);
#10672=FACE_BOUND('',#9920,.T.);
#10673=FACE_BOUND('',#9921,.T.);
#10674=FACE_BOUND('',#9922,.T.);
#10675=FACE_BOUND('',#9923,.T.);
#10676=FACE_BOUND('',#9924,.T.);
#10677=FACE_BOUND('',#9925,.T.);
#10678=FACE_BOUND('',#9926,.T.);
#10679=FACE_BOUND('',#9927,.T.);
#10680=FACE_BOUND('',#9928,.T.);
#10681=FACE_BOUND('',#9929,.T.);
#10682=FACE_BOUND('',#9930,.T.);
#10683=FACE_BOUND('',#9931,.T.);
#10684=FACE_BOUND('',#9932,.T.);
#10685=FACE_BOUND('',#9933,.T.);
#10686=FACE_BOUND('',#9934,.T.);
#10687=FACE_BOUND('',#9935,.T.);
#10688=FACE_BOUND('',#9936,.T.);
#10689=FACE_BOUND('',#9937,.T.);
#10690=FACE_BOUND('',#9938,.T.);
#10691=FACE_BOUND('',#9939,.T.);
#10692=FACE_BOUND('',#9940,.T.);
#10693=FACE_BOUND('',#9941,.T.);
#10694=FACE_BOUND('',#9942,.T.);
#10695=FACE_BOUND('',#9943,.T.);
#10696=FACE_BOUND('',#9944,.T.);
#10697=FACE_BOUND('',#9945,.T.);
#10698=FACE_BOUND('',#9946,.T.);
#10699=FACE_BOUND('',#9947,.T.);
#10700=FACE_BOUND('',#9948,.T.);
#10701=FACE_BOUND('',#9949,.T.);
#10702=FACE_BOUND('',#9950,.T.);
#10703=FACE_BOUND('',#9951,.T.);
#10704=FACE_BOUND('',#9952,.T.);
#10705=FACE_BOUND('',#9953,.T.);
#10706=FACE_BOUND('',#9954,.T.);
#10707=FACE_BOUND('',#9955,.T.);
#10708=FACE_BOUND('',#9956,.T.);
#10709=FACE_BOUND('',#9957,.T.);
#10710=FACE_BOUND('',#9958,.T.);
#10711=FACE_BOUND('',#9959,.T.);
#10712=FACE_BOUND('',#9960,.T.);
#10713=FACE_BOUND('',#9961,.T.);
#10714=FACE_BOUND('',#9962,.T.);
#10715=FACE_BOUND('',#9963,.T.);
#10716=FACE_BOUND('',#9964,.T.);
#10717=FACE_BOUND('',#9965,.T.);
#10718=FACE_BOUND('',#9966,.T.);
#10719=FACE_BOUND('',#9967,.T.);
#10720=FACE_BOUND('',#9968,.T.);
#10721=FACE_BOUND('',#9969,.T.);
#10722=FACE_BOUND('',#9970,.T.);
#10723=FACE_BOUND('',#9971,.T.);
#10724=FACE_BOUND('',#9972,.T.);
#10725=FACE_BOUND('',#9973,.T.);
#10726=FACE_BOUND('',#9974,.T.);
#10727=FACE_BOUND('',#9975,.T.);
#10728=FACE_BOUND('',#9976,.T.);
#10729=FACE_BOUND('',#9977,.T.);
#10730=FACE_BOUND('',#9978,.T.);
#10731=FACE_BOUND('',#9979,.T.);
#10732=FACE_BOUND('',#9980,.T.);
#10733=FACE_BOUND('',#9981,.T.);
#10734=FACE_BOUND('',#9982,.T.);
#10735=FACE_BOUND('',#9983,.T.);
#10736=FACE_BOUND('',#9984,.T.);
#10737=FACE_BOUND('',#9985,.T.);
#10738=FACE_BOUND('',#9986,.T.);
#10739=FACE_BOUND('',#9987,.T.);
#10740=FACE_BOUND('',#9988,.T.);
#10741=FACE_BOUND('',#9989,.T.);
#10742=FACE_BOUND('',#9990,.T.);
#10743=FACE_BOUND('',#9991,.T.);
#10744=FACE_BOUND('',#9992,.T.);
#10745=FACE_BOUND('',#9993,.T.);
#10746=FACE_BOUND('',#9994,.T.);
#10747=FACE_BOUND('',#9995,.T.);
#10748=FACE_BOUND('',#9996,.T.);
#10749=FACE_BOUND('',#9997,.T.);
#10750=FACE_BOUND('',#9998,.T.);
#10751=FACE_BOUND('',#9999,.T.);
#10752=FACE_BOUND('',#10000,.T.);
#10753=FACE_BOUND('',#10001,.T.);
#10754=FACE_BOUND('',#10002,.T.);
#10755=FACE_BOUND('',#10003,.T.);
#10756=FACE_BOUND('',#10004,.T.);
#10757=FACE_BOUND('',#10005,.T.);
#10758=FACE_BOUND('',#10006,.T.);
#10759=FACE_BOUND('',#10007,.T.);
#10760=FACE_BOUND('',#10008,.T.);
#10761=FACE_BOUND('',#10009,.T.);
#10762=FACE_BOUND('',#10010,.T.);
#10763=FACE_BOUND('',#10011,.T.);
#10764=FACE_BOUND('',#10012,.T.);
#10765=FACE_BOUND('',#10013,.T.);
#10766=FACE_BOUND('',#10014,.T.);
#10767=FACE_BOUND('',#10015,.T.);
#10768=FACE_BOUND('',#10016,.T.);
#10769=FACE_BOUND('',#10017,.T.);
#10770=FACE_BOUND('',#10018,.T.);
#10771=FACE_BOUND('',#10019,.T.);
#10772=FACE_BOUND('',#10020,.T.);
#10773=FACE_BOUND('',#10021,.T.);
#10774=FACE_BOUND('',#10022,.T.);
#10775=FACE_BOUND('',#10023,.T.);
#10776=FACE_BOUND('',#10024,.T.);
#10777=FACE_BOUND('',#10025,.T.);
#10778=FACE_BOUND('',#10026,.T.);
#10779=FACE_BOUND('',#10027,.T.);
#10780=FACE_BOUND('',#10028,.T.);
#10781=FACE_BOUND('',#10029,.T.);
#10782=FACE_BOUND('',#10030,.T.);
#10783=FACE_BOUND('',#10031,.T.);
#10784=FACE_BOUND('',#10032,.T.);
#10785=FACE_BOUND('',#10033,.T.);
#10786=FACE_BOUND('',#10034,.T.);
#10787=FACE_BOUND('',#10035,.T.);
#10788=FACE_BOUND('',#10036,.T.);
#10789=FACE_BOUND('',#10037,.T.);
#10790=FACE_BOUND('',#10038,.T.);
#10791=FACE_BOUND('',#10039,.T.);
#10792=FACE_BOUND('',#10040,.T.);
#10793=FACE_BOUND('',#10041,.T.);
#10794=FACE_BOUND('',#10042,.T.);
#10795=FACE_BOUND('',#10043,.T.);
#10796=FACE_BOUND('',#10044,.T.);
#10797=FACE_BOUND('',#10045,.T.);
#10798=FACE_BOUND('',#10046,.T.);
#10799=FACE_BOUND('',#10047,.T.);
#10800=FACE_BOUND('',#10048,.T.);
#10801=FACE_BOUND('',#10049,.T.);
#10802=FACE_BOUND('',#10050,.T.);
#10803=FACE_BOUND('',#10051,.T.);
#10804=FACE_BOUND('',#10052,.T.);
#10805=FACE_BOUND('',#10053,.T.);
#10806=FACE_BOUND('',#10054,.T.);
#10807=FACE_BOUND('',#10055,.T.);
#10808=FACE_BOUND('',#10056,.T.);
#10809=FACE_BOUND('',#10057,.T.);
#10810=FACE_BOUND('',#10058,.T.);
#10811=FACE_BOUND('',#10059,.T.);
#10812=FACE_BOUND('',#10060,.T.);
#10813=FACE_BOUND('',#10061,.T.);
#10814=FACE_BOUND('',#10062,.T.);
#10815=FACE_BOUND('',#10063,.T.);
#10816=FACE_BOUND('',#10064,.T.);
#10817=FACE_BOUND('',#10065,.T.);
#10818=FACE_BOUND('',#10066,.T.);
#10819=FACE_BOUND('',#10067,.T.);
#10820=FACE_BOUND('',#10068,.T.);
#10821=FACE_BOUND('',#10069,.T.);
#10822=FACE_BOUND('',#10070,.T.);
#10823=FACE_BOUND('',#10071,.T.);
#10824=FACE_BOUND('',#10072,.T.);
#10825=FACE_BOUND('',#10073,.T.);
#10826=FACE_BOUND('',#10074,.T.);
#10827=FACE_BOUND('',#10075,.T.);
#10828=FACE_BOUND('',#10076,.T.);
#10829=FACE_BOUND('',#10077,.T.);
#10830=FACE_BOUND('',#10078,.T.);
#10831=FACE_BOUND('',#10079,.T.);
#10832=FACE_BOUND('',#10080,.T.);
#10833=FACE_BOUND('',#10081,.T.);
#10834=FACE_BOUND('',#10082,.T.);
#10835=FACE_BOUND('',#10083,.T.);
#10836=FACE_BOUND('',#10084,.T.);
#10837=FACE_BOUND('',#10085,.T.);
#10838=FACE_BOUND('',#10086,.T.);
#10839=FACE_BOUND('',#10087,.T.);
#10840=FACE_BOUND('',#10088,.T.);
#10841=FACE_BOUND('',#10089,.T.);
#10842=FACE_BOUND('',#10090,.T.);
#10843=FACE_BOUND('',#10091,.T.);
#10844=FACE_BOUND('',#10092,.T.);
#10845=FACE_BOUND('',#10093,.T.);
#10846=FACE_BOUND('',#10094,.T.);
#10847=FACE_BOUND('',#10095,.T.);
#10848=FACE_BOUND('',#10096,.T.);
#10849=FACE_BOUND('',#10097,.T.);
#10850=FACE_BOUND('',#10098,.T.);
#10851=FACE_BOUND('',#10099,.T.);
#10852=FACE_BOUND('',#10100,.T.);
#10853=FACE_BOUND('',#10101,.T.);
#10854=FACE_BOUND('',#10102,.T.);
#10855=FACE_BOUND('',#10103,.T.);
#10856=FACE_BOUND('',#10104,.T.);
#10857=FACE_BOUND('',#10105,.T.);
#10858=FACE_BOUND('',#10106,.T.);
#10859=FACE_BOUND('',#10107,.T.);
#10860=FACE_BOUND('',#10108,.T.);
#10861=FACE_BOUND('',#10109,.T.);
#10862=FACE_BOUND('',#10110,.T.);
#10863=FACE_BOUND('',#10111,.T.);
#10864=FACE_BOUND('',#10112,.T.);
#10865=FACE_BOUND('',#10113,.T.);
#10866=FACE_BOUND('',#10114,.T.);
#10867=FACE_BOUND('',#10115,.T.);
#10868=FACE_BOUND('',#10116,.T.);
#10869=FACE_BOUND('',#10117,.T.);
#10870=FACE_BOUND('',#10118,.T.);
#10871=FACE_BOUND('',#10119,.T.);
#10872=FACE_BOUND('',#10120,.T.);
#10873=FACE_BOUND('',#10121,.T.);
#10874=FACE_BOUND('',#10122,.T.);
#10875=FACE_BOUND('',#10123,.T.);
#10876=FACE_BOUND('',#10124,.T.);
#10877=FACE_BOUND('',#10125,.T.);
#10878=FACE_BOUND('',#10126,.T.);
#10879=FACE_BOUND('',#10127,.T.);
#10880=FACE_BOUND('',#10128,.T.);
#10881=FACE_BOUND('',#10129,.T.);
#10882=FACE_BOUND('',#10130,.T.);
#10883=FACE_BOUND('',#10131,.T.);
#10884=FACE_BOUND('',#10132,.T.);
#10885=FACE_BOUND('',#10133,.T.);
#10886=FACE_BOUND('',#10134,.T.);
#10887=FACE_BOUND('',#10135,.T.);
#10888=FACE_BOUND('',#10136,.T.);
#10889=FACE_BOUND('',#10137,.T.);
#10890=FACE_BOUND('',#10138,.T.);
#10891=FACE_BOUND('',#10139,.T.);
#10892=FACE_BOUND('',#10140,.T.);
#10893=FACE_BOUND('',#10141,.T.);
#10894=FACE_BOUND('',#10142,.T.);
#10895=FACE_BOUND('',#10143,.T.);
#10896=FACE_BOUND('',#10144,.T.);
#10897=FACE_BOUND('',#10145,.T.);
#10898=FACE_BOUND('',#10146,.T.);
#10899=FACE_BOUND('',#10147,.T.);
#10900=FACE_BOUND('',#10148,.T.);
#10901=FACE_BOUND('',#10149,.T.);
#10902=FACE_BOUND('',#10150,.T.);
#10903=FACE_BOUND('',#10151,.T.);
#10904=FACE_BOUND('',#10152,.T.);
#10905=FACE_BOUND('',#10153,.T.);
#10906=FACE_BOUND('',#10154,.T.);
#10907=FACE_BOUND('',#10155,.T.);
#10908=FACE_BOUND('',#10156,.T.);
#10909=FACE_BOUND('',#10157,.T.);
#10910=FACE_BOUND('',#10158,.T.);
#10911=FACE_BOUND('',#10159,.T.);
#10912=FACE_BOUND('',#10160,.T.);
#10913=FACE_BOUND('',#10161,.T.);
#10914=FACE_BOUND('',#10162,.T.);
#10915=FACE_BOUND('',#10163,.T.);
#10916=FACE_BOUND('',#10164,.T.);
#10917=FACE_BOUND('',#10165,.T.);
#10918=FACE_BOUND('',#10166,.T.);
#10919=FACE_BOUND('',#10167,.T.);
#10920=FACE_BOUND('',#10168,.T.);
#10921=FACE_BOUND('',#10169,.T.);
#10922=FACE_BOUND('',#10170,.T.);
#10923=FACE_BOUND('',#10171,.T.);
#10924=FACE_BOUND('',#10172,.T.);
#10925=FACE_BOUND('',#10173,.T.);
#10926=FACE_BOUND('',#10174,.T.);
#10927=FACE_BOUND('',#10175,.T.);
#10928=FACE_BOUND('',#10176,.T.);
#10929=FACE_BOUND('',#10177,.T.);
#10930=FACE_BOUND('',#10178,.T.);
#10931=FACE_BOUND('',#10179,.T.);
#10932=FACE_BOUND('',#10180,.T.);
#10933=FACE_BOUND('',#10181,.T.);
#10934=FACE_BOUND('',#10182,.T.);
#10935=FACE_BOUND('',#10183,.T.);
#10936=FACE_BOUND('',#10184,.T.);
#10937=FACE_BOUND('',#10185,.T.);
#10938=FACE_BOUND('',#10186,.T.);
#10939=FACE_BOUND('',#10187,.T.);
#10940=FACE_BOUND('',#10188,.T.);
#10941=FACE_BOUND('',#10189,.T.);
#10942=FACE_BOUND('',#10190,.T.);
#10943=FACE_BOUND('',#10191,.T.);
#10944=FACE_BOUND('',#10192,.T.);
#10945=FACE_BOUND('',#10193,.T.);
#10946=FACE_BOUND('',#10194,.T.);
#10947=FACE_BOUND('',#10195,.T.);
#10948=FACE_BOUND('',#10196,.T.);
#10949=FACE_BOUND('',#10197,.T.);
#10950=FACE_BOUND('',#10198,.T.);
#10951=FACE_BOUND('',#10199,.T.);
#10952=FACE_BOUND('',#10200,.T.);
#10953=FACE_BOUND('',#10201,.T.);
#10954=FACE_BOUND('',#10202,.T.);
#10955=FACE_BOUND('',#10203,.T.);
#10956=FACE_BOUND('',#10204,.T.);
#10957=FACE_BOUND('',#10205,.T.);
#10958=FACE_BOUND('',#10206,.T.);
#10959=FACE_BOUND('',#10207,.T.);
#10960=FACE_BOUND('',#10208,.T.);
#10961=FACE_BOUND('',#10209,.T.);
#10962=FACE_BOUND('',#10210,.T.);
#10963=FACE_BOUND('',#10211,.T.);
#10964=FACE_BOUND('',#10212,.T.);
#10965=FACE_BOUND('',#10213,.T.);
#10966=FACE_BOUND('',#10214,.T.);
#10967=FACE_BOUND('',#10215,.T.);
#10968=FACE_BOUND('',#10216,.T.);
#10969=FACE_BOUND('',#10217,.T.);
#10970=FACE_BOUND('',#10218,.T.);
#10971=FACE_BOUND('',#10219,.T.);
#10972=FACE_BOUND('',#10220,.T.);
#10973=FACE_BOUND('',#10221,.T.);
#10974=FACE_BOUND('',#10222,.T.);
#10975=FACE_BOUND('',#10223,.T.);
#10976=FACE_BOUND('',#10224,.T.);
#10977=FACE_BOUND('',#10225,.T.);
#10978=FACE_BOUND('',#10226,.T.);
#10979=FACE_BOUND('',#10227,.T.);
#10980=FACE_BOUND('',#10228,.T.);
#10981=FACE_BOUND('',#10229,.T.);
#10982=FACE_BOUND('',#10230,.T.);
#10983=FACE_BOUND('',#10231,.T.);
#10984=FACE_BOUND('',#10232,.T.);
#10985=FACE_BOUND('',#10233,.T.);
#10986=FACE_BOUND('',#10234,.T.);
#10987=FACE_BOUND('',#10235,.T.);
#10988=FACE_BOUND('',#10236,.T.);
#10989=FACE_BOUND('',#10237,.T.);
#10990=FACE_BOUND('',#10238,.T.);
#10991=FACE_BOUND('',#10239,.T.);
#10992=FACE_BOUND('',#10240,.T.);
#10993=FACE_BOUND('',#10241,.T.);
#10994=FACE_BOUND('',#10242,.T.);
#10995=FACE_BOUND('',#10243,.T.);
#10996=FACE_BOUND('',#10244,.T.);
#10997=FACE_BOUND('',#10245,.T.);
#10998=FACE_BOUND('',#10246,.T.);
#10999=FACE_BOUND('',#10247,.T.);
#11000=FACE_BOUND('',#10248,.T.);
#11001=FACE_BOUND('',#10249,.T.);
#11002=FACE_BOUND('',#10250,.T.);
#11003=FACE_BOUND('',#10251,.T.);
#11004=FACE_BOUND('',#10252,.T.);
#11005=FACE_BOUND('',#10253,.T.);
#11006=FACE_BOUND('',#10254,.T.);
#11007=FACE_BOUND('',#10255,.T.);
#11008=FACE_BOUND('',#10256,.T.);
#11009=FACE_BOUND('',#10257,.T.);
#11010=FACE_BOUND('',#10258,.T.);
#11011=FACE_BOUND('',#10259,.T.);
#11012=FACE_BOUND('',#10260,.T.);
#11013=FACE_BOUND('',#10261,.T.);
#11014=FACE_BOUND('',#10262,.T.);
#11015=FACE_BOUND('',#10263,.T.);
#11016=FACE_BOUND('',#10264,.T.);
#11017=FACE_BOUND('',#10265,.T.);
#11018=FACE_BOUND('',#10266,.T.);
#11019=FACE_BOUND('',#10267,.T.);
#11020=FACE_BOUND('',#10268,.T.);
#11021=FACE_BOUND('',#10269,.T.);
#11022=FACE_BOUND('',#10270,.T.);
#11023=FACE_BOUND('',#10271,.T.);
#11024=FACE_BOUND('',#10272,.T.);
#11025=FACE_BOUND('',#10273,.T.);
#11026=FACE_BOUND('',#10274,.T.);
#11027=FACE_BOUND('',#10275,.T.);
#11028=FACE_BOUND('',#10276,.T.);
#11029=FACE_BOUND('',#10277,.T.);
#11030=FACE_BOUND('',#10278,.T.);
#11031=FACE_BOUND('',#10279,.T.);
#11032=FACE_BOUND('',#10280,.T.);
#11033=FACE_BOUND('',#10281,.T.);
#11034=FACE_BOUND('',#10282,.T.);
#11035=FACE_BOUND('',#10283,.T.);
#11036=FACE_BOUND('',#10284,.T.);
#11037=FACE_BOUND('',#10285,.T.);
#11038=FACE_BOUND('',#10286,.T.);
#11039=FACE_BOUND('',#10287,.T.);
#11040=FACE_BOUND('',#10288,.T.);
#11041=FACE_BOUND('',#10289,.T.);
#11042=FACE_BOUND('',#10290,.T.);
#11043=FACE_BOUND('',#10291,.T.);
#11044=FACE_BOUND('',#10292,.T.);
#11045=FACE_BOUND('',#10293,.T.);
#11046=FACE_BOUND('',#10294,.T.);
#11047=FACE_BOUND('',#10295,.T.);
#11048=FACE_BOUND('',#10296,.T.);
#11049=FACE_BOUND('',#10297,.T.);
#11050=FACE_BOUND('',#10298,.T.);
#11051=FACE_BOUND('',#10299,.T.);
#11052=FACE_BOUND('',#10300,.T.);
#11053=FACE_BOUND('',#10301,.T.);
#11054=FACE_BOUND('',#10302,.T.);
#11055=FACE_BOUND('',#10303,.T.);
#11056=FACE_BOUND('',#10304,.T.);
#11057=FACE_BOUND('',#10305,.T.);
#11058=FACE_BOUND('',#10306,.T.);
#11059=FACE_BOUND('',#10307,.T.);
#11060=FACE_BOUND('',#10308,.T.);
#11061=FACE_BOUND('',#10309,.T.);
#11062=FACE_BOUND('',#10310,.T.);
#11063=FACE_BOUND('',#10311,.T.);
#11064=FACE_BOUND('',#10312,.T.);
#11065=FACE_BOUND('',#10313,.T.);
#11066=FACE_BOUND('',#10314,.T.);
#11067=FACE_BOUND('',#10315,.T.);
#11068=FACE_BOUND('',#10316,.T.);
#11069=FACE_BOUND('',#10317,.T.);
#11070=FACE_BOUND('',#10318,.T.);
#11071=FACE_BOUND('',#10319,.T.);
#11072=FACE_BOUND('',#10320,.T.);
#11073=FACE_BOUND('',#10321,.T.);
#11074=FACE_BOUND('',#10322,.T.);
#11075=FACE_BOUND('',#10323,.T.);
#11076=FACE_BOUND('',#10324,.T.);
#11077=FACE_BOUND('',#10325,.T.);
#11078=FACE_BOUND('',#10326,.T.);
#11079=FACE_BOUND('',#10327,.T.);
#11080=FACE_BOUND('',#10328,.T.);
#11081=FACE_BOUND('',#10329,.T.);
#11082=FACE_BOUND('',#10330,.T.);
#11083=FACE_BOUND('',#10331,.T.);
#11084=FACE_BOUND('',#10332,.T.);
#11085=FACE_BOUND('',#10333,.T.);
#11086=FACE_BOUND('',#10334,.T.);
#11087=FACE_BOUND('',#10335,.T.);
#11088=FACE_BOUND('',#10336,.T.);
#11089=FACE_BOUND('',#10337,.T.);
#11090=FACE_BOUND('',#10338,.T.);
#11091=FACE_BOUND('',#10339,.T.);
#11092=FACE_BOUND('',#10340,.T.);
#11093=FACE_BOUND('',#10341,.T.);
#11094=FACE_BOUND('',#10342,.T.);
#11095=FACE_BOUND('',#10343,.T.);
#11096=FACE_BOUND('',#10344,.T.);
#11097=FACE_BOUND('',#10345,.T.);
#11098=FACE_BOUND('',#10346,.T.);
#11099=FACE_BOUND('',#10347,.T.);
#11100=FACE_BOUND('',#10348,.T.);
#11101=FACE_BOUND('',#10349,.T.);
#11102=FACE_BOUND('',#10350,.T.);
#11103=FACE_BOUND('',#10351,.T.);
#11104=FACE_BOUND('',#10352,.T.);
#11105=FACE_BOUND('',#10353,.T.);
#11106=FACE_BOUND('',#10354,.T.);
#11107=FACE_BOUND('',#10355,.T.);
#11108=FACE_BOUND('',#10356,.T.);
#11109=FACE_BOUND('',#10357,.T.);
#11110=FACE_BOUND('',#10358,.T.);
#11111=FACE_BOUND('',#10359,.T.);
#11112=FACE_BOUND('',#10360,.T.);
#11113=FACE_BOUND('',#10361,.T.);
#11114=FACE_BOUND('',#10362,.T.);
#11115=FACE_BOUND('',#10363,.T.);
#11116=FACE_BOUND('',#10364,.T.);
#11117=FACE_BOUND('',#10365,.T.);
#11118=FACE_BOUND('',#10366,.T.);
#11119=FACE_BOUND('',#10367,.T.);
#11120=FACE_BOUND('',#10368,.T.);
#11121=FACE_BOUND('',#10369,.T.);
#11122=FACE_BOUND('',#10370,.T.);
#11123=FACE_BOUND('',#10371,.T.);
#11124=FACE_BOUND('',#10372,.T.);
#11125=FACE_BOUND('',#10373,.T.);
#11126=FACE_BOUND('',#10374,.T.);
#11127=FACE_BOUND('',#10375,.T.);
#11128=FACE_BOUND('',#10376,.T.);
#11129=FACE_BOUND('',#10377,.T.);
#11130=FACE_BOUND('',#10378,.T.);
#11131=FACE_BOUND('',#10379,.T.);
#11132=FACE_BOUND('',#10380,.T.);
#11133=FACE_BOUND('',#10381,.T.);
#11134=FACE_BOUND('',#10382,.T.);
#11135=FACE_BOUND('',#10383,.T.);
#11136=FACE_BOUND('',#10384,.T.);
#11137=FACE_BOUND('',#10385,.T.);
#11138=FACE_BOUND('',#10386,.T.);
#11139=FACE_BOUND('',#10387,.T.);
#11140=FACE_BOUND('',#10388,.T.);
#11141=FACE_BOUND('',#10389,.T.);
#11142=FACE_BOUND('',#10390,.T.);
#11143=FACE_BOUND('',#10391,.T.);
#11144=FACE_BOUND('',#10392,.T.);
#11145=FACE_BOUND('',#10393,.T.);
#11146=FACE_BOUND('',#10394,.T.);
#11147=FACE_BOUND('',#10395,.T.);
#11148=FACE_BOUND('',#10396,.T.);
#11149=FACE_BOUND('',#10397,.T.);
#11150=FACE_BOUND('',#10398,.T.);
#11151=FACE_BOUND('',#10399,.T.);
#11152=FACE_BOUND('',#10400,.T.);
#11153=FACE_BOUND('',#10401,.T.);
#11154=FACE_BOUND('',#10402,.T.);
#11155=FACE_BOUND('',#10403,.T.);
#11156=FACE_BOUND('',#10404,.T.);
#11157=FACE_BOUND('',#10405,.T.);
#11158=FACE_BOUND('',#10406,.T.);
#11159=FACE_BOUND('',#10407,.T.);
#11160=FACE_BOUND('',#10408,.T.);
#11161=FACE_BOUND('',#10409,.T.);
#11162=FACE_BOUND('',#10410,.T.);
#11163=FACE_BOUND('',#10411,.T.);
#11164=FACE_BOUND('',#10412,.T.);
#11165=FACE_BOUND('',#10413,.T.);
#11166=FACE_BOUND('',#10414,.T.);
#11167=FACE_BOUND('',#10415,.T.);
#11168=FACE_BOUND('',#10416,.T.);
#11169=FACE_BOUND('',#10417,.T.);
#11170=FACE_BOUND('',#10418,.T.);
#11171=FACE_BOUND('',#10419,.T.);
#11172=FACE_BOUND('',#10420,.T.);
#11173=FACE_BOUND('',#10421,.T.);
#11174=FACE_BOUND('',#10422,.T.);
#11175=FACE_BOUND('',#10423,.T.);
#11176=FACE_BOUND('',#10424,.T.);
#11177=FACE_BOUND('',#10425,.T.);
#11178=FACE_BOUND('',#10426,.T.);
#11179=FACE_BOUND('',#10427,.T.);
#11180=FACE_BOUND('',#10428,.T.);
#11181=FACE_BOUND('',#10429,.T.);
#11182=FACE_BOUND('',#10430,.T.);
#11183=FACE_BOUND('',#10431,.T.);
#11184=FACE_BOUND('',#10432,.T.);
#11185=FACE_BOUND('',#10433,.T.);
#11186=FACE_BOUND('',#10434,.T.);
#11187=FACE_BOUND('',#10435,.T.);
#11188=FACE_BOUND('',#10436,.T.);
#11189=FACE_BOUND('',#10437,.T.);
#11190=FACE_BOUND('',#10438,.T.);
#11191=FACE_BOUND('',#10439,.T.);
#11192=FACE_BOUND('',#10440,.T.);
#11193=FACE_BOUND('',#10441,.T.);
#11194=FACE_BOUND('',#10442,.T.);
#11195=FACE_BOUND('',#10443,.T.);
#11196=FACE_BOUND('',#10444,.T.);
#11197=FACE_BOUND('',#10445,.T.);
#11198=FACE_BOUND('',#10446,.T.);
#11199=FACE_BOUND('',#10447,.T.);
#11200=FACE_BOUND('',#10448,.T.);
#11201=FACE_BOUND('',#10449,.T.);
#11202=FACE_BOUND('',#10450,.T.);
#11203=FACE_BOUND('',#10451,.T.);
#11204=FACE_BOUND('',#10452,.T.);
#11205=FACE_BOUND('',#10453,.T.);
#11206=FACE_BOUND('',#10454,.T.);
#11207=FACE_BOUND('',#10455,.T.);
#11208=FACE_BOUND('',#10456,.T.);
#11209=FACE_BOUND('',#10457,.T.);
#11210=FACE_BOUND('',#10458,.T.);
#11211=FACE_BOUND('',#10459,.T.);
#11212=FACE_BOUND('',#10460,.T.);
#11213=FACE_BOUND('',#10461,.T.);
#11214=FACE_BOUND('',#10462,.T.);
#11215=FACE_BOUND('',#10463,.T.);
#11216=FACE_BOUND('',#10464,.T.);
#11217=FACE_BOUND('',#10465,.T.);
#11218=FACE_BOUND('',#10466,.T.);
#11219=FACE_BOUND('',#10467,.T.);
#11220=FACE_BOUND('',#10468,.T.);
#11221=FACE_BOUND('',#10469,.T.);
#11222=FACE_BOUND('',#10470,.T.);
#11223=FACE_BOUND('',#10471,.T.);
#11224=FACE_BOUND('',#10472,.T.);
#11225=FACE_BOUND('',#10473,.T.);
#11226=FACE_BOUND('',#10474,.T.);
#11227=FACE_BOUND('',#10475,.T.);
#11228=FACE_BOUND('',#10476,.T.);
#11229=FACE_BOUND('',#10477,.T.);
#11230=FACE_BOUND('',#10478,.T.);
#11231=FACE_BOUND('',#10479,.T.);
#11232=FACE_BOUND('',#10480,.T.);
#11233=FACE_BOUND('',#10481,.T.);
#11234=FACE_BOUND('',#10482,.T.);
#11235=FACE_BOUND('',#10483,.T.);
#11236=FACE_BOUND('',#10484,.T.);
#11237=FACE_BOUND('',#10485,.T.);
#11238=FACE_BOUND('',#10486,.T.);
#11239=FACE_BOUND('',#10487,.T.);
#11240=FACE_BOUND('',#10488,.T.);
#11241=FACE_BOUND('',#10489,.T.);
#11242=FACE_BOUND('',#10490,.T.);
#11243=FACE_BOUND('',#10491,.T.);
#11244=FACE_BOUND('',#10492,.T.);
#11245=FACE_BOUND('',#10493,.T.);
#11246=FACE_BOUND('',#10494,.T.);
#11247=FACE_BOUND('',#10495,.T.);
#11248=FACE_BOUND('',#10496,.T.);
#11249=FACE_BOUND('',#10497,.T.);
#11250=FACE_BOUND('',#10498,.T.);
#11251=FACE_BOUND('',#10499,.T.);
#11252=FACE_BOUND('',#10500,.T.);
#11253=FACE_BOUND('',#10501,.T.);
#11254=FACE_BOUND('',#10502,.T.);
#11255=FACE_BOUND('',#10503,.T.);
#11256=FACE_BOUND('',#10504,.T.);
#11257=FACE_BOUND('',#10505,.T.);
#11258=FACE_BOUND('',#10506,.T.);
#11259=FACE_BOUND('',#10507,.T.);
#11260=FACE_BOUND('',#10508,.T.);
#11261=FACE_BOUND('',#10509,.T.);
#11262=FACE_BOUND('',#10510,.T.);
#11263=FACE_BOUND('',#10511,.T.);
#11264=PLANE('',#12169);
#11265=PLANE('',#12466);
#11266=PLANE('',#12763);
#11267=PLANE('',#12765);
#11268=PLANE('',#12767);
#11269=PLANE('',#12769);
#11270=PLANE('',#12771);
#11271=PLANE('',#12773);
#11272=PLANE('',#12775);
#11273=PLANE('',#12777);
#11274=PLANE('',#12779);
#11275=PLANE('',#12781);
#11276=PLANE('',#12783);
#11277=PLANE('',#12785);
#11278=PLANE('',#12787);
#11279=PLANE('',#12789);
#11280=PLANE('',#12791);
#11281=PLANE('',#12793);
#11282=PLANE('',#12795);
#11283=PLANE('',#12797);
#11284=PLANE('',#12799);
#11285=PLANE('',#12801);
#11286=PLANE('',#12803);
#11287=PLANE('',#12805);
#11288=PLANE('',#12807);
#11289=PLANE('',#12809);
#11290=PLANE('',#12811);
#11291=PLANE('',#12813);
#11292=PLANE('',#12815);
#11293=PLANE('',#12817);
#11294=PLANE('',#12819);
#11295=PLANE('',#12821);
#11296=PLANE('',#12823);
#11297=PLANE('',#12825);
#11298=PLANE('',#12827);
#11299=PLANE('',#12829);
#11300=PLANE('',#12831);
#11301=PLANE('',#12833);
#11302=PLANE('',#12835);
#11303=PLANE('',#12837);
#11304=PLANE('',#12839);
#11305=PLANE('',#12841);
#11306=PLANE('',#12844);
#11307=PLANE('',#12846);
#11308=PLANE('',#12848);
#11309=PLANE('',#12850);
#11310=PLANE('',#12851);
#11311=PLANE('',#12853);
#11312=PLANE('',#12855);
#11313=PLANE('',#12857);
#11314=PLANE('',#12860);
#11315=PLANE('',#12862);
#11316=PLANE('',#12864);
#11317=PLANE('',#12866);
#11318=PLANE('',#12867);
#11319=PLANE('',#12869);
#11320=PLANE('',#12871);
#11321=PLANE('',#12873);
#11322=PLANE('',#12875);
#11323=PLANE('',#12877);
#11324=PLANE('',#12879);
#11325=PLANE('',#12881);
#11326=PLANE('',#12883);
#11327=PLANE('',#12885);
#11328=PLANE('',#12887);
#11329=PLANE('',#12889);
#11330=PLANE('',#12891);
#11331=PLANE('',#12893);
#11332=PLANE('',#12895);
#11333=PLANE('',#12897);
#11334=PLANE('',#12899);
#11335=PLANE('',#12901);
#11336=PLANE('',#12903);
#11337=PLANE('',#12905);
#11338=PLANE('',#12907);
#11339=PLANE('',#12909);
#11340=PLANE('',#12911);
#11341=PLANE('',#12913);
#11342=PLANE('',#12915);
#11343=PLANE('',#12917);
#11344=PLANE('',#12919);
#11345=PLANE('',#12921);
#11346=PLANE('',#12923);
#11347=PLANE('',#12925);
#11348=PLANE('',#12927);
#11349=PLANE('',#12929);
#11350=PLANE('',#12931);
#11351=PLANE('',#12933);
#11352=PLANE('',#12935);
#11353=PLANE('',#12937);
#11354=PLANE('',#12939);
#11355=PLANE('',#12941);
#11356=PLANE('',#12943);
#11357=PLANE('',#12945);
#11358=PLANE('',#12947);
#11359=PLANE('',#12949);
#11360=PLANE('',#12951);
#11361=PLANE('',#12953);
#11362=PLANE('',#12956);
#11363=PLANE('',#12958);
#11364=PLANE('',#12960);
#11365=PLANE('',#12962);
#11366=PLANE('',#12963);
#11367=PLANE('',#12965);
#11368=PLANE('',#12967);
#11369=PLANE('',#12969);
#11370=PLANE('',#12972);
#11371=PLANE('',#12974);
#11372=PLANE('',#12976);
#11373=PLANE('',#12978);
#11374=PLANE('',#12979);
#11375=PLANE('',#12981);
#11376=PLANE('',#12983);
#11377=PLANE('',#12985);
#11378=PLANE('',#12987);
#11379=PLANE('',#12989);
#11380=PLANE('',#12991);
#11381=PLANE('',#12993);
#11382=PLANE('',#12995);
#11383=PLANE('',#12997);
#11384=PLANE('',#12999);
#11385=PLANE('',#13001);
#11386=PLANE('',#13003);
#11387=PLANE('',#13005);
#11388=PLANE('',#13007);
#11389=PLANE('',#13009);
#11390=PLANE('',#13011);
#11391=PLANE('',#13013);
#11392=PLANE('',#13015);
#11393=PLANE('',#13017);
#11394=PLANE('',#13019);
#11395=PLANE('',#13021);
#11396=PLANE('',#13023);
#11397=PLANE('',#13025);
#11398=PLANE('',#13027);
#11399=PLANE('',#13029);
#11400=PLANE('',#13031);
#11401=PLANE('',#13033);
#11402=PLANE('',#13035);
#11403=PLANE('',#13037);
#11404=PLANE('',#13039);
#11405=PLANE('',#13041);
#11406=PLANE('',#13043);
#11407=PLANE('',#13045);
#11408=PLANE('',#13047);
#11409=PLANE('',#13049);
#11410=PLANE('',#13051);
#11411=PLANE('',#13053);
#11412=PLANE('',#13055);
#11413=PLANE('',#13057);
#11414=PLANE('',#13059);
#11415=PLANE('',#13061);
#11416=PLANE('',#13063);
#11417=PLANE('',#13065);
#11418=PLANE('',#13067);
#11419=PLANE('',#13069);
#11420=PLANE('',#13071);
#11421=PLANE('',#13073);
#11422=PLANE('',#13075);
#11423=PLANE('',#13077);
#11424=PLANE('',#13079);
#11425=PLANE('',#13081);
#11426=PLANE('',#13084);
#11427=PLANE('',#13086);
#11428=PLANE('',#13088);
#11429=PLANE('',#13090);
#11430=PLANE('',#13091);
#11431=PLANE('',#13093);
#11432=PLANE('',#13095);
#11433=PLANE('',#13097);
#11434=PLANE('',#13099);
#11435=PLANE('',#13101);
#11436=PLANE('',#13103);
#11437=PLANE('',#13105);
#11438=PLANE('',#13107);
#11439=PLANE('',#13109);
#11440=PLANE('',#13111);
#11441=PLANE('',#13113);
#11442=PLANE('',#13116);
#11443=PLANE('',#13118);
#11444=PLANE('',#13120);
#11445=PLANE('',#13122);
#11446=PLANE('',#13123);
#11447=PLANE('',#13125);
#11448=PLANE('',#13127);
#11449=PLANE('',#13129);
#11450=PLANE('',#13131);
#11451=PLANE('',#13133);
#11452=PLANE('',#13135);
#11453=PLANE('',#13137);
#11454=PLANE('',#13139);
#11455=PLANE('',#13141);
#11456=PLANE('',#13143);
#11457=PLANE('',#13145);
#11458=PLANE('',#13147);
#11459=PLANE('',#13149);
#11460=PLANE('',#13151);
#11461=PLANE('',#13153);
#11462=PLANE('',#13155);
#11463=PLANE('',#13157);
#11464=PLANE('',#13159);
#11465=PLANE('',#13161);
#11466=PLANE('',#13163);
#11467=PLANE('',#13165);
#11468=PLANE('',#13167);
#11469=PLANE('',#13169);
#11470=PLANE('',#13172);
#11471=PLANE('',#13174);
#11472=PLANE('',#13176);
#11473=PLANE('',#13178);
#11474=PLANE('',#13179);
#11475=PLANE('',#13181);
#11476=PLANE('',#13183);
#11477=PLANE('',#13185);
#11478=PLANE('',#13187);
#11479=PLANE('',#13189);
#11480=PLANE('',#13191);
#11481=PLANE('',#13193);
#11482=PLANE('',#13195);
#11483=PLANE('',#13197);
#11484=PLANE('',#13199);
#11485=PLANE('',#13201);
#11486=PLANE('',#13203);
#11487=PLANE('',#13205);
#11488=PLANE('',#13207);
#11489=PLANE('',#13209);
#11490=PLANE('',#13211);
#11491=PLANE('',#13213);
#11492=PLANE('',#13215);
#11493=PLANE('',#13217);
#11494=PLANE('',#13219);
#11495=PLANE('',#13221);
#11496=PLANE('',#13223);
#11497=PLANE('',#13225);
#11498=PLANE('',#13227);
#11499=PLANE('',#13229);
#11500=PLANE('',#13231);
#11501=PLANE('',#13233);
#11502=PLANE('',#13235);
#11503=PLANE('',#13237);
#11504=PLANE('',#13239);
#11505=PLANE('',#13241);
#11506=PLANE('',#13243);
#11507=PLANE('',#13245);
#11508=PLANE('',#13247);
#11509=PLANE('',#13249);
#11510=PLANE('',#13251);
#11511=PLANE('',#13253);
#11512=PLANE('',#13255);
#11513=PLANE('',#13257);
#11514=PLANE('',#13259);
#11515=PLANE('',#13261);
#11516=PLANE('',#13263);
#11517=PLANE('',#13265);
#11518=PLANE('',#13267);
#11519=PLANE('',#13269);
#11520=PLANE('',#13271);
#11521=PLANE('',#13273);
#11522=PLANE('',#13275);
#11523=PLANE('',#13277);
#11524=PLANE('',#13279);
#11525=PLANE('',#13281);
#11526=PLANE('',#13284);
#11527=PLANE('',#13286);
#11528=PLANE('',#13288);
#11529=PLANE('',#13290);
#11530=PLANE('',#13291);
#11531=PLANE('',#13293);
#11532=PLANE('',#13295);
#11533=PLANE('',#13297);
#11534=PLANE('',#13299);
#11535=PLANE('',#13301);
#11536=PLANE('',#13303);
#11537=PLANE('',#13305);
#11538=PLANE('',#13307);
#11539=PLANE('',#13309);
#11540=PLANE('',#13311);
#11541=PLANE('',#13313);
#11542=PLANE('',#13315);
#11543=PLANE('',#13317);
#11544=PLANE('',#13319);
#11545=PLANE('',#13321);
#11546=PLANE('',#13323);
#11547=PLANE('',#13325);
#11548=PLANE('',#13327);
#11549=PLANE('',#13329);
#11550=PLANE('',#13331);
#11551=PLANE('',#13333);
#11552=PLANE('',#13335);
#11553=PLANE('',#13337);
#11554=PLANE('',#13343);
#11555=PLANE('',#13344);
#11556=PLANE('',#13345);
#11557=PLANE('',#13346);
#11558=PLANE('',#13347);
#11559=PLANE('',#13349);
#11560=PLANE('',#13351);
#11561=PLANE('',#13353);
#11562=ADVANCED_FACE('',(#10512,#10513,#10514,#10515,#10516,#10517,#10518,
#10519,#10520,#10521,#10522,#10523,#10524,#10525,#10526,#10527,#10528,#10529,
#10530,#10531,#10532,#10533,#10534,#10535,#10536,#10537,#10538,#10539,#10540,
#10541,#10542,#10543,#10544,#10545,#10546,#10547,#10548,#10549,#10550,#10551,
#10552,#10553,#10554,#10555,#10556,#10557,#10558,#10559,#10560,#10561,#10562,
#10563,#10564,#10565,#10566,#10567,#10568,#10569,#10570,#10571,#10572,#10573,
#10574,#10575,#10576,#10577,#10578,#10579,#10580,#10581,#10582,#10583,#10584,
#10585,#10586,#10587,#10588,#10589),#11264,.T.);
#11563=ADVANCED_FACE('',(#10590,#10591,#10592,#10593,#10594,#10595,#10596,
#10597,#10598,#10599,#10600,#10601,#10602,#10603,#10604,#10605,#10606,#10607,
#10608,#10609,#10610,#10611,#10612,#10613,#10614,#10615,#10616,#10617,#10618,
#10619,#10620,#10621,#10622,#10623,#10624,#10625,#10626,#10627,#10628,#10629,
#10630,#10631,#10632,#10633,#10634,#10635,#10636,#10637,#10638,#10639,#10640,
#10641,#10642,#10643,#10644,#10645,#10646,#10647,#10648,#10649,#10650,#10651,
#10652,#10653,#10654,#10655,#10656,#10657,#10658,#10659,#10660,#10661,#10662,
#10663,#10664,#10665,#10666,#10667),#11265,.F.);
#11564=ADVANCED_FACE('',(#10668),#11266,.F.);
#11565=ADVANCED_FACE('',(#10669),#12,.T.);
#11566=ADVANCED_FACE('',(#10670),#11267,.T.);
#11567=ADVANCED_FACE('',(#10671),#13,.T.);
#11568=ADVANCED_FACE('',(#10672),#11268,.T.);
#11569=ADVANCED_FACE('',(#10673),#14,.T.);
#11570=ADVANCED_FACE('',(#10674),#11269,.F.);
#11571=ADVANCED_FACE('',(#10675),#15,.T.);
#11572=ADVANCED_FACE('',(#10676),#11270,.F.);
#11573=ADVANCED_FACE('',(#10677),#16,.F.);
#11574=ADVANCED_FACE('',(#10678),#11271,.F.);
#11575=ADVANCED_FACE('',(#10679),#17,.F.);
#11576=ADVANCED_FACE('',(#10680),#11272,.T.);
#11577=ADVANCED_FACE('',(#10681),#18,.F.);
#11578=ADVANCED_FACE('',(#10682),#11273,.T.);
#11579=ADVANCED_FACE('',(#10683),#19,.F.);
#11580=ADVANCED_FACE('',(#10684),#11274,.F.);
#11581=ADVANCED_FACE('',(#10685),#20,.F.);
#11582=ADVANCED_FACE('',(#10686),#11275,.T.);
#11583=ADVANCED_FACE('',(#10687),#21,.F.);
#11584=ADVANCED_FACE('',(#10688),#11276,.T.);
#11585=ADVANCED_FACE('',(#10689),#22,.F.);
#11586=ADVANCED_FACE('',(#10690),#11277,.F.);
#11587=ADVANCED_FACE('',(#10691),#23,.F.);
#11588=ADVANCED_FACE('',(#10692),#11278,.F.);
#11589=ADVANCED_FACE('',(#10693),#24,.F.);
#11590=ADVANCED_FACE('',(#10694),#11279,.T.);
#11591=ADVANCED_FACE('',(#10695),#25,.F.);
#11592=ADVANCED_FACE('',(#10696),#11280,.T.);
#11593=ADVANCED_FACE('',(#10697),#26,.F.);
#11594=ADVANCED_FACE('',(#10698),#11281,.F.);
#11595=ADVANCED_FACE('',(#10699),#27,.F.);
#11596=ADVANCED_FACE('',(#10700),#11282,.F.);
#11597=ADVANCED_FACE('',(#10701),#28,.F.);
#11598=ADVANCED_FACE('',(#10702),#11283,.T.);
#11599=ADVANCED_FACE('',(#10703),#29,.F.);
#11600=ADVANCED_FACE('',(#10704),#11284,.T.);
#11601=ADVANCED_FACE('',(#10705),#30,.F.);
#11602=ADVANCED_FACE('',(#10706),#11285,.F.);
#11603=ADVANCED_FACE('',(#10707),#31,.F.);
#11604=ADVANCED_FACE('',(#10708),#11286,.F.);
#11605=ADVANCED_FACE('',(#10709),#32,.F.);
#11606=ADVANCED_FACE('',(#10710),#11287,.T.);
#11607=ADVANCED_FACE('',(#10711),#33,.F.);
#11608=ADVANCED_FACE('',(#10712),#11288,.T.);
#11609=ADVANCED_FACE('',(#10713),#34,.F.);
#11610=ADVANCED_FACE('',(#10714),#11289,.F.);
#11611=ADVANCED_FACE('',(#10715),#35,.F.);
#11612=ADVANCED_FACE('',(#10716),#11290,.F.);
#11613=ADVANCED_FACE('',(#10717),#36,.F.);
#11614=ADVANCED_FACE('',(#10718),#11291,.T.);
#11615=ADVANCED_FACE('',(#10719),#37,.F.);
#11616=ADVANCED_FACE('',(#10720),#11292,.T.);
#11617=ADVANCED_FACE('',(#10721),#38,.F.);
#11618=ADVANCED_FACE('',(#10722),#11293,.F.);
#11619=ADVANCED_FACE('',(#10723),#39,.F.);
#11620=ADVANCED_FACE('',(#10724),#11294,.F.);
#11621=ADVANCED_FACE('',(#10725),#40,.F.);
#11622=ADVANCED_FACE('',(#10726),#11295,.T.);
#11623=ADVANCED_FACE('',(#10727),#41,.F.);
#11624=ADVANCED_FACE('',(#10728),#11296,.T.);
#11625=ADVANCED_FACE('',(#10729),#42,.F.);
#11626=ADVANCED_FACE('',(#10730),#11297,.F.);
#11627=ADVANCED_FACE('',(#10731),#43,.F.);
#11628=ADVANCED_FACE('',(#10732),#11298,.F.);
#11629=ADVANCED_FACE('',(#10733),#44,.F.);
#11630=ADVANCED_FACE('',(#10734),#11299,.T.);
#11631=ADVANCED_FACE('',(#10735),#45,.F.);
#11632=ADVANCED_FACE('',(#10736),#11300,.T.);
#11633=ADVANCED_FACE('',(#10737),#46,.F.);
#11634=ADVANCED_FACE('',(#10738),#11301,.F.);
#11635=ADVANCED_FACE('',(#10739),#47,.F.);
#11636=ADVANCED_FACE('',(#10740),#11302,.F.);
#11637=ADVANCED_FACE('',(#10741),#48,.F.);
#11638=ADVANCED_FACE('',(#10742),#11303,.T.);
#11639=ADVANCED_FACE('',(#10743),#49,.F.);
#11640=ADVANCED_FACE('',(#10744),#11304,.T.);
#11641=ADVANCED_FACE('',(#10745),#50,.F.);
#11642=ADVANCED_FACE('',(#10746),#11305,.F.);
#11643=ADVANCED_FACE('',(#10747),#51,.F.);
#11644=ADVANCED_FACE('',(#10748),#52,.F.);
#11645=ADVANCED_FACE('',(#10749),#11306,.T.);
#11646=ADVANCED_FACE('',(#10750),#53,.F.);
#11647=ADVANCED_FACE('',(#10751),#11307,.F.);
#11648=ADVANCED_FACE('',(#10752),#54,.F.);
#11649=ADVANCED_FACE('',(#10753),#11308,.F.);
#11650=ADVANCED_FACE('',(#10754),#55,.F.);
#11651=ADVANCED_FACE('',(#10755),#11309,.T.);
#11652=ADVANCED_FACE('',(#10756),#11310,.F.);
#11653=ADVANCED_FACE('',(#10757),#56,.F.);
#11654=ADVANCED_FACE('',(#10758),#11311,.T.);
#11655=ADVANCED_FACE('',(#10759),#57,.F.);
#11656=ADVANCED_FACE('',(#10760),#11312,.T.);
#11657=ADVANCED_FACE('',(#10761),#58,.F.);
#11658=ADVANCED_FACE('',(#10762),#11313,.F.);
#11659=ADVANCED_FACE('',(#10763),#59,.F.);
#11660=ADVANCED_FACE('',(#10764),#60,.F.);
#11661=ADVANCED_FACE('',(#10765),#11314,.T.);
#11662=ADVANCED_FACE('',(#10766),#61,.F.);
#11663=ADVANCED_FACE('',(#10767),#11315,.F.);
#11664=ADVANCED_FACE('',(#10768),#62,.F.);
#11665=ADVANCED_FACE('',(#10769),#11316,.F.);
#11666=ADVANCED_FACE('',(#10770),#63,.F.);
#11667=ADVANCED_FACE('',(#10771),#11317,.T.);
#11668=ADVANCED_FACE('',(#10772),#11318,.F.);
#11669=ADVANCED_FACE('',(#10773),#64,.F.);
#11670=ADVANCED_FACE('',(#10774),#11319,.T.);
#11671=ADVANCED_FACE('',(#10775),#65,.F.);
#11672=ADVANCED_FACE('',(#10776),#11320,.T.);
#11673=ADVANCED_FACE('',(#10777),#66,.F.);
#11674=ADVANCED_FACE('',(#10778),#11321,.F.);
#11675=ADVANCED_FACE('',(#10779),#67,.F.);
#11676=ADVANCED_FACE('',(#10780),#11322,.F.);
#11677=ADVANCED_FACE('',(#10781),#68,.F.);
#11678=ADVANCED_FACE('',(#10782),#11323,.T.);
#11679=ADVANCED_FACE('',(#10783),#69,.F.);
#11680=ADVANCED_FACE('',(#10784),#11324,.T.);
#11681=ADVANCED_FACE('',(#10785),#70,.F.);
#11682=ADVANCED_FACE('',(#10786),#11325,.F.);
#11683=ADVANCED_FACE('',(#10787),#71,.F.);
#11684=ADVANCED_FACE('',(#10788),#11326,.F.);
#11685=ADVANCED_FACE('',(#10789),#72,.F.);
#11686=ADVANCED_FACE('',(#10790),#11327,.T.);
#11687=ADVANCED_FACE('',(#10791),#73,.F.);
#11688=ADVANCED_FACE('',(#10792),#11328,.T.);
#11689=ADVANCED_FACE('',(#10793),#74,.F.);
#11690=ADVANCED_FACE('',(#10794),#11329,.F.);
#11691=ADVANCED_FACE('',(#10795),#75,.F.);
#11692=ADVANCED_FACE('',(#10796),#11330,.F.);
#11693=ADVANCED_FACE('',(#10797),#76,.F.);
#11694=ADVANCED_FACE('',(#10798),#11331,.T.);
#11695=ADVANCED_FACE('',(#10799),#77,.F.);
#11696=ADVANCED_FACE('',(#10800),#11332,.T.);
#11697=ADVANCED_FACE('',(#10801),#78,.F.);
#11698=ADVANCED_FACE('',(#10802),#11333,.F.);
#11699=ADVANCED_FACE('',(#10803),#79,.F.);
#11700=ADVANCED_FACE('',(#10804),#11334,.F.);
#11701=ADVANCED_FACE('',(#10805),#80,.F.);
#11702=ADVANCED_FACE('',(#10806),#11335,.T.);
#11703=ADVANCED_FACE('',(#10807),#81,.F.);
#11704=ADVANCED_FACE('',(#10808),#11336,.T.);
#11705=ADVANCED_FACE('',(#10809),#82,.F.);
#11706=ADVANCED_FACE('',(#10810),#11337,.F.);
#11707=ADVANCED_FACE('',(#10811),#83,.F.);
#11708=ADVANCED_FACE('',(#10812),#11338,.F.);
#11709=ADVANCED_FACE('',(#10813),#84,.F.);
#11710=ADVANCED_FACE('',(#10814),#11339,.T.);
#11711=ADVANCED_FACE('',(#10815),#85,.F.);
#11712=ADVANCED_FACE('',(#10816),#11340,.T.);
#11713=ADVANCED_FACE('',(#10817),#86,.F.);
#11714=ADVANCED_FACE('',(#10818),#11341,.F.);
#11715=ADVANCED_FACE('',(#10819),#87,.F.);
#11716=ADVANCED_FACE('',(#10820),#11342,.F.);
#11717=ADVANCED_FACE('',(#10821),#88,.F.);
#11718=ADVANCED_FACE('',(#10822),#11343,.T.);
#11719=ADVANCED_FACE('',(#10823),#89,.F.);
#11720=ADVANCED_FACE('',(#10824),#11344,.T.);
#11721=ADVANCED_FACE('',(#10825),#90,.F.);
#11722=ADVANCED_FACE('',(#10826),#11345,.F.);
#11723=ADVANCED_FACE('',(#10827),#91,.F.);
#11724=ADVANCED_FACE('',(#10828),#11346,.F.);
#11725=ADVANCED_FACE('',(#10829),#92,.F.);
#11726=ADVANCED_FACE('',(#10830),#11347,.T.);
#11727=ADVANCED_FACE('',(#10831),#93,.F.);
#11728=ADVANCED_FACE('',(#10832),#11348,.T.);
#11729=ADVANCED_FACE('',(#10833),#94,.F.);
#11730=ADVANCED_FACE('',(#10834),#11349,.F.);
#11731=ADVANCED_FACE('',(#10835),#95,.F.);
#11732=ADVANCED_FACE('',(#10836),#11350,.F.);
#11733=ADVANCED_FACE('',(#10837),#96,.F.);
#11734=ADVANCED_FACE('',(#10838),#11351,.T.);
#11735=ADVANCED_FACE('',(#10839),#97,.F.);
#11736=ADVANCED_FACE('',(#10840),#11352,.T.);
#11737=ADVANCED_FACE('',(#10841),#98,.F.);
#11738=ADVANCED_FACE('',(#10842),#11353,.F.);
#11739=ADVANCED_FACE('',(#10843),#99,.F.);
#11740=ADVANCED_FACE('',(#10844),#11354,.F.);
#11741=ADVANCED_FACE('',(#10845),#100,.F.);
#11742=ADVANCED_FACE('',(#10846),#11355,.T.);
#11743=ADVANCED_FACE('',(#10847),#101,.F.);
#11744=ADVANCED_FACE('',(#10848),#11356,.T.);
#11745=ADVANCED_FACE('',(#10849),#102,.F.);
#11746=ADVANCED_FACE('',(#10850),#11357,.F.);
#11747=ADVANCED_FACE('',(#10851),#103,.F.);
#11748=ADVANCED_FACE('',(#10852),#11358,.F.);
#11749=ADVANCED_FACE('',(#10853),#104,.F.);
#11750=ADVANCED_FACE('',(#10854),#11359,.T.);
#11751=ADVANCED_FACE('',(#10855),#105,.F.);
#11752=ADVANCED_FACE('',(#10856),#11360,.T.);
#11753=ADVANCED_FACE('',(#10857),#106,.F.);
#11754=ADVANCED_FACE('',(#10858),#11361,.F.);
#11755=ADVANCED_FACE('',(#10859),#107,.F.);
#11756=ADVANCED_FACE('',(#10860),#108,.F.);
#11757=ADVANCED_FACE('',(#10861),#11362,.T.);
#11758=ADVANCED_FACE('',(#10862),#109,.F.);
#11759=ADVANCED_FACE('',(#10863),#11363,.F.);
#11760=ADVANCED_FACE('',(#10864),#110,.F.);
#11761=ADVANCED_FACE('',(#10865),#11364,.F.);
#11762=ADVANCED_FACE('',(#10866),#111,.F.);
#11763=ADVANCED_FACE('',(#10867),#11365,.T.);
#11764=ADVANCED_FACE('',(#10868),#11366,.F.);
#11765=ADVANCED_FACE('',(#10869),#112,.F.);
#11766=ADVANCED_FACE('',(#10870),#11367,.T.);
#11767=ADVANCED_FACE('',(#10871),#113,.F.);
#11768=ADVANCED_FACE('',(#10872),#11368,.T.);
#11769=ADVANCED_FACE('',(#10873),#114,.F.);
#11770=ADVANCED_FACE('',(#10874),#11369,.F.);
#11771=ADVANCED_FACE('',(#10875),#115,.F.);
#11772=ADVANCED_FACE('',(#10876),#116,.F.);
#11773=ADVANCED_FACE('',(#10877),#11370,.T.);
#11774=ADVANCED_FACE('',(#10878),#117,.F.);
#11775=ADVANCED_FACE('',(#10879),#11371,.F.);
#11776=ADVANCED_FACE('',(#10880),#118,.F.);
#11777=ADVANCED_FACE('',(#10881),#11372,.F.);
#11778=ADVANCED_FACE('',(#10882),#119,.F.);
#11779=ADVANCED_FACE('',(#10883),#11373,.T.);
#11780=ADVANCED_FACE('',(#10884),#11374,.F.);
#11781=ADVANCED_FACE('',(#10885),#120,.F.);
#11782=ADVANCED_FACE('',(#10886),#11375,.T.);
#11783=ADVANCED_FACE('',(#10887),#121,.F.);
#11784=ADVANCED_FACE('',(#10888),#11376,.T.);
#11785=ADVANCED_FACE('',(#10889),#122,.F.);
#11786=ADVANCED_FACE('',(#10890),#11377,.F.);
#11787=ADVANCED_FACE('',(#10891),#123,.F.);
#11788=ADVANCED_FACE('',(#10892),#11378,.F.);
#11789=ADVANCED_FACE('',(#10893),#124,.F.);
#11790=ADVANCED_FACE('',(#10894),#11379,.T.);
#11791=ADVANCED_FACE('',(#10895),#125,.F.);
#11792=ADVANCED_FACE('',(#10896),#11380,.T.);
#11793=ADVANCED_FACE('',(#10897),#126,.F.);
#11794=ADVANCED_FACE('',(#10898),#11381,.F.);
#11795=ADVANCED_FACE('',(#10899),#127,.F.);
#11796=ADVANCED_FACE('',(#10900),#11382,.F.);
#11797=ADVANCED_FACE('',(#10901),#128,.F.);
#11798=ADVANCED_FACE('',(#10902),#11383,.T.);
#11799=ADVANCED_FACE('',(#10903),#129,.F.);
#11800=ADVANCED_FACE('',(#10904),#11384,.T.);
#11801=ADVANCED_FACE('',(#10905),#130,.F.);
#11802=ADVANCED_FACE('',(#10906),#11385,.F.);
#11803=ADVANCED_FACE('',(#10907),#131,.F.);
#11804=ADVANCED_FACE('',(#10908),#11386,.F.);
#11805=ADVANCED_FACE('',(#10909),#132,.F.);
#11806=ADVANCED_FACE('',(#10910),#11387,.T.);
#11807=ADVANCED_FACE('',(#10911),#133,.F.);
#11808=ADVANCED_FACE('',(#10912),#11388,.T.);
#11809=ADVANCED_FACE('',(#10913),#134,.F.);
#11810=ADVANCED_FACE('',(#10914),#11389,.F.);
#11811=ADVANCED_FACE('',(#10915),#135,.F.);
#11812=ADVANCED_FACE('',(#10916),#11390,.F.);
#11813=ADVANCED_FACE('',(#10917),#136,.F.);
#11814=ADVANCED_FACE('',(#10918),#11391,.T.);
#11815=ADVANCED_FACE('',(#10919),#137,.F.);
#11816=ADVANCED_FACE('',(#10920),#11392,.T.);
#11817=ADVANCED_FACE('',(#10921),#138,.F.);
#11818=ADVANCED_FACE('',(#10922),#11393,.F.);
#11819=ADVANCED_FACE('',(#10923),#139,.F.);
#11820=ADVANCED_FACE('',(#10924),#11394,.F.);
#11821=ADVANCED_FACE('',(#10925),#140,.F.);
#11822=ADVANCED_FACE('',(#10926),#11395,.T.);
#11823=ADVANCED_FACE('',(#10927),#141,.F.);
#11824=ADVANCED_FACE('',(#10928),#11396,.T.);
#11825=ADVANCED_FACE('',(#10929),#142,.F.);
#11826=ADVANCED_FACE('',(#10930),#11397,.F.);
#11827=ADVANCED_FACE('',(#10931),#143,.F.);
#11828=ADVANCED_FACE('',(#10932),#11398,.F.);
#11829=ADVANCED_FACE('',(#10933),#144,.F.);
#11830=ADVANCED_FACE('',(#10934),#11399,.T.);
#11831=ADVANCED_FACE('',(#10935),#145,.F.);
#11832=ADVANCED_FACE('',(#10936),#11400,.T.);
#11833=ADVANCED_FACE('',(#10937),#146,.F.);
#11834=ADVANCED_FACE('',(#10938),#11401,.F.);
#11835=ADVANCED_FACE('',(#10939),#147,.F.);
#11836=ADVANCED_FACE('',(#10940),#11402,.F.);
#11837=ADVANCED_FACE('',(#10941),#148,.F.);
#11838=ADVANCED_FACE('',(#10942),#11403,.T.);
#11839=ADVANCED_FACE('',(#10943),#149,.F.);
#11840=ADVANCED_FACE('',(#10944),#11404,.T.);
#11841=ADVANCED_FACE('',(#10945),#150,.F.);
#11842=ADVANCED_FACE('',(#10946),#11405,.F.);
#11843=ADVANCED_FACE('',(#10947),#151,.F.);
#11844=ADVANCED_FACE('',(#10948),#11406,.F.);
#11845=ADVANCED_FACE('',(#10949),#152,.F.);
#11846=ADVANCED_FACE('',(#10950),#11407,.T.);
#11847=ADVANCED_FACE('',(#10951),#153,.F.);
#11848=ADVANCED_FACE('',(#10952),#11408,.T.);
#11849=ADVANCED_FACE('',(#10953),#154,.F.);
#11850=ADVANCED_FACE('',(#10954),#11409,.F.);
#11851=ADVANCED_FACE('',(#10955),#155,.F.);
#11852=ADVANCED_FACE('',(#10956),#11410,.F.);
#11853=ADVANCED_FACE('',(#10957),#156,.F.);
#11854=ADVANCED_FACE('',(#10958),#11411,.T.);
#11855=ADVANCED_FACE('',(#10959),#157,.F.);
#11856=ADVANCED_FACE('',(#10960),#11412,.T.);
#11857=ADVANCED_FACE('',(#10961),#158,.F.);
#11858=ADVANCED_FACE('',(#10962),#11413,.F.);
#11859=ADVANCED_FACE('',(#10963),#159,.F.);
#11860=ADVANCED_FACE('',(#10964),#11414,.F.);
#11861=ADVANCED_FACE('',(#10965),#160,.F.);
#11862=ADVANCED_FACE('',(#10966),#11415,.T.);
#11863=ADVANCED_FACE('',(#10967),#161,.F.);
#11864=ADVANCED_FACE('',(#10968),#11416,.T.);
#11865=ADVANCED_FACE('',(#10969),#162,.F.);
#11866=ADVANCED_FACE('',(#10970),#11417,.F.);
#11867=ADVANCED_FACE('',(#10971),#163,.F.);
#11868=ADVANCED_FACE('',(#10972),#11418,.F.);
#11869=ADVANCED_FACE('',(#10973),#164,.F.);
#11870=ADVANCED_FACE('',(#10974),#11419,.T.);
#11871=ADVANCED_FACE('',(#10975),#165,.F.);
#11872=ADVANCED_FACE('',(#10976),#11420,.T.);
#11873=ADVANCED_FACE('',(#10977),#166,.F.);
#11874=ADVANCED_FACE('',(#10978),#11421,.F.);
#11875=ADVANCED_FACE('',(#10979),#167,.F.);
#11876=ADVANCED_FACE('',(#10980),#11422,.F.);
#11877=ADVANCED_FACE('',(#10981),#168,.F.);
#11878=ADVANCED_FACE('',(#10982),#11423,.T.);
#11879=ADVANCED_FACE('',(#10983),#169,.F.);
#11880=ADVANCED_FACE('',(#10984),#11424,.T.);
#11881=ADVANCED_FACE('',(#10985),#170,.F.);
#11882=ADVANCED_FACE('',(#10986),#11425,.F.);
#11883=ADVANCED_FACE('',(#10987),#171,.F.);
#11884=ADVANCED_FACE('',(#10988),#172,.F.);
#11885=ADVANCED_FACE('',(#10989),#11426,.T.);
#11886=ADVANCED_FACE('',(#10990),#173,.F.);
#11887=ADVANCED_FACE('',(#10991),#11427,.F.);
#11888=ADVANCED_FACE('',(#10992),#174,.F.);
#11889=ADVANCED_FACE('',(#10993),#11428,.F.);
#11890=ADVANCED_FACE('',(#10994),#175,.F.);
#11891=ADVANCED_FACE('',(#10995),#11429,.T.);
#11892=ADVANCED_FACE('',(#10996),#11430,.F.);
#11893=ADVANCED_FACE('',(#10997),#176,.F.);
#11894=ADVANCED_FACE('',(#10998),#11431,.T.);
#11895=ADVANCED_FACE('',(#10999),#177,.F.);
#11896=ADVANCED_FACE('',(#11000),#11432,.T.);
#11897=ADVANCED_FACE('',(#11001),#178,.F.);
#11898=ADVANCED_FACE('',(#11002),#11433,.F.);
#11899=ADVANCED_FACE('',(#11003),#179,.F.);
#11900=ADVANCED_FACE('',(#11004),#11434,.F.);
#11901=ADVANCED_FACE('',(#11005),#180,.F.);
#11902=ADVANCED_FACE('',(#11006),#11435,.T.);
#11903=ADVANCED_FACE('',(#11007),#181,.F.);
#11904=ADVANCED_FACE('',(#11008),#11436,.T.);
#11905=ADVANCED_FACE('',(#11009),#182,.F.);
#11906=ADVANCED_FACE('',(#11010),#11437,.F.);
#11907=ADVANCED_FACE('',(#11011),#183,.F.);
#11908=ADVANCED_FACE('',(#11012),#11438,.F.);
#11909=ADVANCED_FACE('',(#11013),#184,.F.);
#11910=ADVANCED_FACE('',(#11014),#11439,.T.);
#11911=ADVANCED_FACE('',(#11015),#185,.F.);
#11912=ADVANCED_FACE('',(#11016),#11440,.T.);
#11913=ADVANCED_FACE('',(#11017),#186,.F.);
#11914=ADVANCED_FACE('',(#11018),#11441,.F.);
#11915=ADVANCED_FACE('',(#11019),#187,.F.);
#11916=ADVANCED_FACE('',(#11020),#188,.F.);
#11917=ADVANCED_FACE('',(#11021),#11442,.T.);
#11918=ADVANCED_FACE('',(#11022),#189,.F.);
#11919=ADVANCED_FACE('',(#11023),#11443,.F.);
#11920=ADVANCED_FACE('',(#11024),#190,.F.);
#11921=ADVANCED_FACE('',(#11025),#11444,.F.);
#11922=ADVANCED_FACE('',(#11026),#191,.F.);
#11923=ADVANCED_FACE('',(#11027),#11445,.T.);
#11924=ADVANCED_FACE('',(#11028),#11446,.F.);
#11925=ADVANCED_FACE('',(#11029),#192,.F.);
#11926=ADVANCED_FACE('',(#11030),#11447,.T.);
#11927=ADVANCED_FACE('',(#11031),#193,.F.);
#11928=ADVANCED_FACE('',(#11032),#11448,.T.);
#11929=ADVANCED_FACE('',(#11033),#194,.F.);
#11930=ADVANCED_FACE('',(#11034),#11449,.F.);
#11931=ADVANCED_FACE('',(#11035),#195,.F.);
#11932=ADVANCED_FACE('',(#11036),#11450,.F.);
#11933=ADVANCED_FACE('',(#11037),#196,.F.);
#11934=ADVANCED_FACE('',(#11038),#11451,.T.);
#11935=ADVANCED_FACE('',(#11039),#197,.F.);
#11936=ADVANCED_FACE('',(#11040),#11452,.T.);
#11937=ADVANCED_FACE('',(#11041),#198,.F.);
#11938=ADVANCED_FACE('',(#11042),#11453,.F.);
#11939=ADVANCED_FACE('',(#11043),#199,.F.);
#11940=ADVANCED_FACE('',(#11044),#11454,.F.);
#11941=ADVANCED_FACE('',(#11045),#200,.F.);
#11942=ADVANCED_FACE('',(#11046),#11455,.T.);
#11943=ADVANCED_FACE('',(#11047),#201,.F.);
#11944=ADVANCED_FACE('',(#11048),#11456,.T.);
#11945=ADVANCED_FACE('',(#11049),#202,.F.);
#11946=ADVANCED_FACE('',(#11050),#11457,.F.);
#11947=ADVANCED_FACE('',(#11051),#203,.F.);
#11948=ADVANCED_FACE('',(#11052),#11458,.F.);
#11949=ADVANCED_FACE('',(#11053),#204,.F.);
#11950=ADVANCED_FACE('',(#11054),#11459,.T.);
#11951=ADVANCED_FACE('',(#11055),#205,.F.);
#11952=ADVANCED_FACE('',(#11056),#11460,.T.);
#11953=ADVANCED_FACE('',(#11057),#206,.F.);
#11954=ADVANCED_FACE('',(#11058),#11461,.F.);
#11955=ADVANCED_FACE('',(#11059),#207,.F.);
#11956=ADVANCED_FACE('',(#11060),#11462,.F.);
#11957=ADVANCED_FACE('',(#11061),#208,.F.);
#11958=ADVANCED_FACE('',(#11062),#11463,.T.);
#11959=ADVANCED_FACE('',(#11063),#209,.F.);
#11960=ADVANCED_FACE('',(#11064),#11464,.T.);
#11961=ADVANCED_FACE('',(#11065),#210,.F.);
#11962=ADVANCED_FACE('',(#11066),#11465,.F.);
#11963=ADVANCED_FACE('',(#11067),#211,.F.);
#11964=ADVANCED_FACE('',(#11068),#11466,.F.);
#11965=ADVANCED_FACE('',(#11069),#212,.F.);
#11966=ADVANCED_FACE('',(#11070),#11467,.T.);
#11967=ADVANCED_FACE('',(#11071),#213,.F.);
#11968=ADVANCED_FACE('',(#11072),#11468,.T.);
#11969=ADVANCED_FACE('',(#11073),#214,.F.);
#11970=ADVANCED_FACE('',(#11074),#11469,.F.);
#11971=ADVANCED_FACE('',(#11075),#215,.F.);
#11972=ADVANCED_FACE('',(#11076),#216,.F.);
#11973=ADVANCED_FACE('',(#11077),#11470,.T.);
#11974=ADVANCED_FACE('',(#11078),#217,.F.);
#11975=ADVANCED_FACE('',(#11079),#11471,.F.);
#11976=ADVANCED_FACE('',(#11080),#218,.F.);
#11977=ADVANCED_FACE('',(#11081),#11472,.F.);
#11978=ADVANCED_FACE('',(#11082),#219,.F.);
#11979=ADVANCED_FACE('',(#11083),#11473,.T.);
#11980=ADVANCED_FACE('',(#11084),#11474,.F.);
#11981=ADVANCED_FACE('',(#11085),#220,.F.);
#11982=ADVANCED_FACE('',(#11086),#11475,.T.);
#11983=ADVANCED_FACE('',(#11087),#221,.F.);
#11984=ADVANCED_FACE('',(#11088),#11476,.T.);
#11985=ADVANCED_FACE('',(#11089),#222,.F.);
#11986=ADVANCED_FACE('',(#11090),#11477,.F.);
#11987=ADVANCED_FACE('',(#11091),#223,.F.);
#11988=ADVANCED_FACE('',(#11092),#11478,.F.);
#11989=ADVANCED_FACE('',(#11093),#224,.F.);
#11990=ADVANCED_FACE('',(#11094),#11479,.T.);
#11991=ADVANCED_FACE('',(#11095),#225,.F.);
#11992=ADVANCED_FACE('',(#11096),#11480,.T.);
#11993=ADVANCED_FACE('',(#11097),#226,.F.);
#11994=ADVANCED_FACE('',(#11098),#11481,.F.);
#11995=ADVANCED_FACE('',(#11099),#227,.F.);
#11996=ADVANCED_FACE('',(#11100),#11482,.F.);
#11997=ADVANCED_FACE('',(#11101),#228,.F.);
#11998=ADVANCED_FACE('',(#11102),#11483,.T.);
#11999=ADVANCED_FACE('',(#11103),#229,.F.);
#12000=ADVANCED_FACE('',(#11104),#11484,.T.);
#12001=ADVANCED_FACE('',(#11105),#230,.F.);
#12002=ADVANCED_FACE('',(#11106),#11485,.F.);
#12003=ADVANCED_FACE('',(#11107),#231,.F.);
#12004=ADVANCED_FACE('',(#11108),#11486,.F.);
#12005=ADVANCED_FACE('',(#11109),#232,.F.);
#12006=ADVANCED_FACE('',(#11110),#11487,.T.);
#12007=ADVANCED_FACE('',(#11111),#233,.F.);
#12008=ADVANCED_FACE('',(#11112),#11488,.T.);
#12009=ADVANCED_FACE('',(#11113),#234,.F.);
#12010=ADVANCED_FACE('',(#11114),#11489,.F.);
#12011=ADVANCED_FACE('',(#11115),#235,.F.);
#12012=ADVANCED_FACE('',(#11116),#11490,.F.);
#12013=ADVANCED_FACE('',(#11117),#236,.F.);
#12014=ADVANCED_FACE('',(#11118),#11491,.T.);
#12015=ADVANCED_FACE('',(#11119),#237,.F.);
#12016=ADVANCED_FACE('',(#11120),#11492,.T.);
#12017=ADVANCED_FACE('',(#11121),#238,.F.);
#12018=ADVANCED_FACE('',(#11122),#11493,.F.);
#12019=ADVANCED_FACE('',(#11123),#239,.F.);
#12020=ADVANCED_FACE('',(#11124),#11494,.F.);
#12021=ADVANCED_FACE('',(#11125),#240,.F.);
#12022=ADVANCED_FACE('',(#11126),#11495,.T.);
#12023=ADVANCED_FACE('',(#11127),#241,.F.);
#12024=ADVANCED_FACE('',(#11128),#11496,.T.);
#12025=ADVANCED_FACE('',(#11129),#242,.F.);
#12026=ADVANCED_FACE('',(#11130),#11497,.F.);
#12027=ADVANCED_FACE('',(#11131),#243,.F.);
#12028=ADVANCED_FACE('',(#11132),#11498,.F.);
#12029=ADVANCED_FACE('',(#11133),#244,.F.);
#12030=ADVANCED_FACE('',(#11134),#11499,.T.);
#12031=ADVANCED_FACE('',(#11135),#245,.F.);
#12032=ADVANCED_FACE('',(#11136),#11500,.T.);
#12033=ADVANCED_FACE('',(#11137),#246,.F.);
#12034=ADVANCED_FACE('',(#11138),#11501,.F.);
#12035=ADVANCED_FACE('',(#11139),#247,.F.);
#12036=ADVANCED_FACE('',(#11140),#11502,.F.);
#12037=ADVANCED_FACE('',(#11141),#248,.F.);
#12038=ADVANCED_FACE('',(#11142),#11503,.T.);
#12039=ADVANCED_FACE('',(#11143),#249,.F.);
#12040=ADVANCED_FACE('',(#11144),#11504,.T.);
#12041=ADVANCED_FACE('',(#11145),#250,.F.);
#12042=ADVANCED_FACE('',(#11146),#11505,.F.);
#12043=ADVANCED_FACE('',(#11147),#251,.F.);
#12044=ADVANCED_FACE('',(#11148),#11506,.F.);
#12045=ADVANCED_FACE('',(#11149),#252,.F.);
#12046=ADVANCED_FACE('',(#11150),#11507,.T.);
#12047=ADVANCED_FACE('',(#11151),#253,.F.);
#12048=ADVANCED_FACE('',(#11152),#11508,.T.);
#12049=ADVANCED_FACE('',(#11153),#254,.F.);
#12050=ADVANCED_FACE('',(#11154),#11509,.F.);
#12051=ADVANCED_FACE('',(#11155),#255,.F.);
#12052=ADVANCED_FACE('',(#11156),#11510,.F.);
#12053=ADVANCED_FACE('',(#11157),#256,.F.);
#12054=ADVANCED_FACE('',(#11158),#11511,.T.);
#12055=ADVANCED_FACE('',(#11159),#257,.F.);
#12056=ADVANCED_FACE('',(#11160),#11512,.T.);
#12057=ADVANCED_FACE('',(#11161),#258,.F.);
#12058=ADVANCED_FACE('',(#11162),#11513,.F.);
#12059=ADVANCED_FACE('',(#11163),#259,.F.);
#12060=ADVANCED_FACE('',(#11164),#11514,.F.);
#12061=ADVANCED_FACE('',(#11165),#260,.F.);
#12062=ADVANCED_FACE('',(#11166),#11515,.T.);
#12063=ADVANCED_FACE('',(#11167),#261,.F.);
#12064=ADVANCED_FACE('',(#11168),#11516,.T.);
#12065=ADVANCED_FACE('',(#11169),#262,.F.);
#12066=ADVANCED_FACE('',(#11170),#11517,.F.);
#12067=ADVANCED_FACE('',(#11171),#263,.F.);
#12068=ADVANCED_FACE('',(#11172),#11518,.F.);
#12069=ADVANCED_FACE('',(#11173),#264,.F.);
#12070=ADVANCED_FACE('',(#11174),#11519,.T.);
#12071=ADVANCED_FACE('',(#11175),#265,.F.);
#12072=ADVANCED_FACE('',(#11176),#11520,.T.);
#12073=ADVANCED_FACE('',(#11177),#266,.F.);
#12074=ADVANCED_FACE('',(#11178),#11521,.F.);
#12075=ADVANCED_FACE('',(#11179),#267,.F.);
#12076=ADVANCED_FACE('',(#11180),#11522,.F.);
#12077=ADVANCED_FACE('',(#11181),#268,.F.);
#12078=ADVANCED_FACE('',(#11182),#11523,.T.);
#12079=ADVANCED_FACE('',(#11183),#269,.F.);
#12080=ADVANCED_FACE('',(#11184),#11524,.T.);
#12081=ADVANCED_FACE('',(#11185),#270,.F.);
#12082=ADVANCED_FACE('',(#11186),#11525,.F.);
#12083=ADVANCED_FACE('',(#11187),#271,.F.);
#12084=ADVANCED_FACE('',(#11188),#272,.F.);
#12085=ADVANCED_FACE('',(#11189),#11526,.T.);
#12086=ADVANCED_FACE('',(#11190),#273,.F.);
#12087=ADVANCED_FACE('',(#11191),#11527,.F.);
#12088=ADVANCED_FACE('',(#11192),#274,.F.);
#12089=ADVANCED_FACE('',(#11193),#11528,.F.);
#12090=ADVANCED_FACE('',(#11194),#275,.F.);
#12091=ADVANCED_FACE('',(#11195),#11529,.T.);
#12092=ADVANCED_FACE('',(#11196),#11530,.F.);
#12093=ADVANCED_FACE('',(#11197),#276,.F.);
#12094=ADVANCED_FACE('',(#11198),#11531,.T.);
#12095=ADVANCED_FACE('',(#11199),#277,.F.);
#12096=ADVANCED_FACE('',(#11200),#11532,.T.);
#12097=ADVANCED_FACE('',(#11201),#278,.F.);
#12098=ADVANCED_FACE('',(#11202),#11533,.F.);
#12099=ADVANCED_FACE('',(#11203),#279,.F.);
#12100=ADVANCED_FACE('',(#11204),#11534,.F.);
#12101=ADVANCED_FACE('',(#11205),#280,.F.);
#12102=ADVANCED_FACE('',(#11206),#11535,.T.);
#12103=ADVANCED_FACE('',(#11207),#281,.F.);
#12104=ADVANCED_FACE('',(#11208),#11536,.T.);
#12105=ADVANCED_FACE('',(#11209),#282,.F.);
#12106=ADVANCED_FACE('',(#11210),#11537,.F.);
#12107=ADVANCED_FACE('',(#11211),#283,.F.);
#12108=ADVANCED_FACE('',(#11212),#11538,.F.);
#12109=ADVANCED_FACE('',(#11213),#284,.F.);
#12110=ADVANCED_FACE('',(#11214),#11539,.T.);
#12111=ADVANCED_FACE('',(#11215),#285,.F.);
#12112=ADVANCED_FACE('',(#11216),#11540,.T.);
#12113=ADVANCED_FACE('',(#11217),#286,.F.);
#12114=ADVANCED_FACE('',(#11218),#11541,.F.);
#12115=ADVANCED_FACE('',(#11219),#287,.F.);
#12116=ADVANCED_FACE('',(#11220),#11542,.F.);
#12117=ADVANCED_FACE('',(#11221),#288,.F.);
#12118=ADVANCED_FACE('',(#11222),#11543,.T.);
#12119=ADVANCED_FACE('',(#11223),#289,.F.);
#12120=ADVANCED_FACE('',(#11224),#11544,.T.);
#12121=ADVANCED_FACE('',(#11225),#290,.F.);
#12122=ADVANCED_FACE('',(#11226),#11545,.F.);
#12123=ADVANCED_FACE('',(#11227),#291,.F.);
#12124=ADVANCED_FACE('',(#11228),#11546,.F.);
#12125=ADVANCED_FACE('',(#11229),#292,.F.);
#12126=ADVANCED_FACE('',(#11230),#11547,.T.);
#12127=ADVANCED_FACE('',(#11231),#293,.F.);
#12128=ADVANCED_FACE('',(#11232),#11548,.T.);
#12129=ADVANCED_FACE('',(#11233),#294,.F.);
#12130=ADVANCED_FACE('',(#11234),#11549,.F.);
#12131=ADVANCED_FACE('',(#11235),#295,.F.);
#12132=ADVANCED_FACE('',(#11236),#11550,.F.);
#12133=ADVANCED_FACE('',(#11237),#296,.F.);
#12134=ADVANCED_FACE('',(#11238),#11551,.T.);
#12135=ADVANCED_FACE('',(#11239),#297,.F.);
#12136=ADVANCED_FACE('',(#11240),#11552,.T.);
#12137=ADVANCED_FACE('',(#11241),#298,.F.);
#12138=ADVANCED_FACE('',(#11242),#11553,.F.);
#12139=ADVANCED_FACE('',(#11243),#299,.F.);
#12140=ADVANCED_FACE('',(#11244,#11245),#300,.F.);
#12141=ADVANCED_FACE('',(#11246,#11247),#301,.F.);
#12142=ADVANCED_FACE('',(#11248,#11249),#302,.F.);
#12143=ADVANCED_FACE('',(#11250,#11251),#303,.F.);
#12144=ADVANCED_FACE('',(#11252),#11554,.T.);
#12145=ADVANCED_FACE('',(#11253),#11555,.F.);
#12146=ADVANCED_FACE('',(#11254),#11556,.F.);
#12147=ADVANCED_FACE('',(#11255),#11557,.T.);
#12148=ADVANCED_FACE('',(#11256),#11558,.F.);
#12149=ADVANCED_FACE('',(#11257),#304,.F.);
#12150=ADVANCED_FACE('',(#11258),#11559,.T.);
#12151=ADVANCED_FACE('',(#11259),#305,.F.);
#12152=ADVANCED_FACE('',(#11260),#11560,.T.);
#12153=ADVANCED_FACE('',(#11261),#306,.F.);
#12154=ADVANCED_FACE('',(#11262),#11561,.F.);
#12155=ADVANCED_FACE('',(#11263),#307,.F.);
#12156=CLOSED_SHELL('',(#11562,#11563,#11564,#11565,#11566,#11567,#11568,
#11569,#11570,#11571,#11572,#11573,#11574,#11575,#11576,#11577,#11578,#11579,
#11580,#11581,#11582,#11583,#11584,#11585,#11586,#11587,#11588,#11589,#11590,
#11591,#11592,#11593,#11594,#11595,#11596,#11597,#11598,#11599,#11600,#11601,
#11602,#11603,#11604,#11605,#11606,#11607,#11608,#11609,#11610,#11611,#11612,
#11613,#11614,#11615,#11616,#11617,#11618,#11619,#11620,#11621,#11622,#11623,
#11624,#11625,#11626,#11627,#11628,#11629,#11630,#11631,#11632,#11633,#11634,
#11635,#11636,#11637,#11638,#11639,#11640,#11641,#11642,#11643,#11644,#11645,
#11646,#11647,#11648,#11649,#11650,#11651,#11652,#11653,#11654,#11655,#11656,
#11657,#11658,#11659,#11660,#11661,#11662,#11663,#11664,#11665,#11666,#11667,
#11668,#11669,#11670,#11671,#11672,#11673,#11674,#11675,#11676,#11677,#11678,
#11679,#11680,#11681,#11682,#11683,#11684,#11685,#11686,#11687,#11688,#11689,
#11690,#11691,#11692,#11693,#11694,#11695,#11696,#11697,#11698,#11699,#11700,
#11701,#11702,#11703,#11704,#11705,#11706,#11707,#11708,#11709,#11710,#11711,
#11712,#11713,#11714,#11715,#11716,#11717,#11718,#11719,#11720,#11721,#11722,
#11723,#11724,#11725,#11726,#11727,#11728,#11729,#11730,#11731,#11732,#11733,
#11734,#11735,#11736,#11737,#11738,#11739,#11740,#11741,#11742,#11743,#11744,
#11745,#11746,#11747,#11748,#11749,#11750,#11751,#11752,#11753,#11754,#11755,
#11756,#11757,#11758,#11759,#11760,#11761,#11762,#11763,#11764,#11765,#11766,
#11767,#11768,#11769,#11770,#11771,#11772,#11773,#11774,#11775,#11776,#11777,
#11778,#11779,#11780,#11781,#11782,#11783,#11784,#11785,#11786,#11787,#11788,
#11789,#11790,#11791,#11792,#11793,#11794,#11795,#11796,#11797,#11798,#11799,
#11800,#11801,#11802,#11803,#11804,#11805,#11806,#11807,#11808,#11809,#11810,
#11811,#11812,#11813,#11814,#11815,#11816,#11817,#11818,#11819,#11820,#11821,
#11822,#11823,#11824,#11825,#11826,#11827,#11828,#11829,#11830,#11831,#11832,
#11833,#11834,#11835,#11836,#11837,#11838,#11839,#11840,#11841,#11842,#11843,
#11844,#11845,#11846,#11847,#11848,#11849,#11850,#11851,#11852,#11853,#11854,
#11855,#11856,#11857,#11858,#11859,#11860,#11861,#11862,#11863,#11864,#11865,
#11866,#11867,#11868,#11869,#11870,#11871,#11872,#11873,#11874,#11875,#11876,
#11877,#11878,#11879,#11880,#11881,#11882,#11883,#11884,#11885,#11886,#11887,
#11888,#11889,#11890,#11891,#11892,#11893,#11894,#11895,#11896,#11897,#11898,
#11899,#11900,#11901,#11902,#11903,#11904,#11905,#11906,#11907,#11908,#11909,
#11910,#11911,#11912,#11913,#11914,#11915,#11916,#11917,#11918,#11919,#11920,
#11921,#11922,#11923,#11924,#11925,#11926,#11927,#11928,#11929,#11930,#11931,
#11932,#11933,#11934,#11935,#11936,#11937,#11938,#11939,#11940,#11941,#11942,
#11943,#11944,#11945,#11946,#11947,#11948,#11949,#11950,#11951,#11952,#11953,
#11954,#11955,#11956,#11957,#11958,#11959,#11960,#11961,#11962,#11963,#11964,
#11965,#11966,#11967,#11968,#11969,#11970,#11971,#11972,#11973,#11974,#11975,
#11976,#11977,#11978,#11979,#11980,#11981,#11982,#11983,#11984,#11985,#11986,
#11987,#11988,#11989,#11990,#11991,#11992,#11993,#11994,#11995,#11996,#11997,
#11998,#11999,#12000,#12001,#12002,#12003,#12004,#12005,#12006,#12007,#12008,
#12009,#12010,#12011,#12012,#12013,#12014,#12015,#12016,#12017,#12018,#12019,
#12020,#12021,#12022,#12023,#12024,#12025,#12026,#12027,#12028,#12029,#12030,
#12031,#12032,#12033,#12034,#12035,#12036,#12037,#12038,#12039,#12040,#12041,
#12042,#12043,#12044,#12045,#12046,#12047,#12048,#12049,#12050,#12051,#12052,
#12053,#12054,#12055,#12056,#12057,#12058,#12059,#12060,#12061,#12062,#12063,
#12064,#12065,#12066,#12067,#12068,#12069,#12070,#12071,#12072,#12073,#12074,
#12075,#12076,#12077,#12078,#12079,#12080,#12081,#12082,#12083,#12084,#12085,
#12086,#12087,#12088,#12089,#12090,#12091,#12092,#12093,#12094,#12095,#12096,
#12097,#12098,#12099,#12100,#12101,#12102,#12103,#12104,#12105,#12106,#12107,
#12108,#12109,#12110,#12111,#12112,#12113,#12114,#12115,#12116,#12117,#12118,
#12119,#12120,#12121,#12122,#12123,#12124,#12125,#12126,#12127,#12128,#12129,
#12130,#12131,#12132,#12133,#12134,#12135,#12136,#12137,#12138,#12139,#12140,
#12141,#12142,#12143,#12144,#12145,#12146,#12147,#12148,#12149,#12150,#12151,
#12152,#12153,#12154,#12155));
#12157=STYLED_ITEM('',(#12158),#12165);
#12158=PRESENTATION_STYLE_ASSIGNMENT((#12159));
#12159=SURFACE_STYLE_USAGE(.BOTH.,#12160);
#12160=SURFACE_SIDE_STYLE('',(#12161));
#12161=SURFACE_STYLE_FILL_AREA(#12162);
#12162=FILL_AREA_STYLE('',(#12163));
#12163=FILL_AREA_STYLE_COLOUR('',#12164);
#12164=COLOUR_RGB('',0.647058823529412,0.647058823529412,0.647058823529412);
#12165=MANIFOLD_SOLID_BREP('Part 2',#12156);
#12166=SHAPE_DEFINITION_REPRESENTATION(#20466,#12167);
#12167=SHAPE_REPRESENTATION('Part 2',(#12168),#20461);
#12168=AXIS2_PLACEMENT_3D('',#16909,#13355,#13356);
#12169=AXIS2_PLACEMENT_3D('',#16910,#13357,#13358);
#12170=AXIS2_PLACEMENT_3D('',#16914,#13360,#13361);
#12171=AXIS2_PLACEMENT_3D('',#16918,#13363,#13364);
#12172=AXIS2_PLACEMENT_3D('',#16922,#13366,#13367);
#12173=AXIS2_PLACEMENT_3D('',#16926,#13369,#13370);
#12174=AXIS2_PLACEMENT_3D('',#16927,#13371,#13372);
#12175=AXIS2_PLACEMENT_3D('',#16929,#13373,#13374);
#12176=AXIS2_PLACEMENT_3D('',#16931,#13375,#13376);
#12177=AXIS2_PLACEMENT_3D('',#16933,#13377,#13378);
#12178=AXIS2_PLACEMENT_3D('',#16938,#13380,#13381);
#12179=AXIS2_PLACEMENT_3D('',#16942,#13383,#13384);
#12180=AXIS2_PLACEMENT_3D('',#16946,#13386,#13387);
#12181=AXIS2_PLACEMENT_3D('',#16950,#13389,#13390);
#12182=AXIS2_PLACEMENT_3D('',#16954,#13392,#13393);
#12183=AXIS2_PLACEMENT_3D('',#16958,#13395,#13396);
#12184=AXIS2_PLACEMENT_3D('',#16962,#13398,#13399);
#12185=AXIS2_PLACEMENT_3D('',#16966,#13401,#13402);
#12186=AXIS2_PLACEMENT_3D('',#16970,#13404,#13405);
#12187=AXIS2_PLACEMENT_3D('',#16974,#13407,#13408);
#12188=AXIS2_PLACEMENT_3D('',#16978,#13410,#13411);
#12189=AXIS2_PLACEMENT_3D('',#16982,#13413,#13414);
#12190=AXIS2_PLACEMENT_3D('',#16986,#13416,#13417);
#12191=AXIS2_PLACEMENT_3D('',#16990,#13419,#13420);
#12192=AXIS2_PLACEMENT_3D('',#16994,#13422,#13423);
#12193=AXIS2_PLACEMENT_3D('',#16998,#13425,#13426);
#12194=AXIS2_PLACEMENT_3D('',#17002,#13428,#13429);
#12195=AXIS2_PLACEMENT_3D('',#17006,#13431,#13432);
#12196=AXIS2_PLACEMENT_3D('',#17010,#13434,#13435);
#12197=AXIS2_PLACEMENT_3D('',#17014,#13437,#13438);
#12198=AXIS2_PLACEMENT_3D('',#17018,#13440,#13441);
#12199=AXIS2_PLACEMENT_3D('',#17022,#13443,#13444);
#12200=AXIS2_PLACEMENT_3D('',#17026,#13446,#13447);
#12201=AXIS2_PLACEMENT_3D('',#17030,#13449,#13450);
#12202=AXIS2_PLACEMENT_3D('',#17034,#13452,#13453);
#12203=AXIS2_PLACEMENT_3D('',#17038,#13455,#13456);
#12204=AXIS2_PLACEMENT_3D('',#17042,#13458,#13459);
#12205=AXIS2_PLACEMENT_3D('',#17046,#13461,#13462);
#12206=AXIS2_PLACEMENT_3D('',#17050,#13464,#13465);
#12207=AXIS2_PLACEMENT_3D('',#17054,#13467,#13468);
#12208=AXIS2_PLACEMENT_3D('',#17058,#13470,#13471);
#12209=AXIS2_PLACEMENT_3D('',#17062,#13473,#13474);
#12210=AXIS2_PLACEMENT_3D('',#17066,#13476,#13477);
#12211=AXIS2_PLACEMENT_3D('',#17070,#13479,#13480);
#12212=AXIS2_PLACEMENT_3D('',#17074,#13482,#13483);
#12213=AXIS2_PLACEMENT_3D('',#17078,#13485,#13486);
#12214=AXIS2_PLACEMENT_3D('',#17082,#13488,#13489);
#12215=AXIS2_PLACEMENT_3D('',#17086,#13491,#13492);
#12216=AXIS2_PLACEMENT_3D('',#17090,#13494,#13495);
#12217=AXIS2_PLACEMENT_3D('',#17094,#13497,#13498);
#12218=AXIS2_PLACEMENT_3D('',#17098,#13500,#13501);
#12219=AXIS2_PLACEMENT_3D('',#17102,#13503,#13504);
#12220=AXIS2_PLACEMENT_3D('',#17106,#13506,#13507);
#12221=AXIS2_PLACEMENT_3D('',#17110,#13509,#13510);
#12222=AXIS2_PLACEMENT_3D('',#17114,#13512,#13513);
#12223=AXIS2_PLACEMENT_3D('',#17118,#13515,#13516);
#12224=AXIS2_PLACEMENT_3D('',#17122,#13518,#13519);
#12225=AXIS2_PLACEMENT_3D('',#17126,#13521,#13522);
#12226=AXIS2_PLACEMENT_3D('',#17130,#13524,#13525);
#12227=AXIS2_PLACEMENT_3D('',#17134,#13527,#13528);
#12228=AXIS2_PLACEMENT_3D('',#17138,#13530,#13531);
#12229=AXIS2_PLACEMENT_3D('',#17142,#13533,#13534);
#12230=AXIS2_PLACEMENT_3D('',#17146,#13536,#13537);
#12231=AXIS2_PLACEMENT_3D('',#17150,#13539,#13540);
#12232=AXIS2_PLACEMENT_3D('',#17154,#13542,#13543);
#12233=AXIS2_PLACEMENT_3D('',#17158,#13545,#13546);
#12234=AXIS2_PLACEMENT_3D('',#17162,#13548,#13549);
#12235=AXIS2_PLACEMENT_3D('',#17166,#13551,#13552);
#12236=AXIS2_PLACEMENT_3D('',#17170,#13554,#13555);
#12237=AXIS2_PLACEMENT_3D('',#17174,#13557,#13558);
#12238=AXIS2_PLACEMENT_3D('',#17178,#13560,#13561);
#12239=AXIS2_PLACEMENT_3D('',#17182,#13563,#13564);
#12240=AXIS2_PLACEMENT_3D('',#17186,#13566,#13567);
#12241=AXIS2_PLACEMENT_3D('',#17190,#13569,#13570);
#12242=AXIS2_PLACEMENT_3D('',#17194,#13572,#13573);
#12243=AXIS2_PLACEMENT_3D('',#17198,#13575,#13576);
#12244=AXIS2_PLACEMENT_3D('',#17202,#13578,#13579);
#12245=AXIS2_PLACEMENT_3D('',#17206,#13581,#13582);
#12246=AXIS2_PLACEMENT_3D('',#17210,#13584,#13585);
#12247=AXIS2_PLACEMENT_3D('',#17214,#13587,#13588);
#12248=AXIS2_PLACEMENT_3D('',#17218,#13590,#13591);
#12249=AXIS2_PLACEMENT_3D('',#17222,#13593,#13594);
#12250=AXIS2_PLACEMENT_3D('',#17226,#13596,#13597);
#12251=AXIS2_PLACEMENT_3D('',#17230,#13599,#13600);
#12252=AXIS2_PLACEMENT_3D('',#17234,#13602,#13603);
#12253=AXIS2_PLACEMENT_3D('',#17238,#13605,#13606);
#12254=AXIS2_PLACEMENT_3D('',#17242,#13608,#13609);
#12255=AXIS2_PLACEMENT_3D('',#17246,#13611,#13612);
#12256=AXIS2_PLACEMENT_3D('',#17250,#13614,#13615);
#12257=AXIS2_PLACEMENT_3D('',#17254,#13617,#13618);
#12258=AXIS2_PLACEMENT_3D('',#17258,#13620,#13621);
#12259=AXIS2_PLACEMENT_3D('',#17262,#13623,#13624);
#12260=AXIS2_PLACEMENT_3D('',#17266,#13626,#13627);
#12261=AXIS2_PLACEMENT_3D('',#17270,#13629,#13630);
#12262=AXIS2_PLACEMENT_3D('',#17274,#13632,#13633);
#12263=AXIS2_PLACEMENT_3D('',#17278,#13635,#13636);
#12264=AXIS2_PLACEMENT_3D('',#17282,#13638,#13639);
#12265=AXIS2_PLACEMENT_3D('',#17286,#13641,#13642);
#12266=AXIS2_PLACEMENT_3D('',#17290,#13644,#13645);
#12267=AXIS2_PLACEMENT_3D('',#17294,#13647,#13648);
#12268=AXIS2_PLACEMENT_3D('',#17298,#13650,#13651);
#12269=AXIS2_PLACEMENT_3D('',#17302,#13653,#13654);
#12270=AXIS2_PLACEMENT_3D('',#17306,#13656,#13657);
#12271=AXIS2_PLACEMENT_3D('',#17310,#13659,#13660);
#12272=AXIS2_PLACEMENT_3D('',#17314,#13662,#13663);
#12273=AXIS2_PLACEMENT_3D('',#17318,#13665,#13666);
#12274=AXIS2_PLACEMENT_3D('',#17322,#13668,#13669);
#12275=AXIS2_PLACEMENT_3D('',#17326,#13671,#13672);
#12276=AXIS2_PLACEMENT_3D('',#17330,#13674,#13675);
#12277=AXIS2_PLACEMENT_3D('',#17334,#13677,#13678);
#12278=AXIS2_PLACEMENT_3D('',#17338,#13680,#13681);
#12279=AXIS2_PLACEMENT_3D('',#17342,#13683,#13684);
#12280=AXIS2_PLACEMENT_3D('',#17346,#13686,#13687);
#12281=AXIS2_PLACEMENT_3D('',#17350,#13689,#13690);
#12282=AXIS2_PLACEMENT_3D('',#17354,#13692,#13693);
#12283=AXIS2_PLACEMENT_3D('',#17358,#13695,#13696);
#12284=AXIS2_PLACEMENT_3D('',#17362,#13698,#13699);
#12285=AXIS2_PLACEMENT_3D('',#17366,#13701,#13702);
#12286=AXIS2_PLACEMENT_3D('',#17370,#13704,#13705);
#12287=AXIS2_PLACEMENT_3D('',#17374,#13707,#13708);
#12288=AXIS2_PLACEMENT_3D('',#17378,#13710,#13711);
#12289=AXIS2_PLACEMENT_3D('',#17382,#13713,#13714);
#12290=AXIS2_PLACEMENT_3D('',#17386,#13716,#13717);
#12291=AXIS2_PLACEMENT_3D('',#17390,#13719,#13720);
#12292=AXIS2_PLACEMENT_3D('',#17394,#13722,#13723);
#12293=AXIS2_PLACEMENT_3D('',#17398,#13725,#13726);
#12294=AXIS2_PLACEMENT_3D('',#17402,#13728,#13729);
#12295=AXIS2_PLACEMENT_3D('',#17406,#13731,#13732);
#12296=AXIS2_PLACEMENT_3D('',#17410,#13734,#13735);
#12297=AXIS2_PLACEMENT_3D('',#17414,#13737,#13738);
#12298=AXIS2_PLACEMENT_3D('',#17418,#13740,#13741);
#12299=AXIS2_PLACEMENT_3D('',#17422,#13743,#13744);
#12300=AXIS2_PLACEMENT_3D('',#17426,#13746,#13747);
#12301=AXIS2_PLACEMENT_3D('',#17430,#13749,#13750);
#12302=AXIS2_PLACEMENT_3D('',#17434,#13752,#13753);
#12303=AXIS2_PLACEMENT_3D('',#17438,#13755,#13756);
#12304=AXIS2_PLACEMENT_3D('',#17442,#13758,#13759);
#12305=AXIS2_PLACEMENT_3D('',#17446,#13761,#13762);
#12306=AXIS2_PLACEMENT_3D('',#17450,#13764,#13765);
#12307=AXIS2_PLACEMENT_3D('',#17454,#13767,#13768);
#12308=AXIS2_PLACEMENT_3D('',#17458,#13770,#13771);
#12309=AXIS2_PLACEMENT_3D('',#17462,#13773,#13774);
#12310=AXIS2_PLACEMENT_3D('',#17466,#13776,#13777);
#12311=AXIS2_PLACEMENT_3D('',#17470,#13779,#13780);
#12312=AXIS2_PLACEMENT_3D('',#17474,#13782,#13783);
#12313=AXIS2_PLACEMENT_3D('',#17478,#13785,#13786);
#12314=AXIS2_PLACEMENT_3D('',#17482,#13788,#13789);
#12315=AXIS2_PLACEMENT_3D('',#17486,#13791,#13792);
#12316=AXIS2_PLACEMENT_3D('',#17490,#13794,#13795);
#12317=AXIS2_PLACEMENT_3D('',#17494,#13797,#13798);
#12318=AXIS2_PLACEMENT_3D('',#17498,#13800,#13801);
#12319=AXIS2_PLACEMENT_3D('',#17502,#13803,#13804);
#12320=AXIS2_PLACEMENT_3D('',#17506,#13806,#13807);
#12321=AXIS2_PLACEMENT_3D('',#17510,#13809,#13810);
#12322=AXIS2_PLACEMENT_3D('',#17514,#13812,#13813);
#12323=AXIS2_PLACEMENT_3D('',#17518,#13815,#13816);
#12324=AXIS2_PLACEMENT_3D('',#17522,#13818,#13819);
#12325=AXIS2_PLACEMENT_3D('',#17526,#13821,#13822);
#12326=AXIS2_PLACEMENT_3D('',#17530,#13824,#13825);
#12327=AXIS2_PLACEMENT_3D('',#17534,#13827,#13828);
#12328=AXIS2_PLACEMENT_3D('',#17538,#13830,#13831);
#12329=AXIS2_PLACEMENT_3D('',#17542,#13833,#13834);
#12330=AXIS2_PLACEMENT_3D('',#17546,#13836,#13837);
#12331=AXIS2_PLACEMENT_3D('',#17550,#13839,#13840);
#12332=AXIS2_PLACEMENT_3D('',#17554,#13842,#13843);
#12333=AXIS2_PLACEMENT_3D('',#17558,#13845,#13846);
#12334=AXIS2_PLACEMENT_3D('',#17562,#13848,#13849);
#12335=AXIS2_PLACEMENT_3D('',#17566,#13851,#13852);
#12336=AXIS2_PLACEMENT_3D('',#17570,#13854,#13855);
#12337=AXIS2_PLACEMENT_3D('',#17574,#13857,#13858);
#12338=AXIS2_PLACEMENT_3D('',#17578,#13860,#13861);
#12339=AXIS2_PLACEMENT_3D('',#17582,#13863,#13864);
#12340=AXIS2_PLACEMENT_3D('',#17586,#13866,#13867);
#12341=AXIS2_PLACEMENT_3D('',#17590,#13869,#13870);
#12342=AXIS2_PLACEMENT_3D('',#17594,#13872,#13873);
#12343=AXIS2_PLACEMENT_3D('',#17598,#13875,#13876);
#12344=AXIS2_PLACEMENT_3D('',#17602,#13878,#13879);
#12345=AXIS2_PLACEMENT_3D('',#17606,#13881,#13882);
#12346=AXIS2_PLACEMENT_3D('',#17610,#13884,#13885);
#12347=AXIS2_PLACEMENT_3D('',#17614,#13887,#13888);
#12348=AXIS2_PLACEMENT_3D('',#17618,#13890,#13891);
#12349=AXIS2_PLACEMENT_3D('',#17622,#13893,#13894);
#12350=AXIS2_PLACEMENT_3D('',#17626,#13896,#13897);
#12351=AXIS2_PLACEMENT_3D('',#17630,#13899,#13900);
#12352=AXIS2_PLACEMENT_3D('',#17634,#13902,#13903);
#12353=AXIS2_PLACEMENT_3D('',#17638,#13905,#13906);
#12354=AXIS2_PLACEMENT_3D('',#17642,#13908,#13909);
#12355=AXIS2_PLACEMENT_3D('',#17646,#13911,#13912);
#12356=AXIS2_PLACEMENT_3D('',#17650,#13914,#13915);
#12357=AXIS2_PLACEMENT_3D('',#17654,#13917,#13918);
#12358=AXIS2_PLACEMENT_3D('',#17658,#13920,#13921);
#12359=AXIS2_PLACEMENT_3D('',#17662,#13923,#13924);
#12360=AXIS2_PLACEMENT_3D('',#17666,#13926,#13927);
#12361=AXIS2_PLACEMENT_3D('',#17670,#13929,#13930);
#12362=AXIS2_PLACEMENT_3D('',#17674,#13932,#13933);
#12363=AXIS2_PLACEMENT_3D('',#17678,#13935,#13936);
#12364=AXIS2_PLACEMENT_3D('',#17682,#13938,#13939);
#12365=AXIS2_PLACEMENT_3D('',#17686,#13941,#13942);
#12366=AXIS2_PLACEMENT_3D('',#17690,#13944,#13945);
#12367=AXIS2_PLACEMENT_3D('',#17694,#13947,#13948);
#12368=AXIS2_PLACEMENT_3D('',#17698,#13950,#13951);
#12369=AXIS2_PLACEMENT_3D('',#17702,#13953,#13954);
#12370=AXIS2_PLACEMENT_3D('',#17706,#13956,#13957);
#12371=AXIS2_PLACEMENT_3D('',#17710,#13959,#13960);
#12372=AXIS2_PLACEMENT_3D('',#17714,#13962,#13963);
#12373=AXIS2_PLACEMENT_3D('',#17718,#13965,#13966);
#12374=AXIS2_PLACEMENT_3D('',#17722,#13968,#13969);
#12375=AXIS2_PLACEMENT_3D('',#17726,#13971,#13972);
#12376=AXIS2_PLACEMENT_3D('',#17730,#13974,#13975);
#12377=AXIS2_PLACEMENT_3D('',#17734,#13977,#13978);
#12378=AXIS2_PLACEMENT_3D('',#17738,#13980,#13981);
#12379=AXIS2_PLACEMENT_3D('',#17742,#13983,#13984);
#12380=AXIS2_PLACEMENT_3D('',#17746,#13986,#13987);
#12381=AXIS2_PLACEMENT_3D('',#17750,#13989,#13990);
#12382=AXIS2_PLACEMENT_3D('',#17754,#13992,#13993);
#12383=AXIS2_PLACEMENT_3D('',#17758,#13995,#13996);
#12384=AXIS2_PLACEMENT_3D('',#17762,#13998,#13999);
#12385=AXIS2_PLACEMENT_3D('',#17766,#14001,#14002);
#12386=AXIS2_PLACEMENT_3D('',#17770,#14004,#14005);
#12387=AXIS2_PLACEMENT_3D('',#17774,#14007,#14008);
#12388=AXIS2_PLACEMENT_3D('',#17778,#14010,#14011);
#12389=AXIS2_PLACEMENT_3D('',#17782,#14013,#14014);
#12390=AXIS2_PLACEMENT_3D('',#17786,#14016,#14017);
#12391=AXIS2_PLACEMENT_3D('',#17790,#14019,#14020);
#12392=AXIS2_PLACEMENT_3D('',#17794,#14022,#14023);
#12393=AXIS2_PLACEMENT_3D('',#17798,#14025,#14026);
#12394=AXIS2_PLACEMENT_3D('',#17802,#14028,#14029);
#12395=AXIS2_PLACEMENT_3D('',#17806,#14031,#14032);
#12396=AXIS2_PLACEMENT_3D('',#17810,#14034,#14035);
#12397=AXIS2_PLACEMENT_3D('',#17814,#14037,#14038);
#12398=AXIS2_PLACEMENT_3D('',#17818,#14040,#14041);
#12399=AXIS2_PLACEMENT_3D('',#17822,#14043,#14044);
#12400=AXIS2_PLACEMENT_3D('',#17826,#14046,#14047);
#12401=AXIS2_PLACEMENT_3D('',#17830,#14049,#14050);
#12402=AXIS2_PLACEMENT_3D('',#17834,#14052,#14053);
#12403=AXIS2_PLACEMENT_3D('',#17838,#14055,#14056);
#12404=AXIS2_PLACEMENT_3D('',#17842,#14058,#14059);
#12405=AXIS2_PLACEMENT_3D('',#17846,#14061,#14062);
#12406=AXIS2_PLACEMENT_3D('',#17850,#14064,#14065);
#12407=AXIS2_PLACEMENT_3D('',#17854,#14067,#14068);
#12408=AXIS2_PLACEMENT_3D('',#17858,#14070,#14071);
#12409=AXIS2_PLACEMENT_3D('',#17862,#14073,#14074);
#12410=AXIS2_PLACEMENT_3D('',#17866,#14076,#14077);
#12411=AXIS2_PLACEMENT_3D('',#17870,#14079,#14080);
#12412=AXIS2_PLACEMENT_3D('',#17874,#14082,#14083);
#12413=AXIS2_PLACEMENT_3D('',#17878,#14085,#14086);
#12414=AXIS2_PLACEMENT_3D('',#17882,#14088,#14089);
#12415=AXIS2_PLACEMENT_3D('',#17886,#14091,#14092);
#12416=AXIS2_PLACEMENT_3D('',#17890,#14094,#14095);
#12417=AXIS2_PLACEMENT_3D('',#17894,#14097,#14098);
#12418=AXIS2_PLACEMENT_3D('',#17898,#14100,#14101);
#12419=AXIS2_PLACEMENT_3D('',#17902,#14103,#14104);
#12420=AXIS2_PLACEMENT_3D('',#17906,#14106,#14107);
#12421=AXIS2_PLACEMENT_3D('',#17910,#14109,#14110);
#12422=AXIS2_PLACEMENT_3D('',#17914,#14112,#14113);
#12423=AXIS2_PLACEMENT_3D('',#17918,#14115,#14116);
#12424=AXIS2_PLACEMENT_3D('',#17922,#14118,#14119);
#12425=AXIS2_PLACEMENT_3D('',#17926,#14121,#14122);
#12426=AXIS2_PLACEMENT_3D('',#17930,#14124,#14125);
#12427=AXIS2_PLACEMENT_3D('',#17934,#14127,#14128);
#12428=AXIS2_PLACEMENT_3D('',#17938,#14130,#14131);
#12429=AXIS2_PLACEMENT_3D('',#17942,#14133,#14134);
#12430=AXIS2_PLACEMENT_3D('',#17946,#14136,#14137);
#12431=AXIS2_PLACEMENT_3D('',#17950,#14139,#14140);
#12432=AXIS2_PLACEMENT_3D('',#17954,#14142,#14143);
#12433=AXIS2_PLACEMENT_3D('',#17958,#14145,#14146);
#12434=AXIS2_PLACEMENT_3D('',#17962,#14148,#14149);
#12435=AXIS2_PLACEMENT_3D('',#17966,#14151,#14152);
#12436=AXIS2_PLACEMENT_3D('',#17970,#14154,#14155);
#12437=AXIS2_PLACEMENT_3D('',#17974,#14157,#14158);
#12438=AXIS2_PLACEMENT_3D('',#17978,#14160,#14161);
#12439=AXIS2_PLACEMENT_3D('',#17982,#14163,#14164);
#12440=AXIS2_PLACEMENT_3D('',#17986,#14166,#14167);
#12441=AXIS2_PLACEMENT_3D('',#17990,#14169,#14170);
#12442=AXIS2_PLACEMENT_3D('',#17994,#14172,#14173);
#12443=AXIS2_PLACEMENT_3D('',#17998,#14175,#14176);
#12444=AXIS2_PLACEMENT_3D('',#18002,#14178,#14179);
#12445=AXIS2_PLACEMENT_3D('',#18006,#14181,#14182);
#12446=AXIS2_PLACEMENT_3D('',#18010,#14184,#14185);
#12447=AXIS2_PLACEMENT_3D('',#18014,#14187,#14188);
#12448=AXIS2_PLACEMENT_3D('',#18018,#14190,#14191);
#12449=AXIS2_PLACEMENT_3D('',#18022,#14193,#14194);
#12450=AXIS2_PLACEMENT_3D('',#18026,#14196,#14197);
#12451=AXIS2_PLACEMENT_3D('',#18030,#14199,#14200);
#12452=AXIS2_PLACEMENT_3D('',#18034,#14202,#14203);
#12453=AXIS2_PLACEMENT_3D('',#18038,#14205,#14206);
#12454=AXIS2_PLACEMENT_3D('',#18042,#14208,#14209);
#12455=AXIS2_PLACEMENT_3D('',#18046,#14211,#14212);
#12456=AXIS2_PLACEMENT_3D('',#18050,#14214,#14215);
#12457=AXIS2_PLACEMENT_3D('',#18054,#14217,#14218);
#12458=AXIS2_PLACEMENT_3D('',#18058,#14220,#14221);
#12459=AXIS2_PLACEMENT_3D('',#18062,#14223,#14224);
#12460=AXIS2_PLACEMENT_3D('',#18066,#14226,#14227);
#12461=AXIS2_PLACEMENT_3D('',#18070,#14229,#14230);
#12462=AXIS2_PLACEMENT_3D('',#18074,#14232,#14233);
#12463=AXIS2_PLACEMENT_3D('',#18078,#14235,#14236);
#12464=AXIS2_PLACEMENT_3D('',#18082,#14238,#14239);
#12465=AXIS2_PLACEMENT_3D('',#18086,#14241,#14242);
#12466=AXIS2_PLACEMENT_3D('',#18095,#14247,#14248);
#12467=AXIS2_PLACEMENT_3D('',#18096,#14249,#14250);
#12468=AXIS2_PLACEMENT_3D('',#18101,#14252,#14253);
#12469=AXIS2_PLACEMENT_3D('',#18105,#14255,#14256);
#12470=AXIS2_PLACEMENT_3D('',#18109,#14258,#14259);
#12471=AXIS2_PLACEMENT_3D('',#18112,#14261,#14262);
#12472=AXIS2_PLACEMENT_3D('',#18117,#14264,#14265);
#12473=AXIS2_PLACEMENT_3D('',#18121,#14267,#14268);
#12474=AXIS2_PLACEMENT_3D('',#18125,#14270,#14271);
#12475=AXIS2_PLACEMENT_3D('',#18128,#14273,#14274);
#12476=AXIS2_PLACEMENT_3D('',#18133,#14276,#14277);
#12477=AXIS2_PLACEMENT_3D('',#18137,#14279,#14280);
#12478=AXIS2_PLACEMENT_3D('',#18141,#14282,#14283);
#12479=AXIS2_PLACEMENT_3D('',#18144,#14285,#14286);
#12480=AXIS2_PLACEMENT_3D('',#18149,#14288,#14289);
#12481=AXIS2_PLACEMENT_3D('',#18153,#14291,#14292);
#12482=AXIS2_PLACEMENT_3D('',#18157,#14294,#14295);
#12483=AXIS2_PLACEMENT_3D('',#18160,#14297,#14298);
#12484=AXIS2_PLACEMENT_3D('',#18165,#14300,#14301);
#12485=AXIS2_PLACEMENT_3D('',#18169,#14303,#14304);
#12486=AXIS2_PLACEMENT_3D('',#18173,#14306,#14307);
#12487=AXIS2_PLACEMENT_3D('',#18176,#14309,#14310);
#12488=AXIS2_PLACEMENT_3D('',#18181,#14312,#14313);
#12489=AXIS2_PLACEMENT_3D('',#18185,#14315,#14316);
#12490=AXIS2_PLACEMENT_3D('',#18189,#14318,#14319);
#12491=AXIS2_PLACEMENT_3D('',#18192,#14321,#14322);
#12492=AXIS2_PLACEMENT_3D('',#18197,#14324,#14325);
#12493=AXIS2_PLACEMENT_3D('',#18201,#14327,#14328);
#12494=AXIS2_PLACEMENT_3D('',#18205,#14330,#14331);
#12495=AXIS2_PLACEMENT_3D('',#18208,#14333,#14334);
#12496=AXIS2_PLACEMENT_3D('',#18213,#14336,#14337);
#12497=AXIS2_PLACEMENT_3D('',#18217,#14339,#14340);
#12498=AXIS2_PLACEMENT_3D('',#18221,#14342,#14343);
#12499=AXIS2_PLACEMENT_3D('',#18224,#14345,#14346);
#12500=AXIS2_PLACEMENT_3D('',#18229,#14348,#14349);
#12501=AXIS2_PLACEMENT_3D('',#18233,#14351,#14352);
#12502=AXIS2_PLACEMENT_3D('',#18237,#14354,#14355);
#12503=AXIS2_PLACEMENT_3D('',#18240,#14357,#14358);
#12504=AXIS2_PLACEMENT_3D('',#18245,#14360,#14361);
#12505=AXIS2_PLACEMENT_3D('',#18249,#14363,#14364);
#12506=AXIS2_PLACEMENT_3D('',#18253,#14366,#14367);
#12507=AXIS2_PLACEMENT_3D('',#18256,#14369,#14370);
#12508=AXIS2_PLACEMENT_3D('',#18261,#14372,#14373);
#12509=AXIS2_PLACEMENT_3D('',#18265,#14375,#14376);
#12510=AXIS2_PLACEMENT_3D('',#18269,#14378,#14379);
#12511=AXIS2_PLACEMENT_3D('',#18272,#14381,#14382);
#12512=AXIS2_PLACEMENT_3D('',#18277,#14384,#14385);
#12513=AXIS2_PLACEMENT_3D('',#18281,#14387,#14388);
#12514=AXIS2_PLACEMENT_3D('',#18285,#14390,#14391);
#12515=AXIS2_PLACEMENT_3D('',#18288,#14393,#14394);
#12516=AXIS2_PLACEMENT_3D('',#18293,#14396,#14397);
#12517=AXIS2_PLACEMENT_3D('',#18297,#14399,#14400);
#12518=AXIS2_PLACEMENT_3D('',#18301,#14402,#14403);
#12519=AXIS2_PLACEMENT_3D('',#18304,#14405,#14406);
#12520=AXIS2_PLACEMENT_3D('',#18309,#14408,#14409);
#12521=AXIS2_PLACEMENT_3D('',#18313,#14411,#14412);
#12522=AXIS2_PLACEMENT_3D('',#18317,#14414,#14415);
#12523=AXIS2_PLACEMENT_3D('',#18320,#14417,#14418);
#12524=AXIS2_PLACEMENT_3D('',#18325,#14420,#14421);
#12525=AXIS2_PLACEMENT_3D('',#18329,#14423,#14424);
#12526=AXIS2_PLACEMENT_3D('',#18333,#14426,#14427);
#12527=AXIS2_PLACEMENT_3D('',#18336,#14429,#14430);
#12528=AXIS2_PLACEMENT_3D('',#18341,#14432,#14433);
#12529=AXIS2_PLACEMENT_3D('',#18345,#14435,#14436);
#12530=AXIS2_PLACEMENT_3D('',#18349,#14438,#14439);
#12531=AXIS2_PLACEMENT_3D('',#18352,#14441,#14442);
#12532=AXIS2_PLACEMENT_3D('',#18357,#14444,#14445);
#12533=AXIS2_PLACEMENT_3D('',#18361,#14447,#14448);
#12534=AXIS2_PLACEMENT_3D('',#18365,#14450,#14451);
#12535=AXIS2_PLACEMENT_3D('',#18368,#14453,#14454);
#12536=AXIS2_PLACEMENT_3D('',#18373,#14456,#14457);
#12537=AXIS2_PLACEMENT_3D('',#18377,#14459,#14460);
#12538=AXIS2_PLACEMENT_3D('',#18381,#14462,#14463);
#12539=AXIS2_PLACEMENT_3D('',#18384,#14465,#14466);
#12540=AXIS2_PLACEMENT_3D('',#18389,#14468,#14469);
#12541=AXIS2_PLACEMENT_3D('',#18393,#14471,#14472);
#12542=AXIS2_PLACEMENT_3D('',#18397,#14474,#14475);
#12543=AXIS2_PLACEMENT_3D('',#18400,#14477,#14478);
#12544=AXIS2_PLACEMENT_3D('',#18405,#14480,#14481);
#12545=AXIS2_PLACEMENT_3D('',#18409,#14483,#14484);
#12546=AXIS2_PLACEMENT_3D('',#18413,#14486,#14487);
#12547=AXIS2_PLACEMENT_3D('',#18416,#14489,#14490);
#12548=AXIS2_PLACEMENT_3D('',#18421,#14492,#14493);
#12549=AXIS2_PLACEMENT_3D('',#18425,#14495,#14496);
#12550=AXIS2_PLACEMENT_3D('',#18429,#14498,#14499);
#12551=AXIS2_PLACEMENT_3D('',#18432,#14501,#14502);
#12552=AXIS2_PLACEMENT_3D('',#18437,#14504,#14505);
#12553=AXIS2_PLACEMENT_3D('',#18441,#14507,#14508);
#12554=AXIS2_PLACEMENT_3D('',#18445,#14510,#14511);
#12555=AXIS2_PLACEMENT_3D('',#18448,#14513,#14514);
#12556=AXIS2_PLACEMENT_3D('',#18453,#14516,#14517);
#12557=AXIS2_PLACEMENT_3D('',#18457,#14519,#14520);
#12558=AXIS2_PLACEMENT_3D('',#18461,#14522,#14523);
#12559=AXIS2_PLACEMENT_3D('',#18464,#14525,#14526);
#12560=AXIS2_PLACEMENT_3D('',#18469,#14528,#14529);
#12561=AXIS2_PLACEMENT_3D('',#18473,#14531,#14532);
#12562=AXIS2_PLACEMENT_3D('',#18477,#14534,#14535);
#12563=AXIS2_PLACEMENT_3D('',#18480,#14537,#14538);
#12564=AXIS2_PLACEMENT_3D('',#18485,#14540,#14541);
#12565=AXIS2_PLACEMENT_3D('',#18489,#14543,#14544);
#12566=AXIS2_PLACEMENT_3D('',#18493,#14546,#14547);
#12567=AXIS2_PLACEMENT_3D('',#18496,#14549,#14550);
#12568=AXIS2_PLACEMENT_3D('',#18501,#14552,#14553);
#12569=AXIS2_PLACEMENT_3D('',#18505,#14555,#14556);
#12570=AXIS2_PLACEMENT_3D('',#18509,#14558,#14559);
#12571=AXIS2_PLACEMENT_3D('',#18512,#14561,#14562);
#12572=AXIS2_PLACEMENT_3D('',#18517,#14564,#14565);
#12573=AXIS2_PLACEMENT_3D('',#18521,#14567,#14568);
#12574=AXIS2_PLACEMENT_3D('',#18525,#14570,#14571);
#12575=AXIS2_PLACEMENT_3D('',#18528,#14573,#14574);
#12576=AXIS2_PLACEMENT_3D('',#18533,#14576,#14577);
#12577=AXIS2_PLACEMENT_3D('',#18537,#14579,#14580);
#12578=AXIS2_PLACEMENT_3D('',#18541,#14582,#14583);
#12579=AXIS2_PLACEMENT_3D('',#18544,#14585,#14586);
#12580=AXIS2_PLACEMENT_3D('',#18549,#14588,#14589);
#12581=AXIS2_PLACEMENT_3D('',#18553,#14591,#14592);
#12582=AXIS2_PLACEMENT_3D('',#18557,#14594,#14595);
#12583=AXIS2_PLACEMENT_3D('',#18560,#14597,#14598);
#12584=AXIS2_PLACEMENT_3D('',#18565,#14600,#14601);
#12585=AXIS2_PLACEMENT_3D('',#18569,#14603,#14604);
#12586=AXIS2_PLACEMENT_3D('',#18573,#14606,#14607);
#12587=AXIS2_PLACEMENT_3D('',#18576,#14609,#14610);
#12588=AXIS2_PLACEMENT_3D('',#18581,#14612,#14613);
#12589=AXIS2_PLACEMENT_3D('',#18585,#14615,#14616);
#12590=AXIS2_PLACEMENT_3D('',#18589,#14618,#14619);
#12591=AXIS2_PLACEMENT_3D('',#18592,#14621,#14622);
#12592=AXIS2_PLACEMENT_3D('',#18597,#14624,#14625);
#12593=AXIS2_PLACEMENT_3D('',#18601,#14627,#14628);
#12594=AXIS2_PLACEMENT_3D('',#18605,#14630,#14631);
#12595=AXIS2_PLACEMENT_3D('',#18608,#14633,#14634);
#12596=AXIS2_PLACEMENT_3D('',#18613,#14636,#14637);
#12597=AXIS2_PLACEMENT_3D('',#18617,#14639,#14640);
#12598=AXIS2_PLACEMENT_3D('',#18621,#14642,#14643);
#12599=AXIS2_PLACEMENT_3D('',#18624,#14645,#14646);
#12600=AXIS2_PLACEMENT_3D('',#18629,#14648,#14649);
#12601=AXIS2_PLACEMENT_3D('',#18633,#14651,#14652);
#12602=AXIS2_PLACEMENT_3D('',#18637,#14654,#14655);
#12603=AXIS2_PLACEMENT_3D('',#18640,#14657,#14658);
#12604=AXIS2_PLACEMENT_3D('',#18645,#14660,#14661);
#12605=AXIS2_PLACEMENT_3D('',#18649,#14663,#14664);
#12606=AXIS2_PLACEMENT_3D('',#18653,#14666,#14667);
#12607=AXIS2_PLACEMENT_3D('',#18656,#14669,#14670);
#12608=AXIS2_PLACEMENT_3D('',#18661,#14672,#14673);
#12609=AXIS2_PLACEMENT_3D('',#18665,#14675,#14676);
#12610=AXIS2_PLACEMENT_3D('',#18669,#14678,#14679);
#12611=AXIS2_PLACEMENT_3D('',#18672,#14681,#14682);
#12612=AXIS2_PLACEMENT_3D('',#18677,#14684,#14685);
#12613=AXIS2_PLACEMENT_3D('',#18681,#14687,#14688);
#12614=AXIS2_PLACEMENT_3D('',#18685,#14690,#14691);
#12615=AXIS2_PLACEMENT_3D('',#18688,#14693,#14694);
#12616=AXIS2_PLACEMENT_3D('',#18693,#14696,#14697);
#12617=AXIS2_PLACEMENT_3D('',#18697,#14699,#14700);
#12618=AXIS2_PLACEMENT_3D('',#18701,#14702,#14703);
#12619=AXIS2_PLACEMENT_3D('',#18704,#14705,#14706);
#12620=AXIS2_PLACEMENT_3D('',#18709,#14708,#14709);
#12621=AXIS2_PLACEMENT_3D('',#18713,#14711,#14712);
#12622=AXIS2_PLACEMENT_3D('',#18717,#14714,#14715);
#12623=AXIS2_PLACEMENT_3D('',#18720,#14717,#14718);
#12624=AXIS2_PLACEMENT_3D('',#18725,#14720,#14721);
#12625=AXIS2_PLACEMENT_3D('',#18729,#14723,#14724);
#12626=AXIS2_PLACEMENT_3D('',#18733,#14726,#14727);
#12627=AXIS2_PLACEMENT_3D('',#18736,#14729,#14730);
#12628=AXIS2_PLACEMENT_3D('',#18741,#14732,#14733);
#12629=AXIS2_PLACEMENT_3D('',#18745,#14735,#14736);
#12630=AXIS2_PLACEMENT_3D('',#18749,#14738,#14739);
#12631=AXIS2_PLACEMENT_3D('',#18752,#14741,#14742);
#12632=AXIS2_PLACEMENT_3D('',#18757,#14744,#14745);
#12633=AXIS2_PLACEMENT_3D('',#18761,#14747,#14748);
#12634=AXIS2_PLACEMENT_3D('',#18765,#14750,#14751);
#12635=AXIS2_PLACEMENT_3D('',#18768,#14753,#14754);
#12636=AXIS2_PLACEMENT_3D('',#18773,#14756,#14757);
#12637=AXIS2_PLACEMENT_3D('',#18777,#14759,#14760);
#12638=AXIS2_PLACEMENT_3D('',#18781,#14762,#14763);
#12639=AXIS2_PLACEMENT_3D('',#18784,#14765,#14766);
#12640=AXIS2_PLACEMENT_3D('',#18789,#14768,#14769);
#12641=AXIS2_PLACEMENT_3D('',#18793,#14771,#14772);
#12642=AXIS2_PLACEMENT_3D('',#18797,#14774,#14775);
#12643=AXIS2_PLACEMENT_3D('',#18800,#14777,#14778);
#12644=AXIS2_PLACEMENT_3D('',#18805,#14780,#14781);
#12645=AXIS2_PLACEMENT_3D('',#18809,#14783,#14784);
#12646=AXIS2_PLACEMENT_3D('',#18813,#14786,#14787);
#12647=AXIS2_PLACEMENT_3D('',#18816,#14789,#14790);
#12648=AXIS2_PLACEMENT_3D('',#18821,#14792,#14793);
#12649=AXIS2_PLACEMENT_3D('',#18825,#14795,#14796);
#12650=AXIS2_PLACEMENT_3D('',#18829,#14798,#14799);
#12651=AXIS2_PLACEMENT_3D('',#18832,#14801,#14802);
#12652=AXIS2_PLACEMENT_3D('',#18837,#14804,#14805);
#12653=AXIS2_PLACEMENT_3D('',#18841,#14807,#14808);
#12654=AXIS2_PLACEMENT_3D('',#18845,#14810,#14811);
#12655=AXIS2_PLACEMENT_3D('',#18848,#14813,#14814);
#12656=AXIS2_PLACEMENT_3D('',#18853,#14816,#14817);
#12657=AXIS2_PLACEMENT_3D('',#18857,#14819,#14820);
#12658=AXIS2_PLACEMENT_3D('',#18861,#14822,#14823);
#12659=AXIS2_PLACEMENT_3D('',#18864,#14825,#14826);
#12660=AXIS2_PLACEMENT_3D('',#18869,#14828,#14829);
#12661=AXIS2_PLACEMENT_3D('',#18873,#14831,#14832);
#12662=AXIS2_PLACEMENT_3D('',#18877,#14834,#14835);
#12663=AXIS2_PLACEMENT_3D('',#18880,#14837,#14838);
#12664=AXIS2_PLACEMENT_3D('',#18885,#14840,#14841);
#12665=AXIS2_PLACEMENT_3D('',#18889,#14843,#14844);
#12666=AXIS2_PLACEMENT_3D('',#18893,#14846,#14847);
#12667=AXIS2_PLACEMENT_3D('',#18896,#14849,#14850);
#12668=AXIS2_PLACEMENT_3D('',#18901,#14852,#14853);
#12669=AXIS2_PLACEMENT_3D('',#18905,#14855,#14856);
#12670=AXIS2_PLACEMENT_3D('',#18909,#14858,#14859);
#12671=AXIS2_PLACEMENT_3D('',#18912,#14861,#14862);
#12672=AXIS2_PLACEMENT_3D('',#18917,#14864,#14865);
#12673=AXIS2_PLACEMENT_3D('',#18921,#14867,#14868);
#12674=AXIS2_PLACEMENT_3D('',#18925,#14870,#14871);
#12675=AXIS2_PLACEMENT_3D('',#18928,#14873,#14874);
#12676=AXIS2_PLACEMENT_3D('',#18933,#14876,#14877);
#12677=AXIS2_PLACEMENT_3D('',#18937,#14879,#14880);
#12678=AXIS2_PLACEMENT_3D('',#18941,#14882,#14883);
#12679=AXIS2_PLACEMENT_3D('',#18944,#14885,#14886);
#12680=AXIS2_PLACEMENT_3D('',#18949,#14888,#14889);
#12681=AXIS2_PLACEMENT_3D('',#18953,#14891,#14892);
#12682=AXIS2_PLACEMENT_3D('',#18957,#14894,#14895);
#12683=AXIS2_PLACEMENT_3D('',#18960,#14897,#14898);
#12684=AXIS2_PLACEMENT_3D('',#18965,#14900,#14901);
#12685=AXIS2_PLACEMENT_3D('',#18969,#14903,#14904);
#12686=AXIS2_PLACEMENT_3D('',#18973,#14906,#14907);
#12687=AXIS2_PLACEMENT_3D('',#18976,#14909,#14910);
#12688=AXIS2_PLACEMENT_3D('',#18981,#14912,#14913);
#12689=AXIS2_PLACEMENT_3D('',#18985,#14915,#14916);
#12690=AXIS2_PLACEMENT_3D('',#18989,#14918,#14919);
#12691=AXIS2_PLACEMENT_3D('',#18992,#14921,#14922);
#12692=AXIS2_PLACEMENT_3D('',#18997,#14924,#14925);
#12693=AXIS2_PLACEMENT_3D('',#19001,#14927,#14928);
#12694=AXIS2_PLACEMENT_3D('',#19005,#14930,#14931);
#12695=AXIS2_PLACEMENT_3D('',#19008,#14933,#14934);
#12696=AXIS2_PLACEMENT_3D('',#19013,#14936,#14937);
#12697=AXIS2_PLACEMENT_3D('',#19017,#14939,#14940);
#12698=AXIS2_PLACEMENT_3D('',#19021,#14942,#14943);
#12699=AXIS2_PLACEMENT_3D('',#19024,#14945,#14946);
#12700=AXIS2_PLACEMENT_3D('',#19029,#14948,#14949);
#12701=AXIS2_PLACEMENT_3D('',#19033,#14951,#14952);
#12702=AXIS2_PLACEMENT_3D('',#19037,#14954,#14955);
#12703=AXIS2_PLACEMENT_3D('',#19040,#14957,#14958);
#12704=AXIS2_PLACEMENT_3D('',#19045,#14960,#14961);
#12705=AXIS2_PLACEMENT_3D('',#19049,#14963,#14964);
#12706=AXIS2_PLACEMENT_3D('',#19053,#14966,#14967);
#12707=AXIS2_PLACEMENT_3D('',#19056,#14969,#14970);
#12708=AXIS2_PLACEMENT_3D('',#19061,#14972,#14973);
#12709=AXIS2_PLACEMENT_3D('',#19065,#14975,#14976);
#12710=AXIS2_PLACEMENT_3D('',#19069,#14978,#14979);
#12711=AXIS2_PLACEMENT_3D('',#19072,#14981,#14982);
#12712=AXIS2_PLACEMENT_3D('',#19077,#14984,#14985);
#12713=AXIS2_PLACEMENT_3D('',#19081,#14987,#14988);
#12714=AXIS2_PLACEMENT_3D('',#19085,#14990,#14991);
#12715=AXIS2_PLACEMENT_3D('',#19088,#14993,#14994);
#12716=AXIS2_PLACEMENT_3D('',#19093,#14996,#14997);
#12717=AXIS2_PLACEMENT_3D('',#19097,#14999,#15000);
#12718=AXIS2_PLACEMENT_3D('',#19101,#15002,#15003);
#12719=AXIS2_PLACEMENT_3D('',#19104,#15005,#15006);
#12720=AXIS2_PLACEMENT_3D('',#19109,#15008,#15009);
#12721=AXIS2_PLACEMENT_3D('',#19113,#15011,#15012);
#12722=AXIS2_PLACEMENT_3D('',#19117,#15014,#15015);
#12723=AXIS2_PLACEMENT_3D('',#19123,#15018,#15019);
#12724=AXIS2_PLACEMENT_3D('',#19127,#15021,#15022);
#12725=AXIS2_PLACEMENT_3D('',#19131,#15024,#15025);
#12726=AXIS2_PLACEMENT_3D('',#19135,#15027,#15028);
#12727=AXIS2_PLACEMENT_3D('',#19136,#15029,#15030);
#12728=AXIS2_PLACEMENT_3D('',#19141,#15032,#15033);
#12729=AXIS2_PLACEMENT_3D('',#19145,#15035,#15036);
#12730=AXIS2_PLACEMENT_3D('',#19149,#15038,#15039);
#12731=AXIS2_PLACEMENT_3D('',#19152,#15041,#15042);
#12732=AXIS2_PLACEMENT_3D('',#19157,#15044,#15045);
#12733=AXIS2_PLACEMENT_3D('',#19161,#15047,#15048);
#12734=AXIS2_PLACEMENT_3D('',#19165,#15050,#15051);
#12735=AXIS2_PLACEMENT_3D('',#19168,#15053,#15054);
#12736=AXIS2_PLACEMENT_3D('',#19173,#15056,#15057);
#12737=AXIS2_PLACEMENT_3D('',#19177,#15059,#15060);
#12738=AXIS2_PLACEMENT_3D('',#19181,#15062,#15063);
#12739=AXIS2_PLACEMENT_3D('',#19184,#15065,#15066);
#12740=AXIS2_PLACEMENT_3D('',#19189,#15068,#15069);
#12741=AXIS2_PLACEMENT_3D('',#19193,#15071,#15072);
#12742=AXIS2_PLACEMENT_3D('',#19197,#15074,#15075);
#12743=AXIS2_PLACEMENT_3D('',#19200,#15077,#15078);
#12744=AXIS2_PLACEMENT_3D('',#19205,#15080,#15081);
#12745=AXIS2_PLACEMENT_3D('',#19209,#15083,#15084);
#12746=AXIS2_PLACEMENT_3D('',#19213,#15086,#15087);
#12747=AXIS2_PLACEMENT_3D('',#19216,#15089,#15090);
#12748=AXIS2_PLACEMENT_3D('',#19221,#15092,#15093);
#12749=AXIS2_PLACEMENT_3D('',#19225,#15095,#15096);
#12750=AXIS2_PLACEMENT_3D('',#19229,#15098,#15099);
#12751=AXIS2_PLACEMENT_3D('',#19232,#15101,#15102);
#12752=AXIS2_PLACEMENT_3D('',#19237,#15104,#15105);
#12753=AXIS2_PLACEMENT_3D('',#19241,#15107,#15108);
#12754=AXIS2_PLACEMENT_3D('',#19245,#15110,#15111);
#12755=AXIS2_PLACEMENT_3D('',#19248,#15113,#15114);
#12756=AXIS2_PLACEMENT_3D('',#19253,#15116,#15117);
#12757=AXIS2_PLACEMENT_3D('',#19257,#15119,#15120);
#12758=AXIS2_PLACEMENT_3D('',#19261,#15122,#15123);
#12759=AXIS2_PLACEMENT_3D('',#19264,#15125,#15126);
#12760=AXIS2_PLACEMENT_3D('',#19266,#15127,#15128);
#12761=AXIS2_PLACEMENT_3D('',#19268,#15129,#15130);
#12762=AXIS2_PLACEMENT_3D('',#19270,#15131,#15132);
#12763=AXIS2_PLACEMENT_3D('',#19280,#15137,#15138);
#12764=AXIS2_PLACEMENT_3D('',#19283,#15141,#15142);
#12765=AXIS2_PLACEMENT_3D('',#19285,#15144,#15145);
#12766=AXIS2_PLACEMENT_3D('',#19287,#15147,#15148);
#12767=AXIS2_PLACEMENT_3D('',#19289,#15150,#15151);
#12768=AXIS2_PLACEMENT_3D('',#19291,#15153,#15154);
#12769=AXIS2_PLACEMENT_3D('',#19293,#15156,#15157);
#12770=AXIS2_PLACEMENT_3D('',#19295,#15159,#15160);
#12771=AXIS2_PLACEMENT_3D('',#19296,#15161,#15162);
#12772=AXIS2_PLACEMENT_3D('',#19299,#15165,#15166);
#12773=AXIS2_PLACEMENT_3D('',#19301,#15168,#15169);
#12774=AXIS2_PLACEMENT_3D('',#19303,#15171,#15172);
#12775=AXIS2_PLACEMENT_3D('',#19305,#15174,#15175);
#12776=AXIS2_PLACEMENT_3D('',#19307,#15177,#15178);
#12777=AXIS2_PLACEMENT_3D('',#19309,#15180,#15181);
#12778=AXIS2_PLACEMENT_3D('',#19311,#15183,#15184);
#12779=AXIS2_PLACEMENT_3D('',#19312,#15185,#15186);
#12780=AXIS2_PLACEMENT_3D('',#19315,#15189,#15190);
#12781=AXIS2_PLACEMENT_3D('',#19317,#15192,#15193);
#12782=AXIS2_PLACEMENT_3D('',#19319,#15195,#15196);
#12783=AXIS2_PLACEMENT_3D('',#19321,#15198,#15199);
#12784=AXIS2_PLACEMENT_3D('',#19323,#15201,#15202);
#12785=AXIS2_PLACEMENT_3D('',#19325,#15204,#15205);
#12786=AXIS2_PLACEMENT_3D('',#19327,#15207,#15208);
#12787=AXIS2_PLACEMENT_3D('',#19328,#15209,#15210);
#12788=AXIS2_PLACEMENT_3D('',#19331,#15213,#15214);
#12789=AXIS2_PLACEMENT_3D('',#19333,#15216,#15217);
#12790=AXIS2_PLACEMENT_3D('',#19335,#15219,#15220);
#12791=AXIS2_PLACEMENT_3D('',#19337,#15222,#15223);
#12792=AXIS2_PLACEMENT_3D('',#19339,#15225,#15226);
#12793=AXIS2_PLACEMENT_3D('',#19341,#15228,#15229);
#12794=AXIS2_PLACEMENT_3D('',#19343,#15231,#15232);
#12795=AXIS2_PLACEMENT_3D('',#19344,#15233,#15234);
#12796=AXIS2_PLACEMENT_3D('',#19347,#15237,#15238);
#12797=AXIS2_PLACEMENT_3D('',#19349,#15240,#15241);
#12798=AXIS2_PLACEMENT_3D('',#19351,#15243,#15244);
#12799=AXIS2_PLACEMENT_3D('',#19353,#15246,#15247);
#12800=AXIS2_PLACEMENT_3D('',#19355,#15249,#15250);
#12801=AXIS2_PLACEMENT_3D('',#19357,#15252,#15253);
#12802=AXIS2_PLACEMENT_3D('',#19359,#15255,#15256);
#12803=AXIS2_PLACEMENT_3D('',#19360,#15257,#15258);
#12804=AXIS2_PLACEMENT_3D('',#19363,#15261,#15262);
#12805=AXIS2_PLACEMENT_3D('',#19365,#15264,#15265);
#12806=AXIS2_PLACEMENT_3D('',#19367,#15267,#15268);
#12807=AXIS2_PLACEMENT_3D('',#19369,#15270,#15271);
#12808=AXIS2_PLACEMENT_3D('',#19371,#15273,#15274);
#12809=AXIS2_PLACEMENT_3D('',#19373,#15276,#15277);
#12810=AXIS2_PLACEMENT_3D('',#19375,#15279,#15280);
#12811=AXIS2_PLACEMENT_3D('',#19376,#15281,#15282);
#12812=AXIS2_PLACEMENT_3D('',#19379,#15285,#15286);
#12813=AXIS2_PLACEMENT_3D('',#19381,#15288,#15289);
#12814=AXIS2_PLACEMENT_3D('',#19383,#15291,#15292);
#12815=AXIS2_PLACEMENT_3D('',#19385,#15294,#15295);
#12816=AXIS2_PLACEMENT_3D('',#19387,#15297,#15298);
#12817=AXIS2_PLACEMENT_3D('',#19389,#15300,#15301);
#12818=AXIS2_PLACEMENT_3D('',#19391,#15303,#15304);
#12819=AXIS2_PLACEMENT_3D('',#19392,#15305,#15306);
#12820=AXIS2_PLACEMENT_3D('',#19395,#15309,#15310);
#12821=AXIS2_PLACEMENT_3D('',#19397,#15312,#15313);
#12822=AXIS2_PLACEMENT_3D('',#19399,#15315,#15316);
#12823=AXIS2_PLACEMENT_3D('',#19401,#15318,#15319);
#12824=AXIS2_PLACEMENT_3D('',#19403,#15321,#15322);
#12825=AXIS2_PLACEMENT_3D('',#19405,#15324,#15325);
#12826=AXIS2_PLACEMENT_3D('',#19407,#15327,#15328);
#12827=AXIS2_PLACEMENT_3D('',#19408,#15329,#15330);
#12828=AXIS2_PLACEMENT_3D('',#19411,#15333,#15334);
#12829=AXIS2_PLACEMENT_3D('',#19413,#15336,#15337);
#12830=AXIS2_PLACEMENT_3D('',#19415,#15339,#15340);
#12831=AXIS2_PLACEMENT_3D('',#19417,#15342,#15343);
#12832=AXIS2_PLACEMENT_3D('',#19419,#15345,#15346);
#12833=AXIS2_PLACEMENT_3D('',#19421,#15348,#15349);
#12834=AXIS2_PLACEMENT_3D('',#19423,#15351,#15352);
#12835=AXIS2_PLACEMENT_3D('',#19424,#15353,#15354);
#12836=AXIS2_PLACEMENT_3D('',#19427,#15357,#15358);
#12837=AXIS2_PLACEMENT_3D('',#19429,#15360,#15361);
#12838=AXIS2_PLACEMENT_3D('',#19431,#15363,#15364);
#12839=AXIS2_PLACEMENT_3D('',#19433,#15366,#15367);
#12840=AXIS2_PLACEMENT_3D('',#19435,#15369,#15370);
#12841=AXIS2_PLACEMENT_3D('',#19437,#15372,#15373);
#12842=AXIS2_PLACEMENT_3D('',#19439,#15375,#15376);
#12843=AXIS2_PLACEMENT_3D('',#19440,#15377,#15378);
#12844=AXIS2_PLACEMENT_3D('',#19443,#15381,#15382);
#12845=AXIS2_PLACEMENT_3D('',#19445,#15384,#15385);
#12846=AXIS2_PLACEMENT_3D('',#19447,#15387,#15388);
#12847=AXIS2_PLACEMENT_3D('',#19449,#15390,#15391);
#12848=AXIS2_PLACEMENT_3D('',#19451,#15393,#15394);
#12849=AXIS2_PLACEMENT_3D('',#19453,#15396,#15397);
#12850=AXIS2_PLACEMENT_3D('',#19455,#15399,#15400);
#12851=AXIS2_PLACEMENT_3D('',#19456,#15401,#15402);
#12852=AXIS2_PLACEMENT_3D('',#19459,#15405,#15406);
#12853=AXIS2_PLACEMENT_3D('',#19461,#15408,#15409);
#12854=AXIS2_PLACEMENT_3D('',#19463,#15411,#15412);
#12855=AXIS2_PLACEMENT_3D('',#19465,#15414,#15415);
#12856=AXIS2_PLACEMENT_3D('',#19467,#15417,#15418);
#12857=AXIS2_PLACEMENT_3D('',#19469,#15420,#15421);
#12858=AXIS2_PLACEMENT_3D('',#19471,#15423,#15424);
#12859=AXIS2_PLACEMENT_3D('',#19472,#15425,#15426);
#12860=AXIS2_PLACEMENT_3D('',#19475,#15429,#15430);
#12861=AXIS2_PLACEMENT_3D('',#19477,#15432,#15433);
#12862=AXIS2_PLACEMENT_3D('',#19479,#15435,#15436);
#12863=AXIS2_PLACEMENT_3D('',#19481,#15438,#15439);
#12864=AXIS2_PLACEMENT_3D('',#19483,#15441,#15442);
#12865=AXIS2_PLACEMENT_3D('',#19485,#15444,#15445);
#12866=AXIS2_PLACEMENT_3D('',#19487,#15447,#15448);
#12867=AXIS2_PLACEMENT_3D('',#19488,#15449,#15450);
#12868=AXIS2_PLACEMENT_3D('',#19491,#15453,#15454);
#12869=AXIS2_PLACEMENT_3D('',#19493,#15456,#15457);
#12870=AXIS2_PLACEMENT_3D('',#19495,#15459,#15460);
#12871=AXIS2_PLACEMENT_3D('',#19497,#15462,#15463);
#12872=AXIS2_PLACEMENT_3D('',#19499,#15465,#15466);
#12873=AXIS2_PLACEMENT_3D('',#19501,#15468,#15469);
#12874=AXIS2_PLACEMENT_3D('',#19503,#15471,#15472);
#12875=AXIS2_PLACEMENT_3D('',#19504,#15473,#15474);
#12876=AXIS2_PLACEMENT_3D('',#19507,#15477,#15478);
#12877=AXIS2_PLACEMENT_3D('',#19509,#15480,#15481);
#12878=AXIS2_PLACEMENT_3D('',#19511,#15483,#15484);
#12879=AXIS2_PLACEMENT_3D('',#19513,#15486,#15487);
#12880=AXIS2_PLACEMENT_3D('',#19515,#15489,#15490);
#12881=AXIS2_PLACEMENT_3D('',#19517,#15492,#15493);
#12882=AXIS2_PLACEMENT_3D('',#19519,#15495,#15496);
#12883=AXIS2_PLACEMENT_3D('',#19520,#15497,#15498);
#12884=AXIS2_PLACEMENT_3D('',#19523,#15501,#15502);
#12885=AXIS2_PLACEMENT_3D('',#19525,#15504,#15505);
#12886=AXIS2_PLACEMENT_3D('',#19527,#15507,#15508);
#12887=AXIS2_PLACEMENT_3D('',#19529,#15510,#15511);
#12888=AXIS2_PLACEMENT_3D('',#19531,#15513,#15514);
#12889=AXIS2_PLACEMENT_3D('',#19533,#15516,#15517);
#12890=AXIS2_PLACEMENT_3D('',#19535,#15519,#15520);
#12891=AXIS2_PLACEMENT_3D('',#19536,#15521,#15522);
#12892=AXIS2_PLACEMENT_3D('',#19539,#15525,#15526);
#12893=AXIS2_PLACEMENT_3D('',#19541,#15528,#15529);
#12894=AXIS2_PLACEMENT_3D('',#19543,#15531,#15532);
#12895=AXIS2_PLACEMENT_3D('',#19545,#15534,#15535);
#12896=AXIS2_PLACEMENT_3D('',#19547,#15537,#15538);
#12897=AXIS2_PLACEMENT_3D('',#19549,#15540,#15541);
#12898=AXIS2_PLACEMENT_3D('',#19551,#15543,#15544);
#12899=AXIS2_PLACEMENT_3D('',#19552,#15545,#15546);
#12900=AXIS2_PLACEMENT_3D('',#19555,#15549,#15550);
#12901=AXIS2_PLACEMENT_3D('',#19557,#15552,#15553);
#12902=AXIS2_PLACEMENT_3D('',#19559,#15555,#15556);
#12903=AXIS2_PLACEMENT_3D('',#19561,#15558,#15559);
#12904=AXIS2_PLACEMENT_3D('',#19563,#15561,#15562);
#12905=AXIS2_PLACEMENT_3D('',#19565,#15564,#15565);
#12906=AXIS2_PLACEMENT_3D('',#19567,#15567,#15568);
#12907=AXIS2_PLACEMENT_3D('',#19568,#15569,#15570);
#12908=AXIS2_PLACEMENT_3D('',#19571,#15573,#15574);
#12909=AXIS2_PLACEMENT_3D('',#19573,#15576,#15577);
#12910=AXIS2_PLACEMENT_3D('',#19575,#15579,#15580);
#12911=AXIS2_PLACEMENT_3D('',#19577,#15582,#15583);
#12912=AXIS2_PLACEMENT_3D('',#19579,#15585,#15586);
#12913=AXIS2_PLACEMENT_3D('',#19581,#15588,#15589);
#12914=AXIS2_PLACEMENT_3D('',#19583,#15591,#15592);
#12915=AXIS2_PLACEMENT_3D('',#19584,#15593,#15594);
#12916=AXIS2_PLACEMENT_3D('',#19587,#15597,#15598);
#12917=AXIS2_PLACEMENT_3D('',#19589,#15600,#15601);
#12918=AXIS2_PLACEMENT_3D('',#19591,#15603,#15604);
#12919=AXIS2_PLACEMENT_3D('',#19593,#15606,#15607);
#12920=AXIS2_PLACEMENT_3D('',#19595,#15609,#15610);
#12921=AXIS2_PLACEMENT_3D('',#19597,#15612,#15613);
#12922=AXIS2_PLACEMENT_3D('',#19599,#15615,#15616);
#12923=AXIS2_PLACEMENT_3D('',#19600,#15617,#15618);
#12924=AXIS2_PLACEMENT_3D('',#19603,#15621,#15622);
#12925=AXIS2_PLACEMENT_3D('',#19605,#15624,#15625);
#12926=AXIS2_PLACEMENT_3D('',#19607,#15627,#15628);
#12927=AXIS2_PLACEMENT_3D('',#19609,#15630,#15631);
#12928=AXIS2_PLACEMENT_3D('',#19611,#15633,#15634);
#12929=AXIS2_PLACEMENT_3D('',#19613,#15636,#15637);
#12930=AXIS2_PLACEMENT_3D('',#19615,#15639,#15640);
#12931=AXIS2_PLACEMENT_3D('',#19616,#15641,#15642);
#12932=AXIS2_PLACEMENT_3D('',#19619,#15645,#15646);
#12933=AXIS2_PLACEMENT_3D('',#19621,#15648,#15649);
#12934=AXIS2_PLACEMENT_3D('',#19623,#15651,#15652);
#12935=AXIS2_PLACEMENT_3D('',#19625,#15654,#15655);
#12936=AXIS2_PLACEMENT_3D('',#19627,#15657,#15658);
#12937=AXIS2_PLACEMENT_3D('',#19629,#15660,#15661);
#12938=AXIS2_PLACEMENT_3D('',#19631,#15663,#15664);
#12939=AXIS2_PLACEMENT_3D('',#19632,#15665,#15666);
#12940=AXIS2_PLACEMENT_3D('',#19635,#15669,#15670);
#12941=AXIS2_PLACEMENT_3D('',#19637,#15672,#15673);
#12942=AXIS2_PLACEMENT_3D('',#19639,#15675,#15676);
#12943=AXIS2_PLACEMENT_3D('',#19641,#15678,#15679);
#12944=AXIS2_PLACEMENT_3D('',#19643,#15681,#15682);
#12945=AXIS2_PLACEMENT_3D('',#19645,#15684,#15685);
#12946=AXIS2_PLACEMENT_3D('',#19647,#15687,#15688);
#12947=AXIS2_PLACEMENT_3D('',#19648,#15689,#15690);
#12948=AXIS2_PLACEMENT_3D('',#19651,#15693,#15694);
#12949=AXIS2_PLACEMENT_3D('',#19653,#15696,#15697);
#12950=AXIS2_PLACEMENT_3D('',#19655,#15699,#15700);
#12951=AXIS2_PLACEMENT_3D('',#19657,#15702,#15703);
#12952=AXIS2_PLACEMENT_3D('',#19659,#15705,#15706);
#12953=AXIS2_PLACEMENT_3D('',#19661,#15708,#15709);
#12954=AXIS2_PLACEMENT_3D('',#19663,#15711,#15712);
#12955=AXIS2_PLACEMENT_3D('',#19664,#15713,#15714);
#12956=AXIS2_PLACEMENT_3D('',#19667,#15717,#15718);
#12957=AXIS2_PLACEMENT_3D('',#19669,#15720,#15721);
#12958=AXIS2_PLACEMENT_3D('',#19671,#15723,#15724);
#12959=AXIS2_PLACEMENT_3D('',#19673,#15726,#15727);
#12960=AXIS2_PLACEMENT_3D('',#19675,#15729,#15730);
#12961=AXIS2_PLACEMENT_3D('',#19677,#15732,#15733);
#12962=AXIS2_PLACEMENT_3D('',#19679,#15735,#15736);
#12963=AXIS2_PLACEMENT_3D('',#19680,#15737,#15738);
#12964=AXIS2_PLACEMENT_3D('',#19683,#15741,#15742);
#12965=AXIS2_PLACEMENT_3D('',#19685,#15744,#15745);
#12966=AXIS2_PLACEMENT_3D('',#19687,#15747,#15748);
#12967=AXIS2_PLACEMENT_3D('',#19689,#15750,#15751);
#12968=AXIS2_PLACEMENT_3D('',#19691,#15753,#15754);
#12969=AXIS2_PLACEMENT_3D('',#19693,#15756,#15757);
#12970=AXIS2_PLACEMENT_3D('',#19695,#15759,#15760);
#12971=AXIS2_PLACEMENT_3D('',#19696,#15761,#15762);
#12972=AXIS2_PLACEMENT_3D('',#19699,#15765,#15766);
#12973=AXIS2_PLACEMENT_3D('',#19701,#15768,#15769);
#12974=AXIS2_PLACEMENT_3D('',#19703,#15771,#15772);
#12975=AXIS2_PLACEMENT_3D('',#19705,#15774,#15775);
#12976=AXIS2_PLACEMENT_3D('',#19707,#15777,#15778);
#12977=AXIS2_PLACEMENT_3D('',#19709,#15780,#15781);
#12978=AXIS2_PLACEMENT_3D('',#19711,#15783,#15784);
#12979=AXIS2_PLACEMENT_3D('',#19712,#15785,#15786);
#12980=AXIS2_PLACEMENT_3D('',#19715,#15789,#15790);
#12981=AXIS2_PLACEMENT_3D('',#19717,#15792,#15793);
#12982=AXIS2_PLACEMENT_3D('',#19719,#15795,#15796);
#12983=AXIS2_PLACEMENT_3D('',#19721,#15798,#15799);
#12984=AXIS2_PLACEMENT_3D('',#19723,#15801,#15802);
#12985=AXIS2_PLACEMENT_3D('',#19725,#15804,#15805);
#12986=AXIS2_PLACEMENT_3D('',#19727,#15807,#15808);
#12987=AXIS2_PLACEMENT_3D('',#19728,#15809,#15810);
#12988=AXIS2_PLACEMENT_3D('',#19731,#15813,#15814);
#12989=AXIS2_PLACEMENT_3D('',#19733,#15816,#15817);
#12990=AXIS2_PLACEMENT_3D('',#19735,#15819,#15820);
#12991=AXIS2_PLACEMENT_3D('',#19737,#15822,#15823);
#12992=AXIS2_PLACEMENT_3D('',#19739,#15825,#15826);
#12993=AXIS2_PLACEMENT_3D('',#19741,#15828,#15829);
#12994=AXIS2_PLACEMENT_3D('',#19743,#15831,#15832);
#12995=AXIS2_PLACEMENT_3D('',#19744,#15833,#15834);
#12996=AXIS2_PLACEMENT_3D('',#19747,#15837,#15838);
#12997=AXIS2_PLACEMENT_3D('',#19749,#15840,#15841);
#12998=AXIS2_PLACEMENT_3D('',#19751,#15843,#15844);
#12999=AXIS2_PLACEMENT_3D('',#19753,#15846,#15847);
#13000=AXIS2_PLACEMENT_3D('',#19755,#15849,#15850);
#13001=AXIS2_PLACEMENT_3D('',#19757,#15852,#15853);
#13002=AXIS2_PLACEMENT_3D('',#19759,#15855,#15856);
#13003=AXIS2_PLACEMENT_3D('',#19760,#15857,#15858);
#13004=AXIS2_PLACEMENT_3D('',#19763,#15861,#15862);
#13005=AXIS2_PLACEMENT_3D('',#19765,#15864,#15865);
#13006=AXIS2_PLACEMENT_3D('',#19767,#15867,#15868);
#13007=AXIS2_PLACEMENT_3D('',#19769,#15870,#15871);
#13008=AXIS2_PLACEMENT_3D('',#19771,#15873,#15874);
#13009=AXIS2_PLACEMENT_3D('',#19773,#15876,#15877);
#13010=AXIS2_PLACEMENT_3D('',#19775,#15879,#15880);
#13011=AXIS2_PLACEMENT_3D('',#19776,#15881,#15882);
#13012=AXIS2_PLACEMENT_3D('',#19779,#15885,#15886);
#13013=AXIS2_PLACEMENT_3D('',#19781,#15888,#15889);
#13014=AXIS2_PLACEMENT_3D('',#19783,#15891,#15892);
#13015=AXIS2_PLACEMENT_3D('',#19785,#15894,#15895);
#13016=AXIS2_PLACEMENT_3D('',#19787,#15897,#15898);
#13017=AXIS2_PLACEMENT_3D('',#19789,#15900,#15901);
#13018=AXIS2_PLACEMENT_3D('',#19791,#15903,#15904);
#13019=AXIS2_PLACEMENT_3D('',#19792,#15905,#15906);
#13020=AXIS2_PLACEMENT_3D('',#19795,#15909,#15910);
#13021=AXIS2_PLACEMENT_3D('',#19797,#15912,#15913);
#13022=AXIS2_PLACEMENT_3D('',#19799,#15915,#15916);
#13023=AXIS2_PLACEMENT_3D('',#19801,#15918,#15919);
#13024=AXIS2_PLACEMENT_3D('',#19803,#15921,#15922);
#13025=AXIS2_PLACEMENT_3D('',#19805,#15924,#15925);
#13026=AXIS2_PLACEMENT_3D('',#19807,#15927,#15928);
#13027=AXIS2_PLACEMENT_3D('',#19808,#15929,#15930);
#13028=AXIS2_PLACEMENT_3D('',#19811,#15933,#15934);
#13029=AXIS2_PLACEMENT_3D('',#19813,#15936,#15937);
#13030=AXIS2_PLACEMENT_3D('',#19815,#15939,#15940);
#13031=AXIS2_PLACEMENT_3D('',#19817,#15942,#15943);
#13032=AXIS2_PLACEMENT_3D('',#19819,#15945,#15946);
#13033=AXIS2_PLACEMENT_3D('',#19821,#15948,#15949);
#13034=AXIS2_PLACEMENT_3D('',#19823,#15951,#15952);
#13035=AXIS2_PLACEMENT_3D('',#19824,#15953,#15954);
#13036=AXIS2_PLACEMENT_3D('',#19827,#15957,#15958);
#13037=AXIS2_PLACEMENT_3D('',#19829,#15960,#15961);
#13038=AXIS2_PLACEMENT_3D('',#19831,#15963,#15964);
#13039=AXIS2_PLACEMENT_3D('',#19833,#15966,#15967);
#13040=AXIS2_PLACEMENT_3D('',#19835,#15969,#15970);
#13041=AXIS2_PLACEMENT_3D('',#19837,#15972,#15973);
#13042=AXIS2_PLACEMENT_3D('',#19839,#15975,#15976);
#13043=AXIS2_PLACEMENT_3D('',#19840,#15977,#15978);
#13044=AXIS2_PLACEMENT_3D('',#19843,#15981,#15982);
#13045=AXIS2_PLACEMENT_3D('',#19845,#15984,#15985);
#13046=AXIS2_PLACEMENT_3D('',#19847,#15987,#15988);
#13047=AXIS2_PLACEMENT_3D('',#19849,#15990,#15991);
#13048=AXIS2_PLACEMENT_3D('',#19851,#15993,#15994);
#13049=AXIS2_PLACEMENT_3D('',#19853,#15996,#15997);
#13050=AXIS2_PLACEMENT_3D('',#19855,#15999,#16000);
#13051=AXIS2_PLACEMENT_3D('',#19856,#16001,#16002);
#13052=AXIS2_PLACEMENT_3D('',#19859,#16005,#16006);
#13053=AXIS2_PLACEMENT_3D('',#19861,#16008,#16009);
#13054=AXIS2_PLACEMENT_3D('',#19863,#16011,#16012);
#13055=AXIS2_PLACEMENT_3D('',#19865,#16014,#16015);
#13056=AXIS2_PLACEMENT_3D('',#19867,#16017,#16018);
#13057=AXIS2_PLACEMENT_3D('',#19869,#16020,#16021);
#13058=AXIS2_PLACEMENT_3D('',#19871,#16023,#16024);
#13059=AXIS2_PLACEMENT_3D('',#19872,#16025,#16026);
#13060=AXIS2_PLACEMENT_3D('',#19875,#16029,#16030);
#13061=AXIS2_PLACEMENT_3D('',#19877,#16032,#16033);
#13062=AXIS2_PLACEMENT_3D('',#19879,#16035,#16036);
#13063=AXIS2_PLACEMENT_3D('',#19881,#16038,#16039);
#13064=AXIS2_PLACEMENT_3D('',#19883,#16041,#16042);
#13065=AXIS2_PLACEMENT_3D('',#19885,#16044,#16045);
#13066=AXIS2_PLACEMENT_3D('',#19887,#16047,#16048);
#13067=AXIS2_PLACEMENT_3D('',#19888,#16049,#16050);
#13068=AXIS2_PLACEMENT_3D('',#19891,#16053,#16054);
#13069=AXIS2_PLACEMENT_3D('',#19893,#16056,#16057);
#13070=AXIS2_PLACEMENT_3D('',#19895,#16059,#16060);
#13071=AXIS2_PLACEMENT_3D('',#19897,#16062,#16063);
#13072=AXIS2_PLACEMENT_3D('',#19899,#16065,#16066);
#13073=AXIS2_PLACEMENT_3D('',#19901,#16068,#16069);
#13074=AXIS2_PLACEMENT_3D('',#19903,#16071,#16072);
#13075=AXIS2_PLACEMENT_3D('',#19904,#16073,#16074);
#13076=AXIS2_PLACEMENT_3D('',#19907,#16077,#16078);
#13077=AXIS2_PLACEMENT_3D('',#19909,#16080,#16081);
#13078=AXIS2_PLACEMENT_3D('',#19911,#16083,#16084);
#13079=AXIS2_PLACEMENT_3D('',#19913,#16086,#16087);
#13080=AXIS2_PLACEMENT_3D('',#19915,#16089,#16090);
#13081=AXIS2_PLACEMENT_3D('',#19917,#16092,#16093);
#13082=AXIS2_PLACEMENT_3D('',#19919,#16095,#16096);
#13083=AXIS2_PLACEMENT_3D('',#19920,#16097,#16098);
#13084=AXIS2_PLACEMENT_3D('',#19923,#16101,#16102);
#13085=AXIS2_PLACEMENT_3D('',#19925,#16104,#16105);
#13086=AXIS2_PLACEMENT_3D('',#19927,#16107,#16108);
#13087=AXIS2_PLACEMENT_3D('',#19929,#16110,#16111);
#13088=AXIS2_PLACEMENT_3D('',#19931,#16113,#16114);
#13089=AXIS2_PLACEMENT_3D('',#19933,#16116,#16117);
#13090=AXIS2_PLACEMENT_3D('',#19935,#16119,#16120);
#13091=AXIS2_PLACEMENT_3D('',#19936,#16121,#16122);
#13092=AXIS2_PLACEMENT_3D('',#19939,#16125,#16126);
#13093=AXIS2_PLACEMENT_3D('',#19941,#16128,#16129);
#13094=AXIS2_PLACEMENT_3D('',#19943,#16131,#16132);
#13095=AXIS2_PLACEMENT_3D('',#19945,#16134,#16135);
#13096=AXIS2_PLACEMENT_3D('',#19947,#16137,#16138);
#13097=AXIS2_PLACEMENT_3D('',#19949,#16140,#16141);
#13098=AXIS2_PLACEMENT_3D('',#19951,#16143,#16144);
#13099=AXIS2_PLACEMENT_3D('',#19952,#16145,#16146);
#13100=AXIS2_PLACEMENT_3D('',#19955,#16149,#16150);
#13101=AXIS2_PLACEMENT_3D('',#19957,#16152,#16153);
#13102=AXIS2_PLACEMENT_3D('',#19959,#16155,#16156);
#13103=AXIS2_PLACEMENT_3D('',#19961,#16158,#16159);
#13104=AXIS2_PLACEMENT_3D('',#19963,#16161,#16162);
#13105=AXIS2_PLACEMENT_3D('',#19965,#16164,#16165);
#13106=AXIS2_PLACEMENT_3D('',#19967,#16167,#16168);
#13107=AXIS2_PLACEMENT_3D('',#19968,#16169,#16170);
#13108=AXIS2_PLACEMENT_3D('',#19971,#16173,#16174);
#13109=AXIS2_PLACEMENT_3D('',#19973,#16176,#16177);
#13110=AXIS2_PLACEMENT_3D('',#19975,#16179,#16180);
#13111=AXIS2_PLACEMENT_3D('',#19977,#16182,#16183);
#13112=AXIS2_PLACEMENT_3D('',#19979,#16185,#16186);
#13113=AXIS2_PLACEMENT_3D('',#19981,#16188,#16189);
#13114=AXIS2_PLACEMENT_3D('',#19983,#16191,#16192);
#13115=AXIS2_PLACEMENT_3D('',#19984,#16193,#16194);
#13116=AXIS2_PLACEMENT_3D('',#19987,#16197,#16198);
#13117=AXIS2_PLACEMENT_3D('',#19989,#16200,#16201);
#13118=AXIS2_PLACEMENT_3D('',#19991,#16203,#16204);
#13119=AXIS2_PLACEMENT_3D('',#19993,#16206,#16207);
#13120=AXIS2_PLACEMENT_3D('',#19995,#16209,#16210);
#13121=AXIS2_PLACEMENT_3D('',#19997,#16212,#16213);
#13122=AXIS2_PLACEMENT_3D('',#19999,#16215,#16216);
#13123=AXIS2_PLACEMENT_3D('',#20000,#16217,#16218);
#13124=AXIS2_PLACEMENT_3D('',#20003,#16221,#16222);
#13125=AXIS2_PLACEMENT_3D('',#20005,#16224,#16225);
#13126=AXIS2_PLACEMENT_3D('',#20007,#16227,#16228);
#13127=AXIS2_PLACEMENT_3D('',#20009,#16230,#16231);
#13128=AXIS2_PLACEMENT_3D('',#20011,#16233,#16234);
#13129=AXIS2_PLACEMENT_3D('',#20013,#16236,#16237);
#13130=AXIS2_PLACEMENT_3D('',#20015,#16239,#16240);
#13131=AXIS2_PLACEMENT_3D('',#20016,#16241,#16242);
#13132=AXIS2_PLACEMENT_3D('',#20019,#16245,#16246);
#13133=AXIS2_PLACEMENT_3D('',#20021,#16248,#16249);
#13134=AXIS2_PLACEMENT_3D('',#20023,#16251,#16252);
#13135=AXIS2_PLACEMENT_3D('',#20025,#16254,#16255);
#13136=AXIS2_PLACEMENT_3D('',#20027,#16257,#16258);
#13137=AXIS2_PLACEMENT_3D('',#20029,#16260,#16261);
#13138=AXIS2_PLACEMENT_3D('',#20031,#16263,#16264);
#13139=AXIS2_PLACEMENT_3D('',#20032,#16265,#16266);
#13140=AXIS2_PLACEMENT_3D('',#20035,#16269,#16270);
#13141=AXIS2_PLACEMENT_3D('',#20037,#16272,#16273);
#13142=AXIS2_PLACEMENT_3D('',#20039,#16275,#16276);
#13143=AXIS2_PLACEMENT_3D('',#20041,#16278,#16279);
#13144=AXIS2_PLACEMENT_3D('',#20043,#16281,#16282);
#13145=AXIS2_PLACEMENT_3D('',#20045,#16284,#16285);
#13146=AXIS2_PLACEMENT_3D('',#20047,#16287,#16288);
#13147=AXIS2_PLACEMENT_3D('',#20048,#16289,#16290);
#13148=AXIS2_PLACEMENT_3D('',#20051,#16293,#16294);
#13149=AXIS2_PLACEMENT_3D('',#20053,#16296,#16297);
#13150=AXIS2_PLACEMENT_3D('',#20055,#16299,#16300);
#13151=AXIS2_PLACEMENT_3D('',#20057,#16302,#16303);
#13152=AXIS2_PLACEMENT_3D('',#20059,#16305,#16306);
#13153=AXIS2_PLACEMENT_3D('',#20061,#16308,#16309);
#13154=AXIS2_PLACEMENT_3D('',#20063,#16311,#16312);
#13155=AXIS2_PLACEMENT_3D('',#20064,#16313,#16314);
#13156=AXIS2_PLACEMENT_3D('',#20067,#16317,#16318);
#13157=AXIS2_PLACEMENT_3D('',#20069,#16320,#16321);
#13158=AXIS2_PLACEMENT_3D('',#20071,#16323,#16324);
#13159=AXIS2_PLACEMENT_3D('',#20073,#16326,#16327);
#13160=AXIS2_PLACEMENT_3D('',#20075,#16329,#16330);
#13161=AXIS2_PLACEMENT_3D('',#20077,#16332,#16333);
#13162=AXIS2_PLACEMENT_3D('',#20079,#16335,#16336);
#13163=AXIS2_PLACEMENT_3D('',#20080,#16337,#16338);
#13164=AXIS2_PLACEMENT_3D('',#20083,#16341,#16342);
#13165=AXIS2_PLACEMENT_3D('',#20085,#16344,#16345);
#13166=AXIS2_PLACEMENT_3D('',#20087,#16347,#16348);
#13167=AXIS2_PLACEMENT_3D('',#20089,#16350,#16351);
#13168=AXIS2_PLACEMENT_3D('',#20091,#16353,#16354);
#13169=AXIS2_PLACEMENT_3D('',#20093,#16356,#16357);
#13170=AXIS2_PLACEMENT_3D('',#20095,#16359,#16360);
#13171=AXIS2_PLACEMENT_3D('',#20096,#16361,#16362);
#13172=AXIS2_PLACEMENT_3D('',#20099,#16365,#16366);
#13173=AXIS2_PLACEMENT_3D('',#20101,#16368,#16369);
#13174=AXIS2_PLACEMENT_3D('',#20103,#16371,#16372);
#13175=AXIS2_PLACEMENT_3D('',#20105,#16374,#16375);
#13176=AXIS2_PLACEMENT_3D('',#20107,#16377,#16378);
#13177=AXIS2_PLACEMENT_3D('',#20109,#16380,#16381);
#13178=AXIS2_PLACEMENT_3D('',#20111,#16383,#16384);
#13179=AXIS2_PLACEMENT_3D('',#20112,#16385,#16386);
#13180=AXIS2_PLACEMENT_3D('',#20115,#16389,#16390);
#13181=AXIS2_PLACEMENT_3D('',#20117,#16392,#16393);
#13182=AXIS2_PLACEMENT_3D('',#20119,#16395,#16396);
#13183=AXIS2_PLACEMENT_3D('',#20121,#16398,#16399);
#13184=AXIS2_PLACEMENT_3D('',#20123,#16401,#16402);
#13185=AXIS2_PLACEMENT_3D('',#20125,#16404,#16405);
#13186=AXIS2_PLACEMENT_3D('',#20127,#16407,#16408);
#13187=AXIS2_PLACEMENT_3D('',#20128,#16409,#16410);
#13188=AXIS2_PLACEMENT_3D('',#20131,#16413,#16414);
#13189=AXIS2_PLACEMENT_3D('',#20133,#16416,#16417);
#13190=AXIS2_PLACEMENT_3D('',#20135,#16419,#16420);
#13191=AXIS2_PLACEMENT_3D('',#20137,#16422,#16423);
#13192=AXIS2_PLACEMENT_3D('',#20139,#16425,#16426);
#13193=AXIS2_PLACEMENT_3D('',#20141,#16428,#16429);
#13194=AXIS2_PLACEMENT_3D('',#20143,#16431,#16432);
#13195=AXIS2_PLACEMENT_3D('',#20144,#16433,#16434);
#13196=AXIS2_PLACEMENT_3D('',#20147,#16437,#16438);
#13197=AXIS2_PLACEMENT_3D('',#20149,#16440,#16441);
#13198=AXIS2_PLACEMENT_3D('',#20151,#16443,#16444);
#13199=AXIS2_PLACEMENT_3D('',#20153,#16446,#16447);
#13200=AXIS2_PLACEMENT_3D('',#20155,#16449,#16450);
#13201=AXIS2_PLACEMENT_3D('',#20157,#16452,#16453);
#13202=AXIS2_PLACEMENT_3D('',#20159,#16455,#16456);
#13203=AXIS2_PLACEMENT_3D('',#20160,#16457,#16458);
#13204=AXIS2_PLACEMENT_3D('',#20163,#16461,#16462);
#13205=AXIS2_PLACEMENT_3D('',#20165,#16464,#16465);
#13206=AXIS2_PLACEMENT_3D('',#20167,#16467,#16468);
#13207=AXIS2_PLACEMENT_3D('',#20169,#16470,#16471);
#13208=AXIS2_PLACEMENT_3D('',#20171,#16473,#16474);
#13209=AXIS2_PLACEMENT_3D('',#20173,#16476,#16477);
#13210=AXIS2_PLACEMENT_3D('',#20175,#16479,#16480);
#13211=AXIS2_PLACEMENT_3D('',#20176,#16481,#16482);
#13212=AXIS2_PLACEMENT_3D('',#20179,#16485,#16486);
#13213=AXIS2_PLACEMENT_3D('',#20181,#16488,#16489);
#13214=AXIS2_PLACEMENT_3D('',#20183,#16491,#16492);
#13215=AXIS2_PLACEMENT_3D('',#20185,#16494,#16495);
#13216=AXIS2_PLACEMENT_3D('',#20187,#16497,#16498);
#13217=AXIS2_PLACEMENT_3D('',#20189,#16500,#16501);
#13218=AXIS2_PLACEMENT_3D('',#20191,#16503,#16504);
#13219=AXIS2_PLACEMENT_3D('',#20192,#16505,#16506);
#13220=AXIS2_PLACEMENT_3D('',#20195,#16509,#16510);
#13221=AXIS2_PLACEMENT_3D('',#20197,#16512,#16513);
#13222=AXIS2_PLACEMENT_3D('',#20199,#16515,#16516);
#13223=AXIS2_PLACEMENT_3D('',#20201,#16518,#16519);
#13224=AXIS2_PLACEMENT_3D('',#20203,#16521,#16522);
#13225=AXIS2_PLACEMENT_3D('',#20205,#16524,#16525);
#13226=AXIS2_PLACEMENT_3D('',#20207,#16527,#16528);
#13227=AXIS2_PLACEMENT_3D('',#20208,#16529,#16530);
#13228=AXIS2_PLACEMENT_3D('',#20211,#16533,#16534);
#13229=AXIS2_PLACEMENT_3D('',#20213,#16536,#16537);
#13230=AXIS2_PLACEMENT_3D('',#20215,#16539,#16540);
#13231=AXIS2_PLACEMENT_3D('',#20217,#16542,#16543);
#13232=AXIS2_PLACEMENT_3D('',#20219,#16545,#16546);
#13233=AXIS2_PLACEMENT_3D('',#20221,#16548,#16549);
#13234=AXIS2_PLACEMENT_3D('',#20223,#16551,#16552);
#13235=AXIS2_PLACEMENT_3D('',#20224,#16553,#16554);
#13236=AXIS2_PLACEMENT_3D('',#20227,#16557,#16558);
#13237=AXIS2_PLACEMENT_3D('',#20229,#16560,#16561);
#13238=AXIS2_PLACEMENT_3D('',#20231,#16563,#16564);
#13239=AXIS2_PLACEMENT_3D('',#20233,#16566,#16567);
#13240=AXIS2_PLACEMENT_3D('',#20235,#16569,#16570);
#13241=AXIS2_PLACEMENT_3D('',#20237,#16572,#16573);
#13242=AXIS2_PLACEMENT_3D('',#20239,#16575,#16576);
#13243=AXIS2_PLACEMENT_3D('',#20240,#16577,#16578);
#13244=AXIS2_PLACEMENT_3D('',#20243,#16581,#16582);
#13245=AXIS2_PLACEMENT_3D('',#20245,#16584,#16585);
#13246=AXIS2_PLACEMENT_3D('',#20247,#16587,#16588);
#13247=AXIS2_PLACEMENT_3D('',#20249,#16590,#16591);
#13248=AXIS2_PLACEMENT_3D('',#20251,#16593,#16594);
#13249=AXIS2_PLACEMENT_3D('',#20253,#16596,#16597);
#13250=AXIS2_PLACEMENT_3D('',#20255,#16599,#16600);
#13251=AXIS2_PLACEMENT_3D('',#20256,#16601,#16602);
#13252=AXIS2_PLACEMENT_3D('',#20259,#16605,#16606);
#13253=AXIS2_PLACEMENT_3D('',#20261,#16608,#16609);
#13254=AXIS2_PLACEMENT_3D('',#20263,#16611,#16612);
#13255=AXIS2_PLACEMENT_3D('',#20265,#16614,#16615);
#13256=AXIS2_PLACEMENT_3D('',#20267,#16617,#16618);
#13257=AXIS2_PLACEMENT_3D('',#20269,#16620,#16621);
#13258=AXIS2_PLACEMENT_3D('',#20271,#16623,#16624);
#13259=AXIS2_PLACEMENT_3D('',#20272,#16625,#16626);
#13260=AXIS2_PLACEMENT_3D('',#20275,#16629,#16630);
#13261=AXIS2_PLACEMENT_3D('',#20277,#16632,#16633);
#13262=AXIS2_PLACEMENT_3D('',#20279,#16635,#16636);
#13263=AXIS2_PLACEMENT_3D('',#20281,#16638,#16639);
#13264=AXIS2_PLACEMENT_3D('',#20283,#16641,#16642);
#13265=AXIS2_PLACEMENT_3D('',#20285,#16644,#16645);
#13266=AXIS2_PLACEMENT_3D('',#20287,#16647,#16648);
#13267=AXIS2_PLACEMENT_3D('',#20288,#16649,#16650);
#13268=AXIS2_PLACEMENT_3D('',#20291,#16653,#16654);
#13269=AXIS2_PLACEMENT_3D('',#20293,#16656,#16657);
#13270=AXIS2_PLACEMENT_3D('',#20295,#16659,#16660);
#13271=AXIS2_PLACEMENT_3D('',#20297,#16662,#16663);
#13272=AXIS2_PLACEMENT_3D('',#20299,#16665,#16666);
#13273=AXIS2_PLACEMENT_3D('',#20301,#16668,#16669);
#13274=AXIS2_PLACEMENT_3D('',#20303,#16671,#16672);
#13275=AXIS2_PLACEMENT_3D('',#20304,#16673,#16674);
#13276=AXIS2_PLACEMENT_3D('',#20307,#16677,#16678);
#13277=AXIS2_PLACEMENT_3D('',#20309,#16680,#16681);
#13278=AXIS2_PLACEMENT_3D('',#20311,#16683,#16684);
#13279=AXIS2_PLACEMENT_3D('',#20313,#16686,#16687);
#13280=AXIS2_PLACEMENT_3D('',#20315,#16689,#16690);
#13281=AXIS2_PLACEMENT_3D('',#20317,#16692,#16693);
#13282=AXIS2_PLACEMENT_3D('',#20319,#16695,#16696);
#13283=AXIS2_PLACEMENT_3D('',#20320,#16697,#16698);
#13284=AXIS2_PLACEMENT_3D('',#20323,#16701,#16702);
#13285=AXIS2_PLACEMENT_3D('',#20325,#16704,#16705);
#13286=AXIS2_PLACEMENT_3D('',#20327,#16707,#16708);
#13287=AXIS2_PLACEMENT_3D('',#20329,#16710,#16711);
#13288=AXIS2_PLACEMENT_3D('',#20331,#16713,#16714);
#13289=AXIS2_PLACEMENT_3D('',#20333,#16716,#16717);
#13290=AXIS2_PLACEMENT_3D('',#20335,#16719,#16720);
#13291=AXIS2_PLACEMENT_3D('',#20336,#16721,#16722);
#13292=AXIS2_PLACEMENT_3D('',#20339,#16725,#16726);
#13293=AXIS2_PLACEMENT_3D('',#20341,#16728,#16729);
#13294=AXIS2_PLACEMENT_3D('',#20343,#16731,#16732);
#13295=AXIS2_PLACEMENT_3D('',#20345,#16734,#16735);
#13296=AXIS2_PLACEMENT_3D('',#20347,#16737,#16738);
#13297=AXIS2_PLACEMENT_3D('',#20349,#16740,#16741);
#13298=AXIS2_PLACEMENT_3D('',#20351,#16743,#16744);
#13299=AXIS2_PLACEMENT_3D('',#20352,#16745,#16746);
#13300=AXIS2_PLACEMENT_3D('',#20355,#16749,#16750);
#13301=AXIS2_PLACEMENT_3D('',#20357,#16752,#16753);
#13302=AXIS2_PLACEMENT_3D('',#20359,#16755,#16756);
#13303=AXIS2_PLACEMENT_3D('',#20361,#16758,#16759);
#13304=AXIS2_PLACEMENT_3D('',#20363,#16761,#16762);
#13305=AXIS2_PLACEMENT_3D('',#20365,#16764,#16765);
#13306=AXIS2_PLACEMENT_3D('',#20367,#16767,#16768);
#13307=AXIS2_PLACEMENT_3D('',#20368,#16769,#16770);
#13308=AXIS2_PLACEMENT_3D('',#20371,#16773,#16774);
#13309=AXIS2_PLACEMENT_3D('',#20373,#16776,#16777);
#13310=AXIS2_PLACEMENT_3D('',#20375,#16779,#16780);
#13311=AXIS2_PLACEMENT_3D('',#20377,#16782,#16783);
#13312=AXIS2_PLACEMENT_3D('',#20379,#16785,#16786);
#13313=AXIS2_PLACEMENT_3D('',#20381,#16788,#16789);
#13314=AXIS2_PLACEMENT_3D('',#20383,#16791,#16792);
#13315=AXIS2_PLACEMENT_3D('',#20384,#16793,#16794);
#13316=AXIS2_PLACEMENT_3D('',#20387,#16797,#16798);
#13317=AXIS2_PLACEMENT_3D('',#20389,#16800,#16801);
#13318=AXIS2_PLACEMENT_3D('',#20391,#16803,#16804);
#13319=AXIS2_PLACEMENT_3D('',#20393,#16806,#16807);
#13320=AXIS2_PLACEMENT_3D('',#20395,#16809,#16810);
#13321=AXIS2_PLACEMENT_3D('',#20397,#16812,#16813);
#13322=AXIS2_PLACEMENT_3D('',#20399,#16815,#16816);
#13323=AXIS2_PLACEMENT_3D('',#20400,#16817,#16818);
#13324=AXIS2_PLACEMENT_3D('',#20403,#16821,#16822);
#13325=AXIS2_PLACEMENT_3D('',#20405,#16824,#16825);
#13326=AXIS2_PLACEMENT_3D('',#20407,#16827,#16828);
#13327=AXIS2_PLACEMENT_3D('',#20409,#16830,#16831);
#13328=AXIS2_PLACEMENT_3D('',#20411,#16833,#16834);
#13329=AXIS2_PLACEMENT_3D('',#20413,#16836,#16837);
#13330=AXIS2_PLACEMENT_3D('',#20415,#16839,#16840);
#13331=AXIS2_PLACEMENT_3D('',#20416,#16841,#16842);
#13332=AXIS2_PLACEMENT_3D('',#20419,#16845,#16846);
#13333=AXIS2_PLACEMENT_3D('',#20421,#16848,#16849);
#13334=AXIS2_PLACEMENT_3D('',#20423,#16851,#16852);
#13335=AXIS2_PLACEMENT_3D('',#20425,#16854,#16855);
#13336=AXIS2_PLACEMENT_3D('',#20427,#16857,#16858);
#13337=AXIS2_PLACEMENT_3D('',#20429,#16860,#16861);
#13338=AXIS2_PLACEMENT_3D('',#20431,#16863,#16864);
#13339=AXIS2_PLACEMENT_3D('',#20432,#16865,#16866);
#13340=AXIS2_PLACEMENT_3D('',#20433,#16867,#16868);
#13341=AXIS2_PLACEMENT_3D('',#20434,#16869,#16870);
#13342=AXIS2_PLACEMENT_3D('',#20435,#16871,#16872);
#13343=AXIS2_PLACEMENT_3D('',#20436,#16873,#16874);
#13344=AXIS2_PLACEMENT_3D('',#20439,#16877,#16878);
#13345=AXIS2_PLACEMENT_3D('',#20441,#16880,#16881);
#13346=AXIS2_PLACEMENT_3D('',#20443,#16883,#16884);
#13347=AXIS2_PLACEMENT_3D('',#20444,#16885,#16886);
#13348=AXIS2_PLACEMENT_3D('',#20447,#16889,#16890);
#13349=AXIS2_PLACEMENT_3D('',#20449,#16892,#16893);
#13350=AXIS2_PLACEMENT_3D('',#20451,#16895,#16896);
#13351=AXIS2_PLACEMENT_3D('',#20453,#16898,#16899);
#13352=AXIS2_PLACEMENT_3D('',#20455,#16901,#16902);
#13353=AXIS2_PLACEMENT_3D('',#20457,#16904,#16905);
#13354=AXIS2_PLACEMENT_3D('',#20459,#16907,#16908);
#13355=DIRECTION('',(0.,0.,1.));
#13356=DIRECTION('',(1.,0.,0.));
#13357=DIRECTION('',(0.,0.,1.));
#13358=DIRECTION('',(1.,0.,0.));
#13359=DIRECTION('',(1.,0.,0.));
#13360=DIRECTION('',(0.,0.,1.));
#13361=DIRECTION('',(1.,0.,0.));
#13362=DIRECTION('',(0.,-1.,0.));
#13363=DIRECTION('',(0.,0.,1.));
#13364=DIRECTION('',(1.,0.,0.));
#13365=DIRECTION('',(1.,0.,0.));
#13366=DIRECTION('',(0.,0.,1.));
#13367=DIRECTION('',(1.,0.,0.));
#13368=DIRECTION('',(0.,-1.,0.));
#13369=DIRECTION('',(0.,0.,1.));
#13370=DIRECTION('',(1.,0.,0.));
#13371=DIRECTION('',(0.,0.,1.));
#13372=DIRECTION('',(1.,0.,0.));
#13373=DIRECTION('',(0.,0.,1.));
#13374=DIRECTION('',(1.,0.,0.));
#13375=DIRECTION('',(0.,0.,1.));
#13376=DIRECTION('',(1.,0.,0.));
#13377=DIRECTION('',(0.,0.,1.));
#13378=DIRECTION('',(1.,0.,0.));
#13379=DIRECTION('',(1.,0.,0.));
#13380=DIRECTION('',(0.,0.,1.));
#13381=DIRECTION('',(1.,0.,0.));
#13382=DIRECTION('',(0.,-1.,0.));
#13383=DIRECTION('',(0.,0.,1.));
#13384=DIRECTION('',(1.,0.,0.));
#13385=DIRECTION('',(1.,0.,0.));
#13386=DIRECTION('',(0.,0.,1.));
#13387=DIRECTION('',(1.,0.,0.));
#13388=DIRECTION('',(0.,-1.,0.));
#13389=DIRECTION('',(0.,0.,1.));
#13390=DIRECTION('',(1.,0.,0.));
#13391=DIRECTION('',(1.,0.,0.));
#13392=DIRECTION('',(0.,0.,1.));
#13393=DIRECTION('',(1.,0.,0.));
#13394=DIRECTION('',(0.,-1.,0.));
#13395=DIRECTION('',(0.,0.,1.));
#13396=DIRECTION('',(1.,0.,0.));
#13397=DIRECTION('',(1.,0.,0.));
#13398=DIRECTION('',(0.,0.,1.));
#13399=DIRECTION('',(1.,0.,0.));
#13400=DIRECTION('',(0.,-1.,0.));
#13401=DIRECTION('',(0.,0.,1.));
#13402=DIRECTION('',(1.,0.,0.));
#13403=DIRECTION('',(1.,0.,0.));
#13404=DIRECTION('',(0.,0.,1.));
#13405=DIRECTION('',(1.,0.,0.));
#13406=DIRECTION('',(0.,-1.,0.));
#13407=DIRECTION('',(0.,0.,1.));
#13408=DIRECTION('',(1.,0.,0.));
#13409=DIRECTION('',(1.,0.,0.));
#13410=DIRECTION('',(0.,0.,1.));
#13411=DIRECTION('',(1.,0.,0.));
#13412=DIRECTION('',(0.,-1.,0.));
#13413=DIRECTION('',(0.,0.,1.));
#13414=DIRECTION('',(1.,0.,0.));
#13415=DIRECTION('',(1.,0.,0.));
#13416=DIRECTION('',(0.,0.,1.));
#13417=DIRECTION('',(1.,0.,0.));
#13418=DIRECTION('',(0.,-1.,0.));
#13419=DIRECTION('',(0.,0.,1.));
#13420=DIRECTION('',(1.,0.,0.));
#13421=DIRECTION('',(1.,0.,0.));
#13422=DIRECTION('',(0.,0.,1.));
#13423=DIRECTION('',(1.,0.,0.));
#13424=DIRECTION('',(0.,-1.,0.));
#13425=DIRECTION('',(0.,0.,1.));
#13426=DIRECTION('',(1.,0.,0.));
#13427=DIRECTION('',(1.,0.,0.));
#13428=DIRECTION('',(0.,0.,1.));
#13429=DIRECTION('',(1.,0.,0.));
#13430=DIRECTION('',(0.,-1.,0.));
#13431=DIRECTION('',(0.,0.,1.));
#13432=DIRECTION('',(1.,0.,0.));
#13433=DIRECTION('',(1.,0.,0.));
#13434=DIRECTION('',(0.,0.,1.));
#13435=DIRECTION('',(1.,0.,0.));
#13436=DIRECTION('',(0.,-1.,0.));
#13437=DIRECTION('',(0.,0.,1.));
#13438=DIRECTION('',(1.,0.,0.));
#13439=DIRECTION('',(1.,0.,0.));
#13440=DIRECTION('',(0.,0.,1.));
#13441=DIRECTION('',(1.,0.,0.));
#13442=DIRECTION('',(0.,-1.,0.));
#13443=DIRECTION('',(0.,0.,1.));
#13444=DIRECTION('',(1.,0.,0.));
#13445=DIRECTION('',(1.,0.,0.));
#13446=DIRECTION('',(0.,0.,1.));
#13447=DIRECTION('',(1.,0.,0.));
#13448=DIRECTION('',(0.,-1.,0.));
#13449=DIRECTION('',(0.,0.,1.));
#13450=DIRECTION('',(1.,0.,0.));
#13451=DIRECTION('',(1.,0.,0.));
#13452=DIRECTION('',(0.,0.,1.));
#13453=DIRECTION('',(1.,0.,0.));
#13454=DIRECTION('',(0.,-1.,0.));
#13455=DIRECTION('',(0.,0.,1.));
#13456=DIRECTION('',(1.,0.,0.));
#13457=DIRECTION('',(1.,0.,0.));
#13458=DIRECTION('',(0.,0.,1.));
#13459=DIRECTION('',(1.,0.,0.));
#13460=DIRECTION('',(0.,-1.,0.));
#13461=DIRECTION('',(0.,0.,1.));
#13462=DIRECTION('',(1.,0.,0.));
#13463=DIRECTION('',(1.,0.,0.));
#13464=DIRECTION('',(0.,0.,1.));
#13465=DIRECTION('',(1.,0.,0.));
#13466=DIRECTION('',(0.,-1.,0.));
#13467=DIRECTION('',(0.,0.,1.));
#13468=DIRECTION('',(1.,0.,0.));
#13469=DIRECTION('',(1.,0.,0.));
#13470=DIRECTION('',(0.,0.,1.));
#13471=DIRECTION('',(1.,0.,0.));
#13472=DIRECTION('',(0.,-1.,0.));
#13473=DIRECTION('',(0.,0.,1.));
#13474=DIRECTION('',(1.,0.,0.));
#13475=DIRECTION('',(1.,0.,0.));
#13476=DIRECTION('',(0.,0.,1.));
#13477=DIRECTION('',(1.,0.,0.));
#13478=DIRECTION('',(0.,-1.,0.));
#13479=DIRECTION('',(0.,0.,1.));
#13480=DIRECTION('',(1.,0.,0.));
#13481=DIRECTION('',(1.,0.,0.));
#13482=DIRECTION('',(0.,0.,1.));
#13483=DIRECTION('',(1.,0.,0.));
#13484=DIRECTION('',(0.,-1.,0.));
#13485=DIRECTION('',(0.,0.,1.));
#13486=DIRECTION('',(1.,0.,0.));
#13487=DIRECTION('',(1.,0.,0.));
#13488=DIRECTION('',(0.,0.,1.));
#13489=DIRECTION('',(1.,0.,0.));
#13490=DIRECTION('',(0.,-1.,0.));
#13491=DIRECTION('',(0.,0.,1.));
#13492=DIRECTION('',(1.,0.,0.));
#13493=DIRECTION('',(1.,0.,0.));
#13494=DIRECTION('',(0.,0.,1.));
#13495=DIRECTION('',(1.,0.,0.));
#13496=DIRECTION('',(0.,-1.,0.));
#13497=DIRECTION('',(0.,0.,1.));
#13498=DIRECTION('',(1.,0.,0.));
#13499=DIRECTION('',(1.,0.,0.));
#13500=DIRECTION('',(0.,0.,1.));
#13501=DIRECTION('',(1.,0.,0.));
#13502=DIRECTION('',(0.,-1.,0.));
#13503=DIRECTION('',(0.,0.,1.));
#13504=DIRECTION('',(1.,0.,0.));
#13505=DIRECTION('',(1.,0.,0.));
#13506=DIRECTION('',(0.,0.,1.));
#13507=DIRECTION('',(1.,0.,0.));
#13508=DIRECTION('',(0.,-1.,0.));
#13509=DIRECTION('',(0.,0.,1.));
#13510=DIRECTION('',(1.,0.,0.));
#13511=DIRECTION('',(1.,0.,0.));
#13512=DIRECTION('',(0.,0.,1.));
#13513=DIRECTION('',(1.,0.,0.));
#13514=DIRECTION('',(0.,-1.,0.));
#13515=DIRECTION('',(0.,0.,1.));
#13516=DIRECTION('',(1.,0.,0.));
#13517=DIRECTION('',(1.,0.,0.));
#13518=DIRECTION('',(0.,0.,1.));
#13519=DIRECTION('',(1.,0.,0.));
#13520=DIRECTION('',(0.,-1.,0.));
#13521=DIRECTION('',(0.,0.,1.));
#13522=DIRECTION('',(1.,0.,0.));
#13523=DIRECTION('',(1.,0.,0.));
#13524=DIRECTION('',(0.,0.,1.));
#13525=DIRECTION('',(1.,0.,0.));
#13526=DIRECTION('',(0.,-1.,0.));
#13527=DIRECTION('',(0.,0.,1.));
#13528=DIRECTION('',(1.,0.,0.));
#13529=DIRECTION('',(1.,0.,0.));
#13530=DIRECTION('',(0.,0.,1.));
#13531=DIRECTION('',(1.,0.,0.));
#13532=DIRECTION('',(0.,-1.,0.));
#13533=DIRECTION('',(0.,0.,1.));
#13534=DIRECTION('',(1.,0.,0.));
#13535=DIRECTION('',(1.,0.,0.));
#13536=DIRECTION('',(0.,0.,1.));
#13537=DIRECTION('',(1.,0.,0.));
#13538=DIRECTION('',(0.,-1.,0.));
#13539=DIRECTION('',(0.,0.,1.));
#13540=DIRECTION('',(1.,0.,0.));
#13541=DIRECTION('',(1.,0.,0.));
#13542=DIRECTION('',(0.,0.,1.));
#13543=DIRECTION('',(1.,0.,0.));
#13544=DIRECTION('',(0.,-1.,0.));
#13545=DIRECTION('',(0.,0.,1.));
#13546=DIRECTION('',(1.,0.,0.));
#13547=DIRECTION('',(1.,0.,0.));
#13548=DIRECTION('',(0.,0.,1.));
#13549=DIRECTION('',(1.,0.,0.));
#13550=DIRECTION('',(0.,-1.,0.));
#13551=DIRECTION('',(0.,0.,1.));
#13552=DIRECTION('',(1.,0.,0.));
#13553=DIRECTION('',(1.,0.,0.));
#13554=DIRECTION('',(0.,0.,1.));
#13555=DIRECTION('',(1.,0.,0.));
#13556=DIRECTION('',(0.,-1.,0.));
#13557=DIRECTION('',(0.,0.,1.));
#13558=DIRECTION('',(1.,0.,0.));
#13559=DIRECTION('',(1.,0.,0.));
#13560=DIRECTION('',(0.,0.,1.));
#13561=DIRECTION('',(1.,0.,0.));
#13562=DIRECTION('',(0.,-1.,0.));
#13563=DIRECTION('',(0.,0.,1.));
#13564=DIRECTION('',(1.,0.,0.));
#13565=DIRECTION('',(1.,0.,0.));
#13566=DIRECTION('',(0.,0.,1.));
#13567=DIRECTION('',(1.,0.,0.));
#13568=DIRECTION('',(0.,-1.,0.));
#13569=DIRECTION('',(0.,0.,1.));
#13570=DIRECTION('',(1.,0.,0.));
#13571=DIRECTION('',(1.,0.,0.));
#13572=DIRECTION('',(0.,0.,1.));
#13573=DIRECTION('',(1.,0.,0.));
#13574=DIRECTION('',(0.,-1.,0.));
#13575=DIRECTION('',(0.,0.,1.));
#13576=DIRECTION('',(1.,0.,0.));
#13577=DIRECTION('',(1.,0.,0.));
#13578=DIRECTION('',(0.,0.,1.));
#13579=DIRECTION('',(1.,0.,0.));
#13580=DIRECTION('',(0.,-1.,0.));
#13581=DIRECTION('',(0.,0.,1.));
#13582=DIRECTION('',(1.,0.,0.));
#13583=DIRECTION('',(1.,0.,0.));
#13584=DIRECTION('',(0.,0.,1.));
#13585=DIRECTION('',(1.,0.,0.));
#13586=DIRECTION('',(0.,-1.,0.));
#13587=DIRECTION('',(0.,0.,1.));
#13588=DIRECTION('',(1.,0.,0.));
#13589=DIRECTION('',(1.,0.,0.));
#13590=DIRECTION('',(0.,0.,1.));
#13591=DIRECTION('',(1.,0.,0.));
#13592=DIRECTION('',(0.,-1.,0.));
#13593=DIRECTION('',(0.,0.,1.));
#13594=DIRECTION('',(1.,0.,0.));
#13595=DIRECTION('',(1.,0.,0.));
#13596=DIRECTION('',(0.,0.,1.));
#13597=DIRECTION('',(1.,0.,0.));
#13598=DIRECTION('',(0.,-1.,0.));
#13599=DIRECTION('',(0.,0.,1.));
#13600=DIRECTION('',(1.,0.,0.));
#13601=DIRECTION('',(1.,0.,0.));
#13602=DIRECTION('',(0.,0.,1.));
#13603=DIRECTION('',(1.,0.,0.));
#13604=DIRECTION('',(0.,-1.,0.));
#13605=DIRECTION('',(0.,0.,1.));
#13606=DIRECTION('',(1.,0.,0.));
#13607=DIRECTION('',(1.,0.,0.));
#13608=DIRECTION('',(0.,0.,1.));
#13609=DIRECTION('',(1.,0.,0.));
#13610=DIRECTION('',(0.,-1.,0.));
#13611=DIRECTION('',(0.,0.,1.));
#13612=DIRECTION('',(1.,0.,0.));
#13613=DIRECTION('',(1.,0.,0.));
#13614=DIRECTION('',(0.,0.,1.));
#13615=DIRECTION('',(1.,0.,0.));
#13616=DIRECTION('',(0.,-1.,0.));
#13617=DIRECTION('',(0.,0.,1.));
#13618=DIRECTION('',(1.,0.,0.));
#13619=DIRECTION('',(1.,0.,0.));
#13620=DIRECTION('',(0.,0.,1.));
#13621=DIRECTION('',(1.,0.,0.));
#13622=DIRECTION('',(0.,-1.,0.));
#13623=DIRECTION('',(0.,0.,1.));
#13624=DIRECTION('',(1.,0.,0.));
#13625=DIRECTION('',(1.,0.,0.));
#13626=DIRECTION('',(0.,0.,1.));
#13627=DIRECTION('',(1.,0.,0.));
#13628=DIRECTION('',(0.,-1.,0.));
#13629=DIRECTION('',(0.,0.,1.));
#13630=DIRECTION('',(1.,0.,0.));
#13631=DIRECTION('',(1.,0.,0.));
#13632=DIRECTION('',(0.,0.,1.));
#13633=DIRECTION('',(1.,0.,0.));
#13634=DIRECTION('',(0.,-1.,0.));
#13635=DIRECTION('',(0.,0.,1.));
#13636=DIRECTION('',(1.,0.,0.));
#13637=DIRECTION('',(1.,0.,0.));
#13638=DIRECTION('',(0.,0.,1.));
#13639=DIRECTION('',(1.,0.,0.));
#13640=DIRECTION('',(0.,-1.,0.));
#13641=DIRECTION('',(0.,0.,1.));
#13642=DIRECTION('',(1.,0.,0.));
#13643=DIRECTION('',(1.,0.,0.));
#13644=DIRECTION('',(0.,0.,1.));
#13645=DIRECTION('',(1.,0.,0.));
#13646=DIRECTION('',(0.,-1.,0.));
#13647=DIRECTION('',(0.,0.,1.));
#13648=DIRECTION('',(1.,0.,0.));
#13649=DIRECTION('',(1.,0.,0.));
#13650=DIRECTION('',(0.,0.,1.));
#13651=DIRECTION('',(1.,0.,0.));
#13652=DIRECTION('',(0.,-1.,0.));
#13653=DIRECTION('',(0.,0.,1.));
#13654=DIRECTION('',(1.,0.,0.));
#13655=DIRECTION('',(1.,0.,0.));
#13656=DIRECTION('',(0.,0.,1.));
#13657=DIRECTION('',(1.,0.,0.));
#13658=DIRECTION('',(0.,-1.,0.));
#13659=DIRECTION('',(0.,0.,1.));
#13660=DIRECTION('',(1.,0.,0.));
#13661=DIRECTION('',(1.,0.,0.));
#13662=DIRECTION('',(0.,0.,1.));
#13663=DIRECTION('',(1.,0.,0.));
#13664=DIRECTION('',(0.,-1.,0.));
#13665=DIRECTION('',(0.,0.,1.));
#13666=DIRECTION('',(1.,0.,0.));
#13667=DIRECTION('',(1.,0.,0.));
#13668=DIRECTION('',(0.,0.,1.));
#13669=DIRECTION('',(1.,0.,0.));
#13670=DIRECTION('',(0.,-1.,0.));
#13671=DIRECTION('',(0.,0.,1.));
#13672=DIRECTION('',(1.,0.,0.));
#13673=DIRECTION('',(1.,0.,0.));
#13674=DIRECTION('',(0.,0.,1.));
#13675=DIRECTION('',(1.,0.,0.));
#13676=DIRECTION('',(0.,-1.,0.));
#13677=DIRECTION('',(0.,0.,1.));
#13678=DIRECTION('',(1.,0.,0.));
#13679=DIRECTION('',(1.,0.,0.));
#13680=DIRECTION('',(0.,0.,1.));
#13681=DIRECTION('',(1.,0.,0.));
#13682=DIRECTION('',(0.,-1.,0.));
#13683=DIRECTION('',(0.,0.,1.));
#13684=DIRECTION('',(1.,0.,0.));
#13685=DIRECTION('',(1.,0.,0.));
#13686=DIRECTION('',(0.,0.,1.));
#13687=DIRECTION('',(1.,0.,0.));
#13688=DIRECTION('',(0.,-1.,0.));
#13689=DIRECTION('',(0.,0.,1.));
#13690=DIRECTION('',(1.,0.,0.));
#13691=DIRECTION('',(1.,0.,0.));
#13692=DIRECTION('',(0.,0.,1.));
#13693=DIRECTION('',(1.,0.,0.));
#13694=DIRECTION('',(0.,-1.,0.));
#13695=DIRECTION('',(0.,0.,1.));
#13696=DIRECTION('',(1.,0.,0.));
#13697=DIRECTION('',(1.,0.,0.));
#13698=DIRECTION('',(0.,0.,1.));
#13699=DIRECTION('',(1.,0.,0.));
#13700=DIRECTION('',(0.,-1.,0.));
#13701=DIRECTION('',(0.,0.,1.));
#13702=DIRECTION('',(1.,0.,0.));
#13703=DIRECTION('',(1.,0.,0.));
#13704=DIRECTION('',(0.,0.,1.));
#13705=DIRECTION('',(1.,0.,0.));
#13706=DIRECTION('',(0.,-1.,0.));
#13707=DIRECTION('',(0.,0.,1.));
#13708=DIRECTION('',(1.,0.,0.));
#13709=DIRECTION('',(1.,0.,0.));
#13710=DIRECTION('',(0.,0.,1.));
#13711=DIRECTION('',(1.,0.,0.));
#13712=DIRECTION('',(0.,-1.,0.));
#13713=DIRECTION('',(0.,0.,1.));
#13714=DIRECTION('',(1.,0.,0.));
#13715=DIRECTION('',(1.,0.,0.));
#13716=DIRECTION('',(0.,0.,1.));
#13717=DIRECTION('',(1.,0.,0.));
#13718=DIRECTION('',(0.,-1.,0.));
#13719=DIRECTION('',(0.,0.,1.));
#13720=DIRECTION('',(1.,0.,0.));
#13721=DIRECTION('',(1.,0.,0.));
#13722=DIRECTION('',(0.,0.,1.));
#13723=DIRECTION('',(1.,0.,0.));
#13724=DIRECTION('',(0.,-1.,0.));
#13725=DIRECTION('',(0.,0.,1.));
#13726=DIRECTION('',(1.,0.,0.));
#13727=DIRECTION('',(1.,0.,0.));
#13728=DIRECTION('',(0.,0.,1.));
#13729=DIRECTION('',(1.,0.,0.));
#13730=DIRECTION('',(0.,-1.,0.));
#13731=DIRECTION('',(0.,0.,1.));
#13732=DIRECTION('',(1.,0.,0.));
#13733=DIRECTION('',(1.,0.,0.));
#13734=DIRECTION('',(0.,0.,1.));
#13735=DIRECTION('',(1.,0.,0.));
#13736=DIRECTION('',(0.,-1.,0.));
#13737=DIRECTION('',(0.,0.,1.));
#13738=DIRECTION('',(1.,0.,0.));
#13739=DIRECTION('',(1.,0.,0.));
#13740=DIRECTION('',(0.,0.,1.));
#13741=DIRECTION('',(1.,0.,0.));
#13742=DIRECTION('',(0.,-1.,0.));
#13743=DIRECTION('',(0.,0.,1.));
#13744=DIRECTION('',(1.,0.,0.));
#13745=DIRECTION('',(1.,0.,0.));
#13746=DIRECTION('',(0.,0.,1.));
#13747=DIRECTION('',(1.,0.,0.));
#13748=DIRECTION('',(0.,-1.,0.));
#13749=DIRECTION('',(0.,0.,1.));
#13750=DIRECTION('',(1.,0.,0.));
#13751=DIRECTION('',(1.,0.,0.));
#13752=DIRECTION('',(0.,0.,1.));
#13753=DIRECTION('',(1.,0.,0.));
#13754=DIRECTION('',(0.,-1.,0.));
#13755=DIRECTION('',(0.,0.,1.));
#13756=DIRECTION('',(1.,0.,0.));
#13757=DIRECTION('',(1.,0.,0.));
#13758=DIRECTION('',(0.,0.,1.));
#13759=DIRECTION('',(1.,0.,0.));
#13760=DIRECTION('',(0.,-1.,0.));
#13761=DIRECTION('',(0.,0.,1.));
#13762=DIRECTION('',(1.,0.,0.));
#13763=DIRECTION('',(1.,0.,0.));
#13764=DIRECTION('',(0.,0.,1.));
#13765=DIRECTION('',(1.,0.,0.));
#13766=DIRECTION('',(0.,-1.,0.));
#13767=DIRECTION('',(0.,0.,1.));
#13768=DIRECTION('',(1.,0.,0.));
#13769=DIRECTION('',(1.,0.,0.));
#13770=DIRECTION('',(0.,0.,1.));
#13771=DIRECTION('',(1.,0.,0.));
#13772=DIRECTION('',(0.,-1.,0.));
#13773=DIRECTION('',(0.,0.,1.));
#13774=DIRECTION('',(1.,0.,0.));
#13775=DIRECTION('',(1.,0.,0.));
#13776=DIRECTION('',(0.,0.,1.));
#13777=DIRECTION('',(1.,0.,0.));
#13778=DIRECTION('',(0.,-1.,0.));
#13779=DIRECTION('',(0.,0.,1.));
#13780=DIRECTION('',(1.,0.,0.));
#13781=DIRECTION('',(1.,0.,0.));
#13782=DIRECTION('',(0.,0.,1.));
#13783=DIRECTION('',(1.,0.,0.));
#13784=DIRECTION('',(0.,-1.,0.));
#13785=DIRECTION('',(0.,0.,1.));
#13786=DIRECTION('',(1.,0.,0.));
#13787=DIRECTION('',(1.,0.,0.));
#13788=DIRECTION('',(0.,0.,1.));
#13789=DIRECTION('',(1.,0.,0.));
#13790=DIRECTION('',(0.,-1.,0.));
#13791=DIRECTION('',(0.,0.,1.));
#13792=DIRECTION('',(1.,0.,0.));
#13793=DIRECTION('',(1.,0.,0.));
#13794=DIRECTION('',(0.,0.,1.));
#13795=DIRECTION('',(1.,0.,0.));
#13796=DIRECTION('',(0.,-1.,0.));
#13797=DIRECTION('',(0.,0.,1.));
#13798=DIRECTION('',(1.,0.,0.));
#13799=DIRECTION('',(1.,0.,0.));
#13800=DIRECTION('',(0.,0.,1.));
#13801=DIRECTION('',(1.,0.,0.));
#13802=DIRECTION('',(0.,-1.,0.));
#13803=DIRECTION('',(0.,0.,1.));
#13804=DIRECTION('',(1.,0.,0.));
#13805=DIRECTION('',(1.,0.,0.));
#13806=DIRECTION('',(0.,0.,1.));
#13807=DIRECTION('',(1.,0.,0.));
#13808=DIRECTION('',(0.,-1.,0.));
#13809=DIRECTION('',(0.,0.,1.));
#13810=DIRECTION('',(1.,0.,0.));
#13811=DIRECTION('',(0.,-1.,0.));
#13812=DIRECTION('',(0.,0.,1.));
#13813=DIRECTION('',(1.,0.,0.));
#13814=DIRECTION('',(1.,0.,0.));
#13815=DIRECTION('',(0.,0.,1.));
#13816=DIRECTION('',(1.,0.,0.));
#13817=DIRECTION('',(5.55111512312578E-14,-1.,0.));
#13818=DIRECTION('',(0.,0.,1.));
#13819=DIRECTION('',(1.,0.,0.));
#13820=DIRECTION('',(1.,0.,0.));
#13821=DIRECTION('',(0.,0.,1.));
#13822=DIRECTION('',(1.,0.,0.));
#13823=DIRECTION('',(1.,0.,0.));
#13824=DIRECTION('',(0.,0.,1.));
#13825=DIRECTION('',(1.,0.,0.));
#13826=DIRECTION('',(0.,-1.,0.));
#13827=DIRECTION('',(0.,0.,1.));
#13828=DIRECTION('',(1.,0.,0.));
#13829=DIRECTION('',(1.,0.,0.));
#13830=DIRECTION('',(0.,0.,1.));
#13831=DIRECTION('',(1.,0.,0.));
#13832=DIRECTION('',(0.,-1.,0.));
#13833=DIRECTION('',(0.,0.,1.));
#13834=DIRECTION('',(1.,0.,0.));
#13835=DIRECTION('',(1.,0.,0.));
#13836=DIRECTION('',(0.,0.,1.));
#13837=DIRECTION('',(1.,0.,0.));
#13838=DIRECTION('',(0.,-1.,0.));
#13839=DIRECTION('',(0.,0.,1.));
#13840=DIRECTION('',(1.,0.,0.));
#13841=DIRECTION('',(1.,0.,0.));
#13842=DIRECTION('',(0.,0.,1.));
#13843=DIRECTION('',(1.,0.,0.));
#13844=DIRECTION('',(0.,-1.,0.));
#13845=DIRECTION('',(0.,0.,1.));
#13846=DIRECTION('',(1.,0.,0.));
#13847=DIRECTION('',(1.,0.,0.));
#13848=DIRECTION('',(0.,0.,1.));
#13849=DIRECTION('',(1.,0.,0.));
#13850=DIRECTION('',(0.,-1.,0.));
#13851=DIRECTION('',(0.,0.,1.));
#13852=DIRECTION('',(1.,0.,0.));
#13853=DIRECTION('',(1.,0.,0.));
#13854=DIRECTION('',(0.,0.,1.));
#13855=DIRECTION('',(1.,0.,0.));
#13856=DIRECTION('',(0.,-1.,0.));
#13857=DIRECTION('',(0.,0.,1.));
#13858=DIRECTION('',(1.,0.,0.));
#13859=DIRECTION('',(1.,0.,0.));
#13860=DIRECTION('',(0.,0.,1.));
#13861=DIRECTION('',(1.,0.,0.));
#13862=DIRECTION('',(0.,-1.,0.));
#13863=DIRECTION('',(0.,0.,1.));
#13864=DIRECTION('',(1.,0.,0.));
#13865=DIRECTION('',(1.,0.,0.));
#13866=DIRECTION('',(0.,0.,1.));
#13867=DIRECTION('',(1.,0.,0.));
#13868=DIRECTION('',(0.,-1.,0.));
#13869=DIRECTION('',(0.,0.,1.));
#13870=DIRECTION('',(1.,0.,0.));
#13871=DIRECTION('',(1.,0.,0.));
#13872=DIRECTION('',(0.,0.,1.));
#13873=DIRECTION('',(1.,0.,0.));
#13874=DIRECTION('',(0.,-1.,0.));
#13875=DIRECTION('',(0.,0.,1.));
#13876=DIRECTION('',(1.,0.,0.));
#13877=DIRECTION('',(1.,0.,0.));
#13878=DIRECTION('',(0.,0.,1.));
#13879=DIRECTION('',(1.,0.,0.));
#13880=DIRECTION('',(0.,-1.,0.));
#13881=DIRECTION('',(0.,0.,1.));
#13882=DIRECTION('',(1.,0.,0.));
#13883=DIRECTION('',(1.,0.,0.));
#13884=DIRECTION('',(0.,0.,1.));
#13885=DIRECTION('',(1.,0.,0.));
#13886=DIRECTION('',(0.,-1.,0.));
#13887=DIRECTION('',(0.,0.,1.));
#13888=DIRECTION('',(1.,0.,0.));
#13889=DIRECTION('',(1.,0.,0.));
#13890=DIRECTION('',(0.,0.,1.));
#13891=DIRECTION('',(1.,0.,0.));
#13892=DIRECTION('',(0.,-1.,0.));
#13893=DIRECTION('',(0.,0.,1.));
#13894=DIRECTION('',(1.,0.,0.));
#13895=DIRECTION('',(1.,0.,0.));
#13896=DIRECTION('',(0.,0.,1.));
#13897=DIRECTION('',(1.,0.,0.));
#13898=DIRECTION('',(0.,-1.,0.));
#13899=DIRECTION('',(0.,0.,1.));
#13900=DIRECTION('',(1.,0.,0.));
#13901=DIRECTION('',(1.,0.,0.));
#13902=DIRECTION('',(0.,0.,1.));
#13903=DIRECTION('',(1.,0.,0.));
#13904=DIRECTION('',(0.,-1.,0.));
#13905=DIRECTION('',(0.,0.,1.));
#13906=DIRECTION('',(1.,0.,0.));
#13907=DIRECTION('',(1.,0.,0.));
#13908=DIRECTION('',(0.,0.,1.));
#13909=DIRECTION('',(1.,0.,0.));
#13910=DIRECTION('',(0.,-1.,0.));
#13911=DIRECTION('',(0.,0.,1.));
#13912=DIRECTION('',(1.,0.,0.));
#13913=DIRECTION('',(1.,0.,0.));
#13914=DIRECTION('',(0.,0.,1.));
#13915=DIRECTION('',(1.,0.,0.));
#13916=DIRECTION('',(0.,-1.,0.));
#13917=DIRECTION('',(0.,0.,1.));
#13918=DIRECTION('',(1.,0.,0.));
#13919=DIRECTION('',(1.,0.,0.));
#13920=DIRECTION('',(0.,0.,1.));
#13921=DIRECTION('',(1.,0.,0.));
#13922=DIRECTION('',(0.,-1.,0.));
#13923=DIRECTION('',(0.,0.,1.));
#13924=DIRECTION('',(1.,0.,0.));
#13925=DIRECTION('',(1.,0.,0.));
#13926=DIRECTION('',(0.,0.,1.));
#13927=DIRECTION('',(1.,0.,0.));
#13928=DIRECTION('',(0.,-1.,0.));
#13929=DIRECTION('',(0.,0.,1.));
#13930=DIRECTION('',(1.,0.,0.));
#13931=DIRECTION('',(1.,0.,0.));
#13932=DIRECTION('',(0.,0.,1.));
#13933=DIRECTION('',(1.,0.,0.));
#13934=DIRECTION('',(0.,-1.,0.));
#13935=DIRECTION('',(0.,0.,1.));
#13936=DIRECTION('',(1.,0.,0.));
#13937=DIRECTION('',(1.,0.,0.));
#13938=DIRECTION('',(0.,0.,1.));
#13939=DIRECTION('',(1.,0.,0.));
#13940=DIRECTION('',(0.,-1.,0.));
#13941=DIRECTION('',(0.,0.,1.));
#13942=DIRECTION('',(1.,0.,0.));
#13943=DIRECTION('',(1.,0.,0.));
#13944=DIRECTION('',(0.,0.,1.));
#13945=DIRECTION('',(1.,0.,0.));
#13946=DIRECTION('',(0.,-1.,0.));
#13947=DIRECTION('',(0.,0.,1.));
#13948=DIRECTION('',(1.,0.,0.));
#13949=DIRECTION('',(1.,0.,0.));
#13950=DIRECTION('',(0.,0.,1.));
#13951=DIRECTION('',(1.,0.,0.));
#13952=DIRECTION('',(0.,-1.,0.));
#13953=DIRECTION('',(0.,0.,1.));
#13954=DIRECTION('',(1.,0.,0.));
#13955=DIRECTION('',(1.,0.,0.));
#13956=DIRECTION('',(0.,0.,1.));
#13957=DIRECTION('',(1.,0.,0.));
#13958=DIRECTION('',(0.,-1.,0.));
#13959=DIRECTION('',(0.,0.,1.));
#13960=DIRECTION('',(1.,0.,0.));
#13961=DIRECTION('',(1.,0.,0.));
#13962=DIRECTION('',(0.,0.,1.));
#13963=DIRECTION('',(1.,0.,0.));
#13964=DIRECTION('',(0.,-1.,0.));
#13965=DIRECTION('',(0.,0.,1.));
#13966=DIRECTION('',(1.,0.,0.));
#13967=DIRECTION('',(1.,0.,0.));
#13968=DIRECTION('',(0.,0.,1.));
#13969=DIRECTION('',(1.,0.,0.));
#13970=DIRECTION('',(0.,-1.,0.));
#13971=DIRECTION('',(0.,0.,1.));
#13972=DIRECTION('',(1.,0.,0.));
#13973=DIRECTION('',(1.,0.,0.));
#13974=DIRECTION('',(0.,0.,1.));
#13975=DIRECTION('',(1.,0.,0.));
#13976=DIRECTION('',(0.,-1.,0.));
#13977=DIRECTION('',(0.,0.,1.));
#13978=DIRECTION('',(1.,0.,0.));
#13979=DIRECTION('',(1.,0.,0.));
#13980=DIRECTION('',(0.,0.,1.));
#13981=DIRECTION('',(1.,0.,0.));
#13982=DIRECTION('',(0.,-1.,0.));
#13983=DIRECTION('',(0.,0.,1.));
#13984=DIRECTION('',(1.,0.,0.));
#13985=DIRECTION('',(1.,0.,0.));
#13986=DIRECTION('',(0.,0.,1.));
#13987=DIRECTION('',(1.,0.,0.));
#13988=DIRECTION('',(0.,-1.,0.));
#13989=DIRECTION('',(0.,0.,1.));
#13990=DIRECTION('',(1.,0.,0.));
#13991=DIRECTION('',(1.,0.,0.));
#13992=DIRECTION('',(0.,0.,1.));
#13993=DIRECTION('',(1.,0.,0.));
#13994=DIRECTION('',(0.,-1.,0.));
#13995=DIRECTION('',(0.,0.,1.));
#13996=DIRECTION('',(1.,0.,0.));
#13997=DIRECTION('',(1.,0.,0.));
#13998=DIRECTION('',(0.,0.,1.));
#13999=DIRECTION('',(1.,0.,0.));
#14000=DIRECTION('',(0.,-1.,0.));
#14001=DIRECTION('',(0.,0.,1.));
#14002=DIRECTION('',(1.,0.,0.));
#14003=DIRECTION('',(1.,0.,0.));
#14004=DIRECTION('',(0.,0.,1.));
#14005=DIRECTION('',(1.,0.,0.));
#14006=DIRECTION('',(0.,-1.,0.));
#14007=DIRECTION('',(0.,0.,1.));
#14008=DIRECTION('',(1.,0.,0.));
#14009=DIRECTION('',(1.,0.,0.));
#14010=DIRECTION('',(0.,0.,1.));
#14011=DIRECTION('',(1.,0.,0.));
#14012=DIRECTION('',(0.,-1.,0.));
#14013=DIRECTION('',(0.,0.,1.));
#14014=DIRECTION('',(1.,0.,0.));
#14015=DIRECTION('',(1.,0.,0.));
#14016=DIRECTION('',(0.,0.,1.));
#14017=DIRECTION('',(1.,0.,0.));
#14018=DIRECTION('',(0.,-1.,0.));
#14019=DIRECTION('',(0.,0.,1.));
#14020=DIRECTION('',(1.,0.,0.));
#14021=DIRECTION('',(1.,0.,0.));
#14022=DIRECTION('',(0.,0.,1.));
#14023=DIRECTION('',(1.,0.,0.));
#14024=DIRECTION('',(0.,-1.,0.));
#14025=DIRECTION('',(0.,0.,1.));
#14026=DIRECTION('',(1.,0.,0.));
#14027=DIRECTION('',(1.,0.,0.));
#14028=DIRECTION('',(0.,0.,1.));
#14029=DIRECTION('',(1.,0.,0.));
#14030=DIRECTION('',(0.,-1.,0.));
#14031=DIRECTION('',(0.,0.,1.));
#14032=DIRECTION('',(1.,0.,0.));
#14033=DIRECTION('',(1.,0.,0.));
#14034=DIRECTION('',(0.,0.,1.));
#14035=DIRECTION('',(1.,0.,0.));
#14036=DIRECTION('',(0.,-1.,0.));
#14037=DIRECTION('',(0.,0.,1.));
#14038=DIRECTION('',(1.,0.,0.));
#14039=DIRECTION('',(1.,0.,0.));
#14040=DIRECTION('',(0.,0.,1.));
#14041=DIRECTION('',(1.,0.,0.));
#14042=DIRECTION('',(0.,-1.,0.));
#14043=DIRECTION('',(0.,0.,1.));
#14044=DIRECTION('',(1.,0.,0.));
#14045=DIRECTION('',(1.,0.,0.));
#14046=DIRECTION('',(0.,0.,1.));
#14047=DIRECTION('',(1.,0.,0.));
#14048=DIRECTION('',(0.,-1.,0.));
#14049=DIRECTION('',(0.,0.,1.));
#14050=DIRECTION('',(1.,0.,0.));
#14051=DIRECTION('',(1.,0.,0.));
#14052=DIRECTION('',(0.,0.,1.));
#14053=DIRECTION('',(1.,0.,0.));
#14054=DIRECTION('',(0.,-1.,0.));
#14055=DIRECTION('',(0.,0.,1.));
#14056=DIRECTION('',(1.,0.,0.));
#14057=DIRECTION('',(1.,0.,0.));
#14058=DIRECTION('',(0.,0.,1.));
#14059=DIRECTION('',(1.,0.,0.));
#14060=DIRECTION('',(0.,-1.,0.));
#14061=DIRECTION('',(0.,0.,1.));
#14062=DIRECTION('',(1.,0.,0.));
#14063=DIRECTION('',(1.,0.,0.));
#14064=DIRECTION('',(0.,0.,1.));
#14065=DIRECTION('',(1.,0.,0.));
#14066=DIRECTION('',(0.,-1.,0.));
#14067=DIRECTION('',(0.,0.,1.));
#14068=DIRECTION('',(1.,0.,0.));
#14069=DIRECTION('',(1.,0.,0.));
#14070=DIRECTION('',(0.,0.,1.));
#14071=DIRECTION('',(1.,0.,0.));
#14072=DIRECTION('',(0.,-1.,0.));
#14073=DIRECTION('',(0.,0.,1.));
#14074=DIRECTION('',(1.,0.,0.));
#14075=DIRECTION('',(1.,0.,0.));
#14076=DIRECTION('',(0.,0.,1.));
#14077=DIRECTION('',(1.,0.,0.));
#14078=DIRECTION('',(0.,-1.,0.));
#14079=DIRECTION('',(0.,0.,1.));
#14080=DIRECTION('',(1.,0.,0.));
#14081=DIRECTION('',(1.,0.,0.));
#14082=DIRECTION('',(0.,0.,1.));
#14083=DIRECTION('',(1.,0.,0.));
#14084=DIRECTION('',(0.,-1.,0.));
#14085=DIRECTION('',(0.,0.,1.));
#14086=DIRECTION('',(1.,0.,0.));
#14087=DIRECTION('',(1.,0.,0.));
#14088=DIRECTION('',(0.,0.,1.));
#14089=DIRECTION('',(1.,0.,0.));
#14090=DIRECTION('',(0.,-1.,0.));
#14091=DIRECTION('',(0.,0.,1.));
#14092=DIRECTION('',(1.,0.,0.));
#14093=DIRECTION('',(1.,0.,0.));
#14094=DIRECTION('',(0.,0.,1.));
#14095=DIRECTION('',(1.,0.,0.));
#14096=DIRECTION('',(0.,-1.,0.));
#14097=DIRECTION('',(0.,0.,1.));
#14098=DIRECTION('',(1.,0.,0.));
#14099=DIRECTION('',(1.,0.,0.));
#14100=DIRECTION('',(0.,0.,1.));
#14101=DIRECTION('',(1.,0.,0.));
#14102=DIRECTION('',(0.,-1.,0.));
#14103=DIRECTION('',(0.,0.,1.));
#14104=DIRECTION('',(1.,0.,0.));
#14105=DIRECTION('',(1.,0.,0.));
#14106=DIRECTION('',(0.,0.,1.));
#14107=DIRECTION('',(1.,0.,0.));
#14108=DIRECTION('',(0.,-1.,0.));
#14109=DIRECTION('',(0.,0.,1.));
#14110=DIRECTION('',(1.,0.,0.));
#14111=DIRECTION('',(1.,0.,0.));
#14112=DIRECTION('',(0.,0.,1.));
#14113=DIRECTION('',(1.,0.,0.));
#14114=DIRECTION('',(0.,-1.,0.));
#14115=DIRECTION('',(0.,0.,1.));
#14116=DIRECTION('',(1.,0.,0.));
#14117=DIRECTION('',(1.,0.,0.));
#14118=DIRECTION('',(0.,0.,1.));
#14119=DIRECTION('',(1.,0.,0.));
#14120=DIRECTION('',(0.,-1.,0.));
#14121=DIRECTION('',(0.,0.,1.));
#14122=DIRECTION('',(1.,0.,0.));
#14123=DIRECTION('',(1.,0.,0.));
#14124=DIRECTION('',(0.,0.,1.));
#14125=DIRECTION('',(1.,0.,0.));
#14126=DIRECTION('',(0.,-1.,0.));
#14127=DIRECTION('',(0.,0.,1.));
#14128=DIRECTION('',(1.,0.,0.));
#14129=DIRECTION('',(1.,0.,0.));
#14130=DIRECTION('',(0.,0.,1.));
#14131=DIRECTION('',(1.,0.,0.));
#14132=DIRECTION('',(0.,-1.,0.));
#14133=DIRECTION('',(0.,0.,1.));
#14134=DIRECTION('',(1.,0.,0.));
#14135=DIRECTION('',(1.,0.,0.));
#14136=DIRECTION('',(0.,0.,1.));
#14137=DIRECTION('',(1.,0.,0.));
#14138=DIRECTION('',(0.,-1.,0.));
#14139=DIRECTION('',(0.,0.,1.));
#14140=DIRECTION('',(1.,0.,0.));
#14141=DIRECTION('',(1.,0.,0.));
#14142=DIRECTION('',(0.,0.,1.));
#14143=DIRECTION('',(1.,0.,0.));
#14144=DIRECTION('',(0.,-1.,0.));
#14145=DIRECTION('',(0.,0.,1.));
#14146=DIRECTION('',(1.,0.,0.));
#14147=DIRECTION('',(1.,0.,0.));
#14148=DIRECTION('',(0.,0.,1.));
#14149=DIRECTION('',(1.,0.,0.));
#14150=DIRECTION('',(0.,-1.,0.));
#14151=DIRECTION('',(0.,0.,1.));
#14152=DIRECTION('',(1.,0.,0.));
#14153=DIRECTION('',(1.,0.,0.));
#14154=DIRECTION('',(0.,0.,1.));
#14155=DIRECTION('',(1.,0.,0.));
#14156=DIRECTION('',(0.,-1.,0.));
#14157=DIRECTION('',(0.,0.,1.));
#14158=DIRECTION('',(1.,0.,0.));
#14159=DIRECTION('',(1.,0.,0.));
#14160=DIRECTION('',(0.,0.,1.));
#14161=DIRECTION('',(1.,0.,0.));
#14162=DIRECTION('',(0.,-1.,0.));
#14163=DIRECTION('',(0.,0.,1.));
#14164=DIRECTION('',(1.,0.,0.));
#14165=DIRECTION('',(1.,0.,0.));
#14166=DIRECTION('',(0.,0.,1.));
#14167=DIRECTION('',(1.,0.,0.));
#14168=DIRECTION('',(0.,-1.,0.));
#14169=DIRECTION('',(0.,0.,1.));
#14170=DIRECTION('',(1.,0.,0.));
#14171=DIRECTION('',(1.,0.,0.));
#14172=DIRECTION('',(0.,0.,1.));
#14173=DIRECTION('',(1.,0.,0.));
#14174=DIRECTION('',(0.,-1.,0.));
#14175=DIRECTION('',(0.,0.,1.));
#14176=DIRECTION('',(1.,0.,0.));
#14177=DIRECTION('',(1.,0.,0.));
#14178=DIRECTION('',(0.,0.,1.));
#14179=DIRECTION('',(1.,0.,0.));
#14180=DIRECTION('',(0.,-1.,0.));
#14181=DIRECTION('',(0.,0.,1.));
#14182=DIRECTION('',(1.,0.,0.));
#14183=DIRECTION('',(1.,0.,0.));
#14184=DIRECTION('',(0.,0.,1.));
#14185=DIRECTION('',(1.,0.,0.));
#14186=DIRECTION('',(0.,-1.,0.));
#14187=DIRECTION('',(0.,0.,1.));
#14188=DIRECTION('',(1.,0.,0.));
#14189=DIRECTION('',(1.,0.,0.));
#14190=DIRECTION('',(0.,0.,1.));
#14191=DIRECTION('',(1.,0.,0.));
#14192=DIRECTION('',(0.,-1.,0.));
#14193=DIRECTION('',(0.,0.,1.));
#14194=DIRECTION('',(1.,0.,0.));
#14195=DIRECTION('',(1.,0.,0.));
#14196=DIRECTION('',(0.,0.,1.));
#14197=DIRECTION('',(1.,0.,0.));
#14198=DIRECTION('',(0.,-1.,0.));
#14199=DIRECTION('',(0.,0.,1.));
#14200=DIRECTION('',(1.,0.,0.));
#14201=DIRECTION('',(1.,0.,0.));
#14202=DIRECTION('',(0.,0.,1.));
#14203=DIRECTION('',(1.,0.,0.));
#14204=DIRECTION('',(0.,-1.,0.));
#14205=DIRECTION('',(0.,0.,1.));
#14206=DIRECTION('',(1.,0.,0.));
#14207=DIRECTION('',(1.,0.,0.));
#14208=DIRECTION('',(0.,0.,1.));
#14209=DIRECTION('',(1.,0.,0.));
#14210=DIRECTION('',(0.,-1.,0.));
#14211=DIRECTION('',(0.,0.,1.));
#14212=DIRECTION('',(1.,0.,0.));
#14213=DIRECTION('',(1.,0.,0.));
#14214=DIRECTION('',(0.,0.,1.));
#14215=DIRECTION('',(1.,0.,0.));
#14216=DIRECTION('',(0.,-1.,0.));
#14217=DIRECTION('',(0.,0.,1.));
#14218=DIRECTION('',(1.,0.,0.));
#14219=DIRECTION('',(1.,0.,0.));
#14220=DIRECTION('',(0.,0.,1.));
#14221=DIRECTION('',(1.,0.,0.));
#14222=DIRECTION('',(0.,-1.,0.));
#14223=DIRECTION('',(0.,0.,1.));
#14224=DIRECTION('',(1.,0.,0.));
#14225=DIRECTION('',(1.,0.,0.));
#14226=DIRECTION('',(0.,0.,1.));
#14227=DIRECTION('',(1.,0.,0.));
#14228=DIRECTION('',(0.,-1.,0.));
#14229=DIRECTION('',(0.,0.,1.));
#14230=DIRECTION('',(1.,0.,0.));
#14231=DIRECTION('',(1.,0.,0.));
#14232=DIRECTION('',(0.,0.,1.));
#14233=DIRECTION('',(1.,0.,0.));
#14234=DIRECTION('',(0.,-1.,0.));
#14235=DIRECTION('',(0.,0.,1.));
#14236=DIRECTION('',(1.,0.,0.));
#14237=DIRECTION('',(1.,0.,0.));
#14238=DIRECTION('',(0.,0.,1.));
#14239=DIRECTION('',(1.,0.,0.));
#14240=DIRECTION('',(0.,-1.,0.));
#14241=DIRECTION('',(0.,0.,1.));
#14242=DIRECTION('',(1.,0.,0.));
#14243=DIRECTION('',(0.,-1.,0.));
#14244=DIRECTION('',(1.,0.,0.));
#14245=DIRECTION('',(0.,-1.,0.));
#14246=DIRECTION('',(1.,0.,0.));
#14247=DIRECTION('',(0.,0.,1.));
#14248=DIRECTION('',(1.,0.,0.));
#14249=DIRECTION('',(0.,0.,1.));
#14250=DIRECTION('',(1.,0.,0.));
#14251=DIRECTION('',(1.,0.,0.));
#14252=DIRECTION('',(0.,0.,1.));
#14253=DIRECTION('',(1.,0.,0.));
#14254=DIRECTION('',(0.,-1.,0.));
#14255=DIRECTION('',(0.,0.,1.));
#14256=DIRECTION('',(1.,0.,0.));
#14257=DIRECTION('',(1.,0.,0.));
#14258=DIRECTION('',(0.,0.,1.));
#14259=DIRECTION('',(1.,0.,0.));
#14260=DIRECTION('',(0.,-1.,0.));
#14261=DIRECTION('',(0.,0.,1.));
#14262=DIRECTION('',(1.,0.,0.));
#14263=DIRECTION('',(1.,0.,0.));
#14264=DIRECTION('',(0.,0.,1.));
#14265=DIRECTION('',(1.,0.,0.));
#14266=DIRECTION('',(0.,-1.,0.));
#14267=DIRECTION('',(0.,0.,1.));
#14268=DIRECTION('',(1.,0.,0.));
#14269=DIRECTION('',(1.,0.,0.));
#14270=DIRECTION('',(0.,0.,1.));
#14271=DIRECTION('',(1.,0.,0.));
#14272=DIRECTION('',(0.,-1.,0.));
#14273=DIRECTION('',(0.,0.,1.));
#14274=DIRECTION('',(1.,0.,0.));
#14275=DIRECTION('',(1.,0.,0.));
#14276=DIRECTION('',(0.,0.,1.));
#14277=DIRECTION('',(1.,0.,0.));
#14278=DIRECTION('',(0.,-1.,0.));
#14279=DIRECTION('',(0.,0.,1.));
#14280=DIRECTION('',(1.,0.,0.));
#14281=DIRECTION('',(1.,0.,0.));
#14282=DIRECTION('',(0.,0.,1.));
#14283=DIRECTION('',(1.,0.,0.));
#14284=DIRECTION('',(0.,-1.,0.));
#14285=DIRECTION('',(0.,0.,1.));
#14286=DIRECTION('',(1.,0.,0.));
#14287=DIRECTION('',(1.,0.,0.));
#14288=DIRECTION('',(0.,0.,1.));
#14289=DIRECTION('',(1.,0.,0.));
#14290=DIRECTION('',(0.,-1.,0.));
#14291=DIRECTION('',(0.,0.,1.));
#14292=DIRECTION('',(1.,0.,0.));
#14293=DIRECTION('',(1.,0.,0.));
#14294=DIRECTION('',(0.,0.,1.));
#14295=DIRECTION('',(1.,0.,0.));
#14296=DIRECTION('',(0.,-1.,0.));
#14297=DIRECTION('',(0.,0.,1.));
#14298=DIRECTION('',(1.,0.,0.));
#14299=DIRECTION('',(1.,0.,0.));
#14300=DIRECTION('',(0.,0.,1.));
#14301=DIRECTION('',(1.,0.,0.));
#14302=DIRECTION('',(0.,-1.,0.));
#14303=DIRECTION('',(0.,0.,1.));
#14304=DIRECTION('',(1.,0.,0.));
#14305=DIRECTION('',(1.,0.,0.));
#14306=DIRECTION('',(0.,0.,1.));
#14307=DIRECTION('',(1.,0.,0.));
#14308=DIRECTION('',(0.,-1.,0.));
#14309=DIRECTION('',(0.,0.,1.));
#14310=DIRECTION('',(1.,0.,0.));
#14311=DIRECTION('',(1.,0.,0.));
#14312=DIRECTION('',(0.,0.,1.));
#14313=DIRECTION('',(1.,0.,0.));
#14314=DIRECTION('',(0.,-1.,0.));
#14315=DIRECTION('',(0.,0.,1.));
#14316=DIRECTION('',(1.,0.,0.));
#14317=DIRECTION('',(1.,0.,0.));
#14318=DIRECTION('',(0.,0.,1.));
#14319=DIRECTION('',(1.,0.,0.));
#14320=DIRECTION('',(0.,-1.,0.));
#14321=DIRECTION('',(0.,0.,1.));
#14322=DIRECTION('',(1.,0.,0.));
#14323=DIRECTION('',(1.,0.,0.));
#14324=DIRECTION('',(0.,0.,1.));
#14325=DIRECTION('',(1.,0.,0.));
#14326=DIRECTION('',(0.,-1.,0.));
#14327=DIRECTION('',(0.,0.,1.));
#14328=DIRECTION('',(1.,0.,0.));
#14329=DIRECTION('',(1.,0.,0.));
#14330=DIRECTION('',(0.,0.,1.));
#14331=DIRECTION('',(1.,0.,0.));
#14332=DIRECTION('',(0.,-1.,0.));
#14333=DIRECTION('',(0.,0.,1.));
#14334=DIRECTION('',(1.,0.,0.));
#14335=DIRECTION('',(1.,0.,0.));
#14336=DIRECTION('',(0.,0.,1.));
#14337=DIRECTION('',(1.,0.,0.));
#14338=DIRECTION('',(0.,-1.,0.));
#14339=DIRECTION('',(0.,0.,1.));
#14340=DIRECTION('',(1.,0.,0.));
#14341=DIRECTION('',(1.,0.,0.));
#14342=DIRECTION('',(0.,0.,1.));
#14343=DIRECTION('',(1.,0.,0.));
#14344=DIRECTION('',(0.,-1.,0.));
#14345=DIRECTION('',(0.,0.,1.));
#14346=DIRECTION('',(1.,0.,0.));
#14347=DIRECTION('',(1.,0.,0.));
#14348=DIRECTION('',(0.,0.,1.));
#14349=DIRECTION('',(1.,0.,0.));
#14350=DIRECTION('',(0.,-1.,0.));
#14351=DIRECTION('',(0.,0.,1.));
#14352=DIRECTION('',(1.,0.,0.));
#14353=DIRECTION('',(1.,0.,0.));
#14354=DIRECTION('',(0.,0.,1.));
#14355=DIRECTION('',(1.,0.,0.));
#14356=DIRECTION('',(0.,-1.,0.));
#14357=DIRECTION('',(0.,0.,1.));
#14358=DIRECTION('',(1.,0.,0.));
#14359=DIRECTION('',(1.,0.,0.));
#14360=DIRECTION('',(0.,0.,1.));
#14361=DIRECTION('',(1.,0.,0.));
#14362=DIRECTION('',(0.,-1.,0.));
#14363=DIRECTION('',(0.,0.,1.));
#14364=DIRECTION('',(1.,0.,0.));
#14365=DIRECTION('',(1.,0.,0.));
#14366=DIRECTION('',(0.,0.,1.));
#14367=DIRECTION('',(1.,0.,0.));
#14368=DIRECTION('',(0.,-1.,0.));
#14369=DIRECTION('',(0.,0.,1.));
#14370=DIRECTION('',(1.,0.,0.));
#14371=DIRECTION('',(1.,0.,0.));
#14372=DIRECTION('',(0.,0.,1.));
#14373=DIRECTION('',(1.,0.,0.));
#14374=DIRECTION('',(0.,-1.,0.));
#14375=DIRECTION('',(0.,0.,1.));
#14376=DIRECTION('',(1.,0.,0.));
#14377=DIRECTION('',(1.,0.,0.));
#14378=DIRECTION('',(0.,0.,1.));
#14379=DIRECTION('',(1.,0.,0.));
#14380=DIRECTION('',(0.,-1.,0.));
#14381=DIRECTION('',(0.,0.,1.));
#14382=DIRECTION('',(1.,0.,0.));
#14383=DIRECTION('',(1.,0.,0.));
#14384=DIRECTION('',(0.,0.,1.));
#14385=DIRECTION('',(1.,0.,0.));
#14386=DIRECTION('',(0.,-1.,0.));
#14387=DIRECTION('',(0.,0.,1.));
#14388=DIRECTION('',(1.,0.,0.));
#14389=DIRECTION('',(1.,0.,0.));
#14390=DIRECTION('',(0.,0.,1.));
#14391=DIRECTION('',(1.,0.,0.));
#14392=DIRECTION('',(0.,-1.,0.));
#14393=DIRECTION('',(0.,0.,1.));
#14394=DIRECTION('',(1.,0.,0.));
#14395=DIRECTION('',(1.,0.,0.));
#14396=DIRECTION('',(0.,0.,1.));
#14397=DIRECTION('',(1.,0.,0.));
#14398=DIRECTION('',(0.,-1.,0.));
#14399=DIRECTION('',(0.,0.,1.));
#14400=DIRECTION('',(1.,0.,0.));
#14401=DIRECTION('',(1.,0.,0.));
#14402=DIRECTION('',(0.,0.,1.));
#14403=DIRECTION('',(1.,0.,0.));
#14404=DIRECTION('',(0.,-1.,0.));
#14405=DIRECTION('',(0.,0.,1.));
#14406=DIRECTION('',(1.,0.,0.));
#14407=DIRECTION('',(1.,0.,0.));
#14408=DIRECTION('',(0.,0.,1.));
#14409=DIRECTION('',(1.,0.,0.));
#14410=DIRECTION('',(0.,-1.,0.));
#14411=DIRECTION('',(0.,0.,1.));
#14412=DIRECTION('',(1.,0.,0.));
#14413=DIRECTION('',(1.,0.,0.));
#14414=DIRECTION('',(0.,0.,1.));
#14415=DIRECTION('',(1.,0.,0.));
#14416=DIRECTION('',(0.,-1.,0.));
#14417=DIRECTION('',(0.,0.,1.));
#14418=DIRECTION('',(1.,0.,0.));
#14419=DIRECTION('',(1.,0.,0.));
#14420=DIRECTION('',(0.,0.,1.));
#14421=DIRECTION('',(1.,0.,0.));
#14422=DIRECTION('',(0.,-1.,0.));
#14423=DIRECTION('',(0.,0.,1.));
#14424=DIRECTION('',(1.,0.,0.));
#14425=DIRECTION('',(1.,0.,0.));
#14426=DIRECTION('',(0.,0.,1.));
#14427=DIRECTION('',(1.,0.,0.));
#14428=DIRECTION('',(0.,-1.,0.));
#14429=DIRECTION('',(0.,0.,1.));
#14430=DIRECTION('',(1.,0.,0.));
#14431=DIRECTION('',(1.,0.,0.));
#14432=DIRECTION('',(0.,0.,1.));
#14433=DIRECTION('',(1.,0.,0.));
#14434=DIRECTION('',(0.,-1.,0.));
#14435=DIRECTION('',(0.,0.,1.));
#14436=DIRECTION('',(1.,0.,0.));
#14437=DIRECTION('',(1.,0.,0.));
#14438=DIRECTION('',(0.,0.,1.));
#14439=DIRECTION('',(1.,0.,0.));
#14440=DIRECTION('',(0.,-1.,0.));
#14441=DIRECTION('',(0.,0.,1.));
#14442=DIRECTION('',(1.,0.,0.));
#14443=DIRECTION('',(1.,0.,0.));
#14444=DIRECTION('',(0.,0.,1.));
#14445=DIRECTION('',(1.,0.,0.));
#14446=DIRECTION('',(0.,-1.,0.));
#14447=DIRECTION('',(0.,0.,1.));
#14448=DIRECTION('',(1.,0.,0.));
#14449=DIRECTION('',(1.,0.,0.));
#14450=DIRECTION('',(0.,0.,1.));
#14451=DIRECTION('',(1.,0.,0.));
#14452=DIRECTION('',(0.,-1.,0.));
#14453=DIRECTION('',(0.,0.,1.));
#14454=DIRECTION('',(1.,0.,0.));
#14455=DIRECTION('',(1.,0.,0.));
#14456=DIRECTION('',(0.,0.,1.));
#14457=DIRECTION('',(1.,0.,0.));
#14458=DIRECTION('',(0.,-1.,0.));
#14459=DIRECTION('',(0.,0.,1.));
#14460=DIRECTION('',(1.,0.,0.));
#14461=DIRECTION('',(1.,0.,0.));
#14462=DIRECTION('',(0.,0.,1.));
#14463=DIRECTION('',(1.,0.,0.));
#14464=DIRECTION('',(0.,-1.,0.));
#14465=DIRECTION('',(0.,0.,1.));
#14466=DIRECTION('',(1.,0.,0.));
#14467=DIRECTION('',(1.,0.,0.));
#14468=DIRECTION('',(0.,0.,1.));
#14469=DIRECTION('',(1.,0.,0.));
#14470=DIRECTION('',(0.,-1.,0.));
#14471=DIRECTION('',(0.,0.,1.));
#14472=DIRECTION('',(1.,0.,0.));
#14473=DIRECTION('',(1.,0.,0.));
#14474=DIRECTION('',(0.,0.,1.));
#14475=DIRECTION('',(1.,0.,0.));
#14476=DIRECTION('',(0.,-1.,0.));
#14477=DIRECTION('',(0.,0.,1.));
#14478=DIRECTION('',(1.,0.,0.));
#14479=DIRECTION('',(1.,0.,0.));
#14480=DIRECTION('',(0.,0.,1.));
#14481=DIRECTION('',(1.,0.,0.));
#14482=DIRECTION('',(0.,-1.,0.));
#14483=DIRECTION('',(0.,0.,1.));
#14484=DIRECTION('',(1.,0.,0.));
#14485=DIRECTION('',(1.,0.,0.));
#14486=DIRECTION('',(0.,0.,1.));
#14487=DIRECTION('',(1.,0.,0.));
#14488=DIRECTION('',(0.,-1.,0.));
#14489=DIRECTION('',(0.,0.,1.));
#14490=DIRECTION('',(1.,0.,0.));
#14491=DIRECTION('',(1.,0.,0.));
#14492=DIRECTION('',(0.,0.,1.));
#14493=DIRECTION('',(1.,0.,0.));
#14494=DIRECTION('',(0.,-1.,0.));
#14495=DIRECTION('',(0.,0.,1.));
#14496=DIRECTION('',(1.,0.,0.));
#14497=DIRECTION('',(1.,0.,0.));
#14498=DIRECTION('',(0.,0.,1.));
#14499=DIRECTION('',(1.,0.,0.));
#14500=DIRECTION('',(0.,-1.,0.));
#14501=DIRECTION('',(0.,0.,1.));
#14502=DIRECTION('',(1.,0.,0.));
#14503=DIRECTION('',(1.,0.,0.));
#14504=DIRECTION('',(0.,0.,1.));
#14505=DIRECTION('',(1.,0.,0.));
#14506=DIRECTION('',(0.,-1.,0.));
#14507=DIRECTION('',(0.,0.,1.));
#14508=DIRECTION('',(1.,0.,0.));
#14509=DIRECTION('',(1.,0.,0.));
#14510=DIRECTION('',(0.,0.,1.));
#14511=DIRECTION('',(1.,0.,0.));
#14512=DIRECTION('',(0.,-1.,0.));
#14513=DIRECTION('',(0.,0.,1.));
#14514=DIRECTION('',(1.,0.,0.));
#14515=DIRECTION('',(1.,0.,0.));
#14516=DIRECTION('',(0.,0.,1.));
#14517=DIRECTION('',(1.,0.,0.));
#14518=DIRECTION('',(0.,-1.,0.));
#14519=DIRECTION('',(0.,0.,1.));
#14520=DIRECTION('',(1.,0.,0.));
#14521=DIRECTION('',(1.,0.,0.));
#14522=DIRECTION('',(0.,0.,1.));
#14523=DIRECTION('',(1.,0.,0.));
#14524=DIRECTION('',(0.,-1.,0.));
#14525=DIRECTION('',(0.,0.,1.));
#14526=DIRECTION('',(1.,0.,0.));
#14527=DIRECTION('',(1.,0.,0.));
#14528=DIRECTION('',(0.,0.,1.));
#14529=DIRECTION('',(1.,0.,0.));
#14530=DIRECTION('',(0.,-1.,0.));
#14531=DIRECTION('',(0.,0.,1.));
#14532=DIRECTION('',(1.,0.,0.));
#14533=DIRECTION('',(1.,0.,0.));
#14534=DIRECTION('',(0.,0.,1.));
#14535=DIRECTION('',(1.,0.,0.));
#14536=DIRECTION('',(0.,-1.,0.));
#14537=DIRECTION('',(0.,0.,1.));
#14538=DIRECTION('',(1.,0.,0.));
#14539=DIRECTION('',(1.,0.,0.));
#14540=DIRECTION('',(0.,0.,1.));
#14541=DIRECTION('',(1.,0.,0.));
#14542=DIRECTION('',(0.,-1.,0.));
#14543=DIRECTION('',(0.,0.,1.));
#14544=DIRECTION('',(1.,0.,0.));
#14545=DIRECTION('',(1.,0.,0.));
#14546=DIRECTION('',(0.,0.,1.));
#14547=DIRECTION('',(1.,0.,0.));
#14548=DIRECTION('',(0.,-1.,0.));
#14549=DIRECTION('',(0.,0.,1.));
#14550=DIRECTION('',(1.,0.,0.));
#14551=DIRECTION('',(1.,0.,0.));
#14552=DIRECTION('',(0.,0.,1.));
#14553=DIRECTION('',(1.,0.,0.));
#14554=DIRECTION('',(0.,-1.,0.));
#14555=DIRECTION('',(0.,0.,1.));
#14556=DIRECTION('',(1.,0.,0.));
#14557=DIRECTION('',(1.,0.,0.));
#14558=DIRECTION('',(0.,0.,1.));
#14559=DIRECTION('',(1.,0.,0.));
#14560=DIRECTION('',(0.,-1.,0.));
#14561=DIRECTION('',(0.,0.,1.));
#14562=DIRECTION('',(1.,0.,0.));
#14563=DIRECTION('',(1.,0.,0.));
#14564=DIRECTION('',(0.,0.,1.));
#14565=DIRECTION('',(1.,0.,0.));
#14566=DIRECTION('',(0.,-1.,0.));
#14567=DIRECTION('',(0.,0.,1.));
#14568=DIRECTION('',(1.,0.,0.));
#14569=DIRECTION('',(1.,0.,0.));
#14570=DIRECTION('',(0.,0.,1.));
#14571=DIRECTION('',(1.,0.,0.));
#14572=DIRECTION('',(0.,-1.,0.));
#14573=DIRECTION('',(0.,0.,1.));
#14574=DIRECTION('',(1.,0.,0.));
#14575=DIRECTION('',(1.,0.,0.));
#14576=DIRECTION('',(0.,0.,1.));
#14577=DIRECTION('',(1.,0.,0.));
#14578=DIRECTION('',(0.,-1.,0.));
#14579=DIRECTION('',(0.,0.,1.));
#14580=DIRECTION('',(1.,0.,0.));
#14581=DIRECTION('',(1.,0.,0.));
#14582=DIRECTION('',(0.,0.,1.));
#14583=DIRECTION('',(1.,0.,0.));
#14584=DIRECTION('',(0.,-1.,0.));
#14585=DIRECTION('',(0.,0.,1.));
#14586=DIRECTION('',(1.,0.,0.));
#14587=DIRECTION('',(1.,0.,0.));
#14588=DIRECTION('',(0.,0.,1.));
#14589=DIRECTION('',(1.,0.,0.));
#14590=DIRECTION('',(0.,-1.,0.));
#14591=DIRECTION('',(0.,0.,1.));
#14592=DIRECTION('',(1.,0.,0.));
#14593=DIRECTION('',(1.,0.,0.));
#14594=DIRECTION('',(0.,0.,1.));
#14595=DIRECTION('',(1.,0.,0.));
#14596=DIRECTION('',(0.,-1.,0.));
#14597=DIRECTION('',(0.,0.,1.));
#14598=DIRECTION('',(1.,0.,0.));
#14599=DIRECTION('',(1.,0.,0.));
#14600=DIRECTION('',(0.,0.,1.));
#14601=DIRECTION('',(1.,0.,0.));
#14602=DIRECTION('',(0.,-1.,0.));
#14603=DIRECTION('',(0.,0.,1.));
#14604=DIRECTION('',(1.,0.,0.));
#14605=DIRECTION('',(1.,0.,0.));
#14606=DIRECTION('',(0.,0.,1.));
#14607=DIRECTION('',(1.,0.,0.));
#14608=DIRECTION('',(0.,-1.,0.));
#14609=DIRECTION('',(0.,0.,1.));
#14610=DIRECTION('',(1.,0.,0.));
#14611=DIRECTION('',(1.,0.,0.));
#14612=DIRECTION('',(0.,0.,1.));
#14613=DIRECTION('',(1.,0.,0.));
#14614=DIRECTION('',(0.,-1.,0.));
#14615=DIRECTION('',(0.,0.,1.));
#14616=DIRECTION('',(1.,0.,0.));
#14617=DIRECTION('',(1.,0.,0.));
#14618=DIRECTION('',(0.,0.,1.));
#14619=DIRECTION('',(1.,0.,0.));
#14620=DIRECTION('',(0.,-1.,0.));
#14621=DIRECTION('',(0.,0.,1.));
#14622=DIRECTION('',(1.,0.,0.));
#14623=DIRECTION('',(1.,0.,0.));
#14624=DIRECTION('',(0.,0.,1.));
#14625=DIRECTION('',(1.,0.,0.));
#14626=DIRECTION('',(0.,-1.,0.));
#14627=DIRECTION('',(0.,0.,1.));
#14628=DIRECTION('',(1.,0.,0.));
#14629=DIRECTION('',(1.,0.,0.));
#14630=DIRECTION('',(0.,0.,1.));
#14631=DIRECTION('',(1.,0.,0.));
#14632=DIRECTION('',(0.,-1.,0.));
#14633=DIRECTION('',(0.,0.,1.));
#14634=DIRECTION('',(1.,0.,0.));
#14635=DIRECTION('',(1.,0.,0.));
#14636=DIRECTION('',(0.,0.,1.));
#14637=DIRECTION('',(1.,0.,0.));
#14638=DIRECTION('',(0.,-1.,0.));
#14639=DIRECTION('',(0.,0.,1.));
#14640=DIRECTION('',(1.,0.,0.));
#14641=DIRECTION('',(1.,0.,0.));
#14642=DIRECTION('',(0.,0.,1.));
#14643=DIRECTION('',(1.,0.,0.));
#14644=DIRECTION('',(0.,-1.,0.));
#14645=DIRECTION('',(0.,0.,1.));
#14646=DIRECTION('',(1.,0.,0.));
#14647=DIRECTION('',(1.,0.,0.));
#14648=DIRECTION('',(0.,0.,1.));
#14649=DIRECTION('',(1.,0.,0.));
#14650=DIRECTION('',(0.,-1.,0.));
#14651=DIRECTION('',(0.,0.,1.));
#14652=DIRECTION('',(1.,0.,0.));
#14653=DIRECTION('',(1.,0.,0.));
#14654=DIRECTION('',(0.,0.,1.));
#14655=DIRECTION('',(1.,0.,0.));
#14656=DIRECTION('',(0.,-1.,0.));
#14657=DIRECTION('',(0.,0.,1.));
#14658=DIRECTION('',(1.,0.,0.));
#14659=DIRECTION('',(1.,0.,0.));
#14660=DIRECTION('',(0.,0.,1.));
#14661=DIRECTION('',(1.,0.,0.));
#14662=DIRECTION('',(0.,-1.,0.));
#14663=DIRECTION('',(0.,0.,1.));
#14664=DIRECTION('',(1.,0.,0.));
#14665=DIRECTION('',(1.,0.,0.));
#14666=DIRECTION('',(0.,0.,1.));
#14667=DIRECTION('',(1.,0.,0.));
#14668=DIRECTION('',(0.,-1.,0.));
#14669=DIRECTION('',(0.,0.,1.));
#14670=DIRECTION('',(1.,0.,0.));
#14671=DIRECTION('',(1.,0.,0.));
#14672=DIRECTION('',(0.,0.,1.));
#14673=DIRECTION('',(1.,0.,0.));
#14674=DIRECTION('',(0.,-1.,0.));
#14675=DIRECTION('',(0.,0.,1.));
#14676=DIRECTION('',(1.,0.,0.));
#14677=DIRECTION('',(1.,0.,0.));
#14678=DIRECTION('',(0.,0.,1.));
#14679=DIRECTION('',(1.,0.,0.));
#14680=DIRECTION('',(0.,-1.,0.));
#14681=DIRECTION('',(0.,0.,1.));
#14682=DIRECTION('',(1.,0.,0.));
#14683=DIRECTION('',(1.,0.,0.));
#14684=DIRECTION('',(0.,0.,1.));
#14685=DIRECTION('',(1.,0.,0.));
#14686=DIRECTION('',(0.,-1.,0.));
#14687=DIRECTION('',(0.,0.,1.));
#14688=DIRECTION('',(1.,0.,0.));
#14689=DIRECTION('',(1.,0.,0.));
#14690=DIRECTION('',(0.,0.,1.));
#14691=DIRECTION('',(1.,0.,0.));
#14692=DIRECTION('',(0.,-1.,0.));
#14693=DIRECTION('',(0.,0.,1.));
#14694=DIRECTION('',(1.,0.,0.));
#14695=DIRECTION('',(1.,0.,0.));
#14696=DIRECTION('',(0.,0.,1.));
#14697=DIRECTION('',(1.,0.,0.));
#14698=DIRECTION('',(0.,-1.,0.));
#14699=DIRECTION('',(0.,0.,1.));
#14700=DIRECTION('',(1.,0.,0.));
#14701=DIRECTION('',(1.,0.,0.));
#14702=DIRECTION('',(0.,0.,1.));
#14703=DIRECTION('',(1.,0.,0.));
#14704=DIRECTION('',(0.,-1.,0.));
#14705=DIRECTION('',(0.,0.,1.));
#14706=DIRECTION('',(1.,0.,0.));
#14707=DIRECTION('',(1.,0.,0.));
#14708=DIRECTION('',(0.,0.,1.));
#14709=DIRECTION('',(1.,0.,0.));
#14710=DIRECTION('',(0.,-1.,0.));
#14711=DIRECTION('',(0.,0.,1.));
#14712=DIRECTION('',(1.,0.,0.));
#14713=DIRECTION('',(1.,0.,0.));
#14714=DIRECTION('',(0.,0.,1.));
#14715=DIRECTION('',(1.,0.,0.));
#14716=DIRECTION('',(0.,-1.,0.));
#14717=DIRECTION('',(0.,0.,1.));
#14718=DIRECTION('',(1.,0.,0.));
#14719=DIRECTION('',(1.,0.,0.));
#14720=DIRECTION('',(0.,0.,1.));
#14721=DIRECTION('',(1.,0.,0.));
#14722=DIRECTION('',(0.,-1.,0.));
#14723=DIRECTION('',(0.,0.,1.));
#14724=DIRECTION('',(1.,0.,0.));
#14725=DIRECTION('',(1.,0.,0.));
#14726=DIRECTION('',(0.,0.,1.));
#14727=DIRECTION('',(1.,0.,0.));
#14728=DIRECTION('',(0.,-1.,0.));
#14729=DIRECTION('',(0.,0.,1.));
#14730=DIRECTION('',(1.,0.,0.));
#14731=DIRECTION('',(1.,0.,0.));
#14732=DIRECTION('',(0.,0.,1.));
#14733=DIRECTION('',(1.,0.,0.));
#14734=DIRECTION('',(0.,-1.,0.));
#14735=DIRECTION('',(0.,0.,1.));
#14736=DIRECTION('',(1.,0.,0.));
#14737=DIRECTION('',(1.,0.,0.));
#14738=DIRECTION('',(0.,0.,1.));
#14739=DIRECTION('',(1.,0.,0.));
#14740=DIRECTION('',(0.,-1.,0.));
#14741=DIRECTION('',(0.,0.,1.));
#14742=DIRECTION('',(1.,0.,0.));
#14743=DIRECTION('',(1.,0.,0.));
#14744=DIRECTION('',(0.,0.,1.));
#14745=DIRECTION('',(1.,0.,0.));
#14746=DIRECTION('',(0.,-1.,0.));
#14747=DIRECTION('',(0.,0.,1.));
#14748=DIRECTION('',(1.,0.,0.));
#14749=DIRECTION('',(1.,0.,0.));
#14750=DIRECTION('',(0.,0.,1.));
#14751=DIRECTION('',(1.,0.,0.));
#14752=DIRECTION('',(0.,-1.,0.));
#14753=DIRECTION('',(0.,0.,1.));
#14754=DIRECTION('',(1.,0.,0.));
#14755=DIRECTION('',(1.,0.,0.));
#14756=DIRECTION('',(0.,0.,1.));
#14757=DIRECTION('',(1.,0.,0.));
#14758=DIRECTION('',(0.,-1.,0.));
#14759=DIRECTION('',(0.,0.,1.));
#14760=DIRECTION('',(1.,0.,0.));
#14761=DIRECTION('',(1.,0.,0.));
#14762=DIRECTION('',(0.,0.,1.));
#14763=DIRECTION('',(1.,0.,0.));
#14764=DIRECTION('',(0.,-1.,0.));
#14765=DIRECTION('',(0.,0.,1.));
#14766=DIRECTION('',(1.,0.,0.));
#14767=DIRECTION('',(1.,0.,0.));
#14768=DIRECTION('',(0.,0.,1.));
#14769=DIRECTION('',(1.,0.,0.));
#14770=DIRECTION('',(0.,-1.,0.));
#14771=DIRECTION('',(0.,0.,1.));
#14772=DIRECTION('',(1.,0.,0.));
#14773=DIRECTION('',(1.,0.,0.));
#14774=DIRECTION('',(0.,0.,1.));
#14775=DIRECTION('',(1.,0.,0.));
#14776=DIRECTION('',(0.,-1.,0.));
#14777=DIRECTION('',(0.,0.,1.));
#14778=DIRECTION('',(1.,0.,0.));
#14779=DIRECTION('',(1.,0.,0.));
#14780=DIRECTION('',(0.,0.,1.));
#14781=DIRECTION('',(1.,0.,0.));
#14782=DIRECTION('',(0.,-1.,0.));
#14783=DIRECTION('',(0.,0.,1.));
#14784=DIRECTION('',(1.,0.,0.));
#14785=DIRECTION('',(1.,0.,0.));
#14786=DIRECTION('',(0.,0.,1.));
#14787=DIRECTION('',(1.,0.,0.));
#14788=DIRECTION('',(0.,-1.,0.));
#14789=DIRECTION('',(0.,0.,1.));
#14790=DIRECTION('',(1.,0.,0.));
#14791=DIRECTION('',(1.,0.,0.));
#14792=DIRECTION('',(0.,0.,1.));
#14793=DIRECTION('',(1.,0.,0.));
#14794=DIRECTION('',(0.,-1.,0.));
#14795=DIRECTION('',(0.,0.,1.));
#14796=DIRECTION('',(1.,0.,0.));
#14797=DIRECTION('',(1.,0.,0.));
#14798=DIRECTION('',(0.,0.,1.));
#14799=DIRECTION('',(1.,0.,0.));
#14800=DIRECTION('',(0.,-1.,0.));
#14801=DIRECTION('',(0.,0.,1.));
#14802=DIRECTION('',(1.,0.,0.));
#14803=DIRECTION('',(1.,0.,0.));
#14804=DIRECTION('',(0.,0.,1.));
#14805=DIRECTION('',(1.,0.,0.));
#14806=DIRECTION('',(0.,-1.,0.));
#14807=DIRECTION('',(0.,0.,1.));
#14808=DIRECTION('',(1.,0.,0.));
#14809=DIRECTION('',(1.,0.,0.));
#14810=DIRECTION('',(0.,0.,1.));
#14811=DIRECTION('',(1.,0.,0.));
#14812=DIRECTION('',(0.,-1.,0.));
#14813=DIRECTION('',(0.,0.,1.));
#14814=DIRECTION('',(1.,0.,0.));
#14815=DIRECTION('',(1.,0.,0.));
#14816=DIRECTION('',(0.,0.,1.));
#14817=DIRECTION('',(1.,0.,0.));
#14818=DIRECTION('',(0.,-1.,0.));
#14819=DIRECTION('',(0.,0.,1.));
#14820=DIRECTION('',(1.,0.,0.));
#14821=DIRECTION('',(1.,0.,0.));
#14822=DIRECTION('',(0.,0.,1.));
#14823=DIRECTION('',(1.,0.,0.));
#14824=DIRECTION('',(0.,-1.,0.));
#14825=DIRECTION('',(0.,0.,1.));
#14826=DIRECTION('',(1.,0.,0.));
#14827=DIRECTION('',(1.,0.,0.));
#14828=DIRECTION('',(0.,0.,1.));
#14829=DIRECTION('',(1.,0.,0.));
#14830=DIRECTION('',(0.,-1.,0.));
#14831=DIRECTION('',(0.,0.,1.));
#14832=DIRECTION('',(1.,0.,0.));
#14833=DIRECTION('',(1.,0.,0.));
#14834=DIRECTION('',(0.,0.,1.));
#14835=DIRECTION('',(1.,0.,0.));
#14836=DIRECTION('',(0.,-1.,0.));
#14837=DIRECTION('',(0.,0.,1.));
#14838=DIRECTION('',(1.,0.,0.));
#14839=DIRECTION('',(1.,0.,0.));
#14840=DIRECTION('',(0.,0.,1.));
#14841=DIRECTION('',(1.,0.,0.));
#14842=DIRECTION('',(0.,-1.,0.));
#14843=DIRECTION('',(0.,0.,1.));
#14844=DIRECTION('',(1.,0.,0.));
#14845=DIRECTION('',(1.,0.,0.));
#14846=DIRECTION('',(0.,0.,1.));
#14847=DIRECTION('',(1.,0.,0.));
#14848=DIRECTION('',(0.,-1.,0.));
#14849=DIRECTION('',(0.,0.,1.));
#14850=DIRECTION('',(1.,0.,0.));
#14851=DIRECTION('',(1.,0.,0.));
#14852=DIRECTION('',(0.,0.,1.));
#14853=DIRECTION('',(1.,0.,0.));
#14854=DIRECTION('',(0.,-1.,0.));
#14855=DIRECTION('',(0.,0.,1.));
#14856=DIRECTION('',(1.,0.,0.));
#14857=DIRECTION('',(1.,0.,0.));
#14858=DIRECTION('',(0.,0.,1.));
#14859=DIRECTION('',(1.,0.,0.));
#14860=DIRECTION('',(0.,-1.,0.));
#14861=DIRECTION('',(0.,0.,1.));
#14862=DIRECTION('',(1.,0.,0.));
#14863=DIRECTION('',(1.,0.,0.));
#14864=DIRECTION('',(0.,0.,1.));
#14865=DIRECTION('',(1.,0.,0.));
#14866=DIRECTION('',(0.,-1.,0.));
#14867=DIRECTION('',(0.,0.,1.));
#14868=DIRECTION('',(1.,0.,0.));
#14869=DIRECTION('',(1.,0.,0.));
#14870=DIRECTION('',(0.,0.,1.));
#14871=DIRECTION('',(1.,0.,0.));
#14872=DIRECTION('',(0.,-1.,0.));
#14873=DIRECTION('',(0.,0.,1.));
#14874=DIRECTION('',(1.,0.,0.));
#14875=DIRECTION('',(1.,0.,0.));
#14876=DIRECTION('',(0.,0.,1.));
#14877=DIRECTION('',(1.,0.,0.));
#14878=DIRECTION('',(0.,-1.,0.));
#14879=DIRECTION('',(0.,0.,1.));
#14880=DIRECTION('',(1.,0.,0.));
#14881=DIRECTION('',(1.,0.,0.));
#14882=DIRECTION('',(0.,0.,1.));
#14883=DIRECTION('',(1.,0.,0.));
#14884=DIRECTION('',(0.,-1.,0.));
#14885=DIRECTION('',(0.,0.,1.));
#14886=DIRECTION('',(1.,0.,0.));
#14887=DIRECTION('',(1.,0.,0.));
#14888=DIRECTION('',(0.,0.,1.));
#14889=DIRECTION('',(1.,0.,0.));
#14890=DIRECTION('',(0.,-1.,0.));
#14891=DIRECTION('',(0.,0.,1.));
#14892=DIRECTION('',(1.,0.,0.));
#14893=DIRECTION('',(1.,0.,0.));
#14894=DIRECTION('',(0.,0.,1.));
#14895=DIRECTION('',(1.,0.,0.));
#14896=DIRECTION('',(0.,-1.,0.));
#14897=DIRECTION('',(0.,0.,1.));
#14898=DIRECTION('',(1.,0.,0.));
#14899=DIRECTION('',(1.,0.,0.));
#14900=DIRECTION('',(0.,0.,1.));
#14901=DIRECTION('',(1.,0.,0.));
#14902=DIRECTION('',(0.,-1.,0.));
#14903=DIRECTION('',(0.,0.,1.));
#14904=DIRECTION('',(1.,0.,0.));
#14905=DIRECTION('',(1.,0.,0.));
#14906=DIRECTION('',(0.,0.,1.));
#14907=DIRECTION('',(1.,0.,0.));
#14908=DIRECTION('',(0.,-1.,0.));
#14909=DIRECTION('',(0.,0.,1.));
#14910=DIRECTION('',(1.,0.,0.));
#14911=DIRECTION('',(1.,0.,0.));
#14912=DIRECTION('',(0.,0.,1.));
#14913=DIRECTION('',(1.,0.,0.));
#14914=DIRECTION('',(0.,-1.,0.));
#14915=DIRECTION('',(0.,0.,1.));
#14916=DIRECTION('',(1.,0.,0.));
#14917=DIRECTION('',(1.,0.,0.));
#14918=DIRECTION('',(0.,0.,1.));
#14919=DIRECTION('',(1.,0.,0.));
#14920=DIRECTION('',(0.,-1.,0.));
#14921=DIRECTION('',(0.,0.,1.));
#14922=DIRECTION('',(1.,0.,0.));
#14923=DIRECTION('',(1.,0.,0.));
#14924=DIRECTION('',(0.,0.,1.));
#14925=DIRECTION('',(1.,0.,0.));
#14926=DIRECTION('',(0.,-1.,0.));
#14927=DIRECTION('',(0.,0.,1.));
#14928=DIRECTION('',(1.,0.,0.));
#14929=DIRECTION('',(1.,0.,0.));
#14930=DIRECTION('',(0.,0.,1.));
#14931=DIRECTION('',(1.,0.,0.));
#14932=DIRECTION('',(0.,-1.,0.));
#14933=DIRECTION('',(0.,0.,1.));
#14934=DIRECTION('',(1.,0.,0.));
#14935=DIRECTION('',(1.,0.,0.));
#14936=DIRECTION('',(0.,0.,1.));
#14937=DIRECTION('',(1.,0.,0.));
#14938=DIRECTION('',(0.,-1.,0.));
#14939=DIRECTION('',(0.,0.,1.));
#14940=DIRECTION('',(1.,0.,0.));
#14941=DIRECTION('',(1.,0.,0.));
#14942=DIRECTION('',(0.,0.,1.));
#14943=DIRECTION('',(1.,0.,0.));
#14944=DIRECTION('',(0.,-1.,0.));
#14945=DIRECTION('',(0.,0.,1.));
#14946=DIRECTION('',(1.,0.,0.));
#14947=DIRECTION('',(1.,0.,0.));
#14948=DIRECTION('',(0.,0.,1.));
#14949=DIRECTION('',(1.,0.,0.));
#14950=DIRECTION('',(0.,-1.,0.));
#14951=DIRECTION('',(0.,0.,1.));
#14952=DIRECTION('',(1.,0.,0.));
#14953=DIRECTION('',(1.,0.,0.));
#14954=DIRECTION('',(0.,0.,1.));
#14955=DIRECTION('',(1.,0.,0.));
#14956=DIRECTION('',(0.,-1.,0.));
#14957=DIRECTION('',(0.,0.,1.));
#14958=DIRECTION('',(1.,0.,0.));
#14959=DIRECTION('',(1.,0.,0.));
#14960=DIRECTION('',(0.,0.,1.));
#14961=DIRECTION('',(1.,0.,0.));
#14962=DIRECTION('',(0.,-1.,0.));
#14963=DIRECTION('',(0.,0.,1.));
#14964=DIRECTION('',(1.,0.,0.));
#14965=DIRECTION('',(1.,0.,0.));
#14966=DIRECTION('',(0.,0.,1.));
#14967=DIRECTION('',(1.,0.,0.));
#14968=DIRECTION('',(0.,-1.,0.));
#14969=DIRECTION('',(0.,0.,1.));
#14970=DIRECTION('',(1.,0.,0.));
#14971=DIRECTION('',(1.,0.,0.));
#14972=DIRECTION('',(0.,0.,1.));
#14973=DIRECTION('',(1.,0.,0.));
#14974=DIRECTION('',(0.,-1.,0.));
#14975=DIRECTION('',(0.,0.,1.));
#14976=DIRECTION('',(1.,0.,0.));
#14977=DIRECTION('',(1.,0.,0.));
#14978=DIRECTION('',(0.,0.,1.));
#14979=DIRECTION('',(1.,0.,0.));
#14980=DIRECTION('',(0.,-1.,0.));
#14981=DIRECTION('',(0.,0.,1.));
#14982=DIRECTION('',(1.,0.,0.));
#14983=DIRECTION('',(1.,0.,0.));
#14984=DIRECTION('',(0.,0.,1.));
#14985=DIRECTION('',(1.,0.,0.));
#14986=DIRECTION('',(0.,-1.,0.));
#14987=DIRECTION('',(0.,0.,1.));
#14988=DIRECTION('',(1.,0.,0.));
#14989=DIRECTION('',(1.,0.,0.));
#14990=DIRECTION('',(0.,0.,1.));
#14991=DIRECTION('',(1.,0.,0.));
#14992=DIRECTION('',(0.,-1.,0.));
#14993=DIRECTION('',(0.,0.,1.));
#14994=DIRECTION('',(1.,0.,0.));
#14995=DIRECTION('',(1.,0.,0.));
#14996=DIRECTION('',(0.,0.,1.));
#14997=DIRECTION('',(1.,0.,0.));
#14998=DIRECTION('',(0.,-1.,0.));
#14999=DIRECTION('',(0.,0.,1.));
#15000=DIRECTION('',(1.,0.,0.));
#15001=DIRECTION('',(1.,0.,0.));
#15002=DIRECTION('',(0.,0.,1.));
#15003=DIRECTION('',(1.,0.,0.));
#15004=DIRECTION('',(0.,-1.,0.));
#15005=DIRECTION('',(0.,0.,1.));
#15006=DIRECTION('',(1.,0.,0.));
#15007=DIRECTION('',(0.,-1.,0.));
#15008=DIRECTION('',(0.,0.,1.));
#15009=DIRECTION('',(1.,0.,0.));
#15010=DIRECTION('',(1.,0.,0.));
#15011=DIRECTION('',(0.,0.,1.));
#15012=DIRECTION('',(1.,0.,0.));
#15013=DIRECTION('',(5.55111512312578E-14,-1.,0.));
#15014=DIRECTION('',(0.,0.,1.));
#15015=DIRECTION('',(1.,0.,0.));
#15016=DIRECTION('',(1.,0.,0.));
#15017=DIRECTION('',(1.,0.,0.));
#15018=DIRECTION('',(0.,0.,1.));
#15019=DIRECTION('',(1.,0.,0.));
#15020=DIRECTION('',(0.,-1.,0.));
#15021=DIRECTION('',(0.,0.,1.));
#15022=DIRECTION('',(1.,0.,0.));
#15023=DIRECTION('',(1.,0.,0.));
#15024=DIRECTION('',(0.,0.,1.));
#15025=DIRECTION('',(1.,0.,0.));
#15026=DIRECTION('',(0.,-1.,0.));
#15027=DIRECTION('',(0.,0.,1.));
#15028=DIRECTION('',(1.,0.,0.));
#15029=DIRECTION('',(0.,0.,1.));
#15030=DIRECTION('',(1.,0.,0.));
#15031=DIRECTION('',(1.,0.,0.));
#15032=DIRECTION('',(0.,0.,1.));
#15033=DIRECTION('',(1.,0.,0.));
#15034=DIRECTION('',(0.,-1.,0.));
#15035=DIRECTION('',(0.,0.,1.));
#15036=DIRECTION('',(1.,0.,0.));
#15037=DIRECTION('',(1.,0.,0.));
#15038=DIRECTION('',(0.,0.,1.));
#15039=DIRECTION('',(1.,0.,0.));
#15040=DIRECTION('',(0.,-1.,0.));
#15041=DIRECTION('',(0.,0.,1.));
#15042=DIRECTION('',(1.,0.,0.));
#15043=DIRECTION('',(1.,0.,0.));
#15044=DIRECTION('',(0.,0.,1.));
#15045=DIRECTION('',(1.,0.,0.));
#15046=DIRECTION('',(0.,-1.,0.));
#15047=DIRECTION('',(0.,0.,1.));
#15048=DIRECTION('',(1.,0.,0.));
#15049=DIRECTION('',(1.,0.,0.));
#15050=DIRECTION('',(0.,0.,1.));
#15051=DIRECTION('',(1.,0.,0.));
#15052=DIRECTION('',(0.,-1.,0.));
#15053=DIRECTION('',(0.,0.,1.));
#15054=DIRECTION('',(1.,0.,0.));
#15055=DIRECTION('',(1.,0.,0.));
#15056=DIRECTION('',(0.,0.,1.));
#15057=DIRECTION('',(1.,0.,0.));
#15058=DIRECTION('',(0.,-1.,0.));
#15059=DIRECTION('',(0.,0.,1.));
#15060=DIRECTION('',(1.,0.,0.));
#15061=DIRECTION('',(1.,0.,0.));
#15062=DIRECTION('',(0.,0.,1.));
#15063=DIRECTION('',(1.,0.,0.));
#15064=DIRECTION('',(0.,-1.,0.));
#15065=DIRECTION('',(0.,0.,1.));
#15066=DIRECTION('',(1.,0.,0.));
#15067=DIRECTION('',(1.,0.,0.));
#15068=DIRECTION('',(0.,0.,1.));
#15069=DIRECTION('',(1.,0.,0.));
#15070=DIRECTION('',(0.,-1.,0.));
#15071=DIRECTION('',(0.,0.,1.));
#15072=DIRECTION('',(1.,0.,0.));
#15073=DIRECTION('',(1.,0.,0.));
#15074=DIRECTION('',(0.,0.,1.));
#15075=DIRECTION('',(1.,0.,0.));
#15076=DIRECTION('',(0.,-1.,0.));
#15077=DIRECTION('',(0.,0.,1.));
#15078=DIRECTION('',(1.,0.,0.));
#15079=DIRECTION('',(1.,0.,0.));
#15080=DIRECTION('',(0.,0.,1.));
#15081=DIRECTION('',(1.,0.,0.));
#15082=DIRECTION('',(0.,-1.,0.));
#15083=DIRECTION('',(0.,0.,1.));
#15084=DIRECTION('',(1.,0.,0.));
#15085=DIRECTION('',(1.,0.,0.));
#15086=DIRECTION('',(0.,0.,1.));
#15087=DIRECTION('',(1.,0.,0.));
#15088=DIRECTION('',(0.,-1.,0.));
#15089=DIRECTION('',(0.,0.,1.));
#15090=DIRECTION('',(1.,0.,0.));
#15091=DIRECTION('',(1.,0.,0.));
#15092=DIRECTION('',(0.,0.,1.));
#15093=DIRECTION('',(1.,0.,0.));
#15094=DIRECTION('',(0.,-1.,0.));
#15095=DIRECTION('',(0.,0.,1.));
#15096=DIRECTION('',(1.,0.,0.));
#15097=DIRECTION('',(1.,0.,0.));
#15098=DIRECTION('',(0.,0.,1.));
#15099=DIRECTION('',(1.,0.,0.));
#15100=DIRECTION('',(0.,-1.,0.));
#15101=DIRECTION('',(0.,0.,1.));
#15102=DIRECTION('',(1.,0.,0.));
#15103=DIRECTION('',(1.,0.,0.));
#15104=DIRECTION('',(0.,0.,1.));
#15105=DIRECTION('',(1.,0.,0.));
#15106=DIRECTION('',(0.,-1.,0.));
#15107=DIRECTION('',(0.,0.,1.));
#15108=DIRECTION('',(1.,0.,0.));
#15109=DIRECTION('',(1.,0.,0.));
#15110=DIRECTION('',(0.,0.,1.));
#15111=DIRECTION('',(1.,0.,0.));
#15112=DIRECTION('',(0.,-1.,0.));
#15113=DIRECTION('',(0.,0.,1.));
#15114=DIRECTION('',(1.,0.,0.));
#15115=DIRECTION('',(1.,0.,0.));
#15116=DIRECTION('',(0.,0.,1.));
#15117=DIRECTION('',(1.,0.,0.));
#15118=DIRECTION('',(0.,-1.,0.));
#15119=DIRECTION('',(0.,0.,1.));
#15120=DIRECTION('',(1.,0.,0.));
#15121=DIRECTION('',(1.,0.,0.));
#15122=DIRECTION('',(0.,0.,1.));
#15123=DIRECTION('',(1.,0.,0.));
#15124=DIRECTION('',(0.,-1.,0.));
#15125=DIRECTION('',(0.,0.,1.));
#15126=DIRECTION('',(1.,0.,0.));
#15127=DIRECTION('',(0.,0.,1.));
#15128=DIRECTION('',(1.,0.,0.));
#15129=DIRECTION('',(0.,0.,1.));
#15130=DIRECTION('',(1.,0.,0.));
#15131=DIRECTION('',(0.,0.,1.));
#15132=DIRECTION('',(1.,0.,0.));
#15133=DIRECTION('',(1.,0.,0.));
#15134=DIRECTION('',(0.,-1.,0.));
#15135=DIRECTION('',(1.,0.,0.));
#15136=DIRECTION('',(0.,-1.,0.));
#15137=DIRECTION('',(0.,1.,0.));
#15138=DIRECTION('',(0.,0.,1.));
#15139=DIRECTION('',(0.,0.,-1.));
#15140=DIRECTION('',(0.,0.,-1.));
#15141=DIRECTION('',(0.,0.,-1.));
#15142=DIRECTION('',(-1.,0.,0.));
#15143=DIRECTION('',(0.,0.,-1.));
#15144=DIRECTION('',(1.,0.,0.));
#15145=DIRECTION('',(0.,0.,-1.));
#15146=DIRECTION('',(0.,0.,-1.));
#15147=DIRECTION('',(0.,0.,-1.));
#15148=DIRECTION('',(-1.,0.,0.));
#15149=DIRECTION('',(0.,0.,-1.));
#15150=DIRECTION('',(0.,1.,0.));
#15151=DIRECTION('',(0.,0.,1.));
#15152=DIRECTION('',(0.,0.,-1.));
#15153=DIRECTION('',(0.,0.,-1.));
#15154=DIRECTION('',(-1.,0.,0.));
#15155=DIRECTION('',(0.,0.,-1.));
#15156=DIRECTION('',(1.,0.,0.));
#15157=DIRECTION('',(0.,0.,-1.));
#15158=DIRECTION('',(0.,0.,-1.));
#15159=DIRECTION('',(0.,0.,-1.));
#15160=DIRECTION('',(-1.,0.,0.));
#15161=DIRECTION('',(1.,0.,0.));
#15162=DIRECTION('',(0.,0.,-1.));
#15163=DIRECTION('',(0.,0.,-1.));
#15164=DIRECTION('',(0.,0.,-1.));
#15165=DIRECTION('',(0.,0.,-1.));
#15166=DIRECTION('',(-1.,0.,0.));
#15167=DIRECTION('',(0.,0.,-1.));
#15168=DIRECTION('',(0.,1.,0.));
#15169=DIRECTION('',(0.,0.,1.));
#15170=DIRECTION('',(0.,0.,-1.));
#15171=DIRECTION('',(0.,0.,-1.));
#15172=DIRECTION('',(-1.,0.,0.));
#15173=DIRECTION('',(0.,0.,-1.));
#15174=DIRECTION('',(1.,5.55111512312578E-14,0.));
#15175=DIRECTION('',(-5.55111512312578E-14,1.,0.));
#15176=DIRECTION('',(0.,0.,-1.));
#15177=DIRECTION('',(0.,0.,-1.));
#15178=DIRECTION('',(-1.,0.,0.));
#15179=DIRECTION('',(0.,0.,-1.));
#15180=DIRECTION('',(0.,1.,0.));
#15181=DIRECTION('',(0.,0.,1.));
#15182=DIRECTION('',(0.,0.,-1.));
#15183=DIRECTION('',(0.,0.,-1.));
#15184=DIRECTION('',(-1.,0.,0.));
#15185=DIRECTION('',(0.,1.,0.));
#15186=DIRECTION('',(0.,0.,1.));
#15187=DIRECTION('',(0.,0.,-1.));
#15188=DIRECTION('',(0.,0.,-1.));
#15189=DIRECTION('',(0.,0.,-1.));
#15190=DIRECTION('',(-1.,0.,0.));
#15191=DIRECTION('',(0.,0.,-1.));
#15192=DIRECTION('',(1.,0.,0.));
#15193=DIRECTION('',(0.,0.,-1.));
#15194=DIRECTION('',(0.,0.,-1.));
#15195=DIRECTION('',(0.,0.,-1.));
#15196=DIRECTION('',(-1.,0.,0.));
#15197=DIRECTION('',(0.,0.,-1.));
#15198=DIRECTION('',(0.,1.,0.));
#15199=DIRECTION('',(0.,0.,1.));
#15200=DIRECTION('',(0.,0.,-1.));
#15201=DIRECTION('',(0.,0.,-1.));
#15202=DIRECTION('',(-1.,0.,0.));
#15203=DIRECTION('',(0.,0.,-1.));
#15204=DIRECTION('',(1.,0.,0.));
#15205=DIRECTION('',(0.,0.,-1.));
#15206=DIRECTION('',(0.,0.,-1.));
#15207=DIRECTION('',(0.,0.,-1.));
#15208=DIRECTION('',(-1.,0.,0.));
#15209=DIRECTION('',(0.,1.,0.));
#15210=DIRECTION('',(0.,0.,1.));
#15211=DIRECTION('',(0.,0.,-1.));
#15212=DIRECTION('',(0.,0.,-1.));
#15213=DIRECTION('',(0.,0.,-1.));
#15214=DIRECTION('',(-1.,0.,0.));
#15215=DIRECTION('',(0.,0.,-1.));
#15216=DIRECTION('',(1.,0.,0.));
#15217=DIRECTION('',(0.,0.,-1.));
#15218=DIRECTION('',(0.,0.,-1.));
#15219=DIRECTION('',(0.,0.,-1.));
#15220=DIRECTION('',(-1.,0.,0.));
#15221=DIRECTION('',(0.,0.,-1.));
#15222=DIRECTION('',(0.,1.,0.));
#15223=DIRECTION('',(0.,0.,1.));
#15224=DIRECTION('',(0.,0.,-1.));
#15225=DIRECTION('',(0.,0.,-1.));
#15226=DIRECTION('',(-1.,0.,0.));
#15227=DIRECTION('',(0.,0.,-1.));
#15228=DIRECTION('',(1.,0.,0.));
#15229=DIRECTION('',(0.,0.,-1.));
#15230=DIRECTION('',(0.,0.,-1.));
#15231=DIRECTION('',(0.,0.,-1.));
#15232=DIRECTION('',(-1.,0.,0.));
#15233=DIRECTION('',(0.,1.,0.));
#15234=DIRECTION('',(0.,0.,1.));
#15235=DIRECTION('',(0.,0.,-1.));
#15236=DIRECTION('',(0.,0.,-1.));
#15237=DIRECTION('',(0.,0.,-1.));
#15238=DIRECTION('',(-1.,0.,0.));
#15239=DIRECTION('',(0.,0.,-1.));
#15240=DIRECTION('',(1.,0.,0.));
#15241=DIRECTION('',(0.,0.,-1.));
#15242=DIRECTION('',(0.,0.,-1.));
#15243=DIRECTION('',(0.,0.,-1.));
#15244=DIRECTION('',(-1.,0.,0.));
#15245=DIRECTION('',(0.,0.,-1.));
#15246=DIRECTION('',(0.,1.,0.));
#15247=DIRECTION('',(0.,0.,1.));
#15248=DIRECTION('',(0.,0.,-1.));
#15249=DIRECTION('',(0.,0.,-1.));
#15250=DIRECTION('',(-1.,0.,0.));
#15251=DIRECTION('',(0.,0.,-1.));
#15252=DIRECTION('',(1.,0.,0.));
#15253=DIRECTION('',(0.,0.,-1.));
#15254=DIRECTION('',(0.,0.,-1.));
#15255=DIRECTION('',(0.,0.,-1.));
#15256=DIRECTION('',(-1.,0.,0.));
#15257=DIRECTION('',(0.,1.,0.));
#15258=DIRECTION('',(0.,0.,1.));
#15259=DIRECTION('',(0.,0.,-1.));
#15260=DIRECTION('',(0.,0.,-1.));
#15261=DIRECTION('',(0.,0.,-1.));
#15262=DIRECTION('',(-1.,0.,0.));
#15263=DIRECTION('',(0.,0.,-1.));
#15264=DIRECTION('',(1.,0.,0.));
#15265=DIRECTION('',(0.,0.,-1.));
#15266=DIRECTION('',(0.,0.,-1.));
#15267=DIRECTION('',(0.,0.,-1.));
#15268=DIRECTION('',(-1.,0.,0.));
#15269=DIRECTION('',(0.,0.,-1.));
#15270=DIRECTION('',(0.,1.,0.));
#15271=DIRECTION('',(0.,0.,1.));
#15272=DIRECTION('',(0.,0.,-1.));
#15273=DIRECTION('',(0.,0.,-1.));
#15274=DIRECTION('',(-1.,0.,0.));
#15275=DIRECTION('',(0.,0.,-1.));
#15276=DIRECTION('',(1.,0.,0.));
#15277=DIRECTION('',(0.,0.,-1.));
#15278=DIRECTION('',(0.,0.,-1.));
#15279=DIRECTION('',(0.,0.,-1.));
#15280=DIRECTION('',(-1.,0.,0.));
#15281=DIRECTION('',(0.,1.,0.));
#15282=DIRECTION('',(0.,0.,1.));
#15283=DIRECTION('',(0.,0.,-1.));
#15284=DIRECTION('',(0.,0.,-1.));
#15285=DIRECTION('',(0.,0.,-1.));
#15286=DIRECTION('',(-1.,0.,0.));
#15287=DIRECTION('',(0.,0.,-1.));
#15288=DIRECTION('',(1.,0.,0.));
#15289=DIRECTION('',(0.,0.,-1.));
#15290=DIRECTION('',(0.,0.,-1.));
#15291=DIRECTION('',(0.,0.,-1.));
#15292=DIRECTION('',(-1.,0.,0.));
#15293=DIRECTION('',(0.,0.,-1.));
#15294=DIRECTION('',(0.,1.,0.));
#15295=DIRECTION('',(0.,0.,1.));
#15296=DIRECTION('',(0.,0.,-1.));
#15297=DIRECTION('',(0.,0.,-1.));
#15298=DIRECTION('',(-1.,0.,0.));
#15299=DIRECTION('',(0.,0.,-1.));
#15300=DIRECTION('',(1.,0.,0.));
#15301=DIRECTION('',(0.,0.,-1.));
#15302=DIRECTION('',(0.,0.,-1.));
#15303=DIRECTION('',(0.,0.,-1.));
#15304=DIRECTION('',(-1.,0.,0.));
#15305=DIRECTION('',(0.,1.,0.));
#15306=DIRECTION('',(0.,0.,1.));
#15307=DIRECTION('',(0.,0.,-1.));
#15308=DIRECTION('',(0.,0.,-1.));
#15309=DIRECTION('',(0.,0.,-1.));
#15310=DIRECTION('',(-1.,0.,0.));
#15311=DIRECTION('',(0.,0.,-1.));
#15312=DIRECTION('',(1.,0.,0.));
#15313=DIRECTION('',(0.,0.,-1.));
#15314=DIRECTION('',(0.,0.,-1.));
#15315=DIRECTION('',(0.,0.,-1.));
#15316=DIRECTION('',(-1.,0.,0.));
#15317=DIRECTION('',(0.,0.,-1.));
#15318=DIRECTION('',(0.,1.,0.));
#15319=DIRECTION('',(0.,0.,1.));
#15320=DIRECTION('',(0.,0.,-1.));
#15321=DIRECTION('',(0.,0.,-1.));
#15322=DIRECTION('',(-1.,0.,0.));
#15323=DIRECTION('',(0.,0.,-1.));
#15324=DIRECTION('',(1.,0.,0.));
#15325=DIRECTION('',(0.,0.,-1.));
#15326=DIRECTION('',(0.,0.,-1.));
#15327=DIRECTION('',(0.,0.,-1.));
#15328=DIRECTION('',(-1.,0.,0.));
#15329=DIRECTION('',(0.,1.,0.));
#15330=DIRECTION('',(0.,0.,1.));
#15331=DIRECTION('',(0.,0.,-1.));
#15332=DIRECTION('',(0.,0.,-1.));
#15333=DIRECTION('',(0.,0.,-1.));
#15334=DIRECTION('',(-1.,0.,0.));
#15335=DIRECTION('',(0.,0.,-1.));
#15336=DIRECTION('',(1.,0.,0.));
#15337=DIRECTION('',(0.,0.,-1.));
#15338=DIRECTION('',(0.,0.,-1.));
#15339=DIRECTION('',(0.,0.,-1.));
#15340=DIRECTION('',(-1.,0.,0.));
#15341=DIRECTION('',(0.,0.,-1.));
#15342=DIRECTION('',(0.,1.,0.));
#15343=DIRECTION('',(0.,0.,1.));
#15344=DIRECTION('',(0.,0.,-1.));
#15345=DIRECTION('',(0.,0.,-1.));
#15346=DIRECTION('',(-1.,0.,0.));
#15347=DIRECTION('',(0.,0.,-1.));
#15348=DIRECTION('',(1.,0.,0.));
#15349=DIRECTION('',(0.,0.,-1.));
#15350=DIRECTION('',(0.,0.,-1.));
#15351=DIRECTION('',(0.,0.,-1.));
#15352=DIRECTION('',(-1.,0.,0.));
#15353=DIRECTION('',(0.,1.,0.));
#15354=DIRECTION('',(0.,0.,1.));
#15355=DIRECTION('',(0.,0.,-1.));
#15356=DIRECTION('',(0.,0.,-1.));
#15357=DIRECTION('',(0.,0.,-1.));
#15358=DIRECTION('',(-1.,0.,0.));
#15359=DIRECTION('',(0.,0.,-1.));
#15360=DIRECTION('',(1.,0.,0.));
#15361=DIRECTION('',(0.,0.,-1.));
#15362=DIRECTION('',(0.,0.,-1.));
#15363=DIRECTION('',(0.,0.,-1.));
#15364=DIRECTION('',(-1.,0.,0.));
#15365=DIRECTION('',(0.,0.,-1.));
#15366=DIRECTION('',(0.,1.,0.));
#15367=DIRECTION('',(0.,0.,1.));
#15368=DIRECTION('',(0.,0.,-1.));
#15369=DIRECTION('',(0.,0.,-1.));
#15370=DIRECTION('',(-1.,0.,0.));
#15371=DIRECTION('',(0.,0.,-1.));
#15372=DIRECTION('',(1.,0.,0.));
#15373=DIRECTION('',(0.,0.,-1.));
#15374=DIRECTION('',(0.,0.,-1.));
#15375=DIRECTION('',(0.,0.,-1.));
#15376=DIRECTION('',(-1.,0.,0.));
#15377=DIRECTION('',(0.,0.,-1.));
#15378=DIRECTION('',(-1.,0.,0.));
#15379=DIRECTION('',(0.,0.,-1.));
#15380=DIRECTION('',(0.,0.,-1.));
#15381=DIRECTION('',(0.,1.,0.));
#15382=DIRECTION('',(0.,0.,1.));
#15383=DIRECTION('',(0.,0.,-1.));
#15384=DIRECTION('',(0.,0.,-1.));
#15385=DIRECTION('',(-1.,0.,0.));
#15386=DIRECTION('',(0.,0.,-1.));
#15387=DIRECTION('',(1.,0.,0.));
#15388=DIRECTION('',(0.,0.,-1.));
#15389=DIRECTION('',(0.,0.,-1.));
#15390=DIRECTION('',(0.,0.,-1.));
#15391=DIRECTION('',(-1.,0.,0.));
#15392=DIRECTION('',(0.,0.,-1.));
#15393=DIRECTION('',(0.,1.,0.));
#15394=DIRECTION('',(0.,0.,1.));
#15395=DIRECTION('',(0.,0.,-1.));
#15396=DIRECTION('',(0.,0.,-1.));
#15397=DIRECTION('',(-1.,0.,0.));
#15398=DIRECTION('',(0.,0.,-1.));
#15399=DIRECTION('',(1.,0.,0.));
#15400=DIRECTION('',(0.,0.,-1.));
#15401=DIRECTION('',(0.,1.,0.));
#15402=DIRECTION('',(0.,0.,1.));
#15403=DIRECTION('',(0.,0.,-1.));
#15404=DIRECTION('',(0.,0.,-1.));
#15405=DIRECTION('',(0.,0.,-1.));
#15406=DIRECTION('',(-1.,0.,0.));
#15407=DIRECTION('',(0.,0.,-1.));
#15408=DIRECTION('',(1.,0.,0.));
#15409=DIRECTION('',(0.,0.,-1.));
#15410=DIRECTION('',(0.,0.,-1.));
#15411=DIRECTION('',(0.,0.,-1.));
#15412=DIRECTION('',(-1.,0.,0.));
#15413=DIRECTION('',(0.,0.,-1.));
#15414=DIRECTION('',(0.,1.,0.));
#15415=DIRECTION('',(0.,0.,1.));
#15416=DIRECTION('',(0.,0.,-1.));
#15417=DIRECTION('',(0.,0.,-1.));
#15418=DIRECTION('',(-1.,0.,0.));
#15419=DIRECTION('',(0.,0.,-1.));
#15420=DIRECTION('',(1.,0.,0.));
#15421=DIRECTION('',(0.,0.,-1.));
#15422=DIRECTION('',(0.,0.,-1.));
#15423=DIRECTION('',(0.,0.,-1.));
#15424=DIRECTION('',(-1.,0.,0.));
#15425=DIRECTION('',(0.,0.,-1.));
#15426=DIRECTION('',(-1.,0.,0.));
#15427=DIRECTION('',(0.,0.,-1.));
#15428=DIRECTION('',(0.,0.,-1.));
#15429=DIRECTION('',(0.,1.,0.));
#15430=DIRECTION('',(0.,0.,1.));
#15431=DIRECTION('',(0.,0.,-1.));
#15432=DIRECTION('',(0.,0.,-1.));
#15433=DIRECTION('',(-1.,0.,0.));
#15434=DIRECTION('',(0.,0.,-1.));
#15435=DIRECTION('',(1.,0.,0.));
#15436=DIRECTION('',(0.,0.,-1.));
#15437=DIRECTION('',(0.,0.,-1.));
#15438=DIRECTION('',(0.,0.,-1.));
#15439=DIRECTION('',(-1.,0.,0.));
#15440=DIRECTION('',(0.,0.,-1.));
#15441=DIRECTION('',(0.,1.,0.));
#15442=DIRECTION('',(0.,0.,1.));
#15443=DIRECTION('',(0.,0.,-1.));
#15444=DIRECTION('',(0.,0.,-1.));
#15445=DIRECTION('',(-1.,0.,0.));
#15446=DIRECTION('',(0.,0.,-1.));
#15447=DIRECTION('',(1.,0.,0.));
#15448=DIRECTION('',(0.,0.,-1.));
#15449=DIRECTION('',(0.,1.,0.));
#15450=DIRECTION('',(0.,0.,1.));
#15451=DIRECTION('',(0.,0.,-1.));
#15452=DIRECTION('',(0.,0.,-1.));
#15453=DIRECTION('',(0.,0.,-1.));
#15454=DIRECTION('',(-1.,0.,0.));
#15455=DIRECTION('',(0.,0.,-1.));
#15456=DIRECTION('',(1.,0.,0.));
#15457=DIRECTION('',(0.,0.,-1.));
#15458=DIRECTION('',(0.,0.,-1.));
#15459=DIRECTION('',(0.,0.,-1.));
#15460=DIRECTION('',(-1.,0.,0.));
#15461=DIRECTION('',(0.,0.,-1.));
#15462=DIRECTION('',(0.,1.,0.));
#15463=DIRECTION('',(0.,0.,1.));
#15464=DIRECTION('',(0.,0.,-1.));
#15465=DIRECTION('',(0.,0.,-1.));
#15466=DIRECTION('',(-1.,0.,0.));
#15467=DIRECTION('',(0.,0.,-1.));
#15468=DIRECTION('',(1.,0.,0.));
#15469=DIRECTION('',(0.,0.,-1.));
#15470=DIRECTION('',(0.,0.,-1.));
#15471=DIRECTION('',(0.,0.,-1.));
#15472=DIRECTION('',(-1.,0.,0.));
#15473=DIRECTION('',(0.,1.,0.));
#15474=DIRECTION('',(0.,0.,1.));
#15475=DIRECTION('',(0.,0.,-1.));
#15476=DIRECTION('',(0.,0.,-1.));
#15477=DIRECTION('',(0.,0.,-1.));
#15478=DIRECTION('',(-1.,0.,0.));
#15479=DIRECTION('',(0.,0.,-1.));
#15480=DIRECTION('',(1.,0.,0.));
#15481=DIRECTION('',(0.,0.,-1.));
#15482=DIRECTION('',(0.,0.,-1.));
#15483=DIRECTION('',(0.,0.,-1.));
#15484=DIRECTION('',(-1.,0.,0.));
#15485=DIRECTION('',(0.,0.,-1.));
#15486=DIRECTION('',(0.,1.,0.));
#15487=DIRECTION('',(0.,0.,1.));
#15488=DIRECTION('',(0.,0.,-1.));
#15489=DIRECTION('',(0.,0.,-1.));
#15490=DIRECTION('',(-1.,0.,0.));
#15491=DIRECTION('',(0.,0.,-1.));
#15492=DIRECTION('',(1.,0.,0.));
#15493=DIRECTION('',(0.,0.,-1.));
#15494=DIRECTION('',(0.,0.,-1.));
#15495=DIRECTION('',(0.,0.,-1.));
#15496=DIRECTION('',(-1.,0.,0.));
#15497=DIRECTION('',(0.,1.,0.));
#15498=DIRECTION('',(0.,0.,1.));
#15499=DIRECTION('',(0.,0.,-1.));
#15500=DIRECTION('',(0.,0.,-1.));
#15501=DIRECTION('',(0.,0.,-1.));
#15502=DIRECTION('',(-1.,0.,0.));
#15503=DIRECTION('',(0.,0.,-1.));
#15504=DIRECTION('',(1.,0.,0.));
#15505=DIRECTION('',(0.,0.,-1.));
#15506=DIRECTION('',(0.,0.,-1.));
#15507=DIRECTION('',(0.,0.,-1.));
#15508=DIRECTION('',(-1.,0.,0.));
#15509=DIRECTION('',(0.,0.,-1.));
#15510=DIRECTION('',(0.,1.,0.));
#15511=DIRECTION('',(0.,0.,1.));
#15512=DIRECTION('',(0.,0.,-1.));
#15513=DIRECTION('',(0.,0.,-1.));
#15514=DIRECTION('',(-1.,0.,0.));
#15515=DIRECTION('',(0.,0.,-1.));
#15516=DIRECTION('',(1.,0.,0.));
#15517=DIRECTION('',(0.,0.,-1.));
#15518=DIRECTION('',(0.,0.,-1.));
#15519=DIRECTION('',(0.,0.,-1.));
#15520=DIRECTION('',(-1.,0.,0.));
#15521=DIRECTION('',(0.,1.,0.));
#15522=DIRECTION('',(0.,0.,1.));
#15523=DIRECTION('',(0.,0.,-1.));
#15524=DIRECTION('',(0.,0.,-1.));
#15525=DIRECTION('',(0.,0.,-1.));
#15526=DIRECTION('',(-1.,0.,0.));
#15527=DIRECTION('',(0.,0.,-1.));
#15528=DIRECTION('',(1.,0.,0.));
#15529=DIRECTION('',(0.,0.,-1.));
#15530=DIRECTION('',(0.,0.,-1.));
#15531=DIRECTION('',(0.,0.,-1.));
#15532=DIRECTION('',(-1.,0.,0.));
#15533=DIRECTION('',(0.,0.,-1.));
#15534=DIRECTION('',(0.,1.,0.));
#15535=DIRECTION('',(0.,0.,1.));
#15536=DIRECTION('',(0.,0.,-1.));
#15537=DIRECTION('',(0.,0.,-1.));
#15538=DIRECTION('',(-1.,0.,0.));
#15539=DIRECTION('',(0.,0.,-1.));
#15540=DIRECTION('',(1.,0.,0.));
#15541=DIRECTION('',(0.,0.,-1.));
#15542=DIRECTION('',(0.,0.,-1.));
#15543=DIRECTION('',(0.,0.,-1.));
#15544=DIRECTION('',(-1.,0.,0.));
#15545=DIRECTION('',(0.,1.,0.));
#15546=DIRECTION('',(0.,0.,1.));
#15547=DIRECTION('',(0.,0.,-1.));
#15548=DIRECTION('',(0.,0.,-1.));
#15549=DIRECTION('',(0.,0.,-1.));
#15550=DIRECTION('',(-1.,0.,0.));
#15551=DIRECTION('',(0.,0.,-1.));
#15552=DIRECTION('',(1.,0.,0.));
#15553=DIRECTION('',(0.,0.,-1.));
#15554=DIRECTION('',(0.,0.,-1.));
#15555=DIRECTION('',(0.,0.,-1.));
#15556=DIRECTION('',(-1.,0.,0.));
#15557=DIRECTION('',(0.,0.,-1.));
#15558=DIRECTION('',(0.,1.,0.));
#15559=DIRECTION('',(0.,0.,1.));
#15560=DIRECTION('',(0.,0.,-1.));
#15561=DIRECTION('',(0.,0.,-1.));
#15562=DIRECTION('',(-1.,0.,0.));
#15563=DIRECTION('',(0.,0.,-1.));
#15564=DIRECTION('',(1.,0.,0.));
#15565=DIRECTION('',(0.,0.,-1.));
#15566=DIRECTION('',(0.,0.,-1.));
#15567=DIRECTION('',(0.,0.,-1.));
#15568=DIRECTION('',(-1.,0.,0.));
#15569=DIRECTION('',(0.,1.,0.));
#15570=DIRECTION('',(0.,0.,1.));
#15571=DIRECTION('',(0.,0.,-1.));
#15572=DIRECTION('',(0.,0.,-1.));
#15573=DIRECTION('',(0.,0.,-1.));
#15574=DIRECTION('',(-1.,0.,0.));
#15575=DIRECTION('',(0.,0.,-1.));
#15576=DIRECTION('',(1.,0.,0.));
#15577=DIRECTION('',(0.,0.,-1.));
#15578=DIRECTION('',(0.,0.,-1.));
#15579=DIRECTION('',(0.,0.,-1.));
#15580=DIRECTION('',(-1.,0.,0.));
#15581=DIRECTION('',(0.,0.,-1.));
#15582=DIRECTION('',(0.,1.,0.));
#15583=DIRECTION('',(0.,0.,1.));
#15584=DIRECTION('',(0.,0.,-1.));
#15585=DIRECTION('',(0.,0.,-1.));
#15586=DIRECTION('',(-1.,0.,0.));
#15587=DIRECTION('',(0.,0.,-1.));
#15588=DIRECTION('',(1.,0.,0.));
#15589=DIRECTION('',(0.,0.,-1.));
#15590=DIRECTION('',(0.,0.,-1.));
#15591=DIRECTION('',(0.,0.,-1.));
#15592=DIRECTION('',(-1.,0.,0.));
#15593=DIRECTION('',(0.,1.,0.));
#15594=DIRECTION('',(0.,0.,1.));
#15595=DIRECTION('',(0.,0.,-1.));
#15596=DIRECTION('',(0.,0.,-1.));
#15597=DIRECTION('',(0.,0.,-1.));
#15598=DIRECTION('',(-1.,0.,0.));
#15599=DIRECTION('',(0.,0.,-1.));
#15600=DIRECTION('',(1.,0.,0.));
#15601=DIRECTION('',(0.,0.,-1.));
#15602=DIRECTION('',(0.,0.,-1.));
#15603=DIRECTION('',(0.,0.,-1.));
#15604=DIRECTION('',(-1.,0.,0.));
#15605=DIRECTION('',(0.,0.,-1.));
#15606=DIRECTION('',(0.,1.,0.));
#15607=DIRECTION('',(0.,0.,1.));
#15608=DIRECTION('',(0.,0.,-1.));
#15609=DIRECTION('',(0.,0.,-1.));
#15610=DIRECTION('',(-1.,0.,0.));
#15611=DIRECTION('',(0.,0.,-1.));
#15612=DIRECTION('',(1.,0.,0.));
#15613=DIRECTION('',(0.,0.,-1.));
#15614=DIRECTION('',(0.,0.,-1.));
#15615=DIRECTION('',(0.,0.,-1.));
#15616=DIRECTION('',(-1.,0.,0.));
#15617=DIRECTION('',(0.,1.,0.));
#15618=DIRECTION('',(0.,0.,1.));
#15619=DIRECTION('',(0.,0.,-1.));
#15620=DIRECTION('',(0.,0.,-1.));
#15621=DIRECTION('',(0.,0.,-1.));
#15622=DIRECTION('',(-1.,0.,0.));
#15623=DIRECTION('',(0.,0.,-1.));
#15624=DIRECTION('',(1.,0.,0.));
#15625=DIRECTION('',(0.,0.,-1.));
#15626=DIRECTION('',(0.,0.,-1.));
#15627=DIRECTION('',(0.,0.,-1.));
#15628=DIRECTION('',(-1.,0.,0.));
#15629=DIRECTION('',(0.,0.,-1.));
#15630=DIRECTION('',(0.,1.,0.));
#15631=DIRECTION('',(0.,0.,1.));
#15632=DIRECTION('',(0.,0.,-1.));
#15633=DIRECTION('',(0.,0.,-1.));
#15634=DIRECTION('',(-1.,0.,0.));
#15635=DIRECTION('',(0.,0.,-1.));
#15636=DIRECTION('',(1.,0.,0.));
#15637=DIRECTION('',(0.,0.,-1.));
#15638=DIRECTION('',(0.,0.,-1.));
#15639=DIRECTION('',(0.,0.,-1.));
#15640=DIRECTION('',(-1.,0.,0.));
#15641=DIRECTION('',(0.,1.,0.));
#15642=DIRECTION('',(0.,0.,1.));
#15643=DIRECTION('',(0.,0.,-1.));
#15644=DIRECTION('',(0.,0.,-1.));
#15645=DIRECTION('',(0.,0.,-1.));
#15646=DIRECTION('',(-1.,0.,0.));
#15647=DIRECTION('',(0.,0.,-1.));
#15648=DIRECTION('',(1.,0.,0.));
#15649=DIRECTION('',(0.,0.,-1.));
#15650=DIRECTION('',(0.,0.,-1.));
#15651=DIRECTION('',(0.,0.,-1.));
#15652=DIRECTION('',(-1.,0.,0.));
#15653=DIRECTION('',(0.,0.,-1.));
#15654=DIRECTION('',(0.,1.,0.));
#15655=DIRECTION('',(0.,0.,1.));
#15656=DIRECTION('',(0.,0.,-1.));
#15657=DIRECTION('',(0.,0.,-1.));
#15658=DIRECTION('',(-1.,0.,0.));
#15659=DIRECTION('',(0.,0.,-1.));
#15660=DIRECTION('',(1.,0.,0.));
#15661=DIRECTION('',(0.,0.,-1.));
#15662=DIRECTION('',(0.,0.,-1.));
#15663=DIRECTION('',(0.,0.,-1.));
#15664=DIRECTION('',(-1.,0.,0.));
#15665=DIRECTION('',(0.,1.,0.));
#15666=DIRECTION('',(0.,0.,1.));
#15667=DIRECTION('',(0.,0.,-1.));
#15668=DIRECTION('',(0.,0.,-1.));
#15669=DIRECTION('',(0.,0.,-1.));
#15670=DIRECTION('',(-1.,0.,0.));
#15671=DIRECTION('',(0.,0.,-1.));
#15672=DIRECTION('',(1.,0.,0.));
#15673=DIRECTION('',(0.,0.,-1.));
#15674=DIRECTION('',(0.,0.,-1.));
#15675=DIRECTION('',(0.,0.,-1.));
#15676=DIRECTION('',(-1.,0.,0.));
#15677=DIRECTION('',(0.,0.,-1.));
#15678=DIRECTION('',(0.,1.,0.));
#15679=DIRECTION('',(0.,0.,1.));
#15680=DIRECTION('',(0.,0.,-1.));
#15681=DIRECTION('',(0.,0.,-1.));
#15682=DIRECTION('',(-1.,0.,0.));
#15683=DIRECTION('',(0.,0.,-1.));
#15684=DIRECTION('',(1.,0.,0.));
#15685=DIRECTION('',(0.,0.,-1.));
#15686=DIRECTION('',(0.,0.,-1.));
#15687=DIRECTION('',(0.,0.,-1.));
#15688=DIRECTION('',(-1.,0.,0.));
#15689=DIRECTION('',(0.,1.,0.));
#15690=DIRECTION('',(0.,0.,1.));
#15691=DIRECTION('',(0.,0.,-1.));
#15692=DIRECTION('',(0.,0.,-1.));
#15693=DIRECTION('',(0.,0.,-1.));
#15694=DIRECTION('',(-1.,0.,0.));
#15695=DIRECTION('',(0.,0.,-1.));
#15696=DIRECTION('',(1.,0.,0.));
#15697=DIRECTION('',(0.,0.,-1.));
#15698=DIRECTION('',(0.,0.,-1.));
#15699=DIRECTION('',(0.,0.,-1.));
#15700=DIRECTION('',(-1.,0.,0.));
#15701=DIRECTION('',(0.,0.,-1.));
#15702=DIRECTION('',(0.,1.,0.));
#15703=DIRECTION('',(0.,0.,1.));
#15704=DIRECTION('',(0.,0.,-1.));
#15705=DIRECTION('',(0.,0.,-1.));
#15706=DIRECTION('',(-1.,0.,0.));
#15707=DIRECTION('',(0.,0.,-1.));
#15708=DIRECTION('',(1.,0.,0.));
#15709=DIRECTION('',(0.,0.,-1.));
#15710=DIRECTION('',(0.,0.,-1.));
#15711=DIRECTION('',(0.,0.,-1.));
#15712=DIRECTION('',(-1.,0.,0.));
#15713=DIRECTION('',(0.,0.,-1.));
#15714=DIRECTION('',(-1.,0.,0.));
#15715=DIRECTION('',(0.,0.,-1.));
#15716=DIRECTION('',(0.,0.,-1.));
#15717=DIRECTION('',(0.,1.,0.));
#15718=DIRECTION('',(0.,0.,1.));
#15719=DIRECTION('',(0.,0.,-1.));
#15720=DIRECTION('',(0.,0.,-1.));
#15721=DIRECTION('',(-1.,0.,0.));
#15722=DIRECTION('',(0.,0.,-1.));
#15723=DIRECTION('',(1.,0.,0.));
#15724=DIRECTION('',(0.,0.,-1.));
#15725=DIRECTION('',(0.,0.,-1.));
#15726=DIRECTION('',(0.,0.,-1.));
#15727=DIRECTION('',(-1.,0.,0.));
#15728=DIRECTION('',(0.,0.,-1.));
#15729=DIRECTION('',(0.,1.,0.));
#15730=DIRECTION('',(0.,0.,1.));
#15731=DIRECTION('',(0.,0.,-1.));
#15732=DIRECTION('',(0.,0.,-1.));
#15733=DIRECTION('',(-1.,0.,0.));
#15734=DIRECTION('',(0.,0.,-1.));
#15735=DIRECTION('',(1.,0.,0.));
#15736=DIRECTION('',(0.,0.,-1.));
#15737=DIRECTION('',(0.,1.,0.));
#15738=DIRECTION('',(0.,0.,1.));
#15739=DIRECTION('',(0.,0.,-1.));
#15740=DIRECTION('',(0.,0.,-1.));
#15741=DIRECTION('',(0.,0.,-1.));
#15742=DIRECTION('',(-1.,0.,0.));
#15743=DIRECTION('',(0.,0.,-1.));
#15744=DIRECTION('',(1.,0.,0.));
#15745=DIRECTION('',(0.,0.,-1.));
#15746=DIRECTION('',(0.,0.,-1.));
#15747=DIRECTION('',(0.,0.,-1.));
#15748=DIRECTION('',(-1.,0.,0.));
#15749=DIRECTION('',(0.,0.,-1.));
#15750=DIRECTION('',(0.,1.,0.));
#15751=DIRECTION('',(0.,0.,1.));
#15752=DIRECTION('',(0.,0.,-1.));
#15753=DIRECTION('',(0.,0.,-1.));
#15754=DIRECTION('',(-1.,0.,0.));
#15755=DIRECTION('',(0.,0.,-1.));
#15756=DIRECTION('',(1.,0.,0.));
#15757=DIRECTION('',(0.,0.,-1.));
#15758=DIRECTION('',(0.,0.,-1.));
#15759=DIRECTION('',(0.,0.,-1.));
#15760=DIRECTION('',(-1.,0.,0.));
#15761=DIRECTION('',(0.,0.,-1.));
#15762=DIRECTION('',(-1.,0.,0.));
#15763=DIRECTION('',(0.,0.,-1.));
#15764=DIRECTION('',(0.,0.,-1.));
#15765=DIRECTION('',(0.,1.,0.));
#15766=DIRECTION('',(0.,0.,1.));
#15767=DIRECTION('',(0.,0.,-1.));
#15768=DIRECTION('',(0.,0.,-1.));
#15769=DIRECTION('',(-1.,0.,0.));
#15770=DIRECTION('',(0.,0.,-1.));
#15771=DIRECTION('',(1.,0.,0.));
#15772=DIRECTION('',(0.,0.,-1.));
#15773=DIRECTION('',(0.,0.,-1.));
#15774=DIRECTION('',(0.,0.,-1.));
#15775=DIRECTION('',(-1.,0.,0.));
#15776=DIRECTION('',(0.,0.,-1.));
#15777=DIRECTION('',(0.,1.,0.));
#15778=DIRECTION('',(0.,0.,1.));
#15779=DIRECTION('',(0.,0.,-1.));
#15780=DIRECTION('',(0.,0.,-1.));
#15781=DIRECTION('',(-1.,0.,0.));
#15782=DIRECTION('',(0.,0.,-1.));
#15783=DIRECTION('',(1.,0.,0.));
#15784=DIRECTION('',(0.,0.,-1.));
#15785=DIRECTION('',(0.,1.,0.));
#15786=DIRECTION('',(0.,0.,1.));
#15787=DIRECTION('',(0.,0.,-1.));
#15788=DIRECTION('',(0.,0.,-1.));
#15789=DIRECTION('',(0.,0.,-1.));
#15790=DIRECTION('',(-1.,0.,0.));
#15791=DIRECTION('',(0.,0.,-1.));
#15792=DIRECTION('',(1.,0.,0.));
#15793=DIRECTION('',(0.,0.,-1.));
#15794=DIRECTION('',(0.,0.,-1.));
#15795=DIRECTION('',(0.,0.,-1.));
#15796=DIRECTION('',(-1.,0.,0.));
#15797=DIRECTION('',(0.,0.,-1.));
#15798=DIRECTION('',(0.,1.,0.));
#15799=DIRECTION('',(0.,0.,1.));
#15800=DIRECTION('',(0.,0.,-1.));
#15801=DIRECTION('',(0.,0.,-1.));
#15802=DIRECTION('',(-1.,0.,0.));
#15803=DIRECTION('',(0.,0.,-1.));
#15804=DIRECTION('',(1.,0.,0.));
#15805=DIRECTION('',(0.,0.,-1.));
#15806=DIRECTION('',(0.,0.,-1.));
#15807=DIRECTION('',(0.,0.,-1.));
#15808=DIRECTION('',(-1.,0.,0.));
#15809=DIRECTION('',(0.,1.,0.));
#15810=DIRECTION('',(0.,0.,1.));
#15811=DIRECTION('',(0.,0.,-1.));
#15812=DIRECTION('',(0.,0.,-1.));
#15813=DIRECTION('',(0.,0.,-1.));
#15814=DIRECTION('',(-1.,0.,0.));
#15815=DIRECTION('',(0.,0.,-1.));
#15816=DIRECTION('',(1.,0.,0.));
#15817=DIRECTION('',(0.,0.,-1.));
#15818=DIRECTION('',(0.,0.,-1.));
#15819=DIRECTION('',(0.,0.,-1.));
#15820=DIRECTION('',(-1.,0.,0.));
#15821=DIRECTION('',(0.,0.,-1.));
#15822=DIRECTION('',(0.,1.,0.));
#15823=DIRECTION('',(0.,0.,1.));
#15824=DIRECTION('',(0.,0.,-1.));
#15825=DIRECTION('',(0.,0.,-1.));
#15826=DIRECTION('',(-1.,0.,0.));
#15827=DIRECTION('',(0.,0.,-1.));
#15828=DIRECTION('',(1.,0.,0.));
#15829=DIRECTION('',(0.,0.,-1.));
#15830=DIRECTION('',(0.,0.,-1.));
#15831=DIRECTION('',(0.,0.,-1.));
#15832=DIRECTION('',(-1.,0.,0.));
#15833=DIRECTION('',(0.,1.,0.));
#15834=DIRECTION('',(0.,0.,1.));
#15835=DIRECTION('',(0.,0.,-1.));
#15836=DIRECTION('',(0.,0.,-1.));
#15837=DIRECTION('',(0.,0.,-1.));
#15838=DIRECTION('',(-1.,0.,0.));
#15839=DIRECTION('',(0.,0.,-1.));
#15840=DIRECTION('',(1.,0.,0.));
#15841=DIRECTION('',(0.,0.,-1.));
#15842=DIRECTION('',(0.,0.,-1.));
#15843=DIRECTION('',(0.,0.,-1.));
#15844=DIRECTION('',(-1.,0.,0.));
#15845=DIRECTION('',(0.,0.,-1.));
#15846=DIRECTION('',(0.,1.,0.));
#15847=DIRECTION('',(0.,0.,1.));
#15848=DIRECTION('',(0.,0.,-1.));
#15849=DIRECTION('',(0.,0.,-1.));
#15850=DIRECTION('',(-1.,0.,0.));
#15851=DIRECTION('',(0.,0.,-1.));
#15852=DIRECTION('',(1.,0.,0.));
#15853=DIRECTION('',(0.,0.,-1.));
#15854=DIRECTION('',(0.,0.,-1.));
#15855=DIRECTION('',(0.,0.,-1.));
#15856=DIRECTION('',(-1.,0.,0.));
#15857=DIRECTION('',(0.,1.,0.));
#15858=DIRECTION('',(0.,0.,1.));
#15859=DIRECTION('',(0.,0.,-1.));
#15860=DIRECTION('',(0.,0.,-1.));
#15861=DIRECTION('',(0.,0.,-1.));
#15862=DIRECTION('',(-1.,0.,0.));
#15863=DIRECTION('',(0.,0.,-1.));
#15864=DIRECTION('',(1.,0.,0.));
#15865=DIRECTION('',(0.,0.,-1.));
#15866=DIRECTION('',(0.,0.,-1.));
#15867=DIRECTION('',(0.,0.,-1.));
#15868=DIRECTION('',(-1.,0.,0.));
#15869=DIRECTION('',(0.,0.,-1.));
#15870=DIRECTION('',(0.,1.,0.));
#15871=DIRECTION('',(0.,0.,1.));
#15872=DIRECTION('',(0.,0.,-1.));
#15873=DIRECTION('',(0.,0.,-1.));
#15874=DIRECTION('',(-1.,0.,0.));
#15875=DIRECTION('',(0.,0.,-1.));
#15876=DIRECTION('',(1.,0.,0.));
#15877=DIRECTION('',(0.,0.,-1.));
#15878=DIRECTION('',(0.,0.,-1.));
#15879=DIRECTION('',(0.,0.,-1.));
#15880=DIRECTION('',(-1.,0.,0.));
#15881=DIRECTION('',(0.,1.,0.));
#15882=DIRECTION('',(0.,0.,1.));
#15883=DIRECTION('',(0.,0.,-1.));
#15884=DIRECTION('',(0.,0.,-1.));
#15885=DIRECTION('',(0.,0.,-1.));
#15886=DIRECTION('',(-1.,0.,0.));
#15887=DIRECTION('',(0.,0.,-1.));
#15888=DIRECTION('',(1.,0.,0.));
#15889=DIRECTION('',(0.,0.,-1.));
#15890=DIRECTION('',(0.,0.,-1.));
#15891=DIRECTION('',(0.,0.,-1.));
#15892=DIRECTION('',(-1.,0.,0.));
#15893=DIRECTION('',(0.,0.,-1.));
#15894=DIRECTION('',(0.,1.,0.));
#15895=DIRECTION('',(0.,0.,1.));
#15896=DIRECTION('',(0.,0.,-1.));
#15897=DIRECTION('',(0.,0.,-1.));
#15898=DIRECTION('',(-1.,0.,0.));
#15899=DIRECTION('',(0.,0.,-1.));
#15900=DIRECTION('',(1.,0.,0.));
#15901=DIRECTION('',(0.,0.,-1.));
#15902=DIRECTION('',(0.,0.,-1.));
#15903=DIRECTION('',(0.,0.,-1.));
#15904=DIRECTION('',(-1.,0.,0.));
#15905=DIRECTION('',(0.,1.,0.));
#15906=DIRECTION('',(0.,0.,1.));
#15907=DIRECTION('',(0.,0.,-1.));
#15908=DIRECTION('',(0.,0.,-1.));
#15909=DIRECTION('',(0.,0.,-1.));
#15910=DIRECTION('',(-1.,0.,0.));
#15911=DIRECTION('',(0.,0.,-1.));
#15912=DIRECTION('',(1.,0.,0.));
#15913=DIRECTION('',(0.,0.,-1.));
#15914=DIRECTION('',(0.,0.,-1.));
#15915=DIRECTION('',(0.,0.,-1.));
#15916=DIRECTION('',(-1.,0.,0.));
#15917=DIRECTION('',(0.,0.,-1.));
#15918=DIRECTION('',(0.,1.,0.));
#15919=DIRECTION('',(0.,0.,1.));
#15920=DIRECTION('',(0.,0.,-1.));
#15921=DIRECTION('',(0.,0.,-1.));
#15922=DIRECTION('',(-1.,0.,0.));
#15923=DIRECTION('',(0.,0.,-1.));
#15924=DIRECTION('',(1.,0.,0.));
#15925=DIRECTION('',(0.,0.,-1.));
#15926=DIRECTION('',(0.,0.,-1.));
#15927=DIRECTION('',(0.,0.,-1.));
#15928=DIRECTION('',(-1.,0.,0.));
#15929=DIRECTION('',(0.,1.,0.));
#15930=DIRECTION('',(0.,0.,1.));
#15931=DIRECTION('',(0.,0.,-1.));
#15932=DIRECTION('',(0.,0.,-1.));
#15933=DIRECTION('',(0.,0.,-1.));
#15934=DIRECTION('',(-1.,0.,0.));
#15935=DIRECTION('',(0.,0.,-1.));
#15936=DIRECTION('',(1.,0.,0.));
#15937=DIRECTION('',(0.,0.,-1.));
#15938=DIRECTION('',(0.,0.,-1.));
#15939=DIRECTION('',(0.,0.,-1.));
#15940=DIRECTION('',(-1.,0.,0.));
#15941=DIRECTION('',(0.,0.,-1.));
#15942=DIRECTION('',(0.,1.,0.));
#15943=DIRECTION('',(0.,0.,1.));
#15944=DIRECTION('',(0.,0.,-1.));
#15945=DIRECTION('',(0.,0.,-1.));
#15946=DIRECTION('',(-1.,0.,0.));
#15947=DIRECTION('',(0.,0.,-1.));
#15948=DIRECTION('',(1.,0.,0.));
#15949=DIRECTION('',(0.,0.,-1.));
#15950=DIRECTION('',(0.,0.,-1.));
#15951=DIRECTION('',(0.,0.,-1.));
#15952=DIRECTION('',(-1.,0.,0.));
#15953=DIRECTION('',(0.,1.,0.));
#15954=DIRECTION('',(0.,0.,1.));
#15955=DIRECTION('',(0.,0.,-1.));
#15956=DIRECTION('',(0.,0.,-1.));
#15957=DIRECTION('',(0.,0.,-1.));
#15958=DIRECTION('',(-1.,0.,0.));
#15959=DIRECTION('',(0.,0.,-1.));
#15960=DIRECTION('',(1.,0.,0.));
#15961=DIRECTION('',(0.,0.,-1.));
#15962=DIRECTION('',(0.,0.,-1.));
#15963=DIRECTION('',(0.,0.,-1.));
#15964=DIRECTION('',(-1.,0.,0.));
#15965=DIRECTION('',(0.,0.,-1.));
#15966=DIRECTION('',(0.,1.,0.));
#15967=DIRECTION('',(0.,0.,1.));
#15968=DIRECTION('',(0.,0.,-1.));
#15969=DIRECTION('',(0.,0.,-1.));
#15970=DIRECTION('',(-1.,0.,0.));
#15971=DIRECTION('',(0.,0.,-1.));
#15972=DIRECTION('',(1.,0.,0.));
#15973=DIRECTION('',(0.,0.,-1.));
#15974=DIRECTION('',(0.,0.,-1.));
#15975=DIRECTION('',(0.,0.,-1.));
#15976=DIRECTION('',(-1.,0.,0.));
#15977=DIRECTION('',(0.,1.,0.));
#15978=DIRECTION('',(0.,0.,1.));
#15979=DIRECTION('',(0.,0.,-1.));
#15980=DIRECTION('',(0.,0.,-1.));
#15981=DIRECTION('',(0.,0.,-1.));
#15982=DIRECTION('',(-1.,0.,0.));
#15983=DIRECTION('',(0.,0.,-1.));
#15984=DIRECTION('',(1.,0.,0.));
#15985=DIRECTION('',(0.,0.,-1.));
#15986=DIRECTION('',(0.,0.,-1.));
#15987=DIRECTION('',(0.,0.,-1.));
#15988=DIRECTION('',(-1.,0.,0.));
#15989=DIRECTION('',(0.,0.,-1.));
#15990=DIRECTION('',(0.,1.,0.));
#15991=DIRECTION('',(0.,0.,1.));
#15992=DIRECTION('',(0.,0.,-1.));
#15993=DIRECTION('',(0.,0.,-1.));
#15994=DIRECTION('',(-1.,0.,0.));
#15995=DIRECTION('',(0.,0.,-1.));
#15996=DIRECTION('',(1.,0.,0.));
#15997=DIRECTION('',(0.,0.,-1.));
#15998=DIRECTION('',(0.,0.,-1.));
#15999=DIRECTION('',(0.,0.,-1.));
#16000=DIRECTION('',(-1.,0.,0.));
#16001=DIRECTION('',(0.,1.,0.));
#16002=DIRECTION('',(0.,0.,1.));
#16003=DIRECTION('',(0.,0.,-1.));
#16004=DIRECTION('',(0.,0.,-1.));
#16005=DIRECTION('',(0.,0.,-1.));
#16006=DIRECTION('',(-1.,0.,0.));
#16007=DIRECTION('',(0.,0.,-1.));
#16008=DIRECTION('',(1.,0.,0.));
#16009=DIRECTION('',(0.,0.,-1.));
#16010=DIRECTION('',(0.,0.,-1.));
#16011=DIRECTION('',(0.,0.,-1.));
#16012=DIRECTION('',(-1.,0.,0.));
#16013=DIRECTION('',(0.,0.,-1.));
#16014=DIRECTION('',(0.,1.,0.));
#16015=DIRECTION('',(0.,0.,1.));
#16016=DIRECTION('',(0.,0.,-1.));
#16017=DIRECTION('',(0.,0.,-1.));
#16018=DIRECTION('',(-1.,0.,0.));
#16019=DIRECTION('',(0.,0.,-1.));
#16020=DIRECTION('',(1.,0.,0.));
#16021=DIRECTION('',(0.,0.,-1.));
#16022=DIRECTION('',(0.,0.,-1.));
#16023=DIRECTION('',(0.,0.,-1.));
#16024=DIRECTION('',(-1.,0.,0.));
#16025=DIRECTION('',(0.,1.,0.));
#16026=DIRECTION('',(0.,0.,1.));
#16027=DIRECTION('',(0.,0.,-1.));
#16028=DIRECTION('',(0.,0.,-1.));
#16029=DIRECTION('',(0.,0.,-1.));
#16030=DIRECTION('',(-1.,0.,0.));
#16031=DIRECTION('',(0.,0.,-1.));
#16032=DIRECTION('',(1.,0.,0.));
#16033=DIRECTION('',(0.,0.,-1.));
#16034=DIRECTION('',(0.,0.,-1.));
#16035=DIRECTION('',(0.,0.,-1.));
#16036=DIRECTION('',(-1.,0.,0.));
#16037=DIRECTION('',(0.,0.,-1.));
#16038=DIRECTION('',(0.,1.,0.));
#16039=DIRECTION('',(0.,0.,1.));
#16040=DIRECTION('',(0.,0.,-1.));
#16041=DIRECTION('',(0.,0.,-1.));
#16042=DIRECTION('',(-1.,0.,0.));
#16043=DIRECTION('',(0.,0.,-1.));
#16044=DIRECTION('',(1.,0.,0.));
#16045=DIRECTION('',(0.,0.,-1.));
#16046=DIRECTION('',(0.,0.,-1.));
#16047=DIRECTION('',(0.,0.,-1.));
#16048=DIRECTION('',(-1.,0.,0.));
#16049=DIRECTION('',(0.,1.,0.));
#16050=DIRECTION('',(0.,0.,1.));
#16051=DIRECTION('',(0.,0.,-1.));
#16052=DIRECTION('',(0.,0.,-1.));
#16053=DIRECTION('',(0.,0.,-1.));
#16054=DIRECTION('',(-1.,0.,0.));
#16055=DIRECTION('',(0.,0.,-1.));
#16056=DIRECTION('',(1.,0.,0.));
#16057=DIRECTION('',(0.,0.,-1.));
#16058=DIRECTION('',(0.,0.,-1.));
#16059=DIRECTION('',(0.,0.,-1.));
#16060=DIRECTION('',(-1.,0.,0.));
#16061=DIRECTION('',(0.,0.,-1.));
#16062=DIRECTION('',(0.,1.,0.));
#16063=DIRECTION('',(0.,0.,1.));
#16064=DIRECTION('',(0.,0.,-1.));
#16065=DIRECTION('',(0.,0.,-1.));
#16066=DIRECTION('',(-1.,0.,0.));
#16067=DIRECTION('',(0.,0.,-1.));
#16068=DIRECTION('',(1.,0.,0.));
#16069=DIRECTION('',(0.,0.,-1.));
#16070=DIRECTION('',(0.,0.,-1.));
#16071=DIRECTION('',(0.,0.,-1.));
#16072=DIRECTION('',(-1.,0.,0.));
#16073=DIRECTION('',(0.,1.,0.));
#16074=DIRECTION('',(0.,0.,1.));
#16075=DIRECTION('',(0.,0.,-1.));
#16076=DIRECTION('',(0.,0.,-1.));
#16077=DIRECTION('',(0.,0.,-1.));
#16078=DIRECTION('',(-1.,0.,0.));
#16079=DIRECTION('',(0.,0.,-1.));
#16080=DIRECTION('',(1.,0.,0.));
#16081=DIRECTION('',(0.,0.,-1.));
#16082=DIRECTION('',(0.,0.,-1.));
#16083=DIRECTION('',(0.,0.,-1.));
#16084=DIRECTION('',(-1.,0.,0.));
#16085=DIRECTION('',(0.,0.,-1.));
#16086=DIRECTION('',(0.,1.,0.));
#16087=DIRECTION('',(0.,0.,1.));
#16088=DIRECTION('',(0.,0.,-1.));
#16089=DIRECTION('',(0.,0.,-1.));
#16090=DIRECTION('',(-1.,0.,0.));
#16091=DIRECTION('',(0.,0.,-1.));
#16092=DIRECTION('',(1.,0.,0.));
#16093=DIRECTION('',(0.,0.,-1.));
#16094=DIRECTION('',(0.,0.,-1.));
#16095=DIRECTION('',(0.,0.,-1.));
#16096=DIRECTION('',(-1.,0.,0.));
#16097=DIRECTION('',(0.,0.,-1.));
#16098=DIRECTION('',(-1.,0.,0.));
#16099=DIRECTION('',(0.,0.,-1.));
#16100=DIRECTION('',(0.,0.,-1.));
#16101=DIRECTION('',(0.,1.,0.));
#16102=DIRECTION('',(0.,0.,1.));
#16103=DIRECTION('',(0.,0.,-1.));
#16104=DIRECTION('',(0.,0.,-1.));
#16105=DIRECTION('',(-1.,0.,0.));
#16106=DIRECTION('',(0.,0.,-1.));
#16107=DIRECTION('',(1.,0.,0.));
#16108=DIRECTION('',(0.,0.,-1.));
#16109=DIRECTION('',(0.,0.,-1.));
#16110=DIRECTION('',(0.,0.,-1.));
#16111=DIRECTION('',(-1.,0.,0.));
#16112=DIRECTION('',(0.,0.,-1.));
#16113=DIRECTION('',(0.,1.,0.));
#16114=DIRECTION('',(0.,0.,1.));
#16115=DIRECTION('',(0.,0.,-1.));
#16116=DIRECTION('',(0.,0.,-1.));
#16117=DIRECTION('',(-1.,0.,0.));
#16118=DIRECTION('',(0.,0.,-1.));
#16119=DIRECTION('',(1.,0.,0.));
#16120=DIRECTION('',(0.,0.,-1.));
#16121=DIRECTION('',(0.,1.,0.));
#16122=DIRECTION('',(0.,0.,1.));
#16123=DIRECTION('',(0.,0.,-1.));
#16124=DIRECTION('',(0.,0.,-1.));
#16125=DIRECTION('',(0.,0.,-1.));
#16126=DIRECTION('',(-1.,0.,0.));
#16127=DIRECTION('',(0.,0.,-1.));
#16128=DIRECTION('',(1.,0.,0.));
#16129=DIRECTION('',(0.,0.,-1.));
#16130=DIRECTION('',(0.,0.,-1.));
#16131=DIRECTION('',(0.,0.,-1.));
#16132=DIRECTION('',(-1.,0.,0.));
#16133=DIRECTION('',(0.,0.,-1.));
#16134=DIRECTION('',(0.,1.,0.));
#16135=DIRECTION('',(0.,0.,1.));
#16136=DIRECTION('',(0.,0.,-1.));
#16137=DIRECTION('',(0.,0.,-1.));
#16138=DIRECTION('',(-1.,0.,0.));
#16139=DIRECTION('',(0.,0.,-1.));
#16140=DIRECTION('',(1.,0.,0.));
#16141=DIRECTION('',(0.,0.,-1.));
#16142=DIRECTION('',(0.,0.,-1.));
#16143=DIRECTION('',(0.,0.,-1.));
#16144=DIRECTION('',(-1.,0.,0.));
#16145=DIRECTION('',(0.,1.,0.));
#16146=DIRECTION('',(0.,0.,1.));
#16147=DIRECTION('',(0.,0.,-1.));
#16148=DIRECTION('',(0.,0.,-1.));
#16149=DIRECTION('',(0.,0.,-1.));
#16150=DIRECTION('',(-1.,0.,0.));
#16151=DIRECTION('',(0.,0.,-1.));
#16152=DIRECTION('',(1.,0.,0.));
#16153=DIRECTION('',(0.,0.,-1.));
#16154=DIRECTION('',(0.,0.,-1.));
#16155=DIRECTION('',(0.,0.,-1.));
#16156=DIRECTION('',(-1.,0.,0.));
#16157=DIRECTION('',(0.,0.,-1.));
#16158=DIRECTION('',(0.,1.,0.));
#16159=DIRECTION('',(0.,0.,1.));
#16160=DIRECTION('',(0.,0.,-1.));
#16161=DIRECTION('',(0.,0.,-1.));
#16162=DIRECTION('',(-1.,0.,0.));
#16163=DIRECTION('',(0.,0.,-1.));
#16164=DIRECTION('',(1.,0.,0.));
#16165=DIRECTION('',(0.,0.,-1.));
#16166=DIRECTION('',(0.,0.,-1.));
#16167=DIRECTION('',(0.,0.,-1.));
#16168=DIRECTION('',(-1.,0.,0.));
#16169=DIRECTION('',(0.,1.,0.));
#16170=DIRECTION('',(0.,0.,1.));
#16171=DIRECTION('',(0.,0.,-1.));
#16172=DIRECTION('',(0.,0.,-1.));
#16173=DIRECTION('',(0.,0.,-1.));
#16174=DIRECTION('',(-1.,0.,0.));
#16175=DIRECTION('',(0.,0.,-1.));
#16176=DIRECTION('',(1.,0.,0.));
#16177=DIRECTION('',(0.,0.,-1.));
#16178=DIRECTION('',(0.,0.,-1.));
#16179=DIRECTION('',(0.,0.,-1.));
#16180=DIRECTION('',(-1.,0.,0.));
#16181=DIRECTION('',(0.,0.,-1.));
#16182=DIRECTION('',(0.,1.,0.));
#16183=DIRECTION('',(0.,0.,1.));
#16184=DIRECTION('',(0.,0.,-1.));
#16185=DIRECTION('',(0.,0.,-1.));
#16186=DIRECTION('',(-1.,0.,0.));
#16187=DIRECTION('',(0.,0.,-1.));
#16188=DIRECTION('',(1.,0.,0.));
#16189=DIRECTION('',(0.,0.,-1.));
#16190=DIRECTION('',(0.,0.,-1.));
#16191=DIRECTION('',(0.,0.,-1.));
#16192=DIRECTION('',(-1.,0.,0.));
#16193=DIRECTION('',(0.,0.,-1.));
#16194=DIRECTION('',(-1.,0.,0.));
#16195=DIRECTION('',(0.,0.,-1.));
#16196=DIRECTION('',(0.,0.,-1.));
#16197=DIRECTION('',(0.,1.,0.));
#16198=DIRECTION('',(0.,0.,1.));
#16199=DIRECTION('',(0.,0.,-1.));
#16200=DIRECTION('',(0.,0.,-1.));
#16201=DIRECTION('',(-1.,0.,0.));
#16202=DIRECTION('',(0.,0.,-1.));
#16203=DIRECTION('',(1.,0.,0.));
#16204=DIRECTION('',(0.,0.,-1.));
#16205=DIRECTION('',(0.,0.,-1.));
#16206=DIRECTION('',(0.,0.,-1.));
#16207=DIRECTION('',(-1.,0.,0.));
#16208=DIRECTION('',(0.,0.,-1.));
#16209=DIRECTION('',(0.,1.,0.));
#16210=DIRECTION('',(0.,0.,1.));
#16211=DIRECTION('',(0.,0.,-1.));
#16212=DIRECTION('',(0.,0.,-1.));
#16213=DIRECTION('',(-1.,0.,0.));
#16214=DIRECTION('',(0.,0.,-1.));
#16215=DIRECTION('',(1.,0.,0.));
#16216=DIRECTION('',(0.,0.,-1.));
#16217=DIRECTION('',(0.,1.,0.));
#16218=DIRECTION('',(0.,0.,1.));
#16219=DIRECTION('',(0.,0.,-1.));
#16220=DIRECTION('',(0.,0.,-1.));
#16221=DIRECTION('',(0.,0.,-1.));
#16222=DIRECTION('',(-1.,0.,0.));
#16223=DIRECTION('',(0.,0.,-1.));
#16224=DIRECTION('',(1.,0.,0.));
#16225=DIRECTION('',(0.,0.,-1.));
#16226=DIRECTION('',(0.,0.,-1.));
#16227=DIRECTION('',(0.,0.,-1.));
#16228=DIRECTION('',(-1.,0.,0.));
#16229=DIRECTION('',(0.,0.,-1.));
#16230=DIRECTION('',(0.,1.,0.));
#16231=DIRECTION('',(0.,0.,1.));
#16232=DIRECTION('',(0.,0.,-1.));
#16233=DIRECTION('',(0.,0.,-1.));
#16234=DIRECTION('',(-1.,0.,0.));
#16235=DIRECTION('',(0.,0.,-1.));
#16236=DIRECTION('',(1.,0.,0.));
#16237=DIRECTION('',(0.,0.,-1.));
#16238=DIRECTION('',(0.,0.,-1.));
#16239=DIRECTION('',(0.,0.,-1.));
#16240=DIRECTION('',(-1.,0.,0.));
#16241=DIRECTION('',(0.,1.,0.));
#16242=DIRECTION('',(0.,0.,1.));
#16243=DIRECTION('',(0.,0.,-1.));
#16244=DIRECTION('',(0.,0.,-1.));
#16245=DIRECTION('',(0.,0.,-1.));
#16246=DIRECTION('',(-1.,0.,0.));
#16247=DIRECTION('',(0.,0.,-1.));
#16248=DIRECTION('',(1.,0.,0.));
#16249=DIRECTION('',(0.,0.,-1.));
#16250=DIRECTION('',(0.,0.,-1.));
#16251=DIRECTION('',(0.,0.,-1.));
#16252=DIRECTION('',(-1.,0.,0.));
#16253=DIRECTION('',(0.,0.,-1.));
#16254=DIRECTION('',(0.,1.,0.));
#16255=DIRECTION('',(0.,0.,1.));
#16256=DIRECTION('',(0.,0.,-1.));
#16257=DIRECTION('',(0.,0.,-1.));
#16258=DIRECTION('',(-1.,0.,0.));
#16259=DIRECTION('',(0.,0.,-1.));
#16260=DIRECTION('',(1.,0.,0.));
#16261=DIRECTION('',(0.,0.,-1.));
#16262=DIRECTION('',(0.,0.,-1.));
#16263=DIRECTION('',(0.,0.,-1.));
#16264=DIRECTION('',(-1.,0.,0.));
#16265=DIRECTION('',(0.,1.,0.));
#16266=DIRECTION('',(0.,0.,1.));
#16267=DIRECTION('',(0.,0.,-1.));
#16268=DIRECTION('',(0.,0.,-1.));
#16269=DIRECTION('',(0.,0.,-1.));
#16270=DIRECTION('',(-1.,0.,0.));
#16271=DIRECTION('',(0.,0.,-1.));
#16272=DIRECTION('',(1.,0.,0.));
#16273=DIRECTION('',(0.,0.,-1.));
#16274=DIRECTION('',(0.,0.,-1.));
#16275=DIRECTION('',(0.,0.,-1.));
#16276=DIRECTION('',(-1.,0.,0.));
#16277=DIRECTION('',(0.,0.,-1.));
#16278=DIRECTION('',(0.,1.,0.));
#16279=DIRECTION('',(0.,0.,1.));
#16280=DIRECTION('',(0.,0.,-1.));
#16281=DIRECTION('',(0.,0.,-1.));
#16282=DIRECTION('',(-1.,0.,0.));
#16283=DIRECTION('',(0.,0.,-1.));
#16284=DIRECTION('',(1.,0.,0.));
#16285=DIRECTION('',(0.,0.,-1.));
#16286=DIRECTION('',(0.,0.,-1.));
#16287=DIRECTION('',(0.,0.,-1.));
#16288=DIRECTION('',(-1.,0.,0.));
#16289=DIRECTION('',(0.,1.,0.));
#16290=DIRECTION('',(0.,0.,1.));
#16291=DIRECTION('',(0.,0.,-1.));
#16292=DIRECTION('',(0.,0.,-1.));
#16293=DIRECTION('',(0.,0.,-1.));
#16294=DIRECTION('',(-1.,0.,0.));
#16295=DIRECTION('',(0.,0.,-1.));
#16296=DIRECTION('',(1.,0.,0.));
#16297=DIRECTION('',(0.,0.,-1.));
#16298=DIRECTION('',(0.,0.,-1.));
#16299=DIRECTION('',(0.,0.,-1.));
#16300=DIRECTION('',(-1.,0.,0.));
#16301=DIRECTION('',(0.,0.,-1.));
#16302=DIRECTION('',(0.,1.,0.));
#16303=DIRECTION('',(0.,0.,1.));
#16304=DIRECTION('',(0.,0.,-1.));
#16305=DIRECTION('',(0.,0.,-1.));
#16306=DIRECTION('',(-1.,0.,0.));
#16307=DIRECTION('',(0.,0.,-1.));
#16308=DIRECTION('',(1.,0.,0.));
#16309=DIRECTION('',(0.,0.,-1.));
#16310=DIRECTION('',(0.,0.,-1.));
#16311=DIRECTION('',(0.,0.,-1.));
#16312=DIRECTION('',(-1.,0.,0.));
#16313=DIRECTION('',(0.,1.,0.));
#16314=DIRECTION('',(0.,0.,1.));
#16315=DIRECTION('',(0.,0.,-1.));
#16316=DIRECTION('',(0.,0.,-1.));
#16317=DIRECTION('',(0.,0.,-1.));
#16318=DIRECTION('',(-1.,0.,0.));
#16319=DIRECTION('',(0.,0.,-1.));
#16320=DIRECTION('',(1.,0.,0.));
#16321=DIRECTION('',(0.,0.,-1.));
#16322=DIRECTION('',(0.,0.,-1.));
#16323=DIRECTION('',(0.,0.,-1.));
#16324=DIRECTION('',(-1.,0.,0.));
#16325=DIRECTION('',(0.,0.,-1.));
#16326=DIRECTION('',(0.,1.,0.));
#16327=DIRECTION('',(0.,0.,1.));
#16328=DIRECTION('',(0.,0.,-1.));
#16329=DIRECTION('',(0.,0.,-1.));
#16330=DIRECTION('',(-1.,0.,0.));
#16331=DIRECTION('',(0.,0.,-1.));
#16332=DIRECTION('',(1.,0.,0.));
#16333=DIRECTION('',(0.,0.,-1.));
#16334=DIRECTION('',(0.,0.,-1.));
#16335=DIRECTION('',(0.,0.,-1.));
#16336=DIRECTION('',(-1.,0.,0.));
#16337=DIRECTION('',(0.,1.,0.));
#16338=DIRECTION('',(0.,0.,1.));
#16339=DIRECTION('',(0.,0.,-1.));
#16340=DIRECTION('',(0.,0.,-1.));
#16341=DIRECTION('',(0.,0.,-1.));
#16342=DIRECTION('',(-1.,0.,0.));
#16343=DIRECTION('',(0.,0.,-1.));
#16344=DIRECTION('',(1.,0.,0.));
#16345=DIRECTION('',(0.,0.,-1.));
#16346=DIRECTION('',(0.,0.,-1.));
#16347=DIRECTION('',(0.,0.,-1.));
#16348=DIRECTION('',(-1.,0.,0.));
#16349=DIRECTION('',(0.,0.,-1.));
#16350=DIRECTION('',(0.,1.,0.));
#16351=DIRECTION('',(0.,0.,1.));
#16352=DIRECTION('',(0.,0.,-1.));
#16353=DIRECTION('',(0.,0.,-1.));
#16354=DIRECTION('',(-1.,0.,0.));
#16355=DIRECTION('',(0.,0.,-1.));
#16356=DIRECTION('',(1.,0.,0.));
#16357=DIRECTION('',(0.,0.,-1.));
#16358=DIRECTION('',(0.,0.,-1.));
#16359=DIRECTION('',(0.,0.,-1.));
#16360=DIRECTION('',(-1.,0.,0.));
#16361=DIRECTION('',(0.,0.,-1.));
#16362=DIRECTION('',(-1.,0.,0.));
#16363=DIRECTION('',(0.,0.,-1.));
#16364=DIRECTION('',(0.,0.,-1.));
#16365=DIRECTION('',(0.,1.,0.));
#16366=DIRECTION('',(0.,0.,1.));
#16367=DIRECTION('',(0.,0.,-1.));
#16368=DIRECTION('',(0.,0.,-1.));
#16369=DIRECTION('',(-1.,0.,0.));
#16370=DIRECTION('',(0.,0.,-1.));
#16371=DIRECTION('',(1.,0.,0.));
#16372=DIRECTION('',(0.,0.,-1.));
#16373=DIRECTION('',(0.,0.,-1.));
#16374=DIRECTION('',(0.,0.,-1.));
#16375=DIRECTION('',(-1.,0.,0.));
#16376=DIRECTION('',(0.,0.,-1.));
#16377=DIRECTION('',(0.,1.,0.));
#16378=DIRECTION('',(0.,0.,1.));
#16379=DIRECTION('',(0.,0.,-1.));
#16380=DIRECTION('',(0.,0.,-1.));
#16381=DIRECTION('',(-1.,0.,0.));
#16382=DIRECTION('',(0.,0.,-1.));
#16383=DIRECTION('',(1.,0.,0.));
#16384=DIRECTION('',(0.,0.,-1.));
#16385=DIRECTION('',(0.,1.,0.));
#16386=DIRECTION('',(0.,0.,1.));
#16387=DIRECTION('',(0.,0.,-1.));
#16388=DIRECTION('',(0.,0.,-1.));
#16389=DIRECTION('',(0.,0.,-1.));
#16390=DIRECTION('',(-1.,0.,0.));
#16391=DIRECTION('',(0.,0.,-1.));
#16392=DIRECTION('',(1.,0.,0.));
#16393=DIRECTION('',(0.,0.,-1.));
#16394=DIRECTION('',(0.,0.,-1.));
#16395=DIRECTION('',(0.,0.,-1.));
#16396=DIRECTION('',(-1.,0.,0.));
#16397=DIRECTION('',(0.,0.,-1.));
#16398=DIRECTION('',(0.,1.,0.));
#16399=DIRECTION('',(0.,0.,1.));
#16400=DIRECTION('',(0.,0.,-1.));
#16401=DIRECTION('',(0.,0.,-1.));
#16402=DIRECTION('',(-1.,0.,0.));
#16403=DIRECTION('',(0.,0.,-1.));
#16404=DIRECTION('',(1.,0.,0.));
#16405=DIRECTION('',(0.,0.,-1.));
#16406=DIRECTION('',(0.,0.,-1.));
#16407=DIRECTION('',(0.,0.,-1.));
#16408=DIRECTION('',(-1.,0.,0.));
#16409=DIRECTION('',(0.,1.,0.));
#16410=DIRECTION('',(0.,0.,1.));
#16411=DIRECTION('',(0.,0.,-1.));
#16412=DIRECTION('',(0.,0.,-1.));
#16413=DIRECTION('',(0.,0.,-1.));
#16414=DIRECTION('',(-1.,0.,0.));
#16415=DIRECTION('',(0.,0.,-1.));
#16416=DIRECTION('',(1.,0.,0.));
#16417=DIRECTION('',(0.,0.,-1.));
#16418=DIRECTION('',(0.,0.,-1.));
#16419=DIRECTION('',(0.,0.,-1.));
#16420=DIRECTION('',(-1.,0.,0.));
#16421=DIRECTION('',(0.,0.,-1.));
#16422=DIRECTION('',(0.,1.,0.));
#16423=DIRECTION('',(0.,0.,1.));
#16424=DIRECTION('',(0.,0.,-1.));
#16425=DIRECTION('',(0.,0.,-1.));
#16426=DIRECTION('',(-1.,0.,0.));
#16427=DIRECTION('',(0.,0.,-1.));
#16428=DIRECTION('',(1.,0.,0.));
#16429=DIRECTION('',(0.,0.,-1.));
#16430=DIRECTION('',(0.,0.,-1.));
#16431=DIRECTION('',(0.,0.,-1.));
#16432=DIRECTION('',(-1.,0.,0.));
#16433=DIRECTION('',(0.,1.,0.));
#16434=DIRECTION('',(0.,0.,1.));
#16435=DIRECTION('',(0.,0.,-1.));
#16436=DIRECTION('',(0.,0.,-1.));
#16437=DIRECTION('',(0.,0.,-1.));
#16438=DIRECTION('',(-1.,0.,0.));
#16439=DIRECTION('',(0.,0.,-1.));
#16440=DIRECTION('',(1.,0.,0.));
#16441=DIRECTION('',(0.,0.,-1.));
#16442=DIRECTION('',(0.,0.,-1.));
#16443=DIRECTION('',(0.,0.,-1.));
#16444=DIRECTION('',(-1.,0.,0.));
#16445=DIRECTION('',(0.,0.,-1.));
#16446=DIRECTION('',(0.,1.,0.));
#16447=DIRECTION('',(0.,0.,1.));
#16448=DIRECTION('',(0.,0.,-1.));
#16449=DIRECTION('',(0.,0.,-1.));
#16450=DIRECTION('',(-1.,0.,0.));
#16451=DIRECTION('',(0.,0.,-1.));
#16452=DIRECTION('',(1.,0.,0.));
#16453=DIRECTION('',(0.,0.,-1.));
#16454=DIRECTION('',(0.,0.,-1.));
#16455=DIRECTION('',(0.,0.,-1.));
#16456=DIRECTION('',(-1.,0.,0.));
#16457=DIRECTION('',(0.,1.,0.));
#16458=DIRECTION('',(0.,0.,1.));
#16459=DIRECTION('',(0.,0.,-1.));
#16460=DIRECTION('',(0.,0.,-1.));
#16461=DIRECTION('',(0.,0.,-1.));
#16462=DIRECTION('',(-1.,0.,0.));
#16463=DIRECTION('',(0.,0.,-1.));
#16464=DIRECTION('',(1.,0.,0.));
#16465=DIRECTION('',(0.,0.,-1.));
#16466=DIRECTION('',(0.,0.,-1.));
#16467=DIRECTION('',(0.,0.,-1.));
#16468=DIRECTION('',(-1.,0.,0.));
#16469=DIRECTION('',(0.,0.,-1.));
#16470=DIRECTION('',(0.,1.,0.));
#16471=DIRECTION('',(0.,0.,1.));
#16472=DIRECTION('',(0.,0.,-1.));
#16473=DIRECTION('',(0.,0.,-1.));
#16474=DIRECTION('',(-1.,0.,0.));
#16475=DIRECTION('',(0.,0.,-1.));
#16476=DIRECTION('',(1.,0.,0.));
#16477=DIRECTION('',(0.,0.,-1.));
#16478=DIRECTION('',(0.,0.,-1.));
#16479=DIRECTION('',(0.,0.,-1.));
#16480=DIRECTION('',(-1.,0.,0.));
#16481=DIRECTION('',(0.,1.,0.));
#16482=DIRECTION('',(0.,0.,1.));
#16483=DIRECTION('',(0.,0.,-1.));
#16484=DIRECTION('',(0.,0.,-1.));
#16485=DIRECTION('',(0.,0.,-1.));
#16486=DIRECTION('',(-1.,0.,0.));
#16487=DIRECTION('',(0.,0.,-1.));
#16488=DIRECTION('',(1.,0.,0.));
#16489=DIRECTION('',(0.,0.,-1.));
#16490=DIRECTION('',(0.,0.,-1.));
#16491=DIRECTION('',(0.,0.,-1.));
#16492=DIRECTION('',(-1.,0.,0.));
#16493=DIRECTION('',(0.,0.,-1.));
#16494=DIRECTION('',(0.,1.,0.));
#16495=DIRECTION('',(0.,0.,1.));
#16496=DIRECTION('',(0.,0.,-1.));
#16497=DIRECTION('',(0.,0.,-1.));
#16498=DIRECTION('',(-1.,0.,0.));
#16499=DIRECTION('',(0.,0.,-1.));
#16500=DIRECTION('',(1.,0.,0.));
#16501=DIRECTION('',(0.,0.,-1.));
#16502=DIRECTION('',(0.,0.,-1.));
#16503=DIRECTION('',(0.,0.,-1.));
#16504=DIRECTION('',(-1.,0.,0.));
#16505=DIRECTION('',(0.,1.,0.));
#16506=DIRECTION('',(0.,0.,1.));
#16507=DIRECTION('',(0.,0.,-1.));
#16508=DIRECTION('',(0.,0.,-1.));
#16509=DIRECTION('',(0.,0.,-1.));
#16510=DIRECTION('',(-1.,0.,0.));
#16511=DIRECTION('',(0.,0.,-1.));
#16512=DIRECTION('',(1.,0.,0.));
#16513=DIRECTION('',(0.,0.,-1.));
#16514=DIRECTION('',(0.,0.,-1.));
#16515=DIRECTION('',(0.,0.,-1.));
#16516=DIRECTION('',(-1.,0.,0.));
#16517=DIRECTION('',(0.,0.,-1.));
#16518=DIRECTION('',(0.,1.,0.));
#16519=DIRECTION('',(0.,0.,1.));
#16520=DIRECTION('',(0.,0.,-1.));
#16521=DIRECTION('',(0.,0.,-1.));
#16522=DIRECTION('',(-1.,0.,0.));
#16523=DIRECTION('',(0.,0.,-1.));
#16524=DIRECTION('',(1.,0.,0.));
#16525=DIRECTION('',(0.,0.,-1.));
#16526=DIRECTION('',(0.,0.,-1.));
#16527=DIRECTION('',(0.,0.,-1.));
#16528=DIRECTION('',(-1.,0.,0.));
#16529=DIRECTION('',(0.,1.,0.));
#16530=DIRECTION('',(0.,0.,1.));
#16531=DIRECTION('',(0.,0.,-1.));
#16532=DIRECTION('',(0.,0.,-1.));
#16533=DIRECTION('',(0.,0.,-1.));
#16534=DIRECTION('',(-1.,0.,0.));
#16535=DIRECTION('',(0.,0.,-1.));
#16536=DIRECTION('',(1.,0.,0.));
#16537=DIRECTION('',(0.,0.,-1.));
#16538=DIRECTION('',(0.,0.,-1.));
#16539=DIRECTION('',(0.,0.,-1.));
#16540=DIRECTION('',(-1.,0.,0.));
#16541=DIRECTION('',(0.,0.,-1.));
#16542=DIRECTION('',(0.,1.,0.));
#16543=DIRECTION('',(0.,0.,1.));
#16544=DIRECTION('',(0.,0.,-1.));
#16545=DIRECTION('',(0.,0.,-1.));
#16546=DIRECTION('',(-1.,0.,0.));
#16547=DIRECTION('',(0.,0.,-1.));
#16548=DIRECTION('',(1.,0.,0.));
#16549=DIRECTION('',(0.,0.,-1.));
#16550=DIRECTION('',(0.,0.,-1.));
#16551=DIRECTION('',(0.,0.,-1.));
#16552=DIRECTION('',(-1.,0.,0.));
#16553=DIRECTION('',(0.,1.,0.));
#16554=DIRECTION('',(0.,0.,1.));
#16555=DIRECTION('',(0.,0.,-1.));
#16556=DIRECTION('',(0.,0.,-1.));
#16557=DIRECTION('',(0.,0.,-1.));
#16558=DIRECTION('',(-1.,0.,0.));
#16559=DIRECTION('',(0.,0.,-1.));
#16560=DIRECTION('',(1.,0.,0.));
#16561=DIRECTION('',(0.,0.,-1.));
#16562=DIRECTION('',(0.,0.,-1.));
#16563=DIRECTION('',(0.,0.,-1.));
#16564=DIRECTION('',(-1.,0.,0.));
#16565=DIRECTION('',(0.,0.,-1.));
#16566=DIRECTION('',(0.,1.,0.));
#16567=DIRECTION('',(0.,0.,1.));
#16568=DIRECTION('',(0.,0.,-1.));
#16569=DIRECTION('',(0.,0.,-1.));
#16570=DIRECTION('',(-1.,0.,0.));
#16571=DIRECTION('',(0.,0.,-1.));
#16572=DIRECTION('',(1.,0.,0.));
#16573=DIRECTION('',(0.,0.,-1.));
#16574=DIRECTION('',(0.,0.,-1.));
#16575=DIRECTION('',(0.,0.,-1.));
#16576=DIRECTION('',(-1.,0.,0.));
#16577=DIRECTION('',(0.,1.,0.));
#16578=DIRECTION('',(0.,0.,1.));
#16579=DIRECTION('',(0.,0.,-1.));
#16580=DIRECTION('',(0.,0.,-1.));
#16581=DIRECTION('',(0.,0.,-1.));
#16582=DIRECTION('',(-1.,0.,0.));
#16583=DIRECTION('',(0.,0.,-1.));
#16584=DIRECTION('',(1.,0.,0.));
#16585=DIRECTION('',(0.,0.,-1.));
#16586=DIRECTION('',(0.,0.,-1.));
#16587=DIRECTION('',(0.,0.,-1.));
#16588=DIRECTION('',(-1.,0.,0.));
#16589=DIRECTION('',(0.,0.,-1.));
#16590=DIRECTION('',(0.,1.,0.));
#16591=DIRECTION('',(0.,0.,1.));
#16592=DIRECTION('',(0.,0.,-1.));
#16593=DIRECTION('',(0.,0.,-1.));
#16594=DIRECTION('',(-1.,0.,0.));
#16595=DIRECTION('',(0.,0.,-1.));
#16596=DIRECTION('',(1.,0.,0.));
#16597=DIRECTION('',(0.,0.,-1.));
#16598=DIRECTION('',(0.,0.,-1.));
#16599=DIRECTION('',(0.,0.,-1.));
#16600=DIRECTION('',(-1.,0.,0.));
#16601=DIRECTION('',(0.,1.,0.));
#16602=DIRECTION('',(0.,0.,1.));
#16603=DIRECTION('',(0.,0.,-1.));
#16604=DIRECTION('',(0.,0.,-1.));
#16605=DIRECTION('',(0.,0.,-1.));
#16606=DIRECTION('',(-1.,0.,0.));
#16607=DIRECTION('',(0.,0.,-1.));
#16608=DIRECTION('',(1.,0.,0.));
#16609=DIRECTION('',(0.,0.,-1.));
#16610=DIRECTION('',(0.,0.,-1.));
#16611=DIRECTION('',(0.,0.,-1.));
#16612=DIRECTION('',(-1.,0.,0.));
#16613=DIRECTION('',(0.,0.,-1.));
#16614=DIRECTION('',(0.,1.,0.));
#16615=DIRECTION('',(0.,0.,1.));
#16616=DIRECTION('',(0.,0.,-1.));
#16617=DIRECTION('',(0.,0.,-1.));
#16618=DIRECTION('',(-1.,0.,0.));
#16619=DIRECTION('',(0.,0.,-1.));
#16620=DIRECTION('',(1.,0.,0.));
#16621=DIRECTION('',(0.,0.,-1.));
#16622=DIRECTION('',(0.,0.,-1.));
#16623=DIRECTION('',(0.,0.,-1.));
#16624=DIRECTION('',(-1.,0.,0.));
#16625=DIRECTION('',(0.,1.,0.));
#16626=DIRECTION('',(0.,0.,1.));
#16627=DIRECTION('',(0.,0.,-1.));
#16628=DIRECTION('',(0.,0.,-1.));
#16629=DIRECTION('',(0.,0.,-1.));
#16630=DIRECTION('',(-1.,0.,0.));
#16631=DIRECTION('',(0.,0.,-1.));
#16632=DIRECTION('',(1.,0.,0.));
#16633=DIRECTION('',(0.,0.,-1.));
#16634=DIRECTION('',(0.,0.,-1.));
#16635=DIRECTION('',(0.,0.,-1.));
#16636=DIRECTION('',(-1.,0.,0.));
#16637=DIRECTION('',(0.,0.,-1.));
#16638=DIRECTION('',(0.,1.,0.));
#16639=DIRECTION('',(0.,0.,1.));
#16640=DIRECTION('',(0.,0.,-1.));
#16641=DIRECTION('',(0.,0.,-1.));
#16642=DIRECTION('',(-1.,0.,0.));
#16643=DIRECTION('',(0.,0.,-1.));
#16644=DIRECTION('',(1.,0.,0.));
#16645=DIRECTION('',(0.,0.,-1.));
#16646=DIRECTION('',(0.,0.,-1.));
#16647=DIRECTION('',(0.,0.,-1.));
#16648=DIRECTION('',(-1.,0.,0.));
#16649=DIRECTION('',(0.,1.,0.));
#16650=DIRECTION('',(0.,0.,1.));
#16651=DIRECTION('',(0.,0.,-1.));
#16652=DIRECTION('',(0.,0.,-1.));
#16653=DIRECTION('',(0.,0.,-1.));
#16654=DIRECTION('',(-1.,0.,0.));
#16655=DIRECTION('',(0.,0.,-1.));
#16656=DIRECTION('',(1.,0.,0.));
#16657=DIRECTION('',(0.,0.,-1.));
#16658=DIRECTION('',(0.,0.,-1.));
#16659=DIRECTION('',(0.,0.,-1.));
#16660=DIRECTION('',(-1.,0.,0.));
#16661=DIRECTION('',(0.,0.,-1.));
#16662=DIRECTION('',(0.,1.,0.));
#16663=DIRECTION('',(0.,0.,1.));
#16664=DIRECTION('',(0.,0.,-1.));
#16665=DIRECTION('',(0.,0.,-1.));
#16666=DIRECTION('',(-1.,0.,0.));
#16667=DIRECTION('',(0.,0.,-1.));
#16668=DIRECTION('',(1.,0.,0.));
#16669=DIRECTION('',(0.,0.,-1.));
#16670=DIRECTION('',(0.,0.,-1.));
#16671=DIRECTION('',(0.,0.,-1.));
#16672=DIRECTION('',(-1.,0.,0.));
#16673=DIRECTION('',(0.,1.,0.));
#16674=DIRECTION('',(0.,0.,1.));
#16675=DIRECTION('',(0.,0.,-1.));
#16676=DIRECTION('',(0.,0.,-1.));
#16677=DIRECTION('',(0.,0.,-1.));
#16678=DIRECTION('',(-1.,0.,0.));
#16679=DIRECTION('',(0.,0.,-1.));
#16680=DIRECTION('',(1.,0.,0.));
#16681=DIRECTION('',(0.,0.,-1.));
#16682=DIRECTION('',(0.,0.,-1.));
#16683=DIRECTION('',(0.,0.,-1.));
#16684=DIRECTION('',(-1.,0.,0.));
#16685=DIRECTION('',(0.,0.,-1.));
#16686=DIRECTION('',(0.,1.,0.));
#16687=DIRECTION('',(0.,0.,1.));
#16688=DIRECTION('',(0.,0.,-1.));
#16689=DIRECTION('',(0.,0.,-1.));
#16690=DIRECTION('',(-1.,0.,0.));
#16691=DIRECTION('',(0.,0.,-1.));
#16692=DIRECTION('',(1.,0.,0.));
#16693=DIRECTION('',(0.,0.,-1.));
#16694=DIRECTION('',(0.,0.,-1.));
#16695=DIRECTION('',(0.,0.,-1.));
#16696=DIRECTION('',(-1.,0.,0.));
#16697=DIRECTION('',(0.,0.,-1.));
#16698=DIRECTION('',(-1.,0.,0.));
#16699=DIRECTION('',(0.,0.,-1.));
#16700=DIRECTION('',(0.,0.,-1.));
#16701=DIRECTION('',(0.,1.,0.));
#16702=DIRECTION('',(0.,0.,1.));
#16703=DIRECTION('',(0.,0.,-1.));
#16704=DIRECTION('',(0.,0.,-1.));
#16705=DIRECTION('',(-1.,0.,0.));
#16706=DIRECTION('',(0.,0.,-1.));
#16707=DIRECTION('',(1.,0.,0.));
#16708=DIRECTION('',(0.,0.,-1.));
#16709=DIRECTION('',(0.,0.,-1.));
#16710=DIRECTION('',(0.,0.,-1.));
#16711=DIRECTION('',(-1.,0.,0.));
#16712=DIRECTION('',(0.,0.,-1.));
#16713=DIRECTION('',(0.,1.,0.));
#16714=DIRECTION('',(0.,0.,1.));
#16715=DIRECTION('',(0.,0.,-1.));
#16716=DIRECTION('',(0.,0.,-1.));
#16717=DIRECTION('',(-1.,0.,0.));
#16718=DIRECTION('',(0.,0.,-1.));
#16719=DIRECTION('',(1.,0.,0.));
#16720=DIRECTION('',(0.,0.,-1.));
#16721=DIRECTION('',(0.,1.,0.));
#16722=DIRECTION('',(0.,0.,1.));
#16723=DIRECTION('',(0.,0.,-1.));
#16724=DIRECTION('',(0.,0.,-1.));
#16725=DIRECTION('',(0.,0.,-1.));
#16726=DIRECTION('',(-1.,0.,0.));
#16727=DIRECTION('',(0.,0.,-1.));
#16728=DIRECTION('',(1.,0.,0.));
#16729=DIRECTION('',(0.,0.,-1.));
#16730=DIRECTION('',(0.,0.,-1.));
#16731=DIRECTION('',(0.,0.,-1.));
#16732=DIRECTION('',(-1.,0.,0.));
#16733=DIRECTION('',(0.,0.,-1.));
#16734=DIRECTION('',(0.,1.,0.));
#16735=DIRECTION('',(0.,0.,1.));
#16736=DIRECTION('',(0.,0.,-1.));
#16737=DIRECTION('',(0.,0.,-1.));
#16738=DIRECTION('',(-1.,0.,0.));
#16739=DIRECTION('',(0.,0.,-1.));
#16740=DIRECTION('',(1.,0.,0.));
#16741=DIRECTION('',(0.,0.,-1.));
#16742=DIRECTION('',(0.,0.,-1.));
#16743=DIRECTION('',(0.,0.,-1.));
#16744=DIRECTION('',(-1.,0.,0.));
#16745=DIRECTION('',(0.,1.,0.));
#16746=DIRECTION('',(0.,0.,1.));
#16747=DIRECTION('',(0.,0.,-1.));
#16748=DIRECTION('',(0.,0.,-1.));
#16749=DIRECTION('',(0.,0.,-1.));
#16750=DIRECTION('',(-1.,0.,0.));
#16751=DIRECTION('',(0.,0.,-1.));
#16752=DIRECTION('',(1.,0.,0.));
#16753=DIRECTION('',(0.,0.,-1.));
#16754=DIRECTION('',(0.,0.,-1.));
#16755=DIRECTION('',(0.,0.,-1.));
#16756=DIRECTION('',(-1.,0.,0.));
#16757=DIRECTION('',(0.,0.,-1.));
#16758=DIRECTION('',(0.,1.,0.));
#16759=DIRECTION('',(0.,0.,1.));
#16760=DIRECTION('',(0.,0.,-1.));
#16761=DIRECTION('',(0.,0.,-1.));
#16762=DIRECTION('',(-1.,0.,0.));
#16763=DIRECTION('',(0.,0.,-1.));
#16764=DIRECTION('',(1.,0.,0.));
#16765=DIRECTION('',(0.,0.,-1.));
#16766=DIRECTION('',(0.,0.,-1.));
#16767=DIRECTION('',(0.,0.,-1.));
#16768=DIRECTION('',(-1.,0.,0.));
#16769=DIRECTION('',(0.,1.,0.));
#16770=DIRECTION('',(0.,0.,1.));
#16771=DIRECTION('',(0.,0.,-1.));
#16772=DIRECTION('',(0.,0.,-1.));
#16773=DIRECTION('',(0.,0.,-1.));
#16774=DIRECTION('',(-1.,0.,0.));
#16775=DIRECTION('',(0.,0.,-1.));
#16776=DIRECTION('',(1.,0.,0.));
#16777=DIRECTION('',(0.,0.,-1.));
#16778=DIRECTION('',(0.,0.,-1.));
#16779=DIRECTION('',(0.,0.,-1.));
#16780=DIRECTION('',(-1.,0.,0.));
#16781=DIRECTION('',(0.,0.,-1.));
#16782=DIRECTION('',(0.,1.,0.));
#16783=DIRECTION('',(0.,0.,1.));
#16784=DIRECTION('',(0.,0.,-1.));
#16785=DIRECTION('',(0.,0.,-1.));
#16786=DIRECTION('',(-1.,0.,0.));
#16787=DIRECTION('',(0.,0.,-1.));
#16788=DIRECTION('',(1.,0.,0.));
#16789=DIRECTION('',(0.,0.,-1.));
#16790=DIRECTION('',(0.,0.,-1.));
#16791=DIRECTION('',(0.,0.,-1.));
#16792=DIRECTION('',(-1.,0.,0.));
#16793=DIRECTION('',(0.,1.,0.));
#16794=DIRECTION('',(0.,0.,1.));
#16795=DIRECTION('',(0.,0.,-1.));
#16796=DIRECTION('',(0.,0.,-1.));
#16797=DIRECTION('',(0.,0.,-1.));
#16798=DIRECTION('',(-1.,0.,0.));
#16799=DIRECTION('',(0.,0.,-1.));
#16800=DIRECTION('',(1.,0.,0.));
#16801=DIRECTION('',(0.,0.,-1.));
#16802=DIRECTION('',(0.,0.,-1.));
#16803=DIRECTION('',(0.,0.,-1.));
#16804=DIRECTION('',(-1.,0.,0.));
#16805=DIRECTION('',(0.,0.,-1.));
#16806=DIRECTION('',(0.,1.,0.));
#16807=DIRECTION('',(0.,0.,1.));
#16808=DIRECTION('',(0.,0.,-1.));
#16809=DIRECTION('',(0.,0.,-1.));
#16810=DIRECTION('',(-1.,0.,0.));
#16811=DIRECTION('',(0.,0.,-1.));
#16812=DIRECTION('',(1.,0.,0.));
#16813=DIRECTION('',(0.,0.,-1.));
#16814=DIRECTION('',(0.,0.,-1.));
#16815=DIRECTION('',(0.,0.,-1.));
#16816=DIRECTION('',(-1.,0.,0.));
#16817=DIRECTION('',(0.,1.,0.));
#16818=DIRECTION('',(0.,0.,1.));
#16819=DIRECTION('',(0.,0.,-1.));
#16820=DIRECTION('',(0.,0.,-1.));
#16821=DIRECTION('',(0.,0.,-1.));
#16822=DIRECTION('',(-1.,0.,0.));
#16823=DIRECTION('',(0.,0.,-1.));
#16824=DIRECTION('',(1.,0.,0.));
#16825=DIRECTION('',(0.,0.,-1.));
#16826=DIRECTION('',(0.,0.,-1.));
#16827=DIRECTION('',(0.,0.,-1.));
#16828=DIRECTION('',(-1.,0.,0.));
#16829=DIRECTION('',(0.,0.,-1.));
#16830=DIRECTION('',(0.,1.,0.));
#16831=DIRECTION('',(0.,0.,1.));
#16832=DIRECTION('',(0.,0.,-1.));
#16833=DIRECTION('',(0.,0.,-1.));
#16834=DIRECTION('',(-1.,0.,0.));
#16835=DIRECTION('',(0.,0.,-1.));
#16836=DIRECTION('',(1.,0.,0.));
#16837=DIRECTION('',(0.,0.,-1.));
#16838=DIRECTION('',(0.,0.,-1.));
#16839=DIRECTION('',(0.,0.,-1.));
#16840=DIRECTION('',(-1.,0.,0.));
#16841=DIRECTION('',(0.,1.,0.));
#16842=DIRECTION('',(0.,0.,1.));
#16843=DIRECTION('',(0.,0.,-1.));
#16844=DIRECTION('',(0.,0.,-1.));
#16845=DIRECTION('',(0.,0.,-1.));
#16846=DIRECTION('',(-1.,0.,0.));
#16847=DIRECTION('',(0.,0.,-1.));
#16848=DIRECTION('',(1.,0.,0.));
#16849=DIRECTION('',(0.,0.,-1.));
#16850=DIRECTION('',(0.,0.,-1.));
#16851=DIRECTION('',(0.,0.,-1.));
#16852=DIRECTION('',(-1.,0.,0.));
#16853=DIRECTION('',(0.,0.,-1.));
#16854=DIRECTION('',(0.,1.,0.));
#16855=DIRECTION('',(0.,0.,1.));
#16856=DIRECTION('',(0.,0.,-1.));
#16857=DIRECTION('',(0.,0.,-1.));
#16858=DIRECTION('',(-1.,0.,0.));
#16859=DIRECTION('',(0.,0.,-1.));
#16860=DIRECTION('',(1.,0.,0.));
#16861=DIRECTION('',(0.,0.,-1.));
#16862=DIRECTION('',(0.,0.,-1.));
#16863=DIRECTION('',(0.,0.,-1.));
#16864=DIRECTION('',(-1.,0.,0.));
#16865=DIRECTION('',(0.,0.,-1.));
#16866=DIRECTION('',(-1.,0.,0.));
#16867=DIRECTION('',(0.,0.,-1.));
#16868=DIRECTION('',(-1.,0.,0.));
#16869=DIRECTION('',(0.,0.,-1.));
#16870=DIRECTION('',(-1.,0.,0.));
#16871=DIRECTION('',(0.,0.,-1.));
#16872=DIRECTION('',(-1.,0.,0.));
#16873=DIRECTION('',(0.,-1.,0.));
#16874=DIRECTION('',(0.,0.,-1.));
#16875=DIRECTION('',(0.,0.,1.));
#16876=DIRECTION('',(0.,0.,1.));
#16877=DIRECTION('',(-1.,0.,0.));
#16878=DIRECTION('',(0.,0.,1.));
#16879=DIRECTION('',(0.,0.,1.));
#16880=DIRECTION('',(0.,-1.,0.));
#16881=DIRECTION('',(0.,0.,-1.));
#16882=DIRECTION('',(0.,0.,1.));
#16883=DIRECTION('',(-1.,0.,0.));
#16884=DIRECTION('',(0.,0.,1.));
#16885=DIRECTION('',(0.,-1.,0.));
#16886=DIRECTION('',(0.,0.,-1.));
#16887=DIRECTION('',(0.,0.,1.));
#16888=DIRECTION('',(0.,0.,1.));
#16889=DIRECTION('',(0.,0.,1.));
#16890=DIRECTION('',(1.,0.,0.));
#16891=DIRECTION('',(0.,0.,1.));
#16892=DIRECTION('',(-1.,0.,0.));
#16893=DIRECTION('',(0.,0.,1.));
#16894=DIRECTION('',(0.,0.,1.));
#16895=DIRECTION('',(0.,0.,1.));
#16896=DIRECTION('',(1.,0.,0.));
#16897=DIRECTION('',(0.,0.,1.));
#16898=DIRECTION('',(0.,-1.,0.));
#16899=DIRECTION('',(0.,0.,-1.));
#16900=DIRECTION('',(0.,0.,1.));
#16901=DIRECTION('',(0.,0.,1.));
#16902=DIRECTION('',(1.,0.,0.));
#16903=DIRECTION('',(0.,0.,1.));
#16904=DIRECTION('',(-1.,0.,0.));
#16905=DIRECTION('',(0.,0.,1.));
#16906=DIRECTION('',(0.,0.,1.));
#16907=DIRECTION('',(0.,0.,1.));
#16908=DIRECTION('',(1.,0.,0.));
#16909=CARTESIAN_POINT('',(0.,0.,0.));
#16910=CARTESIAN_POINT('',(-0.000341425000000062,0.008343625,0.0015));
#16911=CARTESIAN_POINT('',(0.0354678083871781,0.0481,0.0015));
#16912=CARTESIAN_POINT('',(-0.00290895371401825,0.0481,0.0015));
#16913=CARTESIAN_POINT('',(0.0738445704883746,0.0481,0.0015));
#16914=CARTESIAN_POINT('',(-0.00290895371401826,0.0524455844122716,0.0015));
#16915=CARTESIAN_POINT('',(-0.00725453812628985,0.0524455844122716,0.0015));
#16916=CARTESIAN_POINT('',(-0.00725453812628983,0.056392125,0.0015));
#16917=CARTESIAN_POINT('',(-0.00725453812628986,0.0603386655877284,0.0015));
#16918=CARTESIAN_POINT('',(-0.00290895371401825,0.0603386655877284,0.0015));
#16919=CARTESIAN_POINT('',(-0.00290895371401825,0.06468425,0.0015));
#16920=CARTESIAN_POINT('',(0.0354678083871781,0.06468425,0.0015));
#16921=CARTESIAN_POINT('',(0.0738445704883746,0.06468425,0.0015));
#16922=CARTESIAN_POINT('',(0.0738445704883746,0.0603386655877284,0.0015));
#16923=CARTESIAN_POINT('',(0.0781901549006462,0.0603386655877284,0.0015));
#16924=CARTESIAN_POINT('',(0.0781901549006461,0.056392125,0.0015));
#16925=CARTESIAN_POINT('',(0.0781901549006461,0.0524455844122716,0.0015));
#16926=CARTESIAN_POINT('',(0.0738445704883746,0.0524455844122716,0.0015));
#16927=CARTESIAN_POINT('',(-0.1937883,-0.0452345,0.0015));
#16928=CARTESIAN_POINT('',(-0.1927383,-0.0452345,0.0015));
#16929=CARTESIAN_POINT('',(-0.1937883,0.06192175,0.0015));
#16930=CARTESIAN_POINT('',(-0.1927383,0.06192175,0.0015));
#16931=CARTESIAN_POINT('',(0.0872284911139488,0.06192175,0.0015));
#16932=CARTESIAN_POINT('',(0.0882784911139488,0.06192175,0.0015));
#16933=CARTESIAN_POINT('',(0.0872284911139488,-0.0452345,0.0015));
#16934=CARTESIAN_POINT('',(0.0882784911139488,-0.0452345,0.0015));
#16935=CARTESIAN_POINT('',(-0.00565625,0.02605,0.0015));
#16936=CARTESIAN_POINT('',(-0.01215625,0.02605,0.0015));
#16937=CARTESIAN_POINT('',(0.000843749999999942,0.02605,0.0015));
#16938=CARTESIAN_POINT('',(0.000843749999999936,0.02555,0.0015));
#16939=CARTESIAN_POINT('',(0.00134374999999994,0.02555,0.0015));
#16940=CARTESIAN_POINT('',(0.00134374999999994,0.01905,0.0015));
#16941=CARTESIAN_POINT('',(0.00134374999999994,0.01255,0.0015));
#16942=CARTESIAN_POINT('',(0.000843749999999942,0.01255,0.0015));
#16943=CARTESIAN_POINT('',(0.000843749999999942,0.01205,0.0015));
#16944=CARTESIAN_POINT('',(-0.00565625,0.01205,0.0015));
#16945=CARTESIAN_POINT('',(-0.01215625,0.01205,0.0015));
#16946=CARTESIAN_POINT('',(-0.01215625,0.01255,0.0015));
#16947=CARTESIAN_POINT('',(-0.01265625,0.01255,0.0015));
#16948=CARTESIAN_POINT('',(-0.01265625,0.01905,0.0015));
#16949=CARTESIAN_POINT('',(-0.01265625,0.02555,0.0015));
#16950=CARTESIAN_POINT('',(-0.01215625,0.02555,0.0015));
#16951=CARTESIAN_POINT('',(-0.02470625,0.02605,0.0015));
#16952=CARTESIAN_POINT('',(-0.03120625,0.02605,0.0015));
#16953=CARTESIAN_POINT('',(-0.01820625,0.02605,0.0015));
#16954=CARTESIAN_POINT('',(-0.01820625,0.02555,0.0015));
#16955=CARTESIAN_POINT('',(-0.01770625,0.02555,0.0015));
#16956=CARTESIAN_POINT('',(-0.01770625,0.01905,0.0015));
#16957=CARTESIAN_POINT('',(-0.01770625,0.01255,0.0015));
#16958=CARTESIAN_POINT('',(-0.01820625,0.01255,0.0015));
#16959=CARTESIAN_POINT('',(-0.01820625,0.01205,0.0015));
#16960=CARTESIAN_POINT('',(-0.02470625,0.01205,0.0015));
#16961=CARTESIAN_POINT('',(-0.03120625,0.01205,0.0015));
#16962=CARTESIAN_POINT('',(-0.03120625,0.01255,0.0015));
#16963=CARTESIAN_POINT('',(-0.03170625,0.01255,0.0015));
#16964=CARTESIAN_POINT('',(-0.03170625,0.01905,0.0015));
#16965=CARTESIAN_POINT('',(-0.03170625,0.02555,0.0015));
#16966=CARTESIAN_POINT('',(-0.03120625,0.02555,0.0015));
#16967=CARTESIAN_POINT('',(-0.0151875,-0.0321,0.0015));
#16968=CARTESIAN_POINT('',(-0.0181875,-0.0321,0.0015));
#16969=CARTESIAN_POINT('',(-0.0121875,-0.0321,0.0015));
#16970=CARTESIAN_POINT('',(-0.0121875,-0.0326,0.0015));
#16971=CARTESIAN_POINT('',(-0.0116875,-0.0326,0.0015));
#16972=CARTESIAN_POINT('',(-0.0116875,-0.03885,0.0015));
#16973=CARTESIAN_POINT('',(-0.0116875,-0.0466,0.0015));
#16974=CARTESIAN_POINT('',(-0.0121875,-0.0466,0.0015));
#16975=CARTESIAN_POINT('',(-0.0121875,-0.0471,0.0015));
#16976=CARTESIAN_POINT('',(-0.0151875,-0.0471,0.0015));
#16977=CARTESIAN_POINT('',(-0.0181875,-0.0471,0.0015));
#16978=CARTESIAN_POINT('',(-0.0181875,-0.0466,0.0015));
#16979=CARTESIAN_POINT('',(-0.0186875,-0.0466,0.0015));
#16980=CARTESIAN_POINT('',(-0.0186875,-0.03885,0.0015));
#16981=CARTESIAN_POINT('',(-0.0186875,-0.0326,0.0015));
#16982=CARTESIAN_POINT('',(-0.0181875,-0.0326,0.0015));
#16983=CARTESIAN_POINT('',(0.00625,-0.0451,0.0015));
#16984=CARTESIAN_POINT('',(-0.000250000000000056,-0.0451,0.0015));
#16985=CARTESIAN_POINT('',(0.01275,-0.0451,0.0015));
#16986=CARTESIAN_POINT('',(-0.000250000000000056,-0.0446,0.0015));
#16987=CARTESIAN_POINT('',(-0.000750000000000056,-0.0446,0.0015));
#16988=CARTESIAN_POINT('',(-0.000750000000000056,-0.0381,0.0015));
#16989=CARTESIAN_POINT('',(-0.000750000000000056,-0.0316,0.0015));
#16990=CARTESIAN_POINT('',(-0.000250000000000056,-0.0316,0.0015));
#16991=CARTESIAN_POINT('',(-0.000250000000000056,-0.0311,0.0015));
#16992=CARTESIAN_POINT('',(0.00625,-0.0311,0.0015));
#16993=CARTESIAN_POINT('',(0.01275,-0.0311,0.0015));
#16994=CARTESIAN_POINT('',(0.01275,-0.0316,0.0015));
#16995=CARTESIAN_POINT('',(0.01325,-0.0316,0.0015));
#16996=CARTESIAN_POINT('',(0.01325,-0.0381,0.0015));
#16997=CARTESIAN_POINT('',(0.01325,-0.0446,0.0015));
#16998=CARTESIAN_POINT('',(0.01275,-0.0446,0.0015));
#16999=CARTESIAN_POINT('',(-0.06756875,-0.01205,0.0015));
#17000=CARTESIAN_POINT('',(-0.07406875,-0.01205,0.0015));
#17001=CARTESIAN_POINT('',(-0.06106875,-0.01205,0.0015));
#17002=CARTESIAN_POINT('',(-0.06106875,-0.01255,0.0015));
#17003=CARTESIAN_POINT('',(-0.06056875,-0.01255,0.0015));
#17004=CARTESIAN_POINT('',(-0.06056875,-0.01905,0.0015));
#17005=CARTESIAN_POINT('',(-0.06056875,-0.02555,0.0015));
#17006=CARTESIAN_POINT('',(-0.06106875,-0.02555,0.0015));
#17007=CARTESIAN_POINT('',(-0.06106875,-0.02605,0.0015));
#17008=CARTESIAN_POINT('',(-0.06756875,-0.02605,0.0015));
#17009=CARTESIAN_POINT('',(-0.07406875,-0.02605,0.0015));
#17010=CARTESIAN_POINT('',(-0.07406875,-0.02555,0.0015));
#17011=CARTESIAN_POINT('',(-0.07456875,-0.02555,0.0015));
#17012=CARTESIAN_POINT('',(-0.07456875,-0.01905,0.0015));
#17013=CARTESIAN_POINT('',(-0.07456875,-0.01255,0.0015));
#17014=CARTESIAN_POINT('',(-0.07406875,-0.01255,0.0015));
#17015=CARTESIAN_POINT('',(-0.04375625,0.02605,0.0015));
#17016=CARTESIAN_POINT('',(-0.05025625,0.02605,0.0015));
#17017=CARTESIAN_POINT('',(-0.03725625,0.02605,0.0015));
#17018=CARTESIAN_POINT('',(-0.03725625,0.02555,0.0015));
#17019=CARTESIAN_POINT('',(-0.03675625,0.02555,0.0015));
#17020=CARTESIAN_POINT('',(-0.03675625,0.01905,0.0015));
#17021=CARTESIAN_POINT('',(-0.03675625,0.01255,0.0015));
#17022=CARTESIAN_POINT('',(-0.03725625,0.01255,0.0015));
#17023=CARTESIAN_POINT('',(-0.03725625,0.01205,0.0015));
#17024=CARTESIAN_POINT('',(-0.04375625,0.01205,0.0015));
#17025=CARTESIAN_POINT('',(-0.05025625,0.01205,0.0015));
#17026=CARTESIAN_POINT('',(-0.05025625,0.01255,0.0015));
#17027=CARTESIAN_POINT('',(-0.05075625,0.01255,0.0015));
#17028=CARTESIAN_POINT('',(-0.05075625,0.01905,0.0015));
#17029=CARTESIAN_POINT('',(-0.05075625,0.02555,0.0015));
#17030=CARTESIAN_POINT('',(-0.05025625,0.02555,0.0015));
#17031=CARTESIAN_POINT('',(-0.04851875,-0.01205,0.0015));
#17032=CARTESIAN_POINT('',(-0.05501875,-0.01205,0.0015));
#17033=CARTESIAN_POINT('',(-0.04201875,-0.01205,0.0015));
#17034=CARTESIAN_POINT('',(-0.04201875,-0.01255,0.0015));
#17035=CARTESIAN_POINT('',(-0.04151875,-0.01255,0.0015));
#17036=CARTESIAN_POINT('',(-0.04151875,-0.01905,0.0015));
#17037=CARTESIAN_POINT('',(-0.04151875,-0.02555,0.0015));
#17038=CARTESIAN_POINT('',(-0.04201875,-0.02555,0.0015));
#17039=CARTESIAN_POINT('',(-0.04201875,-0.02605,0.0015));
#17040=CARTESIAN_POINT('',(-0.04851875,-0.02605,0.0015));
#17041=CARTESIAN_POINT('',(-0.05501875,-0.02605,0.0015));
#17042=CARTESIAN_POINT('',(-0.05501875,-0.02555,0.0015));
#17043=CARTESIAN_POINT('',(-0.05551875,-0.02555,0.0015));
#17044=CARTESIAN_POINT('',(-0.05551875,-0.01905,0.0015));
#17045=CARTESIAN_POINT('',(-0.05551875,-0.01255,0.0015));
#17046=CARTESIAN_POINT('',(-0.05501875,-0.01255,0.0015));
#17047=CARTESIAN_POINT('',(-0.01994375,0.007,0.0015));
#17048=CARTESIAN_POINT('',(-0.02644375,0.007,0.0015));
#17049=CARTESIAN_POINT('',(-0.01344375,0.007,0.0015));
#17050=CARTESIAN_POINT('',(-0.01344375,0.0065,0.0015));
#17051=CARTESIAN_POINT('',(-0.01294375,0.0065,0.0015));
#17052=CARTESIAN_POINT('',(-0.01294375,0.,0.0015));
#17053=CARTESIAN_POINT('',(-0.01294375,-0.0065,0.0015));
#17054=CARTESIAN_POINT('',(-0.01344375,-0.0065,0.0015));
#17055=CARTESIAN_POINT('',(-0.01344375,-0.007,0.0015));
#17056=CARTESIAN_POINT('',(-0.01994375,-0.007,0.0015));
#17057=CARTESIAN_POINT('',(-0.02644375,-0.007,0.0015));
#17058=CARTESIAN_POINT('',(-0.02644375,-0.0065,0.0015));
#17059=CARTESIAN_POINT('',(-0.02694375,-0.0065,0.0015));
#17060=CARTESIAN_POINT('',(-0.02694375,0.,0.0015));
#17061=CARTESIAN_POINT('',(-0.02694375,0.0065,0.0015));
#17062=CARTESIAN_POINT('',(-0.02644375,0.0065,0.0015));
#17063=CARTESIAN_POINT('',(0.03720625,0.007,0.0015));
#17064=CARTESIAN_POINT('',(0.03070625,0.007,0.0015));
#17065=CARTESIAN_POINT('',(0.04370625,0.007,0.0015));
#17066=CARTESIAN_POINT('',(0.04370625,0.0065,0.0015));
#17067=CARTESIAN_POINT('',(0.04420625,0.0065,0.0015));
#17068=CARTESIAN_POINT('',(0.04420625,0.,0.0015));
#17069=CARTESIAN_POINT('',(0.04420625,-0.0065,0.0015));
#17070=CARTESIAN_POINT('',(0.04370625,-0.0065,0.0015));
#17071=CARTESIAN_POINT('',(0.04370625,-0.007,0.0015));
#17072=CARTESIAN_POINT('',(0.03720625,-0.007,0.0015));
#17073=CARTESIAN_POINT('',(0.03070625,-0.007,0.0015));
#17074=CARTESIAN_POINT('',(0.03070625,-0.0065,0.0015));
#17075=CARTESIAN_POINT('',(0.03020625,-0.0065,0.0015));
#17076=CARTESIAN_POINT('',(0.03020625,0.,0.0015));
#17077=CARTESIAN_POINT('',(0.03020625,0.0065,0.0015));
#17078=CARTESIAN_POINT('',(0.03070625,0.0065,0.0015));
#17079=CARTESIAN_POINT('',(0.01339375,0.02605,0.0015));
#17080=CARTESIAN_POINT('',(0.00689375,0.02605,0.0015));
#17081=CARTESIAN_POINT('',(0.01989375,0.02605,0.0015));
#17082=CARTESIAN_POINT('',(0.01989375,0.02555,0.0015));
#17083=CARTESIAN_POINT('',(0.02039375,0.02555,0.0015));
#17084=CARTESIAN_POINT('',(0.02039375,0.01905,0.0015));
#17085=CARTESIAN_POINT('',(0.02039375,0.01255,0.0015));
#17086=CARTESIAN_POINT('',(0.01989375,0.01255,0.0015));
#17087=CARTESIAN_POINT('',(0.01989375,0.01205,0.0015));
#17088=CARTESIAN_POINT('',(0.01339375,0.01205,0.0015));
#17089=CARTESIAN_POINT('',(0.00689375,0.01205,0.0015));
#17090=CARTESIAN_POINT('',(0.00689375,0.01255,0.0015));
#17091=CARTESIAN_POINT('',(0.00639375,0.01255,0.0015));
#17092=CARTESIAN_POINT('',(0.00639375,0.01905,0.0015));
#17093=CARTESIAN_POINT('',(0.00639375,0.02555,0.0015));
#17094=CARTESIAN_POINT('',(0.00689375,0.02555,0.0015));
#17095=CARTESIAN_POINT('',(0.0681625,0.007,0.0015));
#17096=CARTESIAN_POINT('',(0.0616625,0.007,0.0015));
#17097=CARTESIAN_POINT('',(0.0746625,0.007,0.0015));
#17098=CARTESIAN_POINT('',(0.0746625,0.0065,0.0015));
#17099=CARTESIAN_POINT('',(0.0751625,0.0065,0.0015));
#17100=CARTESIAN_POINT('',(0.0751625,0.,0.0015));
#17101=CARTESIAN_POINT('',(0.0751625,-0.0065,0.0015));
#17102=CARTESIAN_POINT('',(0.0746625,-0.0065,0.0015));
#17103=CARTESIAN_POINT('',(0.0746625,-0.007,0.0015));
#17104=CARTESIAN_POINT('',(0.0681625,-0.007,0.0015));
#17105=CARTESIAN_POINT('',(0.0616625,-0.007,0.0015));
#17106=CARTESIAN_POINT('',(0.0616625,-0.0065,0.0015));
#17107=CARTESIAN_POINT('',(0.0611625,-0.0065,0.0015));
#17108=CARTESIAN_POINT('',(0.0611625,0.,0.0015));
#17109=CARTESIAN_POINT('',(0.0611625,0.0065,0.0015));
#17110=CARTESIAN_POINT('',(0.0616625,0.0065,0.0015));
#17111=CARTESIAN_POINT('',(0.0801005,0.006,0.0015));
#17112=CARTESIAN_POINT('',(0.0771005,0.006,0.0015));
#17113=CARTESIAN_POINT('',(0.0831005,0.006,0.0015));
#17114=CARTESIAN_POINT('',(0.0831005,0.0055,0.0015));
#17115=CARTESIAN_POINT('',(0.0836005,0.0055,0.0015));
#17116=CARTESIAN_POINT('',(0.0836005,-0.0015,0.0015));
#17117=CARTESIAN_POINT('',(0.0836005,-0.0085,0.0015));
#17118=CARTESIAN_POINT('',(0.0831005,-0.0085,0.0015));
#17119=CARTESIAN_POINT('',(0.0831005,-0.009,0.0015));
#17120=CARTESIAN_POINT('',(0.0801005,-0.009,0.0015));
#17121=CARTESIAN_POINT('',(0.0771005,-0.009,0.0015));
#17122=CARTESIAN_POINT('',(0.0771005,-0.0085,0.0015));
#17123=CARTESIAN_POINT('',(0.0766005,-0.0085,0.0015));
#17124=CARTESIAN_POINT('',(0.0766005,-0.0015,0.0015));
#17125=CARTESIAN_POINT('',(0.0766005,0.0055,0.0015));
#17126=CARTESIAN_POINT('',(0.0771005,0.0055,0.0015));
#17127=CARTESIAN_POINT('',(0.0634,-0.01205,0.0015));
#17128=CARTESIAN_POINT('',(0.0569,-0.01205,0.0015));
#17129=CARTESIAN_POINT('',(0.0699,-0.01205,0.0015));
#17130=CARTESIAN_POINT('',(0.0699,-0.01255,0.0015));
#17131=CARTESIAN_POINT('',(0.0704,-0.01255,0.0015));
#17132=CARTESIAN_POINT('',(0.0704,-0.01905,0.0015));
#17133=CARTESIAN_POINT('',(0.0704,-0.02555,0.0015));
#17134=CARTESIAN_POINT('',(0.0699,-0.02555,0.0015));
#17135=CARTESIAN_POINT('',(0.0699,-0.02605,0.0015));
#17136=CARTESIAN_POINT('',(0.0634,-0.02605,0.0015));
#17137=CARTESIAN_POINT('',(0.0569,-0.02605,0.0015));
#17138=CARTESIAN_POINT('',(0.0569,-0.02555,0.0015));
#17139=CARTESIAN_POINT('',(0.0564,-0.02555,0.0015));
#17140=CARTESIAN_POINT('',(0.0564,-0.01905,0.0015));
#17141=CARTESIAN_POINT('',(0.0564,-0.01255,0.0015));
#17142=CARTESIAN_POINT('',(0.0569,-0.01255,0.0015));
#17143=CARTESIAN_POINT('',(0.01815625,0.007,0.0015));
#17144=CARTESIAN_POINT('',(0.01165625,0.007,0.0015));
#17145=CARTESIAN_POINT('',(0.02465625,0.007,0.0015));
#17146=CARTESIAN_POINT('',(0.02465625,0.0065,0.0015));
#17147=CARTESIAN_POINT('',(0.02515625,0.0065,0.0015));
#17148=CARTESIAN_POINT('',(0.02515625,0.,0.0015));
#17149=CARTESIAN_POINT('',(0.02515625,-0.0065,0.0015));
#17150=CARTESIAN_POINT('',(0.02465625,-0.0065,0.0015));
#17151=CARTESIAN_POINT('',(0.02465625,-0.007,0.0015));
#17152=CARTESIAN_POINT('',(0.01815625,-0.007,0.0015));
#17153=CARTESIAN_POINT('',(0.01165625,-0.007,0.0015));
#17154=CARTESIAN_POINT('',(0.01165625,-0.0065,0.0015));
#17155=CARTESIAN_POINT('',(0.01115625,-0.0065,0.0015));
#17156=CARTESIAN_POINT('',(0.01115625,0.,0.0015));
#17157=CARTESIAN_POINT('',(0.01115625,0.0065,0.0015));
#17158=CARTESIAN_POINT('',(0.01165625,0.0065,0.0015));
#17159=CARTESIAN_POINT('',(0.02768125,-0.01205,0.0015));
#17160=CARTESIAN_POINT('',(0.02118125,-0.01205,0.0015));
#17161=CARTESIAN_POINT('',(0.03418125,-0.01205,0.0015));
#17162=CARTESIAN_POINT('',(0.03418125,-0.01255,0.0015));
#17163=CARTESIAN_POINT('',(0.03468125,-0.01255,0.0015));
#17164=CARTESIAN_POINT('',(0.03468125,-0.01905,0.0015));
#17165=CARTESIAN_POINT('',(0.03468125,-0.02555,0.0015));
#17166=CARTESIAN_POINT('',(0.03418125,-0.02555,0.0015));
#17167=CARTESIAN_POINT('',(0.03418125,-0.02605,0.0015));
#17168=CARTESIAN_POINT('',(0.02768125,-0.02605,0.0015));
#17169=CARTESIAN_POINT('',(0.02118125,-0.02605,0.0015));
#17170=CARTESIAN_POINT('',(0.02118125,-0.02555,0.0015));
#17171=CARTESIAN_POINT('',(0.02068125,-0.02555,0.0015));
#17172=CARTESIAN_POINT('',(0.02068125,-0.01905,0.0015));
#17173=CARTESIAN_POINT('',(0.02068125,-0.01255,0.0015));
#17174=CARTESIAN_POINT('',(0.02118125,-0.01255,0.0015));
#17175=CARTESIAN_POINT('',(0.0300625,-0.0451,0.0015));
#17176=CARTESIAN_POINT('',(0.0235625,-0.0451,0.0015));
#17177=CARTESIAN_POINT('',(0.0365625,-0.0451,0.0015));
#17178=CARTESIAN_POINT('',(0.0235625,-0.0446,0.0015));
#17179=CARTESIAN_POINT('',(0.0230625,-0.0446,0.0015));
#17180=CARTESIAN_POINT('',(0.0230625,-0.0381,0.0015));
#17181=CARTESIAN_POINT('',(0.0230625,-0.0316,0.0015));
#17182=CARTESIAN_POINT('',(0.0235625,-0.0316,0.0015));
#17183=CARTESIAN_POINT('',(0.0235625,-0.0311,0.0015));
#17184=CARTESIAN_POINT('',(0.0300625,-0.0311,0.0015));
#17185=CARTESIAN_POINT('',(0.0365625,-0.0311,0.0015));
#17186=CARTESIAN_POINT('',(0.0365625,-0.0316,0.0015));
#17187=CARTESIAN_POINT('',(0.0370625,-0.0316,0.0015));
#17188=CARTESIAN_POINT('',(0.0370625,-0.0381,0.0015));
#17189=CARTESIAN_POINT('',(0.0370625,-0.0446,0.0015));
#17190=CARTESIAN_POINT('',(0.0365625,-0.0446,0.0015));
#17191=CARTESIAN_POINT('',(-0.15329375,0.007,0.0015));
#17192=CARTESIAN_POINT('',(-0.15979375,0.007,0.0015));
#17193=CARTESIAN_POINT('',(-0.14679375,0.007,0.0015));
#17194=CARTESIAN_POINT('',(-0.14679375,0.0065,0.0015));
#17195=CARTESIAN_POINT('',(-0.14629375,0.0065,0.0015));
#17196=CARTESIAN_POINT('',(-0.14629375,0.,0.0015));
#17197=CARTESIAN_POINT('',(-0.14629375,-0.0065,0.0015));
#17198=CARTESIAN_POINT('',(-0.14679375,-0.0065,0.0015));
#17199=CARTESIAN_POINT('',(-0.14679375,-0.007,0.0015));
#17200=CARTESIAN_POINT('',(-0.15329375,-0.007,0.0015));
#17201=CARTESIAN_POINT('',(-0.15979375,-0.007,0.0015));
#17202=CARTESIAN_POINT('',(-0.15979375,-0.0065,0.0015));
#17203=CARTESIAN_POINT('',(-0.16029375,-0.0065,0.0015));
#17204=CARTESIAN_POINT('',(-0.16029375,0.,0.0015));
#17205=CARTESIAN_POINT('',(-0.16029375,0.0065,0.0015));
#17206=CARTESIAN_POINT('',(-0.15979375,0.0065,0.0015));
#17207=CARTESIAN_POINT('',(-0.14853125,0.0451,0.0015));
#17208=CARTESIAN_POINT('',(-0.15503125,0.0451,0.0015));
#17209=CARTESIAN_POINT('',(-0.14203125,0.0451,0.0015));
#17210=CARTESIAN_POINT('',(-0.14203125,0.0446,0.0015));
#17211=CARTESIAN_POINT('',(-0.14153125,0.0446,0.0015));
#17212=CARTESIAN_POINT('',(-0.14153125,0.0381,0.0015));
#17213=CARTESIAN_POINT('',(-0.14153125,0.0316,0.0015));
#17214=CARTESIAN_POINT('',(-0.14203125,0.0316,0.0015));
#17215=CARTESIAN_POINT('',(-0.14203125,0.0311,0.0015));
#17216=CARTESIAN_POINT('',(-0.14853125,0.0311,0.0015));
#17217=CARTESIAN_POINT('',(-0.15503125,0.0311,0.0015));
#17218=CARTESIAN_POINT('',(-0.15503125,0.0316,0.0015));
#17219=CARTESIAN_POINT('',(-0.15553125,0.0316,0.0015));
#17220=CARTESIAN_POINT('',(-0.15553125,0.0381,0.0015));
#17221=CARTESIAN_POINT('',(-0.15553125,0.0446,0.0015));
#17222=CARTESIAN_POINT('',(-0.15503125,0.0446,0.0015));
#17223=CARTESIAN_POINT('',(-0.12471875,-0.01205,0.0015));
#17224=CARTESIAN_POINT('',(-0.13121875,-0.01205,0.0015));
#17225=CARTESIAN_POINT('',(-0.11821875,-0.01205,0.0015));
#17226=CARTESIAN_POINT('',(-0.11821875,-0.01255,0.0015));
#17227=CARTESIAN_POINT('',(-0.11771875,-0.01255,0.0015));
#17228=CARTESIAN_POINT('',(-0.11771875,-0.01905,0.0015));
#17229=CARTESIAN_POINT('',(-0.11771875,-0.02555,0.0015));
#17230=CARTESIAN_POINT('',(-0.11821875,-0.02555,0.0015));
#17231=CARTESIAN_POINT('',(-0.11821875,-0.02605,0.0015));
#17232=CARTESIAN_POINT('',(-0.12471875,-0.02605,0.0015));
#17233=CARTESIAN_POINT('',(-0.13121875,-0.02605,0.0015));
#17234=CARTESIAN_POINT('',(-0.13121875,-0.02555,0.0015));
#17235=CARTESIAN_POINT('',(-0.13171875,-0.02555,0.0015));
#17236=CARTESIAN_POINT('',(-0.13171875,-0.01905,0.0015));
#17237=CARTESIAN_POINT('',(-0.13171875,-0.01255,0.0015));
#17238=CARTESIAN_POINT('',(-0.13121875,-0.01255,0.0015));
#17239=CARTESIAN_POINT('',(-0.12948125,0.0451,0.0015));
#17240=CARTESIAN_POINT('',(-0.13598125,0.0451,0.0015));
#17241=CARTESIAN_POINT('',(-0.12298125,0.0451,0.0015));
#17242=CARTESIAN_POINT('',(-0.12298125,0.0446,0.0015));
#17243=CARTESIAN_POINT('',(-0.12248125,0.0446,0.0015));
#17244=CARTESIAN_POINT('',(-0.12248125,0.0381,0.0015));
#17245=CARTESIAN_POINT('',(-0.12248125,0.0316,0.0015));
#17246=CARTESIAN_POINT('',(-0.12298125,0.0316,0.0015));
#17247=CARTESIAN_POINT('',(-0.12298125,0.0311,0.0015));
#17248=CARTESIAN_POINT('',(-0.12948125,0.0311,0.0015));
#17249=CARTESIAN_POINT('',(-0.13598125,0.0311,0.0015));
#17250=CARTESIAN_POINT('',(-0.13598125,0.0316,0.0015));
#17251=CARTESIAN_POINT('',(-0.13648125,0.0316,0.0015));
#17252=CARTESIAN_POINT('',(-0.13648125,0.0381,0.0015));
#17253=CARTESIAN_POINT('',(-0.13648125,0.0446,0.0015));
#17254=CARTESIAN_POINT('',(-0.13598125,0.0446,0.0015));
#17255=CARTESIAN_POINT('',(-0.18186875,0.02605,0.0015));
#17256=CARTESIAN_POINT('',(-0.18836875,0.02605,0.0015));
#17257=CARTESIAN_POINT('',(-0.17536875,0.02605,0.0015));
#17258=CARTESIAN_POINT('',(-0.17536875,0.02555,0.0015));
#17259=CARTESIAN_POINT('',(-0.17486875,0.02555,0.0015));
#17260=CARTESIAN_POINT('',(-0.17486875,0.01905,0.0015));
#17261=CARTESIAN_POINT('',(-0.17486875,0.01255,0.0015));
#17262=CARTESIAN_POINT('',(-0.17536875,0.01255,0.0015));
#17263=CARTESIAN_POINT('',(-0.17536875,0.01205,0.0015));
#17264=CARTESIAN_POINT('',(-0.18186875,0.01205,0.0015));
#17265=CARTESIAN_POINT('',(-0.18836875,0.01205,0.0015));
#17266=CARTESIAN_POINT('',(-0.18836875,0.01255,0.0015));
#17267=CARTESIAN_POINT('',(-0.18886875,0.01255,0.0015));
#17268=CARTESIAN_POINT('',(-0.18886875,0.01905,0.0015));
#17269=CARTESIAN_POINT('',(-0.18886875,0.02555,0.0015));
#17270=CARTESIAN_POINT('',(-0.18836875,0.02555,0.0015));
#17271=CARTESIAN_POINT('',(-0.186663,-0.01305,0.0015));
#17272=CARTESIAN_POINT('',(-0.189663,-0.01305,0.0015));
#17273=CARTESIAN_POINT('',(-0.183663,-0.01305,0.0015));
#17274=CARTESIAN_POINT('',(-0.183663,-0.01355,0.0015));
#17275=CARTESIAN_POINT('',(-0.183163,-0.01355,0.0015));
#17276=CARTESIAN_POINT('',(-0.183163,-0.02055,0.0015));
#17277=CARTESIAN_POINT('',(-0.183163,-0.02755,0.0015));
#17278=CARTESIAN_POINT('',(-0.183663,-0.02755,0.0015));
#17279=CARTESIAN_POINT('',(-0.183663,-0.02805,0.0015));
#17280=CARTESIAN_POINT('',(-0.186663,-0.02805,0.0015));
#17281=CARTESIAN_POINT('',(-0.189663,-0.02805,0.0015));
#17282=CARTESIAN_POINT('',(-0.189663,-0.02755,0.0015));
#17283=CARTESIAN_POINT('',(-0.190163,-0.02755,0.0015));
#17284=CARTESIAN_POINT('',(-0.190163,-0.02055,0.0015));
#17285=CARTESIAN_POINT('',(-0.190163,-0.01355,0.0015));
#17286=CARTESIAN_POINT('',(-0.189663,-0.01355,0.0015));
#17287=CARTESIAN_POINT('',(-0.162787,-0.01305,0.0015));
#17288=CARTESIAN_POINT('',(-0.165787,-0.01305,0.0015));
#17289=CARTESIAN_POINT('',(-0.159787,-0.01305,0.0015));
#17290=CARTESIAN_POINT('',(-0.159787,-0.01355,0.0015));
#17291=CARTESIAN_POINT('',(-0.159287,-0.01355,0.0015));
#17292=CARTESIAN_POINT('',(-0.159287,-0.02055,0.0015));
#17293=CARTESIAN_POINT('',(-0.159287,-0.02755,0.0015));
#17294=CARTESIAN_POINT('',(-0.159787,-0.02755,0.0015));
#17295=CARTESIAN_POINT('',(-0.159787,-0.02805,0.0015));
#17296=CARTESIAN_POINT('',(-0.162787,-0.02805,0.0015));
#17297=CARTESIAN_POINT('',(-0.165787,-0.02805,0.0015));
#17298=CARTESIAN_POINT('',(-0.165787,-0.02755,0.0015));
#17299=CARTESIAN_POINT('',(-0.166287,-0.02755,0.0015));
#17300=CARTESIAN_POINT('',(-0.166287,-0.02055,0.0015));
#17301=CARTESIAN_POINT('',(-0.166287,-0.01355,0.0015));
#17302=CARTESIAN_POINT('',(-0.165787,-0.01355,0.0015));
#17303=CARTESIAN_POINT('',(-0.1604375,-0.0451,0.0015));
#17304=CARTESIAN_POINT('',(-0.1669375,-0.0451,0.0015));
#17305=CARTESIAN_POINT('',(-0.1539375,-0.0451,0.0015));
#17306=CARTESIAN_POINT('',(-0.1669375,-0.0446,0.0015));
#17307=CARTESIAN_POINT('',(-0.1674375,-0.0446,0.0015));
#17308=CARTESIAN_POINT('',(-0.1674375,-0.0381,0.0015));
#17309=CARTESIAN_POINT('',(-0.1674375,-0.0316,0.0015));
#17310=CARTESIAN_POINT('',(-0.1669375,-0.0316,0.0015));
#17311=CARTESIAN_POINT('',(-0.1669375,-0.0311,0.0015));
#17312=CARTESIAN_POINT('',(-0.1604375,-0.0311,0.0015));
#17313=CARTESIAN_POINT('',(-0.1539375,-0.0311,0.0015));
#17314=CARTESIAN_POINT('',(-0.1539375,-0.0316,0.0015));
#17315=CARTESIAN_POINT('',(-0.1534375,-0.0316,0.0015));
#17316=CARTESIAN_POINT('',(-0.1534375,-0.0381,0.0015));
#17317=CARTESIAN_POINT('',(-0.1534375,-0.0446,0.0015));
#17318=CARTESIAN_POINT('',(-0.1539375,-0.0446,0.0015));
#17319=CARTESIAN_POINT('',(-0.09138125,0.0451,0.0015));
#17320=CARTESIAN_POINT('',(-0.09788125,0.0451,0.0015));
#17321=CARTESIAN_POINT('',(-0.08488125,0.0451,0.0015));
#17322=CARTESIAN_POINT('',(-0.08488125,0.0446,0.0015));
#17323=CARTESIAN_POINT('',(-0.08438125,0.0446,0.0015));
#17324=CARTESIAN_POINT('',(-0.08438125,0.0381,0.0015));
#17325=CARTESIAN_POINT('',(-0.08438125,0.0316,0.0015));
#17326=CARTESIAN_POINT('',(-0.08488125,0.0316,0.0015));
#17327=CARTESIAN_POINT('',(-0.08488125,0.0311,0.0015));
#17328=CARTESIAN_POINT('',(-0.09138125,0.0311,0.0015));
#17329=CARTESIAN_POINT('',(-0.09788125,0.0311,0.0015));
#17330=CARTESIAN_POINT('',(-0.09788125,0.0316,0.0015));
#17331=CARTESIAN_POINT('',(-0.09838125,0.0316,0.0015));
#17332=CARTESIAN_POINT('',(-0.09838125,0.0381,0.0015));
#17333=CARTESIAN_POINT('',(-0.09838125,0.0446,0.0015));
#17334=CARTESIAN_POINT('',(-0.09788125,0.0446,0.0015));
#17335=CARTESIAN_POINT('',(-0.10090625,0.02605,0.0015));
#17336=CARTESIAN_POINT('',(-0.10740625,0.02605,0.0015));
#17337=CARTESIAN_POINT('',(-0.09440625,0.02605,0.0015));
#17338=CARTESIAN_POINT('',(-0.09440625,0.02555,0.0015));
#17339=CARTESIAN_POINT('',(-0.09390625,0.02555,0.0015));
#17340=CARTESIAN_POINT('',(-0.09390625,0.01905,0.0015));
#17341=CARTESIAN_POINT('',(-0.09390625,0.01255,0.0015));
#17342=CARTESIAN_POINT('',(-0.09440625,0.01255,0.0015));
#17343=CARTESIAN_POINT('',(-0.09440625,0.01205,0.0015));
#17344=CARTESIAN_POINT('',(-0.10090625,0.01205,0.0015));
#17345=CARTESIAN_POINT('',(-0.10740625,0.01205,0.0015));
#17346=CARTESIAN_POINT('',(-0.10740625,0.01255,0.0015));
#17347=CARTESIAN_POINT('',(-0.10790625,0.01255,0.0015));
#17348=CARTESIAN_POINT('',(-0.10790625,0.01905,0.0015));
#17349=CARTESIAN_POINT('',(-0.10790625,0.02555,0.0015));
#17350=CARTESIAN_POINT('',(-0.10740625,0.02555,0.0015));
#17351=CARTESIAN_POINT('',(-0.05328125,0.0451,0.0015));
#17352=CARTESIAN_POINT('',(-0.05978125,0.0451,0.0015));
#17353=CARTESIAN_POINT('',(-0.04678125,0.0451,0.0015));
#17354=CARTESIAN_POINT('',(-0.04678125,0.0446,0.0015));
#17355=CARTESIAN_POINT('',(-0.04628125,0.0446,0.0015));
#17356=CARTESIAN_POINT('',(-0.04628125,0.0381,0.0015));
#17357=CARTESIAN_POINT('',(-0.04628125,0.0316,0.0015));
#17358=CARTESIAN_POINT('',(-0.04678125,0.0316,0.0015));
#17359=CARTESIAN_POINT('',(-0.04678125,0.0311,0.0015));
#17360=CARTESIAN_POINT('',(-0.05328125,0.0311,0.0015));
#17361=CARTESIAN_POINT('',(-0.05978125,0.0311,0.0015));
#17362=CARTESIAN_POINT('',(-0.05978125,0.0316,0.0015));
#17363=CARTESIAN_POINT('',(-0.06028125,0.0316,0.0015));
#17364=CARTESIAN_POINT('',(-0.06028125,0.0381,0.0015));
#17365=CARTESIAN_POINT('',(-0.06028125,0.0446,0.0015));
#17366=CARTESIAN_POINT('',(-0.05978125,0.0446,0.0015));
#17367=CARTESIAN_POINT('',(-0.08185625,0.02605,0.0015));
#17368=CARTESIAN_POINT('',(-0.08835625,0.02605,0.0015));
#17369=CARTESIAN_POINT('',(-0.07535625,0.02605,0.0015));
#17370=CARTESIAN_POINT('',(-0.07535625,0.02555,0.0015));
#17371=CARTESIAN_POINT('',(-0.07485625,0.02555,0.0015));
#17372=CARTESIAN_POINT('',(-0.07485625,0.01905,0.0015));
#17373=CARTESIAN_POINT('',(-0.07485625,0.01255,0.0015));
#17374=CARTESIAN_POINT('',(-0.07535625,0.01255,0.0015));
#17375=CARTESIAN_POINT('',(-0.07535625,0.01205,0.0015));
#17376=CARTESIAN_POINT('',(-0.08185625,0.01205,0.0015));
#17377=CARTESIAN_POINT('',(-0.08835625,0.01205,0.0015));
#17378=CARTESIAN_POINT('',(-0.08835625,0.01255,0.0015));
#17379=CARTESIAN_POINT('',(-0.08885625,0.01255,0.0015));
#17380=CARTESIAN_POINT('',(-0.08885625,0.01905,0.0015));
#17381=CARTESIAN_POINT('',(-0.08885625,0.02555,0.0015));
#17382=CARTESIAN_POINT('',(-0.08835625,0.02555,0.0015));
#17383=CARTESIAN_POINT('',(-0.11519375,0.007,0.0015));
#17384=CARTESIAN_POINT('',(-0.12169375,0.007,0.0015));
#17385=CARTESIAN_POINT('',(-0.10869375,0.007,0.0015));
#17386=CARTESIAN_POINT('',(-0.10869375,0.0065,0.0015));
#17387=CARTESIAN_POINT('',(-0.10819375,0.0065,0.0015));
#17388=CARTESIAN_POINT('',(-0.10819375,0.,0.0015));
#17389=CARTESIAN_POINT('',(-0.10819375,-0.0065,0.0015));
#17390=CARTESIAN_POINT('',(-0.10869375,-0.0065,0.0015));
#17391=CARTESIAN_POINT('',(-0.10869375,-0.007,0.0015));
#17392=CARTESIAN_POINT('',(-0.11519375,-0.007,0.0015));
#17393=CARTESIAN_POINT('',(-0.12169375,-0.007,0.0015));
#17394=CARTESIAN_POINT('',(-0.12169375,-0.0065,0.0015));
#17395=CARTESIAN_POINT('',(-0.12219375,-0.0065,0.0015));
#17396=CARTESIAN_POINT('',(-0.12219375,0.,0.0015));
#17397=CARTESIAN_POINT('',(-0.12219375,0.0065,0.0015));
#17398=CARTESIAN_POINT('',(-0.12169375,0.0065,0.0015));
#17399=CARTESIAN_POINT('',(-0.1151875,-0.0321,0.0015));
#17400=CARTESIAN_POINT('',(-0.1181875,-0.0321,0.0015));
#17401=CARTESIAN_POINT('',(-0.1121875,-0.0321,0.0015));
#17402=CARTESIAN_POINT('',(-0.1121875,-0.0326,0.0015));
#17403=CARTESIAN_POINT('',(-0.1116875,-0.0326,0.0015));
#17404=CARTESIAN_POINT('',(-0.1116875,-0.03885,0.0015));
#17405=CARTESIAN_POINT('',(-0.1116875,-0.0466,0.0015));
#17406=CARTESIAN_POINT('',(-0.1121875,-0.0466,0.0015));
#17407=CARTESIAN_POINT('',(-0.1121875,-0.0471,0.0015));
#17408=CARTESIAN_POINT('',(-0.1151875,-0.0471,0.0015));
#17409=CARTESIAN_POINT('',(-0.1181875,-0.0471,0.0015));
#17410=CARTESIAN_POINT('',(-0.1181875,-0.0466,0.0015));
#17411=CARTESIAN_POINT('',(-0.1186875,-0.0466,0.0015));
#17412=CARTESIAN_POINT('',(-0.1186875,-0.03885,0.0015));
#17413=CARTESIAN_POINT('',(-0.1186875,-0.0326,0.0015));
#17414=CARTESIAN_POINT('',(-0.1181875,-0.0326,0.0015));
#17415=CARTESIAN_POINT('',(-0.0651875,-0.0451,0.0015));
#17416=CARTESIAN_POINT('',(-0.0716875,-0.0451,0.0015));
#17417=CARTESIAN_POINT('',(-0.0586875,-0.0451,0.0015));
#17418=CARTESIAN_POINT('',(-0.0716875,-0.0446,0.0015));
#17419=CARTESIAN_POINT('',(-0.0721875,-0.0446,0.0015));
#17420=CARTESIAN_POINT('',(-0.0721875,-0.0381,0.0015));
#17421=CARTESIAN_POINT('',(-0.0721875,-0.0316,0.0015));
#17422=CARTESIAN_POINT('',(-0.0716875,-0.0316,0.0015));
#17423=CARTESIAN_POINT('',(-0.0716875,-0.0311,0.0015));
#17424=CARTESIAN_POINT('',(-0.0651875,-0.0311,0.0015));
#17425=CARTESIAN_POINT('',(-0.0586875,-0.0311,0.0015));
#17426=CARTESIAN_POINT('',(-0.0586875,-0.0316,0.0015));
#17427=CARTESIAN_POINT('',(-0.0581875,-0.0316,0.0015));
#17428=CARTESIAN_POINT('',(-0.0581875,-0.0381,0.0015));
#17429=CARTESIAN_POINT('',(-0.0581875,-0.0446,0.0015));
#17430=CARTESIAN_POINT('',(-0.0586875,-0.0446,0.0015));
#17431=CARTESIAN_POINT('',(-0.09614375,0.007,0.0015));
#17432=CARTESIAN_POINT('',(-0.10264375,0.007,0.0015));
#17433=CARTESIAN_POINT('',(-0.08964375,0.007,0.0015));
#17434=CARTESIAN_POINT('',(-0.08964375,0.0065,0.0015));
#17435=CARTESIAN_POINT('',(-0.08914375,0.0065,0.0015));
#17436=CARTESIAN_POINT('',(-0.08914375,0.,0.0015));
#17437=CARTESIAN_POINT('',(-0.08914375,-0.0065,0.0015));
#17438=CARTESIAN_POINT('',(-0.08964375,-0.0065,0.0015));
#17439=CARTESIAN_POINT('',(-0.08964375,-0.007,0.0015));
#17440=CARTESIAN_POINT('',(-0.09614375,-0.007,0.0015));
#17441=CARTESIAN_POINT('',(-0.10264375,-0.007,0.0015));
#17442=CARTESIAN_POINT('',(-0.10264375,-0.0065,0.0015));
#17443=CARTESIAN_POINT('',(-0.10314375,-0.0065,0.0015));
#17444=CARTESIAN_POINT('',(-0.10314375,0.,0.0015));
#17445=CARTESIAN_POINT('',(-0.10314375,0.0065,0.0015));
#17446=CARTESIAN_POINT('',(-0.10264375,0.0065,0.0015));
#17447=CARTESIAN_POINT('',(0.08248175,0.0441,0.0015));
#17448=CARTESIAN_POINT('',(0.07948175,0.0441,0.0015));
#17449=CARTESIAN_POINT('',(0.08548175,0.0441,0.0015));
#17450=CARTESIAN_POINT('',(0.08548175,0.0436,0.0015));
#17451=CARTESIAN_POINT('',(0.08598175,0.0436,0.0015));
#17452=CARTESIAN_POINT('',(0.08598175,0.0366,0.0015));
#17453=CARTESIAN_POINT('',(0.08598175,0.0296,0.0015));
#17454=CARTESIAN_POINT('',(0.08548175,0.0296,0.0015));
#17455=CARTESIAN_POINT('',(0.08548175,0.0291,0.0015));
#17456=CARTESIAN_POINT('',(0.08248175,0.0291,0.0015));
#17457=CARTESIAN_POINT('',(0.07948175,0.0291,0.0015));
#17458=CARTESIAN_POINT('',(0.07948175,0.0296,0.0015));
#17459=CARTESIAN_POINT('',(0.07898175,0.0296,0.0015));
#17460=CARTESIAN_POINT('',(0.07898175,0.0366,0.0015));
#17461=CARTESIAN_POINT('',(0.07898175,0.0436,0.0015));
#17462=CARTESIAN_POINT('',(0.07948175,0.0436,0.0015));
#17463=CARTESIAN_POINT('',(0.05149375,0.02605,0.0015));
#17464=CARTESIAN_POINT('',(0.04499375,0.02605,0.0015));
#17465=CARTESIAN_POINT('',(0.05799375,0.02605,0.0015));
#17466=CARTESIAN_POINT('',(0.05799375,0.02555,0.0015));
#17467=CARTESIAN_POINT('',(0.05849375,0.02555,0.0015));
#17468=CARTESIAN_POINT('',(0.05849375,0.01905,0.0015));
#17469=CARTESIAN_POINT('',(0.05849375,0.01255,0.0015));
#17470=CARTESIAN_POINT('',(0.05799375,0.01255,0.0015));
#17471=CARTESIAN_POINT('',(0.05799375,0.01205,0.0015));
#17472=CARTESIAN_POINT('',(0.05149375,0.01205,0.0015));
#17473=CARTESIAN_POINT('',(0.04499375,0.01205,0.0015));
#17474=CARTESIAN_POINT('',(0.04499375,0.01255,0.0015));
#17475=CARTESIAN_POINT('',(0.04449375,0.01255,0.0015));
#17476=CARTESIAN_POINT('',(0.04449375,0.01905,0.0015));
#17477=CARTESIAN_POINT('',(0.04449375,0.02555,0.0015));
#17478=CARTESIAN_POINT('',(0.04499375,0.02555,0.0015));
#17479=CARTESIAN_POINT('',(0.07054375,0.0451,0.0015));
#17480=CARTESIAN_POINT('',(0.06404375,0.0451,0.0015));
#17481=CARTESIAN_POINT('',(0.07704375,0.0451,0.0015));
#17482=CARTESIAN_POINT('',(0.07704375,0.0446,0.0015));
#17483=CARTESIAN_POINT('',(0.07754375,0.0446,0.0015));
#17484=CARTESIAN_POINT('',(0.07754375,0.0381,0.0015));
#17485=CARTESIAN_POINT('',(0.07754375,0.0316,0.0015));
#17486=CARTESIAN_POINT('',(0.07704375,0.0316,0.0015));
#17487=CARTESIAN_POINT('',(0.07704375,0.0311,0.0015));
#17488=CARTESIAN_POINT('',(0.07054375,0.0311,0.0015));
#17489=CARTESIAN_POINT('',(0.06404375,0.0311,0.0015));
#17490=CARTESIAN_POINT('',(0.06404375,0.0316,0.0015));
#17491=CARTESIAN_POINT('',(0.06354375,0.0316,0.0015));
#17492=CARTESIAN_POINT('',(0.06354375,0.0381,0.0015));
#17493=CARTESIAN_POINT('',(0.06354375,0.0446,0.0015));
#17494=CARTESIAN_POINT('',(0.06404375,0.0446,0.0015));
#17495=CARTESIAN_POINT('',(-0.0532799044430256,-0.049997,0.0015));
#17496=CARTESIAN_POINT('',(-0.19307054,-0.049997,0.0015));
#17497=CARTESIAN_POINT('',(0.0865107311139489,-0.049997,0.0015));
#17498=CARTESIAN_POINT('',(0.0865107311139488,-0.04451674,0.0015));
#17499=CARTESIAN_POINT('',(0.0919909911139488,-0.04451674,0.0015));
#17500=CARTESIAN_POINT('',(0.0919909911139488,0.008343625,0.0015));
#17501=CARTESIAN_POINT('',(0.0919909911139488,0.06120399,0.0015));
#17502=CARTESIAN_POINT('',(0.0865107311139488,0.06120399,0.0015));
#17503=CARTESIAN_POINT('',(0.0865107311139489,0.06668425,0.0015));
#17504=CARTESIAN_POINT('',(-0.0532799044430256,0.06668425,0.0015));
#17505=CARTESIAN_POINT('',(-0.19307054,0.06668425,0.0015));
#17506=CARTESIAN_POINT('',(-0.19307054,0.06120399,0.0015));
#17507=CARTESIAN_POINT('',(-0.1985508,0.06120399,0.0015));
#17508=CARTESIAN_POINT('',(-0.1985508,0.008343625,0.0015));
#17509=CARTESIAN_POINT('',(-0.1985508,-0.04451674,0.0015));
#17510=CARTESIAN_POINT('',(-0.19307054,-0.04451674,0.0015));
#17511=CARTESIAN_POINT('',(-0.17963125,0.0381,0.0015));
#17512=CARTESIAN_POINT('',(-0.17963125,0.0446,0.0015));
#17513=CARTESIAN_POINT('',(-0.17963125,0.0316,0.0015));
#17514=CARTESIAN_POINT('',(-0.18013125,0.0316,0.0015));
#17515=CARTESIAN_POINT('',(-0.18013125,0.0311,0.0015));
#17516=CARTESIAN_POINT('',(-0.18663125,0.0311,0.0015));
#17517=CARTESIAN_POINT('',(-0.19313125,0.0311,0.0015));
#17518=CARTESIAN_POINT('',(-0.19313125,0.0316,0.0015));
#17519=CARTESIAN_POINT('',(-0.19363125,0.0316,0.0015));
#17520=CARTESIAN_POINT('',(-0.19363125,0.0381,0.0015));
#17521=CARTESIAN_POINT('',(-0.19363125,0.0446,0.0015));
#17522=CARTESIAN_POINT('',(-0.19313125,0.0446,0.0015));
#17523=CARTESIAN_POINT('',(-0.19313125,0.0451,0.0015));
#17524=CARTESIAN_POINT('',(-0.18663125,0.0451,0.0015));
#17525=CARTESIAN_POINT('',(-0.18013125,0.0451,0.0015));
#17526=CARTESIAN_POINT('',(-0.18013125,0.0446,0.0015));
#17527=CARTESIAN_POINT('',(0.05860575,0.0441,0.0015));
#17528=CARTESIAN_POINT('',(0.05560575,0.0441,0.0015));
#17529=CARTESIAN_POINT('',(0.06160575,0.0441,0.0015));
#17530=CARTESIAN_POINT('',(0.06160575,0.0436,0.0015));
#17531=CARTESIAN_POINT('',(0.06210575,0.0436,0.0015));
#17532=CARTESIAN_POINT('',(0.06210575,0.0366,0.0015));
#17533=CARTESIAN_POINT('',(0.06210575,0.0296,0.0015));
#17534=CARTESIAN_POINT('',(0.06160575,0.0296,0.0015));
#17535=CARTESIAN_POINT('',(0.06160575,0.0291,0.0015));
#17536=CARTESIAN_POINT('',(0.05860575,0.0291,0.0015));
#17537=CARTESIAN_POINT('',(0.05560575,0.0291,0.0015));
#17538=CARTESIAN_POINT('',(0.05560575,0.0296,0.0015));
#17539=CARTESIAN_POINT('',(0.05510575,0.0296,0.0015));
#17540=CARTESIAN_POINT('',(0.05510575,0.0366,0.0015));
#17541=CARTESIAN_POINT('',(0.05510575,0.0436,0.0015));
#17542=CARTESIAN_POINT('',(0.05560575,0.0436,0.0015));
#17543=CARTESIAN_POINT('',(0.04196875,0.0451,0.0015));
#17544=CARTESIAN_POINT('',(0.03546875,0.0451,0.0015));
#17545=CARTESIAN_POINT('',(0.04846875,0.0451,0.0015));
#17546=CARTESIAN_POINT('',(0.04846875,0.0446,0.0015));
#17547=CARTESIAN_POINT('',(0.04896875,0.0446,0.0015));
#17548=CARTESIAN_POINT('',(0.04896875,0.0381,0.0015));
#17549=CARTESIAN_POINT('',(0.04896875,0.0316,0.0015));
#17550=CARTESIAN_POINT('',(0.04846875,0.0316,0.0015));
#17551=CARTESIAN_POINT('',(0.04846875,0.0311,0.0015));
#17552=CARTESIAN_POINT('',(0.04196875,0.0311,0.0015));
#17553=CARTESIAN_POINT('',(0.03546875,0.0311,0.0015));
#17554=CARTESIAN_POINT('',(0.03546875,0.0316,0.0015));
#17555=CARTESIAN_POINT('',(0.03496875,0.0316,0.0015));
#17556=CARTESIAN_POINT('',(0.03496875,0.0381,0.0015));
#17557=CARTESIAN_POINT('',(0.03496875,0.0446,0.0015));
#17558=CARTESIAN_POINT('',(0.03546875,0.0446,0.0015));
#17559=CARTESIAN_POINT('',(0.07530625,0.02605,0.0015));
#17560=CARTESIAN_POINT('',(0.06880625,0.02605,0.0015));
#17561=CARTESIAN_POINT('',(0.08180625,0.02605,0.0015));
#17562=CARTESIAN_POINT('',(0.08180625,0.02555,0.0015));
#17563=CARTESIAN_POINT('',(0.08230625,0.02555,0.0015));
#17564=CARTESIAN_POINT('',(0.08230625,0.01905,0.0015));
#17565=CARTESIAN_POINT('',(0.08230625,0.01255,0.0015));
#17566=CARTESIAN_POINT('',(0.08180625,0.01255,0.0015));
#17567=CARTESIAN_POINT('',(0.08180625,0.01205,0.0015));
#17568=CARTESIAN_POINT('',(0.07530625,0.01205,0.0015));
#17569=CARTESIAN_POINT('',(0.06880625,0.01205,0.0015));
#17570=CARTESIAN_POINT('',(0.06880625,0.01255,0.0015));
#17571=CARTESIAN_POINT('',(0.06830625,0.01255,0.0015));
#17572=CARTESIAN_POINT('',(0.06830625,0.01905,0.0015));
#17573=CARTESIAN_POINT('',(0.06830625,0.02555,0.0015));
#17574=CARTESIAN_POINT('',(0.06880625,0.02555,0.0015));
#17575=CARTESIAN_POINT('',(-0.08661875,-0.01205,0.0015));
#17576=CARTESIAN_POINT('',(-0.09311875,-0.01205,0.0015));
#17577=CARTESIAN_POINT('',(-0.08011875,-0.01205,0.0015));
#17578=CARTESIAN_POINT('',(-0.08011875,-0.01255,0.0015));
#17579=CARTESIAN_POINT('',(-0.07961875,-0.01255,0.0015));
#17580=CARTESIAN_POINT('',(-0.07961875,-0.01905,0.0015));
#17581=CARTESIAN_POINT('',(-0.07961875,-0.02555,0.0015));
#17582=CARTESIAN_POINT('',(-0.08011875,-0.02555,0.0015));
#17583=CARTESIAN_POINT('',(-0.08011875,-0.02605,0.0015));
#17584=CARTESIAN_POINT('',(-0.08661875,-0.02605,0.0015));
#17585=CARTESIAN_POINT('',(-0.09311875,-0.02605,0.0015));
#17586=CARTESIAN_POINT('',(-0.09311875,-0.02555,0.0015));
#17587=CARTESIAN_POINT('',(-0.09361875,-0.02555,0.0015));
#17588=CARTESIAN_POINT('',(-0.09361875,-0.01905,0.0015));
#17589=CARTESIAN_POINT('',(-0.09361875,-0.01255,0.0015));
#17590=CARTESIAN_POINT('',(-0.09311875,-0.01255,0.0015));
#17591=CARTESIAN_POINT('',(-0.136625,-0.0451,0.0015));
#17592=CARTESIAN_POINT('',(-0.143125,-0.0451,0.0015));
#17593=CARTESIAN_POINT('',(-0.130125,-0.0451,0.0015));
#17594=CARTESIAN_POINT('',(-0.143125,-0.0446,0.0015));
#17595=CARTESIAN_POINT('',(-0.143625,-0.0446,0.0015));
#17596=CARTESIAN_POINT('',(-0.143625,-0.0381,0.0015));
#17597=CARTESIAN_POINT('',(-0.143625,-0.0316,0.0015));
#17598=CARTESIAN_POINT('',(-0.143125,-0.0316,0.0015));
#17599=CARTESIAN_POINT('',(-0.143125,-0.0311,0.0015));
#17600=CARTESIAN_POINT('',(-0.136625,-0.0311,0.0015));
#17601=CARTESIAN_POINT('',(-0.130125,-0.0311,0.0015));
#17602=CARTESIAN_POINT('',(-0.130125,-0.0316,0.0015));
#17603=CARTESIAN_POINT('',(-0.129625,-0.0316,0.0015));
#17604=CARTESIAN_POINT('',(-0.129625,-0.0381,0.0015));
#17605=CARTESIAN_POINT('',(-0.129625,-0.0446,0.0015));
#17606=CARTESIAN_POINT('',(-0.130125,-0.0446,0.0015));
#17607=CARTESIAN_POINT('',(-0.10566875,-0.01205,0.0015));
#17608=CARTESIAN_POINT('',(-0.11216875,-0.01205,0.0015));
#17609=CARTESIAN_POINT('',(-0.09916875,-0.01205,0.0015));
#17610=CARTESIAN_POINT('',(-0.09916875,-0.01255,0.0015));
#17611=CARTESIAN_POINT('',(-0.09866875,-0.01255,0.0015));
#17612=CARTESIAN_POINT('',(-0.09866875,-0.01905,0.0015));
#17613=CARTESIAN_POINT('',(-0.09866875,-0.02555,0.0015));
#17614=CARTESIAN_POINT('',(-0.09916875,-0.02555,0.0015));
#17615=CARTESIAN_POINT('',(-0.09916875,-0.02605,0.0015));
#17616=CARTESIAN_POINT('',(-0.10566875,-0.02605,0.0015));
#17617=CARTESIAN_POINT('',(-0.11216875,-0.02605,0.0015));
#17618=CARTESIAN_POINT('',(-0.11216875,-0.02555,0.0015));
#17619=CARTESIAN_POINT('',(-0.11266875,-0.02555,0.0015));
#17620=CARTESIAN_POINT('',(-0.11266875,-0.01905,0.0015));
#17621=CARTESIAN_POINT('',(-0.11266875,-0.01255,0.0015));
#17622=CARTESIAN_POINT('',(-0.11216875,-0.01255,0.0015));
#17623=CARTESIAN_POINT('',(-0.11995625,0.02605,0.0015));
#17624=CARTESIAN_POINT('',(-0.12645625,0.02605,0.0015));
#17625=CARTESIAN_POINT('',(-0.11345625,0.02605,0.0015));
#17626=CARTESIAN_POINT('',(-0.11345625,0.02555,0.0015));
#17627=CARTESIAN_POINT('',(-0.11295625,0.02555,0.0015));
#17628=CARTESIAN_POINT('',(-0.11295625,0.01905,0.0015));
#17629=CARTESIAN_POINT('',(-0.11295625,0.01255,0.0015));
#17630=CARTESIAN_POINT('',(-0.11345625,0.01255,0.0015));
#17631=CARTESIAN_POINT('',(-0.11345625,0.01205,0.0015));
#17632=CARTESIAN_POINT('',(-0.11995625,0.01205,0.0015));
#17633=CARTESIAN_POINT('',(-0.12645625,0.01205,0.0015));
#17634=CARTESIAN_POINT('',(-0.12645625,0.01255,0.0015));
#17635=CARTESIAN_POINT('',(-0.12695625,0.01255,0.0015));
#17636=CARTESIAN_POINT('',(-0.12695625,0.01905,0.0015));
#17637=CARTESIAN_POINT('',(-0.12695625,0.02555,0.0015));
#17638=CARTESIAN_POINT('',(-0.12645625,0.02555,0.0015));
#17639=CARTESIAN_POINT('',(-0.06280625,0.02605,0.0015));
#17640=CARTESIAN_POINT('',(-0.06930625,0.02605,0.0015));
#17641=CARTESIAN_POINT('',(-0.05630625,0.02605,0.0015));
#17642=CARTESIAN_POINT('',(-0.05630625,0.02555,0.0015));
#17643=CARTESIAN_POINT('',(-0.05580625,0.02555,0.0015));
#17644=CARTESIAN_POINT('',(-0.05580625,0.01905,0.0015));
#17645=CARTESIAN_POINT('',(-0.05580625,0.01255,0.0015));
#17646=CARTESIAN_POINT('',(-0.05630625,0.01255,0.0015));
#17647=CARTESIAN_POINT('',(-0.05630625,0.01205,0.0015));
#17648=CARTESIAN_POINT('',(-0.06280625,0.01205,0.0015));
#17649=CARTESIAN_POINT('',(-0.06930625,0.01205,0.0015));
#17650=CARTESIAN_POINT('',(-0.06930625,0.01255,0.0015));
#17651=CARTESIAN_POINT('',(-0.06980625,0.01255,0.0015));
#17652=CARTESIAN_POINT('',(-0.06980625,0.01905,0.0015));
#17653=CARTESIAN_POINT('',(-0.06980625,0.02555,0.0015));
#17654=CARTESIAN_POINT('',(-0.06930625,0.02555,0.0015));
#17655=CARTESIAN_POINT('',(-0.07709375,0.007,0.0015));
#17656=CARTESIAN_POINT('',(-0.08359375,0.007,0.0015));
#17657=CARTESIAN_POINT('',(-0.07059375,0.007,0.0015));
#17658=CARTESIAN_POINT('',(-0.07059375,0.0065,0.0015));
#17659=CARTESIAN_POINT('',(-0.07009375,0.0065,0.0015));
#17660=CARTESIAN_POINT('',(-0.07009375,0.,0.0015));
#17661=CARTESIAN_POINT('',(-0.07009375,-0.0065,0.0015));
#17662=CARTESIAN_POINT('',(-0.07059375,-0.0065,0.0015));
#17663=CARTESIAN_POINT('',(-0.07059375,-0.007,0.0015));
#17664=CARTESIAN_POINT('',(-0.07709375,-0.007,0.0015));
#17665=CARTESIAN_POINT('',(-0.08359375,-0.007,0.0015));
#17666=CARTESIAN_POINT('',(-0.08359375,-0.0065,0.0015));
#17667=CARTESIAN_POINT('',(-0.08409375,-0.0065,0.0015));
#17668=CARTESIAN_POINT('',(-0.08409375,0.,0.0015));
#17669=CARTESIAN_POINT('',(-0.08409375,0.0065,0.0015));
#17670=CARTESIAN_POINT('',(-0.08359375,0.0065,0.0015));
#17671=CARTESIAN_POINT('',(-0.11043125,0.0451,0.0015));
#17672=CARTESIAN_POINT('',(-0.11693125,0.0451,0.0015));
#17673=CARTESIAN_POINT('',(-0.10393125,0.0451,0.0015));
#17674=CARTESIAN_POINT('',(-0.10393125,0.0446,0.0015));
#17675=CARTESIAN_POINT('',(-0.10343125,0.0446,0.0015));
#17676=CARTESIAN_POINT('',(-0.10343125,0.0381,0.0015));
#17677=CARTESIAN_POINT('',(-0.10343125,0.0316,0.0015));
#17678=CARTESIAN_POINT('',(-0.10393125,0.0316,0.0015));
#17679=CARTESIAN_POINT('',(-0.10393125,0.0311,0.0015));
#17680=CARTESIAN_POINT('',(-0.11043125,0.0311,0.0015));
#17681=CARTESIAN_POINT('',(-0.11693125,0.0311,0.0015));
#17682=CARTESIAN_POINT('',(-0.11693125,0.0316,0.0015));
#17683=CARTESIAN_POINT('',(-0.11743125,0.0316,0.0015));
#17684=CARTESIAN_POINT('',(-0.11743125,0.0381,0.0015));
#17685=CARTESIAN_POINT('',(-0.11743125,0.0446,0.0015));
#17686=CARTESIAN_POINT('',(-0.11693125,0.0446,0.0015));
#17687=CARTESIAN_POINT('',(-0.07233125,0.0451,0.0015));
#17688=CARTESIAN_POINT('',(-0.07883125,0.0451,0.0015));
#17689=CARTESIAN_POINT('',(-0.06583125,0.0451,0.0015));
#17690=CARTESIAN_POINT('',(-0.06583125,0.0446,0.0015));
#17691=CARTESIAN_POINT('',(-0.06533125,0.0446,0.0015));
#17692=CARTESIAN_POINT('',(-0.06533125,0.0381,0.0015));
#17693=CARTESIAN_POINT('',(-0.06533125,0.0316,0.0015));
#17694=CARTESIAN_POINT('',(-0.06583125,0.0316,0.0015));
#17695=CARTESIAN_POINT('',(-0.06583125,0.0311,0.0015));
#17696=CARTESIAN_POINT('',(-0.07233125,0.0311,0.0015));
#17697=CARTESIAN_POINT('',(-0.07883125,0.0311,0.0015));
#17698=CARTESIAN_POINT('',(-0.07883125,0.0316,0.0015));
#17699=CARTESIAN_POINT('',(-0.07933125,0.0316,0.0015));
#17700=CARTESIAN_POINT('',(-0.07933125,0.0381,0.0015));
#17701=CARTESIAN_POINT('',(-0.07933125,0.0446,0.0015));
#17702=CARTESIAN_POINT('',(-0.07883125,0.0446,0.0015));
#17703=CARTESIAN_POINT('',(-0.18425,-0.0451,0.0015));
#17704=CARTESIAN_POINT('',(-0.19075,-0.0451,0.0015));
#17705=CARTESIAN_POINT('',(-0.17775,-0.0451,0.0015));
#17706=CARTESIAN_POINT('',(-0.19075,-0.0446,0.0015));
#17707=CARTESIAN_POINT('',(-0.19125,-0.0446,0.0015));
#17708=CARTESIAN_POINT('',(-0.19125,-0.0381,0.0015));
#17709=CARTESIAN_POINT('',(-0.19125,-0.0316,0.0015));
#17710=CARTESIAN_POINT('',(-0.19075,-0.0316,0.0015));
#17711=CARTESIAN_POINT('',(-0.19075,-0.0311,0.0015));
#17712=CARTESIAN_POINT('',(-0.18425,-0.0311,0.0015));
#17713=CARTESIAN_POINT('',(-0.17775,-0.0311,0.0015));
#17714=CARTESIAN_POINT('',(-0.17775,-0.0316,0.0015));
#17715=CARTESIAN_POINT('',(-0.17725,-0.0316,0.0015));
#17716=CARTESIAN_POINT('',(-0.17725,-0.0381,0.0015));
#17717=CARTESIAN_POINT('',(-0.17725,-0.0446,0.0015));
#17718=CARTESIAN_POINT('',(-0.17775,-0.0446,0.0015));
#17719=CARTESIAN_POINT('',(-0.174725,-0.01205,0.0015));
#17720=CARTESIAN_POINT('',(-0.181225,-0.01205,0.0015));
#17721=CARTESIAN_POINT('',(-0.168225,-0.01205,0.0015));
#17722=CARTESIAN_POINT('',(-0.168225,-0.01255,0.0015));
#17723=CARTESIAN_POINT('',(-0.167725,-0.01255,0.0015));
#17724=CARTESIAN_POINT('',(-0.167725,-0.01905,0.0015));
#17725=CARTESIAN_POINT('',(-0.167725,-0.02555,0.0015));
#17726=CARTESIAN_POINT('',(-0.168225,-0.02555,0.0015));
#17727=CARTESIAN_POINT('',(-0.168225,-0.02605,0.0015));
#17728=CARTESIAN_POINT('',(-0.174725,-0.02605,0.0015));
#17729=CARTESIAN_POINT('',(-0.181225,-0.02605,0.0015));
#17730=CARTESIAN_POINT('',(-0.181225,-0.02555,0.0015));
#17731=CARTESIAN_POINT('',(-0.181725,-0.02555,0.0015));
#17732=CARTESIAN_POINT('',(-0.181725,-0.01905,0.0015));
#17733=CARTESIAN_POINT('',(-0.181725,-0.01255,0.0015));
#17734=CARTESIAN_POINT('',(-0.181225,-0.01255,0.0015));
#17735=CARTESIAN_POINT('',(-0.1794875,0.007,0.0015));
#17736=CARTESIAN_POINT('',(-0.1859875,0.007,0.0015));
#17737=CARTESIAN_POINT('',(-0.1729875,0.007,0.0015));
#17738=CARTESIAN_POINT('',(-0.1729875,0.0065,0.0015));
#17739=CARTESIAN_POINT('',(-0.1724875,0.0065,0.0015));
#17740=CARTESIAN_POINT('',(-0.1724875,0.,0.0015));
#17741=CARTESIAN_POINT('',(-0.1724875,-0.0065,0.0015));
#17742=CARTESIAN_POINT('',(-0.1729875,-0.0065,0.0015));
#17743=CARTESIAN_POINT('',(-0.1729875,-0.007,0.0015));
#17744=CARTESIAN_POINT('',(-0.1794875,-0.007,0.0015));
#17745=CARTESIAN_POINT('',(-0.1859875,-0.007,0.0015));
#17746=CARTESIAN_POINT('',(-0.1859875,-0.0065,0.0015));
#17747=CARTESIAN_POINT('',(-0.1864875,-0.0065,0.0015));
#17748=CARTESIAN_POINT('',(-0.1864875,0.,0.0015));
#17749=CARTESIAN_POINT('',(-0.1864875,0.0065,0.0015));
#17750=CARTESIAN_POINT('',(-0.1859875,0.0065,0.0015));
#17751=CARTESIAN_POINT('',(-0.16758125,0.0451,0.0015));
#17752=CARTESIAN_POINT('',(-0.17408125,0.0451,0.0015));
#17753=CARTESIAN_POINT('',(-0.16108125,0.0451,0.0015));
#17754=CARTESIAN_POINT('',(-0.16108125,0.0446,0.0015));
#17755=CARTESIAN_POINT('',(-0.16058125,0.0446,0.0015));
#17756=CARTESIAN_POINT('',(-0.16058125,0.0381,0.0015));
#17757=CARTESIAN_POINT('',(-0.16058125,0.0316,0.0015));
#17758=CARTESIAN_POINT('',(-0.16108125,0.0316,0.0015));
#17759=CARTESIAN_POINT('',(-0.16108125,0.0311,0.0015));
#17760=CARTESIAN_POINT('',(-0.16758125,0.0311,0.0015));
#17761=CARTESIAN_POINT('',(-0.17408125,0.0311,0.0015));
#17762=CARTESIAN_POINT('',(-0.17408125,0.0316,0.0015));
#17763=CARTESIAN_POINT('',(-0.17458125,0.0316,0.0015));
#17764=CARTESIAN_POINT('',(-0.17458125,0.0381,0.0015));
#17765=CARTESIAN_POINT('',(-0.17458125,0.0446,0.0015));
#17766=CARTESIAN_POINT('',(-0.17408125,0.0446,0.0015));
#17767=CARTESIAN_POINT('',(-0.13900625,0.02605,0.0015));
#17768=CARTESIAN_POINT('',(-0.14550625,0.02605,0.0015));
#17769=CARTESIAN_POINT('',(-0.13250625,0.02605,0.0015));
#17770=CARTESIAN_POINT('',(-0.13250625,0.02555,0.0015));
#17771=CARTESIAN_POINT('',(-0.13200625,0.02555,0.0015));
#17772=CARTESIAN_POINT('',(-0.13200625,0.01905,0.0015));
#17773=CARTESIAN_POINT('',(-0.13200625,0.01255,0.0015));
#17774=CARTESIAN_POINT('',(-0.13250625,0.01255,0.0015));
#17775=CARTESIAN_POINT('',(-0.13250625,0.01205,0.0015));
#17776=CARTESIAN_POINT('',(-0.13900625,0.01205,0.0015));
#17777=CARTESIAN_POINT('',(-0.14550625,0.01205,0.0015));
#17778=CARTESIAN_POINT('',(-0.14550625,0.01255,0.0015));
#17779=CARTESIAN_POINT('',(-0.14600625,0.01255,0.0015));
#17780=CARTESIAN_POINT('',(-0.14600625,0.01905,0.0015));
#17781=CARTESIAN_POINT('',(-0.14600625,0.02555,0.0015));
#17782=CARTESIAN_POINT('',(-0.14550625,0.02555,0.0015));
#17783=CARTESIAN_POINT('',(-0.13424375,0.007,0.0015));
#17784=CARTESIAN_POINT('',(-0.14074375,0.007,0.0015));
#17785=CARTESIAN_POINT('',(-0.12774375,0.007,0.0015));
#17786=CARTESIAN_POINT('',(-0.12774375,0.0065,0.0015));
#17787=CARTESIAN_POINT('',(-0.12724375,0.0065,0.0015));
#17788=CARTESIAN_POINT('',(-0.12724375,0.,0.0015));
#17789=CARTESIAN_POINT('',(-0.12724375,-0.0065,0.0015));
#17790=CARTESIAN_POINT('',(-0.12774375,-0.0065,0.0015));
#17791=CARTESIAN_POINT('',(-0.12774375,-0.007,0.0015));
#17792=CARTESIAN_POINT('',(-0.13424375,-0.007,0.0015));
#17793=CARTESIAN_POINT('',(-0.14074375,-0.007,0.0015));
#17794=CARTESIAN_POINT('',(-0.14074375,-0.0065,0.0015));
#17795=CARTESIAN_POINT('',(-0.14124375,-0.0065,0.0015));
#17796=CARTESIAN_POINT('',(-0.14124375,0.,0.0015));
#17797=CARTESIAN_POINT('',(-0.14124375,0.0065,0.0015));
#17798=CARTESIAN_POINT('',(-0.14074375,0.0065,0.0015));
#17799=CARTESIAN_POINT('',(-0.15805625,0.02605,0.0015));
#17800=CARTESIAN_POINT('',(-0.16455625,0.02605,0.0015));
#17801=CARTESIAN_POINT('',(-0.15155625,0.02605,0.0015));
#17802=CARTESIAN_POINT('',(-0.15155625,0.02555,0.0015));
#17803=CARTESIAN_POINT('',(-0.15105625,0.02555,0.0015));
#17804=CARTESIAN_POINT('',(-0.15105625,0.01905,0.0015));
#17805=CARTESIAN_POINT('',(-0.15105625,0.01255,0.0015));
#17806=CARTESIAN_POINT('',(-0.15155625,0.01255,0.0015));
#17807=CARTESIAN_POINT('',(-0.15155625,0.01205,0.0015));
#17808=CARTESIAN_POINT('',(-0.15805625,0.01205,0.0015));
#17809=CARTESIAN_POINT('',(-0.16455625,0.01205,0.0015));
#17810=CARTESIAN_POINT('',(-0.16455625,0.01255,0.0015));
#17811=CARTESIAN_POINT('',(-0.16505625,0.01255,0.0015));
#17812=CARTESIAN_POINT('',(-0.16505625,0.01905,0.0015));
#17813=CARTESIAN_POINT('',(-0.16505625,0.02555,0.0015));
#17814=CARTESIAN_POINT('',(-0.16455625,0.02555,0.0015));
#17815=CARTESIAN_POINT('',(-0.14376875,-0.01205,0.0015));
#17816=CARTESIAN_POINT('',(-0.15026875,-0.01205,0.0015));
#17817=CARTESIAN_POINT('',(-0.13726875,-0.01205,0.0015));
#17818=CARTESIAN_POINT('',(-0.13726875,-0.01255,0.0015));
#17819=CARTESIAN_POINT('',(-0.13676875,-0.01255,0.0015));
#17820=CARTESIAN_POINT('',(-0.13676875,-0.01905,0.0015));
#17821=CARTESIAN_POINT('',(-0.13676875,-0.02555,0.0015));
#17822=CARTESIAN_POINT('',(-0.13726875,-0.02555,0.0015));
#17823=CARTESIAN_POINT('',(-0.13726875,-0.02605,0.0015));
#17824=CARTESIAN_POINT('',(-0.14376875,-0.02605,0.0015));
#17825=CARTESIAN_POINT('',(-0.15026875,-0.02605,0.0015));
#17826=CARTESIAN_POINT('',(-0.15026875,-0.02555,0.0015));
#17827=CARTESIAN_POINT('',(-0.15076875,-0.02555,0.0015));
#17828=CARTESIAN_POINT('',(-0.15076875,-0.01905,0.0015));
#17829=CARTESIAN_POINT('',(-0.15076875,-0.01255,0.0015));
#17830=CARTESIAN_POINT('',(-0.15026875,-0.01255,0.0015));
#17831=CARTESIAN_POINT('',(0.00863125,-0.01205,0.0015));
#17832=CARTESIAN_POINT('',(0.00213124999999994,-0.01205,0.0015));
#17833=CARTESIAN_POINT('',(0.01513125,-0.01205,0.0015));
#17834=CARTESIAN_POINT('',(0.01513125,-0.01255,0.0015));
#17835=CARTESIAN_POINT('',(0.01563125,-0.01255,0.0015));
#17836=CARTESIAN_POINT('',(0.01563125,-0.01905,0.0015));
#17837=CARTESIAN_POINT('',(0.01563125,-0.02555,0.0015));
#17838=CARTESIAN_POINT('',(0.01513125,-0.02555,0.0015));
#17839=CARTESIAN_POINT('',(0.01513125,-0.02605,0.0015));
#17840=CARTESIAN_POINT('',(0.00863125,-0.02605,0.0015));
#17841=CARTESIAN_POINT('',(0.00213124999999994,-0.02605,0.0015));
#17842=CARTESIAN_POINT('',(0.00213124999999994,-0.02555,0.0015));
#17843=CARTESIAN_POINT('',(0.00163124999999994,-0.02555,0.0015));
#17844=CARTESIAN_POINT('',(0.00163124999999994,-0.01905,0.0015));
#17845=CARTESIAN_POINT('',(0.00163124999999994,-0.01255,0.0015));
#17846=CARTESIAN_POINT('',(0.00213124999999994,-0.01255,0.0015));
#17847=CARTESIAN_POINT('',(0.053875,-0.0451,0.0015));
#17848=CARTESIAN_POINT('',(0.047375,-0.0451,0.0015));
#17849=CARTESIAN_POINT('',(0.060375,-0.0451,0.0015));
#17850=CARTESIAN_POINT('',(0.047375,-0.0446,0.0015));
#17851=CARTESIAN_POINT('',(0.046875,-0.0446,0.0015));
#17852=CARTESIAN_POINT('',(0.046875,-0.0381,0.0015));
#17853=CARTESIAN_POINT('',(0.046875,-0.0316,0.0015));
#17854=CARTESIAN_POINT('',(0.047375,-0.0316,0.0015));
#17855=CARTESIAN_POINT('',(0.047375,-0.0311,0.0015));
#17856=CARTESIAN_POINT('',(0.053875,-0.0311,0.0015));
#17857=CARTESIAN_POINT('',(0.060375,-0.0311,0.0015));
#17858=CARTESIAN_POINT('',(0.060375,-0.0316,0.0015));
#17859=CARTESIAN_POINT('',(0.060875,-0.0316,0.0015));
#17860=CARTESIAN_POINT('',(0.060875,-0.0381,0.0015));
#17861=CARTESIAN_POINT('',(0.060875,-0.0446,0.0015));
#17862=CARTESIAN_POINT('',(0.060375,-0.0446,0.0015));
#17863=CARTESIAN_POINT('',(0.075338,-0.01305,0.0015));
#17864=CARTESIAN_POINT('',(0.072338,-0.01305,0.0015));
#17865=CARTESIAN_POINT('',(0.078338,-0.01305,0.0015));
#17866=CARTESIAN_POINT('',(0.078338,-0.01355,0.0015));
#17867=CARTESIAN_POINT('',(0.078838,-0.01355,0.0015));
#17868=CARTESIAN_POINT('',(0.078838,-0.02055,0.0015));
#17869=CARTESIAN_POINT('',(0.078838,-0.02755,0.0015));
#17870=CARTESIAN_POINT('',(0.078338,-0.02755,0.0015));
#17871=CARTESIAN_POINT('',(0.078338,-0.02805,0.0015));
#17872=CARTESIAN_POINT('',(0.075338,-0.02805,0.0015));
#17873=CARTESIAN_POINT('',(0.072338,-0.02805,0.0015));
#17874=CARTESIAN_POINT('',(0.072338,-0.02755,0.0015));
#17875=CARTESIAN_POINT('',(0.071838,-0.02755,0.0015));
#17876=CARTESIAN_POINT('',(0.071838,-0.02055,0.0015));
#17877=CARTESIAN_POINT('',(0.071838,-0.01355,0.0015));
#17878=CARTESIAN_POINT('',(0.072338,-0.01355,0.0015));
#17879=CARTESIAN_POINT('',(0.051462,-0.01305,0.0015));
#17880=CARTESIAN_POINT('',(0.048462,-0.01305,0.0015));
#17881=CARTESIAN_POINT('',(0.054462,-0.01305,0.0015));
#17882=CARTESIAN_POINT('',(0.054462,-0.01355,0.0015));
#17883=CARTESIAN_POINT('',(0.054962,-0.01355,0.0015));
#17884=CARTESIAN_POINT('',(0.054962,-0.02055,0.0015));
#17885=CARTESIAN_POINT('',(0.054962,-0.02755,0.0015));
#17886=CARTESIAN_POINT('',(0.054462,-0.02755,0.0015));
#17887=CARTESIAN_POINT('',(0.054462,-0.02805,0.0015));
#17888=CARTESIAN_POINT('',(0.051462,-0.02805,0.0015));
#17889=CARTESIAN_POINT('',(0.048462,-0.02805,0.0015));
#17890=CARTESIAN_POINT('',(0.048462,-0.02755,0.0015));
#17891=CARTESIAN_POINT('',(0.047962,-0.02755,0.0015));
#17892=CARTESIAN_POINT('',(0.047962,-0.02055,0.0015));
#17893=CARTESIAN_POINT('',(0.047962,-0.01355,0.0015));
#17894=CARTESIAN_POINT('',(0.048462,-0.01355,0.0015));
#17895=CARTESIAN_POINT('',(0.0562245,0.006,0.0015));
#17896=CARTESIAN_POINT('',(0.0532245,0.006,0.0015));
#17897=CARTESIAN_POINT('',(0.0592245,0.006,0.0015));
#17898=CARTESIAN_POINT('',(0.0592245,0.0055,0.0015));
#17899=CARTESIAN_POINT('',(0.0597245,0.0055,0.0015));
#17900=CARTESIAN_POINT('',(0.0597245,-0.0015,0.0015));
#17901=CARTESIAN_POINT('',(0.0597245,-0.0085,0.0015));
#17902=CARTESIAN_POINT('',(0.0592245,-0.0085,0.0015));
#17903=CARTESIAN_POINT('',(0.0592245,-0.009,0.0015));
#17904=CARTESIAN_POINT('',(0.0562245,-0.009,0.0015));
#17905=CARTESIAN_POINT('',(0.0532245,-0.009,0.0015));
#17906=CARTESIAN_POINT('',(0.0532245,-0.0085,0.0015));
#17907=CARTESIAN_POINT('',(0.0527245,-0.0085,0.0015));
#17908=CARTESIAN_POINT('',(0.0527245,-0.0015,0.0015));
#17909=CARTESIAN_POINT('',(0.0527245,0.0055,0.0015));
#17910=CARTESIAN_POINT('',(0.0532245,0.0055,0.0015));
#17911=CARTESIAN_POINT('',(0.0776875,-0.0451,0.0015));
#17912=CARTESIAN_POINT('',(0.0711875,-0.0451,0.0015));
#17913=CARTESIAN_POINT('',(0.0841875,-0.0451,0.0015));
#17914=CARTESIAN_POINT('',(0.0711875,-0.0446,0.0015));
#17915=CARTESIAN_POINT('',(0.0706875,-0.0446,0.0015));
#17916=CARTESIAN_POINT('',(0.0706875,-0.0381,0.0015));
#17917=CARTESIAN_POINT('',(0.0706875,-0.0316,0.0015));
#17918=CARTESIAN_POINT('',(0.0711875,-0.0316,0.0015));
#17919=CARTESIAN_POINT('',(0.0711875,-0.0311,0.0015));
#17920=CARTESIAN_POINT('',(0.0776875,-0.0311,0.0015));
#17921=CARTESIAN_POINT('',(0.0841875,-0.0311,0.0015));
#17922=CARTESIAN_POINT('',(0.0841875,-0.0316,0.0015));
#17923=CARTESIAN_POINT('',(0.0846875,-0.0316,0.0015));
#17924=CARTESIAN_POINT('',(0.0846875,-0.0381,0.0015));
#17925=CARTESIAN_POINT('',(0.0846875,-0.0446,0.0015));
#17926=CARTESIAN_POINT('',(0.0841875,-0.0446,0.0015));
#17927=CARTESIAN_POINT('',(0.02291875,0.0451,0.0015));
#17928=CARTESIAN_POINT('',(0.01641875,0.0451,0.0015));
#17929=CARTESIAN_POINT('',(0.02941875,0.0451,0.0015));
#17930=CARTESIAN_POINT('',(0.02941875,0.0446,0.0015));
#17931=CARTESIAN_POINT('',(0.02991875,0.0446,0.0015));
#17932=CARTESIAN_POINT('',(0.02991875,0.0381,0.0015));
#17933=CARTESIAN_POINT('',(0.02991875,0.0316,0.0015));
#17934=CARTESIAN_POINT('',(0.02941875,0.0316,0.0015));
#17935=CARTESIAN_POINT('',(0.02941875,0.0311,0.0015));
#17936=CARTESIAN_POINT('',(0.02291875,0.0311,0.0015));
#17937=CARTESIAN_POINT('',(0.01641875,0.0311,0.0015));
#17938=CARTESIAN_POINT('',(0.01641875,0.0316,0.0015));
#17939=CARTESIAN_POINT('',(0.01591875,0.0316,0.0015));
#17940=CARTESIAN_POINT('',(0.01591875,0.0381,0.0015));
#17941=CARTESIAN_POINT('',(0.01591875,0.0446,0.0015));
#17942=CARTESIAN_POINT('',(0.01641875,0.0446,0.0015));
#17943=CARTESIAN_POINT('',(0.03244375,0.02605,0.0015));
#17944=CARTESIAN_POINT('',(0.02594375,0.02605,0.0015));
#17945=CARTESIAN_POINT('',(0.03894375,0.02605,0.0015));
#17946=CARTESIAN_POINT('',(0.03894375,0.02555,0.0015));
#17947=CARTESIAN_POINT('',(0.03944375,0.02555,0.0015));
#17948=CARTESIAN_POINT('',(0.03944375,0.01905,0.0015));
#17949=CARTESIAN_POINT('',(0.03944375,0.01255,0.0015));
#17950=CARTESIAN_POINT('',(0.03894375,0.01255,0.0015));
#17951=CARTESIAN_POINT('',(0.03894375,0.01205,0.0015));
#17952=CARTESIAN_POINT('',(0.03244375,0.01205,0.0015));
#17953=CARTESIAN_POINT('',(0.02594375,0.01205,0.0015));
#17954=CARTESIAN_POINT('',(0.02594375,0.01255,0.0015));
#17955=CARTESIAN_POINT('',(0.02544375,0.01255,0.0015));
#17956=CARTESIAN_POINT('',(0.02544375,0.01905,0.0015));
#17957=CARTESIAN_POINT('',(0.02544375,0.02555,0.0015));
#17958=CARTESIAN_POINT('',(0.02594375,0.02555,0.0015));
#17959=CARTESIAN_POINT('',(-0.03899375,0.007,0.0015));
#17960=CARTESIAN_POINT('',(-0.04549375,0.007,0.0015));
#17961=CARTESIAN_POINT('',(-0.03249375,0.007,0.0015));
#17962=CARTESIAN_POINT('',(-0.03249375,0.0065,0.0015));
#17963=CARTESIAN_POINT('',(-0.03199375,0.0065,0.0015));
#17964=CARTESIAN_POINT('',(-0.03199375,0.,0.0015));
#17965=CARTESIAN_POINT('',(-0.03199375,-0.0065,0.0015));
#17966=CARTESIAN_POINT('',(-0.03249375,-0.0065,0.0015));
#17967=CARTESIAN_POINT('',(-0.03249375,-0.007,0.0015));
#17968=CARTESIAN_POINT('',(-0.03899375,-0.007,0.0015));
#17969=CARTESIAN_POINT('',(-0.04549375,-0.007,0.0015));
#17970=CARTESIAN_POINT('',(-0.04549375,-0.0065,0.0015));
#17971=CARTESIAN_POINT('',(-0.04599375,-0.0065,0.0015));
#17972=CARTESIAN_POINT('',(-0.04599375,0.,0.0015));
#17973=CARTESIAN_POINT('',(-0.04599375,0.0065,0.0015));
#17974=CARTESIAN_POINT('',(-0.04549375,0.0065,0.0015));
#17975=CARTESIAN_POINT('',(-0.02946875,-0.01205,0.0015));
#17976=CARTESIAN_POINT('',(-0.03596875,-0.01205,0.0015));
#17977=CARTESIAN_POINT('',(-0.02296875,-0.01205,0.0015));
#17978=CARTESIAN_POINT('',(-0.02296875,-0.01255,0.0015));
#17979=CARTESIAN_POINT('',(-0.02246875,-0.01255,0.0015));
#17980=CARTESIAN_POINT('',(-0.02246875,-0.01905,0.0015));
#17981=CARTESIAN_POINT('',(-0.02246875,-0.02555,0.0015));
#17982=CARTESIAN_POINT('',(-0.02296875,-0.02555,0.0015));
#17983=CARTESIAN_POINT('',(-0.02296875,-0.02605,0.0015));
#17984=CARTESIAN_POINT('',(-0.02946875,-0.02605,0.0015));
#17985=CARTESIAN_POINT('',(-0.03596875,-0.02605,0.0015));
#17986=CARTESIAN_POINT('',(-0.03596875,-0.02555,0.0015));
#17987=CARTESIAN_POINT('',(-0.03646875,-0.02555,0.0015));
#17988=CARTESIAN_POINT('',(-0.03646875,-0.01905,0.0015));
#17989=CARTESIAN_POINT('',(-0.03646875,-0.01255,0.0015));
#17990=CARTESIAN_POINT('',(-0.03596875,-0.01255,0.0015));
#17991=CARTESIAN_POINT('',(-0.05804375,0.007,0.0015));
#17992=CARTESIAN_POINT('',(-0.06454375,0.007,0.0015));
#17993=CARTESIAN_POINT('',(-0.05154375,0.007,0.0015));
#17994=CARTESIAN_POINT('',(-0.05154375,0.0065,0.0015));
#17995=CARTESIAN_POINT('',(-0.05104375,0.0065,0.0015));
#17996=CARTESIAN_POINT('',(-0.05104375,0.,0.0015));
#17997=CARTESIAN_POINT('',(-0.05104375,-0.0065,0.0015));
#17998=CARTESIAN_POINT('',(-0.05154375,-0.0065,0.0015));
#17999=CARTESIAN_POINT('',(-0.05154375,-0.007,0.0015));
#18000=CARTESIAN_POINT('',(-0.05804375,-0.007,0.0015));
#18001=CARTESIAN_POINT('',(-0.06454375,-0.007,0.0015));
#18002=CARTESIAN_POINT('',(-0.06454375,-0.0065,0.0015));
#18003=CARTESIAN_POINT('',(-0.06504375,-0.0065,0.0015));
#18004=CARTESIAN_POINT('',(-0.06504375,0.,0.0015));
#18005=CARTESIAN_POINT('',(-0.06504375,0.0065,0.0015));
#18006=CARTESIAN_POINT('',(-0.06454375,0.0065,0.0015));
#18007=CARTESIAN_POINT('',(-0.03423125,0.0451,0.0015));
#18008=CARTESIAN_POINT('',(-0.04073125,0.0451,0.0015));
#18009=CARTESIAN_POINT('',(-0.02773125,0.0451,0.0015));
#18010=CARTESIAN_POINT('',(-0.02773125,0.0446,0.0015));
#18011=CARTESIAN_POINT('',(-0.02723125,0.0446,0.0015));
#18012=CARTESIAN_POINT('',(-0.02723125,0.0381,0.0015));
#18013=CARTESIAN_POINT('',(-0.02723125,0.0316,0.0015));
#18014=CARTESIAN_POINT('',(-0.02773125,0.0316,0.0015));
#18015=CARTESIAN_POINT('',(-0.02773125,0.0311,0.0015));
#18016=CARTESIAN_POINT('',(-0.03423125,0.0311,0.0015));
#18017=CARTESIAN_POINT('',(-0.04073125,0.0311,0.0015));
#18018=CARTESIAN_POINT('',(-0.04073125,0.0316,0.0015));
#18019=CARTESIAN_POINT('',(-0.04123125,0.0316,0.0015));
#18020=CARTESIAN_POINT('',(-0.04123125,0.0381,0.0015));
#18021=CARTESIAN_POINT('',(-0.04123125,0.0446,0.0015));
#18022=CARTESIAN_POINT('',(-0.04073125,0.0446,0.0015));
#18023=CARTESIAN_POINT('',(0.00386874999999995,0.0451,0.0015));
#18024=CARTESIAN_POINT('',(-0.00263125000000005,0.0451,0.0015));
#18025=CARTESIAN_POINT('',(0.01036875,0.0451,0.0015));
#18026=CARTESIAN_POINT('',(0.01036875,0.0446,0.0015));
#18027=CARTESIAN_POINT('',(0.01086875,0.0446,0.0015));
#18028=CARTESIAN_POINT('',(0.01086875,0.0381,0.0015));
#18029=CARTESIAN_POINT('',(0.01086875,0.0316,0.0015));
#18030=CARTESIAN_POINT('',(0.01036875,0.0316,0.0015));
#18031=CARTESIAN_POINT('',(0.01036875,0.0311,0.0015));
#18032=CARTESIAN_POINT('',(0.00386874999999995,0.0311,0.0015));
#18033=CARTESIAN_POINT('',(-0.00263125000000005,0.0311,0.0015));
#18034=CARTESIAN_POINT('',(-0.00263125000000005,0.0316,0.0015));
#18035=CARTESIAN_POINT('',(-0.00313125000000005,0.0316,0.0015));
#18036=CARTESIAN_POINT('',(-0.00313125000000005,0.0381,0.0015));
#18037=CARTESIAN_POINT('',(-0.00313125000000005,0.0446,0.0015));
#18038=CARTESIAN_POINT('',(-0.00263125000000005,0.0446,0.0015));
#18039=CARTESIAN_POINT('',(-0.01041875,-0.01205,0.0015));
#18040=CARTESIAN_POINT('',(-0.01691875,-0.01205,0.0015));
#18041=CARTESIAN_POINT('',(-0.00391875000000005,-0.01205,0.0015));
#18042=CARTESIAN_POINT('',(-0.00391875000000005,-0.01255,0.0015));
#18043=CARTESIAN_POINT('',(-0.00341875000000005,-0.01255,0.0015));
#18044=CARTESIAN_POINT('',(-0.00341875000000005,-0.01905,0.0015));
#18045=CARTESIAN_POINT('',(-0.00341875000000005,-0.02555,0.0015));
#18046=CARTESIAN_POINT('',(-0.00391875000000005,-0.02555,0.0015));
#18047=CARTESIAN_POINT('',(-0.00391875000000005,-0.02605,0.0015));
#18048=CARTESIAN_POINT('',(-0.01041875,-0.02605,0.0015));
#18049=CARTESIAN_POINT('',(-0.01691875,-0.02605,0.0015));
#18050=CARTESIAN_POINT('',(-0.01691875,-0.02555,0.0015));
#18051=CARTESIAN_POINT('',(-0.01741875,-0.02555,0.0015));
#18052=CARTESIAN_POINT('',(-0.01741875,-0.01905,0.0015));
#18053=CARTESIAN_POINT('',(-0.01741875,-0.01255,0.0015));
#18054=CARTESIAN_POINT('',(-0.01691875,-0.01255,0.0015));
#18055=CARTESIAN_POINT('',(-0.01518125,0.0451,0.0015));
#18056=CARTESIAN_POINT('',(-0.02168125,0.0451,0.0015));
#18057=CARTESIAN_POINT('',(-0.00868125,0.0451,0.0015));
#18058=CARTESIAN_POINT('',(-0.00868125,0.0446,0.0015));
#18059=CARTESIAN_POINT('',(-0.00818125,0.0446,0.0015));
#18060=CARTESIAN_POINT('',(-0.00818125,0.0381,0.0015));
#18061=CARTESIAN_POINT('',(-0.00818125,0.0316,0.0015));
#18062=CARTESIAN_POINT('',(-0.00868125,0.0316,0.0015));
#18063=CARTESIAN_POINT('',(-0.00868125,0.0311,0.0015));
#18064=CARTESIAN_POINT('',(-0.01518125,0.0311,0.0015));
#18065=CARTESIAN_POINT('',(-0.02168125,0.0311,0.0015));
#18066=CARTESIAN_POINT('',(-0.02168125,0.0316,0.0015));
#18067=CARTESIAN_POINT('',(-0.02218125,0.0316,0.0015));
#18068=CARTESIAN_POINT('',(-0.02218125,0.0381,0.0015));
#18069=CARTESIAN_POINT('',(-0.02218125,0.0446,0.0015));
#18070=CARTESIAN_POINT('',(-0.02168125,0.0446,0.0015));
#18071=CARTESIAN_POINT('',(-0.000893750000000068,0.007,0.0015));
#18072=CARTESIAN_POINT('',(-0.00739375,0.007,0.0015));
#18073=CARTESIAN_POINT('',(0.00560624999999993,0.007,0.0015));
#18074=CARTESIAN_POINT('',(0.00560624999999993,0.0065,0.0015));
#18075=CARTESIAN_POINT('',(0.00610624999999993,0.0065,0.0015));
#18076=CARTESIAN_POINT('',(0.00610624999999993,0.,0.0015));
#18077=CARTESIAN_POINT('',(0.00610624999999993,-0.0065,0.0015));
#18078=CARTESIAN_POINT('',(0.00560624999999993,-0.0065,0.0015));
#18079=CARTESIAN_POINT('',(0.00560624999999993,-0.007,0.0015));
#18080=CARTESIAN_POINT('',(-0.000893750000000068,-0.007,0.0015));
#18081=CARTESIAN_POINT('',(-0.00739375,-0.007,0.0015));
#18082=CARTESIAN_POINT('',(-0.00739375,-0.0065,0.0015));
#18083=CARTESIAN_POINT('',(-0.00789375,-0.0065,0.0015));
#18084=CARTESIAN_POINT('',(-0.00789375,0.,0.0015));
#18085=CARTESIAN_POINT('',(-0.00789375,0.0065,0.0015));
#18086=CARTESIAN_POINT('',(-0.00739375,0.0065,0.0015));
#18087=CARTESIAN_POINT('',(-0.1901598,0.05869515,0.0015));
#18088=CARTESIAN_POINT('',(-0.1901598,0.06490425,0.0015));
#18089=CARTESIAN_POINT('',(-0.1901598,0.05248605,0.0015));
#18090=CARTESIAN_POINT('',(-0.1839507,0.06490425,0.0015));
#18091=CARTESIAN_POINT('',(-0.1777416,0.06490425,0.0015));
#18092=CARTESIAN_POINT('',(-0.1777416,0.05869515,0.0015));
#18093=CARTESIAN_POINT('',(-0.1777416,0.05248605,0.0015));
#18094=CARTESIAN_POINT('',(-0.1839507,0.05248605,0.0015));
#18095=CARTESIAN_POINT('',(-0.000341425000000062,0.008343625,0.));
#18096=CARTESIAN_POINT('',(-0.00290895371401826,0.0524455844122716,0.));
#18097=CARTESIAN_POINT('',(-0.00725453812628983,0.0524455844122716,0.));
#18098=CARTESIAN_POINT('',(-0.00290895371401825,0.0481,0.));
#18099=CARTESIAN_POINT('',(0.0354678083871781,0.0481,0.));
#18100=CARTESIAN_POINT('',(0.0738445704883746,0.0481,0.));
#18101=CARTESIAN_POINT('',(0.0738445704883746,0.0524455844122716,0.));
#18102=CARTESIAN_POINT('',(0.0781901549006461,0.0524455844122716,0.));
#18103=CARTESIAN_POINT('',(0.0781901549006461,0.056392125,0.));
#18104=CARTESIAN_POINT('',(0.0781901549006462,0.0603386655877284,0.));
#18105=CARTESIAN_POINT('',(0.0738445704883746,0.0603386655877284,0.));
#18106=CARTESIAN_POINT('',(0.0738445704883746,0.06468425,0.));
#18107=CARTESIAN_POINT('',(0.0354678083871781,0.06468425,0.));
#18108=CARTESIAN_POINT('',(-0.00290895371401825,0.06468425,0.));
#18109=CARTESIAN_POINT('',(-0.00290895371401825,0.0603386655877284,0.));
#18110=CARTESIAN_POINT('',(-0.00725453812628986,0.0603386655877284,0.));
#18111=CARTESIAN_POINT('',(-0.00725453812628983,0.056392125,0.));
#18112=CARTESIAN_POINT('',(0.00560624999999993,0.0065,0.));
#18113=CARTESIAN_POINT('',(0.00610624999999993,0.0065,0.));
#18114=CARTESIAN_POINT('',(0.00560624999999993,0.007,0.));
#18115=CARTESIAN_POINT('',(-0.000893750000000068,0.007,0.));
#18116=CARTESIAN_POINT('',(-0.00739375,0.007,0.));
#18117=CARTESIAN_POINT('',(-0.00739375,0.0065,0.));
#18118=CARTESIAN_POINT('',(-0.00789375,0.0065,0.));
#18119=CARTESIAN_POINT('',(-0.00789375,0.,0.));
#18120=CARTESIAN_POINT('',(-0.00789375,-0.0065,0.));
#18121=CARTESIAN_POINT('',(-0.00739375,-0.0065,0.));
#18122=CARTESIAN_POINT('',(-0.00739375,-0.007,0.));
#18123=CARTESIAN_POINT('',(-0.000893750000000068,-0.007,0.));
#18124=CARTESIAN_POINT('',(0.00560624999999993,-0.007,0.));
#18125=CARTESIAN_POINT('',(0.00560624999999993,-0.0065,0.));
#18126=CARTESIAN_POINT('',(0.00610624999999993,-0.0065,0.));
#18127=CARTESIAN_POINT('',(0.00610624999999993,0.,0.));
#18128=CARTESIAN_POINT('',(0.000843749999999936,0.02555,0.));
#18129=CARTESIAN_POINT('',(0.00134374999999994,0.02555,0.));
#18130=CARTESIAN_POINT('',(0.000843749999999942,0.02605,0.));
#18131=CARTESIAN_POINT('',(-0.00565625,0.02605,0.));
#18132=CARTESIAN_POINT('',(-0.01215625,0.02605,0.));
#18133=CARTESIAN_POINT('',(-0.01215625,0.02555,0.));
#18134=CARTESIAN_POINT('',(-0.01265625,0.02555,0.));
#18135=CARTESIAN_POINT('',(-0.01265625,0.01905,0.));
#18136=CARTESIAN_POINT('',(-0.01265625,0.01255,0.));
#18137=CARTESIAN_POINT('',(-0.01215625,0.01255,0.));
#18138=CARTESIAN_POINT('',(-0.01215625,0.01205,0.));
#18139=CARTESIAN_POINT('',(-0.00565625,0.01205,0.));
#18140=CARTESIAN_POINT('',(0.000843749999999942,0.01205,0.));
#18141=CARTESIAN_POINT('',(0.000843749999999942,0.01255,0.));
#18142=CARTESIAN_POINT('',(0.00134374999999994,0.01255,0.));
#18143=CARTESIAN_POINT('',(0.00134374999999994,0.01905,0.));
#18144=CARTESIAN_POINT('',(-0.00868125,0.0446,0.));
#18145=CARTESIAN_POINT('',(-0.00818125,0.0446,0.));
#18146=CARTESIAN_POINT('',(-0.00868125,0.0451,0.));
#18147=CARTESIAN_POINT('',(-0.01518125,0.0451,0.));
#18148=CARTESIAN_POINT('',(-0.02168125,0.0451,0.));
#18149=CARTESIAN_POINT('',(-0.02168125,0.0446,0.));
#18150=CARTESIAN_POINT('',(-0.02218125,0.0446,0.));
#18151=CARTESIAN_POINT('',(-0.02218125,0.0381,0.));
#18152=CARTESIAN_POINT('',(-0.02218125,0.0316,0.));
#18153=CARTESIAN_POINT('',(-0.02168125,0.0316,0.));
#18154=CARTESIAN_POINT('',(-0.02168125,0.0311,0.));
#18155=CARTESIAN_POINT('',(-0.01518125,0.0311,0.));
#18156=CARTESIAN_POINT('',(-0.00868125,0.0311,0.));
#18157=CARTESIAN_POINT('',(-0.00868125,0.0316,0.));
#18158=CARTESIAN_POINT('',(-0.00818125,0.0316,0.));
#18159=CARTESIAN_POINT('',(-0.00818125,0.0381,0.));
#18160=CARTESIAN_POINT('',(-0.01820625,0.02555,0.));
#18161=CARTESIAN_POINT('',(-0.01770625,0.02555,0.));
#18162=CARTESIAN_POINT('',(-0.01820625,0.02605,0.));
#18163=CARTESIAN_POINT('',(-0.02470625,0.02605,0.));
#18164=CARTESIAN_POINT('',(-0.03120625,0.02605,0.));
#18165=CARTESIAN_POINT('',(-0.03120625,0.02555,0.));
#18166=CARTESIAN_POINT('',(-0.03170625,0.02555,0.));
#18167=CARTESIAN_POINT('',(-0.03170625,0.01905,0.));
#18168=CARTESIAN_POINT('',(-0.03170625,0.01255,0.));
#18169=CARTESIAN_POINT('',(-0.03120625,0.01255,0.));
#18170=CARTESIAN_POINT('',(-0.03120625,0.01205,0.));
#18171=CARTESIAN_POINT('',(-0.02470625,0.01205,0.));
#18172=CARTESIAN_POINT('',(-0.01820625,0.01205,0.));
#18173=CARTESIAN_POINT('',(-0.01820625,0.01255,0.));
#18174=CARTESIAN_POINT('',(-0.01770625,0.01255,0.));
#18175=CARTESIAN_POINT('',(-0.01770625,0.01905,0.));
#18176=CARTESIAN_POINT('',(-0.00391875000000005,-0.01255,0.));
#18177=CARTESIAN_POINT('',(-0.00341875000000005,-0.01255,0.));
#18178=CARTESIAN_POINT('',(-0.00391875000000005,-0.01205,0.));
#18179=CARTESIAN_POINT('',(-0.01041875,-0.01205,0.));
#18180=CARTESIAN_POINT('',(-0.01691875,-0.01205,0.));
#18181=CARTESIAN_POINT('',(-0.01691875,-0.01255,0.));
#18182=CARTESIAN_POINT('',(-0.01741875,-0.01255,0.));
#18183=CARTESIAN_POINT('',(-0.01741875,-0.01905,0.));
#18184=CARTESIAN_POINT('',(-0.01741875,-0.02555,0.));
#18185=CARTESIAN_POINT('',(-0.01691875,-0.02555,0.));
#18186=CARTESIAN_POINT('',(-0.01691875,-0.02605,0.));
#18187=CARTESIAN_POINT('',(-0.01041875,-0.02605,0.));
#18188=CARTESIAN_POINT('',(-0.00391875000000005,-0.02605,0.));
#18189=CARTESIAN_POINT('',(-0.00391875000000005,-0.02555,0.));
#18190=CARTESIAN_POINT('',(-0.00341875000000005,-0.02555,0.));
#18191=CARTESIAN_POINT('',(-0.00341875000000005,-0.01905,0.));
#18192=CARTESIAN_POINT('',(-0.0121875,-0.0326,0.));
#18193=CARTESIAN_POINT('',(-0.0116875,-0.0326,0.));
#18194=CARTESIAN_POINT('',(-0.0121875,-0.0321,0.));
#18195=CARTESIAN_POINT('',(-0.0151875,-0.0321,0.));
#18196=CARTESIAN_POINT('',(-0.0181875,-0.0321,0.));
#18197=CARTESIAN_POINT('',(-0.0181875,-0.0326,0.));
#18198=CARTESIAN_POINT('',(-0.0186875,-0.0326,0.));
#18199=CARTESIAN_POINT('',(-0.0186875,-0.03885,0.));
#18200=CARTESIAN_POINT('',(-0.0186875,-0.0466,0.));
#18201=CARTESIAN_POINT('',(-0.0181875,-0.0466,0.));
#18202=CARTESIAN_POINT('',(-0.0181875,-0.0471,0.));
#18203=CARTESIAN_POINT('',(-0.0151875,-0.0471,0.));
#18204=CARTESIAN_POINT('',(-0.0121875,-0.0471,0.));
#18205=CARTESIAN_POINT('',(-0.0121875,-0.0466,0.));
#18206=CARTESIAN_POINT('',(-0.0116875,-0.0466,0.));
#18207=CARTESIAN_POINT('',(-0.0116875,-0.03885,0.));
#18208=CARTESIAN_POINT('',(0.01036875,0.0446,0.));
#18209=CARTESIAN_POINT('',(0.01086875,0.0446,0.));
#18210=CARTESIAN_POINT('',(0.01036875,0.0451,0.));
#18211=CARTESIAN_POINT('',(0.00386874999999995,0.0451,0.));
#18212=CARTESIAN_POINT('',(-0.00263125000000005,0.0451,0.));
#18213=CARTESIAN_POINT('',(-0.00263125000000005,0.0446,0.));
#18214=CARTESIAN_POINT('',(-0.00313125000000005,0.0446,0.));
#18215=CARTESIAN_POINT('',(-0.00313125000000005,0.0381,0.));
#18216=CARTESIAN_POINT('',(-0.00313125000000005,0.0316,0.));
#18217=CARTESIAN_POINT('',(-0.00263125000000005,0.0316,0.));
#18218=CARTESIAN_POINT('',(-0.00263125000000005,0.0311,0.));
#18219=CARTESIAN_POINT('',(0.00386874999999995,0.0311,0.));
#18220=CARTESIAN_POINT('',(0.01036875,0.0311,0.));
#18221=CARTESIAN_POINT('',(0.01036875,0.0316,0.));
#18222=CARTESIAN_POINT('',(0.01086875,0.0316,0.));
#18223=CARTESIAN_POINT('',(0.01086875,0.0381,0.));
#18224=CARTESIAN_POINT('',(-0.06106875,-0.01255,0.));
#18225=CARTESIAN_POINT('',(-0.06056875,-0.01255,0.));
#18226=CARTESIAN_POINT('',(-0.06106875,-0.01205,0.));
#18227=CARTESIAN_POINT('',(-0.06756875,-0.01205,0.));
#18228=CARTESIAN_POINT('',(-0.07406875,-0.01205,0.));
#18229=CARTESIAN_POINT('',(-0.07406875,-0.01255,0.));
#18230=CARTESIAN_POINT('',(-0.07456875,-0.01255,0.));
#18231=CARTESIAN_POINT('',(-0.07456875,-0.01905,0.));
#18232=CARTESIAN_POINT('',(-0.07456875,-0.02555,0.));
#18233=CARTESIAN_POINT('',(-0.07406875,-0.02555,0.));
#18234=CARTESIAN_POINT('',(-0.07406875,-0.02605,0.));
#18235=CARTESIAN_POINT('',(-0.06756875,-0.02605,0.));
#18236=CARTESIAN_POINT('',(-0.06106875,-0.02605,0.));
#18237=CARTESIAN_POINT('',(-0.06106875,-0.02555,0.));
#18238=CARTESIAN_POINT('',(-0.06056875,-0.02555,0.));
#18239=CARTESIAN_POINT('',(-0.06056875,-0.01905,0.));
#18240=CARTESIAN_POINT('',(-0.02773125,0.0446,0.));
#18241=CARTESIAN_POINT('',(-0.02723125,0.0446,0.));
#18242=CARTESIAN_POINT('',(-0.02773125,0.0451,0.));
#18243=CARTESIAN_POINT('',(-0.03423125,0.0451,0.));
#18244=CARTESIAN_POINT('',(-0.04073125,0.0451,0.));
#18245=CARTESIAN_POINT('',(-0.04073125,0.0446,0.));
#18246=CARTESIAN_POINT('',(-0.04123125,0.0446,0.));
#18247=CARTESIAN_POINT('',(-0.04123125,0.0381,0.));
#18248=CARTESIAN_POINT('',(-0.04123125,0.0316,0.));
#18249=CARTESIAN_POINT('',(-0.04073125,0.0316,0.));
#18250=CARTESIAN_POINT('',(-0.04073125,0.0311,0.));
#18251=CARTESIAN_POINT('',(-0.03423125,0.0311,0.));
#18252=CARTESIAN_POINT('',(-0.02773125,0.0311,0.));
#18253=CARTESIAN_POINT('',(-0.02773125,0.0316,0.));
#18254=CARTESIAN_POINT('',(-0.02723125,0.0316,0.));
#18255=CARTESIAN_POINT('',(-0.02723125,0.0381,0.));
#18256=CARTESIAN_POINT('',(-0.03725625,0.02555,0.));
#18257=CARTESIAN_POINT('',(-0.03675625,0.02555,0.));
#18258=CARTESIAN_POINT('',(-0.03725625,0.02605,0.));
#18259=CARTESIAN_POINT('',(-0.04375625,0.02605,0.));
#18260=CARTESIAN_POINT('',(-0.05025625,0.02605,0.));
#18261=CARTESIAN_POINT('',(-0.05025625,0.02555,0.));
#18262=CARTESIAN_POINT('',(-0.05075625,0.02555,0.));
#18263=CARTESIAN_POINT('',(-0.05075625,0.01905,0.));
#18264=CARTESIAN_POINT('',(-0.05075625,0.01255,0.));
#18265=CARTESIAN_POINT('',(-0.05025625,0.01255,0.));
#18266=CARTESIAN_POINT('',(-0.05025625,0.01205,0.));
#18267=CARTESIAN_POINT('',(-0.04375625,0.01205,0.));
#18268=CARTESIAN_POINT('',(-0.03725625,0.01205,0.));
#18269=CARTESIAN_POINT('',(-0.03725625,0.01255,0.));
#18270=CARTESIAN_POINT('',(-0.03675625,0.01255,0.));
#18271=CARTESIAN_POINT('',(-0.03675625,0.01905,0.));
#18272=CARTESIAN_POINT('',(-0.05154375,0.0065,0.));
#18273=CARTESIAN_POINT('',(-0.05104375,0.0065,0.));
#18274=CARTESIAN_POINT('',(-0.05154375,0.007,0.));
#18275=CARTESIAN_POINT('',(-0.05804375,0.007,0.));
#18276=CARTESIAN_POINT('',(-0.06454375,0.007,0.));
#18277=CARTESIAN_POINT('',(-0.06454375,0.0065,0.));
#18278=CARTESIAN_POINT('',(-0.06504375,0.0065,0.));
#18279=CARTESIAN_POINT('',(-0.06504375,0.,0.));
#18280=CARTESIAN_POINT('',(-0.06504375,-0.0065,0.));
#18281=CARTESIAN_POINT('',(-0.06454375,-0.0065,0.));
#18282=CARTESIAN_POINT('',(-0.06454375,-0.007,0.));
#18283=CARTESIAN_POINT('',(-0.05804375,-0.007,0.));
#18284=CARTESIAN_POINT('',(-0.05154375,-0.007,0.));
#18285=CARTESIAN_POINT('',(-0.05154375,-0.0065,0.));
#18286=CARTESIAN_POINT('',(-0.05104375,-0.0065,0.));
#18287=CARTESIAN_POINT('',(-0.05104375,0.,0.));
#18288=CARTESIAN_POINT('',(-0.04201875,-0.01255,0.));
#18289=CARTESIAN_POINT('',(-0.04151875,-0.01255,0.));
#18290=CARTESIAN_POINT('',(-0.04201875,-0.01205,0.));
#18291=CARTESIAN_POINT('',(-0.04851875,-0.01205,0.));
#18292=CARTESIAN_POINT('',(-0.05501875,-0.01205,0.));
#18293=CARTESIAN_POINT('',(-0.05501875,-0.01255,0.));
#18294=CARTESIAN_POINT('',(-0.05551875,-0.01255,0.));
#18295=CARTESIAN_POINT('',(-0.05551875,-0.01905,0.));
#18296=CARTESIAN_POINT('',(-0.05551875,-0.02555,0.));
#18297=CARTESIAN_POINT('',(-0.05501875,-0.02555,0.));
#18298=CARTESIAN_POINT('',(-0.05501875,-0.02605,0.));
#18299=CARTESIAN_POINT('',(-0.04851875,-0.02605,0.));
#18300=CARTESIAN_POINT('',(-0.04201875,-0.02605,0.));
#18301=CARTESIAN_POINT('',(-0.04201875,-0.02555,0.));
#18302=CARTESIAN_POINT('',(-0.04151875,-0.02555,0.));
#18303=CARTESIAN_POINT('',(-0.04151875,-0.01905,0.));
#18304=CARTESIAN_POINT('',(-0.02296875,-0.01255,0.));
#18305=CARTESIAN_POINT('',(-0.02246875,-0.01255,0.));
#18306=CARTESIAN_POINT('',(-0.02296875,-0.01205,0.));
#18307=CARTESIAN_POINT('',(-0.02946875,-0.01205,0.));
#18308=CARTESIAN_POINT('',(-0.03596875,-0.01205,0.));
#18309=CARTESIAN_POINT('',(-0.03596875,-0.01255,0.));
#18310=CARTESIAN_POINT('',(-0.03646875,-0.01255,0.));
#18311=CARTESIAN_POINT('',(-0.03646875,-0.01905,0.));
#18312=CARTESIAN_POINT('',(-0.03646875,-0.02555,0.));
#18313=CARTESIAN_POINT('',(-0.03596875,-0.02555,0.));
#18314=CARTESIAN_POINT('',(-0.03596875,-0.02605,0.));
#18315=CARTESIAN_POINT('',(-0.02946875,-0.02605,0.));
#18316=CARTESIAN_POINT('',(-0.02296875,-0.02605,0.));
#18317=CARTESIAN_POINT('',(-0.02296875,-0.02555,0.));
#18318=CARTESIAN_POINT('',(-0.02246875,-0.02555,0.));
#18319=CARTESIAN_POINT('',(-0.02246875,-0.01905,0.));
#18320=CARTESIAN_POINT('',(-0.01344375,0.0065,0.));
#18321=CARTESIAN_POINT('',(-0.01294375,0.0065,0.));
#18322=CARTESIAN_POINT('',(-0.01344375,0.007,0.));
#18323=CARTESIAN_POINT('',(-0.01994375,0.007,0.));
#18324=CARTESIAN_POINT('',(-0.02644375,0.007,0.));
#18325=CARTESIAN_POINT('',(-0.02644375,0.0065,0.));
#18326=CARTESIAN_POINT('',(-0.02694375,0.0065,0.));
#18327=CARTESIAN_POINT('',(-0.02694375,0.,0.));
#18328=CARTESIAN_POINT('',(-0.02694375,-0.0065,0.));
#18329=CARTESIAN_POINT('',(-0.02644375,-0.0065,0.));
#18330=CARTESIAN_POINT('',(-0.02644375,-0.007,0.));
#18331=CARTESIAN_POINT('',(-0.01994375,-0.007,0.));
#18332=CARTESIAN_POINT('',(-0.01344375,-0.007,0.));
#18333=CARTESIAN_POINT('',(-0.01344375,-0.0065,0.));
#18334=CARTESIAN_POINT('',(-0.01294375,-0.0065,0.));
#18335=CARTESIAN_POINT('',(-0.01294375,0.,0.));
#18336=CARTESIAN_POINT('',(-0.03249375,0.0065,0.));
#18337=CARTESIAN_POINT('',(-0.03199375,0.0065,0.));
#18338=CARTESIAN_POINT('',(-0.03249375,0.007,0.));
#18339=CARTESIAN_POINT('',(-0.03899375,0.007,0.));
#18340=CARTESIAN_POINT('',(-0.04549375,0.007,0.));
#18341=CARTESIAN_POINT('',(-0.04549375,0.0065,0.));
#18342=CARTESIAN_POINT('',(-0.04599375,0.0065,0.));
#18343=CARTESIAN_POINT('',(-0.04599375,0.,0.));
#18344=CARTESIAN_POINT('',(-0.04599375,-0.0065,0.));
#18345=CARTESIAN_POINT('',(-0.04549375,-0.0065,0.));
#18346=CARTESIAN_POINT('',(-0.04549375,-0.007,0.));
#18347=CARTESIAN_POINT('',(-0.03899375,-0.007,0.));
#18348=CARTESIAN_POINT('',(-0.03249375,-0.007,0.));
#18349=CARTESIAN_POINT('',(-0.03249375,-0.0065,0.));
#18350=CARTESIAN_POINT('',(-0.03199375,-0.0065,0.));
#18351=CARTESIAN_POINT('',(-0.03199375,0.,0.));
#18352=CARTESIAN_POINT('',(0.04370625,0.0065,0.));
#18353=CARTESIAN_POINT('',(0.04420625,0.0065,0.));
#18354=CARTESIAN_POINT('',(0.04370625,0.007,0.));
#18355=CARTESIAN_POINT('',(0.03720625,0.007,0.));
#18356=CARTESIAN_POINT('',(0.03070625,0.007,0.));
#18357=CARTESIAN_POINT('',(0.03070625,0.0065,0.));
#18358=CARTESIAN_POINT('',(0.03020625,0.0065,0.));
#18359=CARTESIAN_POINT('',(0.03020625,0.,0.));
#18360=CARTESIAN_POINT('',(0.03020625,-0.0065,0.));
#18361=CARTESIAN_POINT('',(0.03070625,-0.0065,0.));
#18362=CARTESIAN_POINT('',(0.03070625,-0.007,0.));
#18363=CARTESIAN_POINT('',(0.03720625,-0.007,0.));
#18364=CARTESIAN_POINT('',(0.04370625,-0.007,0.));
#18365=CARTESIAN_POINT('',(0.04370625,-0.0065,0.));
#18366=CARTESIAN_POINT('',(0.04420625,-0.0065,0.));
#18367=CARTESIAN_POINT('',(0.04420625,0.,0.));
#18368=CARTESIAN_POINT('',(0.03894375,0.02555,0.));
#18369=CARTESIAN_POINT('',(0.03944375,0.02555,0.));
#18370=CARTESIAN_POINT('',(0.03894375,0.02605,0.));
#18371=CARTESIAN_POINT('',(0.03244375,0.02605,0.));
#18372=CARTESIAN_POINT('',(0.02594375,0.02605,0.));
#18373=CARTESIAN_POINT('',(0.02594375,0.02555,0.));
#18374=CARTESIAN_POINT('',(0.02544375,0.02555,0.));
#18375=CARTESIAN_POINT('',(0.02544375,0.01905,0.));
#18376=CARTESIAN_POINT('',(0.02544375,0.01255,0.));
#18377=CARTESIAN_POINT('',(0.02594375,0.01255,0.));
#18378=CARTESIAN_POINT('',(0.02594375,0.01205,0.));
#18379=CARTESIAN_POINT('',(0.03244375,0.01205,0.));
#18380=CARTESIAN_POINT('',(0.03894375,0.01205,0.));
#18381=CARTESIAN_POINT('',(0.03894375,0.01255,0.));
#18382=CARTESIAN_POINT('',(0.03944375,0.01255,0.));
#18383=CARTESIAN_POINT('',(0.03944375,0.01905,0.));
#18384=CARTESIAN_POINT('',(0.01989375,0.02555,0.));
#18385=CARTESIAN_POINT('',(0.02039375,0.02555,0.));
#18386=CARTESIAN_POINT('',(0.01989375,0.02605,0.));
#18387=CARTESIAN_POINT('',(0.01339375,0.02605,0.));
#18388=CARTESIAN_POINT('',(0.00689375,0.02605,0.));
#18389=CARTESIAN_POINT('',(0.00689375,0.02555,0.));
#18390=CARTESIAN_POINT('',(0.00639375,0.02555,0.));
#18391=CARTESIAN_POINT('',(0.00639375,0.01905,0.));
#18392=CARTESIAN_POINT('',(0.00639375,0.01255,0.));
#18393=CARTESIAN_POINT('',(0.00689375,0.01255,0.));
#18394=CARTESIAN_POINT('',(0.00689375,0.01205,0.));
#18395=CARTESIAN_POINT('',(0.01339375,0.01205,0.));
#18396=CARTESIAN_POINT('',(0.01989375,0.01205,0.));
#18397=CARTESIAN_POINT('',(0.01989375,0.01255,0.));
#18398=CARTESIAN_POINT('',(0.02039375,0.01255,0.));
#18399=CARTESIAN_POINT('',(0.02039375,0.01905,0.));
#18400=CARTESIAN_POINT('',(0.02941875,0.0446,0.));
#18401=CARTESIAN_POINT('',(0.02991875,0.0446,0.));
#18402=CARTESIAN_POINT('',(0.02941875,0.0451,0.));
#18403=CARTESIAN_POINT('',(0.02291875,0.0451,0.));
#18404=CARTESIAN_POINT('',(0.01641875,0.0451,0.));
#18405=CARTESIAN_POINT('',(0.01641875,0.0446,0.));
#18406=CARTESIAN_POINT('',(0.01591875,0.0446,0.));
#18407=CARTESIAN_POINT('',(0.01591875,0.0381,0.));
#18408=CARTESIAN_POINT('',(0.01591875,0.0316,0.));
#18409=CARTESIAN_POINT('',(0.01641875,0.0316,0.));
#18410=CARTESIAN_POINT('',(0.01641875,0.0311,0.));
#18411=CARTESIAN_POINT('',(0.02291875,0.0311,0.));
#18412=CARTESIAN_POINT('',(0.02941875,0.0311,0.));
#18413=CARTESIAN_POINT('',(0.02941875,0.0316,0.));
#18414=CARTESIAN_POINT('',(0.02991875,0.0316,0.));
#18415=CARTESIAN_POINT('',(0.02991875,0.0381,0.));
#18416=CARTESIAN_POINT('',(0.0746625,0.0065,0.));
#18417=CARTESIAN_POINT('',(0.0751625,0.0065,0.));
#18418=CARTESIAN_POINT('',(0.0746625,0.007,0.));
#18419=CARTESIAN_POINT('',(0.0681625,0.007,0.));
#18420=CARTESIAN_POINT('',(0.0616625,0.007,0.));
#18421=CARTESIAN_POINT('',(0.0616625,0.0065,0.));
#18422=CARTESIAN_POINT('',(0.0611625,0.0065,0.));
#18423=CARTESIAN_POINT('',(0.0611625,0.,0.));
#18424=CARTESIAN_POINT('',(0.0611625,-0.0065,0.));
#18425=CARTESIAN_POINT('',(0.0616625,-0.0065,0.));
#18426=CARTESIAN_POINT('',(0.0616625,-0.007,0.));
#18427=CARTESIAN_POINT('',(0.0681625,-0.007,0.));
#18428=CARTESIAN_POINT('',(0.0746625,-0.007,0.));
#18429=CARTESIAN_POINT('',(0.0746625,-0.0065,0.));
#18430=CARTESIAN_POINT('',(0.0751625,-0.0065,0.));
#18431=CARTESIAN_POINT('',(0.0751625,0.,0.));
#18432=CARTESIAN_POINT('',(0.0592245,0.0055,0.));
#18433=CARTESIAN_POINT('',(0.0597245,0.0055,0.));
#18434=CARTESIAN_POINT('',(0.0592245,0.006,0.));
#18435=CARTESIAN_POINT('',(0.0562245,0.006,0.));
#18436=CARTESIAN_POINT('',(0.0532245,0.006,0.));
#18437=CARTESIAN_POINT('',(0.0532245,0.0055,0.));
#18438=CARTESIAN_POINT('',(0.0527245,0.0055,0.));
#18439=CARTESIAN_POINT('',(0.0527245,-0.0015,0.));
#18440=CARTESIAN_POINT('',(0.0527245,-0.0085,0.));
#18441=CARTESIAN_POINT('',(0.0532245,-0.0085,0.));
#18442=CARTESIAN_POINT('',(0.0532245,-0.009,0.));
#18443=CARTESIAN_POINT('',(0.0562245,-0.009,0.));
#18444=CARTESIAN_POINT('',(0.0592245,-0.009,0.));
#18445=CARTESIAN_POINT('',(0.0592245,-0.0085,0.));
#18446=CARTESIAN_POINT('',(0.0597245,-0.0085,0.));
#18447=CARTESIAN_POINT('',(0.0597245,-0.0015,0.));
#18448=CARTESIAN_POINT('',(0.0831005,0.0055,0.));
#18449=CARTESIAN_POINT('',(0.0836005,0.0055,0.));
#18450=CARTESIAN_POINT('',(0.0831005,0.006,0.));
#18451=CARTESIAN_POINT('',(0.0801005,0.006,0.));
#18452=CARTESIAN_POINT('',(0.0771005,0.006,0.));
#18453=CARTESIAN_POINT('',(0.0771005,0.0055,0.));
#18454=CARTESIAN_POINT('',(0.0766005,0.0055,0.));
#18455=CARTESIAN_POINT('',(0.0766005,-0.0015,0.));
#18456=CARTESIAN_POINT('',(0.0766005,-0.0085,0.));
#18457=CARTESIAN_POINT('',(0.0771005,-0.0085,0.));
#18458=CARTESIAN_POINT('',(0.0771005,-0.009,0.));
#18459=CARTESIAN_POINT('',(0.0801005,-0.009,0.));
#18460=CARTESIAN_POINT('',(0.0831005,-0.009,0.));
#18461=CARTESIAN_POINT('',(0.0831005,-0.0085,0.));
#18462=CARTESIAN_POINT('',(0.0836005,-0.0085,0.));
#18463=CARTESIAN_POINT('',(0.0836005,-0.0015,0.));
#18464=CARTESIAN_POINT('',(0.054462,-0.01355,0.));
#18465=CARTESIAN_POINT('',(0.054962,-0.01355,0.));
#18466=CARTESIAN_POINT('',(0.054462,-0.01305,0.));
#18467=CARTESIAN_POINT('',(0.051462,-0.01305,0.));
#18468=CARTESIAN_POINT('',(0.048462,-0.01305,0.));
#18469=CARTESIAN_POINT('',(0.048462,-0.01355,0.));
#18470=CARTESIAN_POINT('',(0.047962,-0.01355,0.));
#18471=CARTESIAN_POINT('',(0.047962,-0.02055,0.));
#18472=CARTESIAN_POINT('',(0.047962,-0.02755,0.));
#18473=CARTESIAN_POINT('',(0.048462,-0.02755,0.));
#18474=CARTESIAN_POINT('',(0.048462,-0.02805,0.));
#18475=CARTESIAN_POINT('',(0.051462,-0.02805,0.));
#18476=CARTESIAN_POINT('',(0.054462,-0.02805,0.));
#18477=CARTESIAN_POINT('',(0.054462,-0.02755,0.));
#18478=CARTESIAN_POINT('',(0.054962,-0.02755,0.));
#18479=CARTESIAN_POINT('',(0.054962,-0.02055,0.));
#18480=CARTESIAN_POINT('',(0.0699,-0.01255,0.));
#18481=CARTESIAN_POINT('',(0.0704,-0.01255,0.));
#18482=CARTESIAN_POINT('',(0.0699,-0.01205,0.));
#18483=CARTESIAN_POINT('',(0.0634,-0.01205,0.));
#18484=CARTESIAN_POINT('',(0.0569,-0.01205,0.));
#18485=CARTESIAN_POINT('',(0.0569,-0.01255,0.));
#18486=CARTESIAN_POINT('',(0.0564,-0.01255,0.));
#18487=CARTESIAN_POINT('',(0.0564,-0.01905,0.));
#18488=CARTESIAN_POINT('',(0.0564,-0.02555,0.));
#18489=CARTESIAN_POINT('',(0.0569,-0.02555,0.));
#18490=CARTESIAN_POINT('',(0.0569,-0.02605,0.));
#18491=CARTESIAN_POINT('',(0.0634,-0.02605,0.));
#18492=CARTESIAN_POINT('',(0.0699,-0.02605,0.));
#18493=CARTESIAN_POINT('',(0.0699,-0.02555,0.));
#18494=CARTESIAN_POINT('',(0.0704,-0.02555,0.));
#18495=CARTESIAN_POINT('',(0.0704,-0.01905,0.));
#18496=CARTESIAN_POINT('',(0.078338,-0.01355,0.));
#18497=CARTESIAN_POINT('',(0.078838,-0.01355,0.));
#18498=CARTESIAN_POINT('',(0.078338,-0.01305,0.));
#18499=CARTESIAN_POINT('',(0.075338,-0.01305,0.));
#18500=CARTESIAN_POINT('',(0.072338,-0.01305,0.));
#18501=CARTESIAN_POINT('',(0.072338,-0.01355,0.));
#18502=CARTESIAN_POINT('',(0.071838,-0.01355,0.));
#18503=CARTESIAN_POINT('',(0.071838,-0.02055,0.));
#18504=CARTESIAN_POINT('',(0.071838,-0.02755,0.));
#18505=CARTESIAN_POINT('',(0.072338,-0.02755,0.));
#18506=CARTESIAN_POINT('',(0.072338,-0.02805,0.));
#18507=CARTESIAN_POINT('',(0.075338,-0.02805,0.));
#18508=CARTESIAN_POINT('',(0.078338,-0.02805,0.));
#18509=CARTESIAN_POINT('',(0.078338,-0.02755,0.));
#18510=CARTESIAN_POINT('',(0.078838,-0.02755,0.));
#18511=CARTESIAN_POINT('',(0.078838,-0.02055,0.));
#18512=CARTESIAN_POINT('',(0.02465625,0.0065,0.));
#18513=CARTESIAN_POINT('',(0.02515625,0.0065,0.));
#18514=CARTESIAN_POINT('',(0.02465625,0.007,0.));
#18515=CARTESIAN_POINT('',(0.01815625,0.007,0.));
#18516=CARTESIAN_POINT('',(0.01165625,0.007,0.));
#18517=CARTESIAN_POINT('',(0.01165625,0.0065,0.));
#18518=CARTESIAN_POINT('',(0.01115625,0.0065,0.));
#18519=CARTESIAN_POINT('',(0.01115625,0.,0.));
#18520=CARTESIAN_POINT('',(0.01115625,-0.0065,0.));
#18521=CARTESIAN_POINT('',(0.01165625,-0.0065,0.));
#18522=CARTESIAN_POINT('',(0.01165625,-0.007,0.));
#18523=CARTESIAN_POINT('',(0.01815625,-0.007,0.));
#18524=CARTESIAN_POINT('',(0.02465625,-0.007,0.));
#18525=CARTESIAN_POINT('',(0.02465625,-0.0065,0.));
#18526=CARTESIAN_POINT('',(0.02515625,-0.0065,0.));
#18527=CARTESIAN_POINT('',(0.02515625,0.,0.));
#18528=CARTESIAN_POINT('',(0.01513125,-0.01255,0.));
#18529=CARTESIAN_POINT('',(0.01563125,-0.01255,0.));
#18530=CARTESIAN_POINT('',(0.01513125,-0.01205,0.));
#18531=CARTESIAN_POINT('',(0.00863125,-0.01205,0.));
#18532=CARTESIAN_POINT('',(0.00213124999999994,-0.01205,0.));
#18533=CARTESIAN_POINT('',(0.00213124999999994,-0.01255,0.));
#18534=CARTESIAN_POINT('',(0.00163124999999994,-0.01255,0.));
#18535=CARTESIAN_POINT('',(0.00163124999999994,-0.01905,0.));
#18536=CARTESIAN_POINT('',(0.00163124999999994,-0.02555,0.));
#18537=CARTESIAN_POINT('',(0.00213124999999994,-0.02555,0.));
#18538=CARTESIAN_POINT('',(0.00213124999999994,-0.02605,0.));
#18539=CARTESIAN_POINT('',(0.00863125,-0.02605,0.));
#18540=CARTESIAN_POINT('',(0.01513125,-0.02605,0.));
#18541=CARTESIAN_POINT('',(0.01513125,-0.02555,0.));
#18542=CARTESIAN_POINT('',(0.01563125,-0.02555,0.));
#18543=CARTESIAN_POINT('',(0.01563125,-0.01905,0.));
#18544=CARTESIAN_POINT('',(0.03418125,-0.01255,0.));
#18545=CARTESIAN_POINT('',(0.03468125,-0.01255,0.));
#18546=CARTESIAN_POINT('',(0.03418125,-0.01205,0.));
#18547=CARTESIAN_POINT('',(0.02768125,-0.01205,0.));
#18548=CARTESIAN_POINT('',(0.02118125,-0.01205,0.));
#18549=CARTESIAN_POINT('',(0.02118125,-0.01255,0.));
#18550=CARTESIAN_POINT('',(0.02068125,-0.01255,0.));
#18551=CARTESIAN_POINT('',(0.02068125,-0.01905,0.));
#18552=CARTESIAN_POINT('',(0.02068125,-0.02555,0.));
#18553=CARTESIAN_POINT('',(0.02118125,-0.02555,0.));
#18554=CARTESIAN_POINT('',(0.02118125,-0.02605,0.));
#18555=CARTESIAN_POINT('',(0.02768125,-0.02605,0.));
#18556=CARTESIAN_POINT('',(0.03418125,-0.02605,0.));
#18557=CARTESIAN_POINT('',(0.03418125,-0.02555,0.));
#18558=CARTESIAN_POINT('',(0.03468125,-0.02555,0.));
#18559=CARTESIAN_POINT('',(0.03468125,-0.01905,0.));
#18560=CARTESIAN_POINT('',(-0.13726875,-0.01255,0.));
#18561=CARTESIAN_POINT('',(-0.13676875,-0.01255,0.));
#18562=CARTESIAN_POINT('',(-0.13726875,-0.01205,0.));
#18563=CARTESIAN_POINT('',(-0.14376875,-0.01205,0.));
#18564=CARTESIAN_POINT('',(-0.15026875,-0.01205,0.));
#18565=CARTESIAN_POINT('',(-0.15026875,-0.01255,0.));
#18566=CARTESIAN_POINT('',(-0.15076875,-0.01255,0.));
#18567=CARTESIAN_POINT('',(-0.15076875,-0.01905,0.));
#18568=CARTESIAN_POINT('',(-0.15076875,-0.02555,0.));
#18569=CARTESIAN_POINT('',(-0.15026875,-0.02555,0.));
#18570=CARTESIAN_POINT('',(-0.15026875,-0.02605,0.));
#18571=CARTESIAN_POINT('',(-0.14376875,-0.02605,0.));
#18572=CARTESIAN_POINT('',(-0.13726875,-0.02605,0.));
#18573=CARTESIAN_POINT('',(-0.13726875,-0.02555,0.));
#18574=CARTESIAN_POINT('',(-0.13676875,-0.02555,0.));
#18575=CARTESIAN_POINT('',(-0.13676875,-0.01905,0.));
#18576=CARTESIAN_POINT('',(-0.14679375,0.0065,0.));
#18577=CARTESIAN_POINT('',(-0.14629375,0.0065,0.));
#18578=CARTESIAN_POINT('',(-0.14679375,0.007,0.));
#18579=CARTESIAN_POINT('',(-0.15329375,0.007,0.));
#18580=CARTESIAN_POINT('',(-0.15979375,0.007,0.));
#18581=CARTESIAN_POINT('',(-0.15979375,0.0065,0.));
#18582=CARTESIAN_POINT('',(-0.16029375,0.0065,0.));
#18583=CARTESIAN_POINT('',(-0.16029375,0.,0.));
#18584=CARTESIAN_POINT('',(-0.16029375,-0.0065,0.));
#18585=CARTESIAN_POINT('',(-0.15979375,-0.0065,0.));
#18586=CARTESIAN_POINT('',(-0.15979375,-0.007,0.));
#18587=CARTESIAN_POINT('',(-0.15329375,-0.007,0.));
#18588=CARTESIAN_POINT('',(-0.14679375,-0.007,0.));
#18589=CARTESIAN_POINT('',(-0.14679375,-0.0065,0.));
#18590=CARTESIAN_POINT('',(-0.14629375,-0.0065,0.));
#18591=CARTESIAN_POINT('',(-0.14629375,0.,0.));
#18592=CARTESIAN_POINT('',(-0.15155625,0.02555,0.));
#18593=CARTESIAN_POINT('',(-0.15105625,0.02555,0.));
#18594=CARTESIAN_POINT('',(-0.15155625,0.02605,0.));
#18595=CARTESIAN_POINT('',(-0.15805625,0.02605,0.));
#18596=CARTESIAN_POINT('',(-0.16455625,0.02605,0.));
#18597=CARTESIAN_POINT('',(-0.16455625,0.02555,0.));
#18598=CARTESIAN_POINT('',(-0.16505625,0.02555,0.));
#18599=CARTESIAN_POINT('',(-0.16505625,0.01905,0.));
#18600=CARTESIAN_POINT('',(-0.16505625,0.01255,0.));
#18601=CARTESIAN_POINT('',(-0.16455625,0.01255,0.));
#18602=CARTESIAN_POINT('',(-0.16455625,0.01205,0.));
#18603=CARTESIAN_POINT('',(-0.15805625,0.01205,0.));
#18604=CARTESIAN_POINT('',(-0.15155625,0.01205,0.));
#18605=CARTESIAN_POINT('',(-0.15155625,0.01255,0.));
#18606=CARTESIAN_POINT('',(-0.15105625,0.01255,0.));
#18607=CARTESIAN_POINT('',(-0.15105625,0.01905,0.));
#18608=CARTESIAN_POINT('',(-0.14203125,0.0446,0.));
#18609=CARTESIAN_POINT('',(-0.14153125,0.0446,0.));
#18610=CARTESIAN_POINT('',(-0.14203125,0.0451,0.));
#18611=CARTESIAN_POINT('',(-0.14853125,0.0451,0.));
#18612=CARTESIAN_POINT('',(-0.15503125,0.0451,0.));
#18613=CARTESIAN_POINT('',(-0.15503125,0.0446,0.));
#18614=CARTESIAN_POINT('',(-0.15553125,0.0446,0.));
#18615=CARTESIAN_POINT('',(-0.15553125,0.0381,0.));
#18616=CARTESIAN_POINT('',(-0.15553125,0.0316,0.));
#18617=CARTESIAN_POINT('',(-0.15503125,0.0316,0.));
#18618=CARTESIAN_POINT('',(-0.15503125,0.0311,0.));
#18619=CARTESIAN_POINT('',(-0.14853125,0.0311,0.));
#18620=CARTESIAN_POINT('',(-0.14203125,0.0311,0.));
#18621=CARTESIAN_POINT('',(-0.14203125,0.0316,0.));
#18622=CARTESIAN_POINT('',(-0.14153125,0.0316,0.));
#18623=CARTESIAN_POINT('',(-0.14153125,0.0381,0.));
#18624=CARTESIAN_POINT('',(-0.12774375,0.0065,0.));
#18625=CARTESIAN_POINT('',(-0.12724375,0.0065,0.));
#18626=CARTESIAN_POINT('',(-0.12774375,0.007,0.));
#18627=CARTESIAN_POINT('',(-0.13424375,0.007,0.));
#18628=CARTESIAN_POINT('',(-0.14074375,0.007,0.));
#18629=CARTESIAN_POINT('',(-0.14074375,0.0065,0.));
#18630=CARTESIAN_POINT('',(-0.14124375,0.0065,0.));
#18631=CARTESIAN_POINT('',(-0.14124375,0.,0.));
#18632=CARTESIAN_POINT('',(-0.14124375,-0.0065,0.));
#18633=CARTESIAN_POINT('',(-0.14074375,-0.0065,0.));
#18634=CARTESIAN_POINT('',(-0.14074375,-0.007,0.));
#18635=CARTESIAN_POINT('',(-0.13424375,-0.007,0.));
#18636=CARTESIAN_POINT('',(-0.12774375,-0.007,0.));
#18637=CARTESIAN_POINT('',(-0.12774375,-0.0065,0.));
#18638=CARTESIAN_POINT('',(-0.12724375,-0.0065,0.));
#18639=CARTESIAN_POINT('',(-0.12724375,0.,0.));
#18640=CARTESIAN_POINT('',(-0.11821875,-0.01255,0.));
#18641=CARTESIAN_POINT('',(-0.11771875,-0.01255,0.));
#18642=CARTESIAN_POINT('',(-0.11821875,-0.01205,0.));
#18643=CARTESIAN_POINT('',(-0.12471875,-0.01205,0.));
#18644=CARTESIAN_POINT('',(-0.13121875,-0.01205,0.));
#18645=CARTESIAN_POINT('',(-0.13121875,-0.01255,0.));
#18646=CARTESIAN_POINT('',(-0.13171875,-0.01255,0.));
#18647=CARTESIAN_POINT('',(-0.13171875,-0.01905,0.));
#18648=CARTESIAN_POINT('',(-0.13171875,-0.02555,0.));
#18649=CARTESIAN_POINT('',(-0.13121875,-0.02555,0.));
#18650=CARTESIAN_POINT('',(-0.13121875,-0.02605,0.));
#18651=CARTESIAN_POINT('',(-0.12471875,-0.02605,0.));
#18652=CARTESIAN_POINT('',(-0.11821875,-0.02605,0.));
#18653=CARTESIAN_POINT('',(-0.11821875,-0.02555,0.));
#18654=CARTESIAN_POINT('',(-0.11771875,-0.02555,0.));
#18655=CARTESIAN_POINT('',(-0.11771875,-0.01905,0.));
#18656=CARTESIAN_POINT('',(-0.13250625,0.02555,0.));
#18657=CARTESIAN_POINT('',(-0.13200625,0.02555,0.));
#18658=CARTESIAN_POINT('',(-0.13250625,0.02605,0.));
#18659=CARTESIAN_POINT('',(-0.13900625,0.02605,0.));
#18660=CARTESIAN_POINT('',(-0.14550625,0.02605,0.));
#18661=CARTESIAN_POINT('',(-0.14550625,0.02555,0.));
#18662=CARTESIAN_POINT('',(-0.14600625,0.02555,0.));
#18663=CARTESIAN_POINT('',(-0.14600625,0.01905,0.));
#18664=CARTESIAN_POINT('',(-0.14600625,0.01255,0.));
#18665=CARTESIAN_POINT('',(-0.14550625,0.01255,0.));
#18666=CARTESIAN_POINT('',(-0.14550625,0.01205,0.));
#18667=CARTESIAN_POINT('',(-0.13900625,0.01205,0.));
#18668=CARTESIAN_POINT('',(-0.13250625,0.01205,0.));
#18669=CARTESIAN_POINT('',(-0.13250625,0.01255,0.));
#18670=CARTESIAN_POINT('',(-0.13200625,0.01255,0.));
#18671=CARTESIAN_POINT('',(-0.13200625,0.01905,0.));
#18672=CARTESIAN_POINT('',(-0.12298125,0.0446,0.));
#18673=CARTESIAN_POINT('',(-0.12248125,0.0446,0.));
#18674=CARTESIAN_POINT('',(-0.12298125,0.0451,0.));
#18675=CARTESIAN_POINT('',(-0.12948125,0.0451,0.));
#18676=CARTESIAN_POINT('',(-0.13598125,0.0451,0.));
#18677=CARTESIAN_POINT('',(-0.13598125,0.0446,0.));
#18678=CARTESIAN_POINT('',(-0.13648125,0.0446,0.));
#18679=CARTESIAN_POINT('',(-0.13648125,0.0381,0.));
#18680=CARTESIAN_POINT('',(-0.13648125,0.0316,0.));
#18681=CARTESIAN_POINT('',(-0.13598125,0.0316,0.));
#18682=CARTESIAN_POINT('',(-0.13598125,0.0311,0.));
#18683=CARTESIAN_POINT('',(-0.12948125,0.0311,0.));
#18684=CARTESIAN_POINT('',(-0.12298125,0.0311,0.));
#18685=CARTESIAN_POINT('',(-0.12298125,0.0316,0.));
#18686=CARTESIAN_POINT('',(-0.12248125,0.0316,0.));
#18687=CARTESIAN_POINT('',(-0.12248125,0.0381,0.));
#18688=CARTESIAN_POINT('',(-0.16108125,0.0446,0.));
#18689=CARTESIAN_POINT('',(-0.16058125,0.0446,0.));
#18690=CARTESIAN_POINT('',(-0.16108125,0.0451,0.));
#18691=CARTESIAN_POINT('',(-0.16758125,0.0451,0.));
#18692=CARTESIAN_POINT('',(-0.17408125,0.0451,0.));
#18693=CARTESIAN_POINT('',(-0.17408125,0.0446,0.));
#18694=CARTESIAN_POINT('',(-0.17458125,0.0446,0.));
#18695=CARTESIAN_POINT('',(-0.17458125,0.0381,0.));
#18696=CARTESIAN_POINT('',(-0.17458125,0.0316,0.));
#18697=CARTESIAN_POINT('',(-0.17408125,0.0316,0.));
#18698=CARTESIAN_POINT('',(-0.17408125,0.0311,0.));
#18699=CARTESIAN_POINT('',(-0.16758125,0.0311,0.));
#18700=CARTESIAN_POINT('',(-0.16108125,0.0311,0.));
#18701=CARTESIAN_POINT('',(-0.16108125,0.0316,0.));
#18702=CARTESIAN_POINT('',(-0.16058125,0.0316,0.));
#18703=CARTESIAN_POINT('',(-0.16058125,0.0381,0.));
#18704=CARTESIAN_POINT('',(-0.17536875,0.02555,0.));
#18705=CARTESIAN_POINT('',(-0.17486875,0.02555,0.));
#18706=CARTESIAN_POINT('',(-0.17536875,0.02605,0.));
#18707=CARTESIAN_POINT('',(-0.18186875,0.02605,0.));
#18708=CARTESIAN_POINT('',(-0.18836875,0.02605,0.));
#18709=CARTESIAN_POINT('',(-0.18836875,0.02555,0.));
#18710=CARTESIAN_POINT('',(-0.18886875,0.02555,0.));
#18711=CARTESIAN_POINT('',(-0.18886875,0.01905,0.));
#18712=CARTESIAN_POINT('',(-0.18886875,0.01255,0.));
#18713=CARTESIAN_POINT('',(-0.18836875,0.01255,0.));
#18714=CARTESIAN_POINT('',(-0.18836875,0.01205,0.));
#18715=CARTESIAN_POINT('',(-0.18186875,0.01205,0.));
#18716=CARTESIAN_POINT('',(-0.17536875,0.01205,0.));
#18717=CARTESIAN_POINT('',(-0.17536875,0.01255,0.));
#18718=CARTESIAN_POINT('',(-0.17486875,0.01255,0.));
#18719=CARTESIAN_POINT('',(-0.17486875,0.01905,0.));
#18720=CARTESIAN_POINT('',(-0.1729875,0.0065,0.));
#18721=CARTESIAN_POINT('',(-0.1724875,0.0065,0.));
#18722=CARTESIAN_POINT('',(-0.1729875,0.007,0.));
#18723=CARTESIAN_POINT('',(-0.1794875,0.007,0.));
#18724=CARTESIAN_POINT('',(-0.1859875,0.007,0.));
#18725=CARTESIAN_POINT('',(-0.1859875,0.0065,0.));
#18726=CARTESIAN_POINT('',(-0.1864875,0.0065,0.));
#18727=CARTESIAN_POINT('',(-0.1864875,0.,0.));
#18728=CARTESIAN_POINT('',(-0.1864875,-0.0065,0.));
#18729=CARTESIAN_POINT('',(-0.1859875,-0.0065,0.));
#18730=CARTESIAN_POINT('',(-0.1859875,-0.007,0.));
#18731=CARTESIAN_POINT('',(-0.1794875,-0.007,0.));
#18732=CARTESIAN_POINT('',(-0.1729875,-0.007,0.));
#18733=CARTESIAN_POINT('',(-0.1729875,-0.0065,0.));
#18734=CARTESIAN_POINT('',(-0.1724875,-0.0065,0.));
#18735=CARTESIAN_POINT('',(-0.1724875,0.,0.));
#18736=CARTESIAN_POINT('',(-0.183663,-0.01355,0.));
#18737=CARTESIAN_POINT('',(-0.183163,-0.01355,0.));
#18738=CARTESIAN_POINT('',(-0.183663,-0.01305,0.));
#18739=CARTESIAN_POINT('',(-0.186663,-0.01305,0.));
#18740=CARTESIAN_POINT('',(-0.189663,-0.01305,0.));
#18741=CARTESIAN_POINT('',(-0.189663,-0.01355,0.));
#18742=CARTESIAN_POINT('',(-0.190163,-0.01355,0.));
#18743=CARTESIAN_POINT('',(-0.190163,-0.02055,0.));
#18744=CARTESIAN_POINT('',(-0.190163,-0.02755,0.));
#18745=CARTESIAN_POINT('',(-0.189663,-0.02755,0.));
#18746=CARTESIAN_POINT('',(-0.189663,-0.02805,0.));
#18747=CARTESIAN_POINT('',(-0.186663,-0.02805,0.));
#18748=CARTESIAN_POINT('',(-0.183663,-0.02805,0.));
#18749=CARTESIAN_POINT('',(-0.183663,-0.02755,0.));
#18750=CARTESIAN_POINT('',(-0.183163,-0.02755,0.));
#18751=CARTESIAN_POINT('',(-0.183163,-0.02055,0.));
#18752=CARTESIAN_POINT('',(-0.168225,-0.01255,0.));
#18753=CARTESIAN_POINT('',(-0.167725,-0.01255,0.));
#18754=CARTESIAN_POINT('',(-0.168225,-0.01205,0.));
#18755=CARTESIAN_POINT('',(-0.174725,-0.01205,0.));
#18756=CARTESIAN_POINT('',(-0.181225,-0.01205,0.));
#18757=CARTESIAN_POINT('',(-0.181225,-0.01255,0.));
#18758=CARTESIAN_POINT('',(-0.181725,-0.01255,0.));
#18759=CARTESIAN_POINT('',(-0.181725,-0.01905,0.));
#18760=CARTESIAN_POINT('',(-0.181725,-0.02555,0.));
#18761=CARTESIAN_POINT('',(-0.181225,-0.02555,0.));
#18762=CARTESIAN_POINT('',(-0.181225,-0.02605,0.));
#18763=CARTESIAN_POINT('',(-0.174725,-0.02605,0.));
#18764=CARTESIAN_POINT('',(-0.168225,-0.02605,0.));
#18765=CARTESIAN_POINT('',(-0.168225,-0.02555,0.));
#18766=CARTESIAN_POINT('',(-0.167725,-0.02555,0.));
#18767=CARTESIAN_POINT('',(-0.167725,-0.01905,0.));
#18768=CARTESIAN_POINT('',(-0.159787,-0.01355,0.));
#18769=CARTESIAN_POINT('',(-0.159287,-0.01355,0.));
#18770=CARTESIAN_POINT('',(-0.159787,-0.01305,0.));
#18771=CARTESIAN_POINT('',(-0.162787,-0.01305,0.));
#18772=CARTESIAN_POINT('',(-0.165787,-0.01305,0.));
#18773=CARTESIAN_POINT('',(-0.165787,-0.01355,0.));
#18774=CARTESIAN_POINT('',(-0.166287,-0.01355,0.));
#18775=CARTESIAN_POINT('',(-0.166287,-0.02055,0.));
#18776=CARTESIAN_POINT('',(-0.166287,-0.02755,0.));
#18777=CARTESIAN_POINT('',(-0.165787,-0.02755,0.));
#18778=CARTESIAN_POINT('',(-0.165787,-0.02805,0.));
#18779=CARTESIAN_POINT('',(-0.162787,-0.02805,0.));
#18780=CARTESIAN_POINT('',(-0.159787,-0.02805,0.));
#18781=CARTESIAN_POINT('',(-0.159787,-0.02755,0.));
#18782=CARTESIAN_POINT('',(-0.159287,-0.02755,0.));
#18783=CARTESIAN_POINT('',(-0.159287,-0.02055,0.));
#18784=CARTESIAN_POINT('',(-0.06583125,0.0446,0.));
#18785=CARTESIAN_POINT('',(-0.06533125,0.0446,0.));
#18786=CARTESIAN_POINT('',(-0.06583125,0.0451,0.));
#18787=CARTESIAN_POINT('',(-0.07233125,0.0451,0.));
#18788=CARTESIAN_POINT('',(-0.07883125,0.0451,0.));
#18789=CARTESIAN_POINT('',(-0.07883125,0.0446,0.));
#18790=CARTESIAN_POINT('',(-0.07933125,0.0446,0.));
#18791=CARTESIAN_POINT('',(-0.07933125,0.0381,0.));
#18792=CARTESIAN_POINT('',(-0.07933125,0.0316,0.));
#18793=CARTESIAN_POINT('',(-0.07883125,0.0316,0.));
#18794=CARTESIAN_POINT('',(-0.07883125,0.0311,0.));
#18795=CARTESIAN_POINT('',(-0.07233125,0.0311,0.));
#18796=CARTESIAN_POINT('',(-0.06583125,0.0311,0.));
#18797=CARTESIAN_POINT('',(-0.06583125,0.0316,0.));
#18798=CARTESIAN_POINT('',(-0.06533125,0.0316,0.));
#18799=CARTESIAN_POINT('',(-0.06533125,0.0381,0.));
#18800=CARTESIAN_POINT('',(-0.08488125,0.0446,0.));
#18801=CARTESIAN_POINT('',(-0.08438125,0.0446,0.));
#18802=CARTESIAN_POINT('',(-0.08488125,0.0451,0.));
#18803=CARTESIAN_POINT('',(-0.09138125,0.0451,0.));
#18804=CARTESIAN_POINT('',(-0.09788125,0.0451,0.));
#18805=CARTESIAN_POINT('',(-0.09788125,0.0446,0.));
#18806=CARTESIAN_POINT('',(-0.09838125,0.0446,0.));
#18807=CARTESIAN_POINT('',(-0.09838125,0.0381,0.));
#18808=CARTESIAN_POINT('',(-0.09838125,0.0316,0.));
#18809=CARTESIAN_POINT('',(-0.09788125,0.0316,0.));
#18810=CARTESIAN_POINT('',(-0.09788125,0.0311,0.));
#18811=CARTESIAN_POINT('',(-0.09138125,0.0311,0.));
#18812=CARTESIAN_POINT('',(-0.08488125,0.0311,0.));
#18813=CARTESIAN_POINT('',(-0.08488125,0.0316,0.));
#18814=CARTESIAN_POINT('',(-0.08438125,0.0316,0.));
#18815=CARTESIAN_POINT('',(-0.08438125,0.0381,0.));
#18816=CARTESIAN_POINT('',(-0.10393125,0.0446,0.));
#18817=CARTESIAN_POINT('',(-0.10343125,0.0446,0.));
#18818=CARTESIAN_POINT('',(-0.10393125,0.0451,0.));
#18819=CARTESIAN_POINT('',(-0.11043125,0.0451,0.));
#18820=CARTESIAN_POINT('',(-0.11693125,0.0451,0.));
#18821=CARTESIAN_POINT('',(-0.11693125,0.0446,0.));
#18822=CARTESIAN_POINT('',(-0.11743125,0.0446,0.));
#18823=CARTESIAN_POINT('',(-0.11743125,0.0381,0.));
#18824=CARTESIAN_POINT('',(-0.11743125,0.0316,0.));
#18825=CARTESIAN_POINT('',(-0.11693125,0.0316,0.));
#18826=CARTESIAN_POINT('',(-0.11693125,0.0311,0.));
#18827=CARTESIAN_POINT('',(-0.11043125,0.0311,0.));
#18828=CARTESIAN_POINT('',(-0.10393125,0.0311,0.));
#18829=CARTESIAN_POINT('',(-0.10393125,0.0316,0.));
#18830=CARTESIAN_POINT('',(-0.10343125,0.0316,0.));
#18831=CARTESIAN_POINT('',(-0.10343125,0.0381,0.));
#18832=CARTESIAN_POINT('',(-0.09440625,0.02555,0.));
#18833=CARTESIAN_POINT('',(-0.09390625,0.02555,0.));
#18834=CARTESIAN_POINT('',(-0.09440625,0.02605,0.));
#18835=CARTESIAN_POINT('',(-0.10090625,0.02605,0.));
#18836=CARTESIAN_POINT('',(-0.10740625,0.02605,0.));
#18837=CARTESIAN_POINT('',(-0.10740625,0.02555,0.));
#18838=CARTESIAN_POINT('',(-0.10790625,0.02555,0.));
#18839=CARTESIAN_POINT('',(-0.10790625,0.01905,0.));
#18840=CARTESIAN_POINT('',(-0.10790625,0.01255,0.));
#18841=CARTESIAN_POINT('',(-0.10740625,0.01255,0.));
#18842=CARTESIAN_POINT('',(-0.10740625,0.01205,0.));
#18843=CARTESIAN_POINT('',(-0.10090625,0.01205,0.));
#18844=CARTESIAN_POINT('',(-0.09440625,0.01205,0.));
#18845=CARTESIAN_POINT('',(-0.09440625,0.01255,0.));
#18846=CARTESIAN_POINT('',(-0.09390625,0.01255,0.));
#18847=CARTESIAN_POINT('',(-0.09390625,0.01905,0.));
#18848=CARTESIAN_POINT('',(-0.07059375,0.0065,0.));
#18849=CARTESIAN_POINT('',(-0.07009375,0.0065,0.));
#18850=CARTESIAN_POINT('',(-0.07059375,0.007,0.));
#18851=CARTESIAN_POINT('',(-0.07709375,0.007,0.));
#18852=CARTESIAN_POINT('',(-0.08359375,0.007,0.));
#18853=CARTESIAN_POINT('',(-0.08359375,0.0065,0.));
#18854=CARTESIAN_POINT('',(-0.08409375,0.0065,0.));
#18855=CARTESIAN_POINT('',(-0.08409375,0.,0.));
#18856=CARTESIAN_POINT('',(-0.08409375,-0.0065,0.));
#18857=CARTESIAN_POINT('',(-0.08359375,-0.0065,0.));
#18858=CARTESIAN_POINT('',(-0.08359375,-0.007,0.));
#18859=CARTESIAN_POINT('',(-0.07709375,-0.007,0.));
#18860=CARTESIAN_POINT('',(-0.07059375,-0.007,0.));
#18861=CARTESIAN_POINT('',(-0.07059375,-0.0065,0.));
#18862=CARTESIAN_POINT('',(-0.07009375,-0.0065,0.));
#18863=CARTESIAN_POINT('',(-0.07009375,0.,0.));
#18864=CARTESIAN_POINT('',(-0.04678125,0.0446,0.));
#18865=CARTESIAN_POINT('',(-0.04628125,0.0446,0.));
#18866=CARTESIAN_POINT('',(-0.04678125,0.0451,0.));
#18867=CARTESIAN_POINT('',(-0.05328125,0.0451,0.));
#18868=CARTESIAN_POINT('',(-0.05978125,0.0451,0.));
#18869=CARTESIAN_POINT('',(-0.05978125,0.0446,0.));
#18870=CARTESIAN_POINT('',(-0.06028125,0.0446,0.));
#18871=CARTESIAN_POINT('',(-0.06028125,0.0381,0.));
#18872=CARTESIAN_POINT('',(-0.06028125,0.0316,0.));
#18873=CARTESIAN_POINT('',(-0.05978125,0.0316,0.));
#18874=CARTESIAN_POINT('',(-0.05978125,0.0311,0.));
#18875=CARTESIAN_POINT('',(-0.05328125,0.0311,0.));
#18876=CARTESIAN_POINT('',(-0.04678125,0.0311,0.));
#18877=CARTESIAN_POINT('',(-0.04678125,0.0316,0.));
#18878=CARTESIAN_POINT('',(-0.04628125,0.0316,0.));
#18879=CARTESIAN_POINT('',(-0.04628125,0.0381,0.));
#18880=CARTESIAN_POINT('',(-0.05630625,0.02555,0.));
#18881=CARTESIAN_POINT('',(-0.05580625,0.02555,0.));
#18882=CARTESIAN_POINT('',(-0.05630625,0.02605,0.));
#18883=CARTESIAN_POINT('',(-0.06280625,0.02605,0.));
#18884=CARTESIAN_POINT('',(-0.06930625,0.02605,0.));
#18885=CARTESIAN_POINT('',(-0.06930625,0.02555,0.));
#18886=CARTESIAN_POINT('',(-0.06980625,0.02555,0.));
#18887=CARTESIAN_POINT('',(-0.06980625,0.01905,0.));
#18888=CARTESIAN_POINT('',(-0.06980625,0.01255,0.));
#18889=CARTESIAN_POINT('',(-0.06930625,0.01255,0.));
#18890=CARTESIAN_POINT('',(-0.06930625,0.01205,0.));
#18891=CARTESIAN_POINT('',(-0.06280625,0.01205,0.));
#18892=CARTESIAN_POINT('',(-0.05630625,0.01205,0.));
#18893=CARTESIAN_POINT('',(-0.05630625,0.01255,0.));
#18894=CARTESIAN_POINT('',(-0.05580625,0.01255,0.));
#18895=CARTESIAN_POINT('',(-0.05580625,0.01905,0.));
#18896=CARTESIAN_POINT('',(-0.07535625,0.02555,0.));
#18897=CARTESIAN_POINT('',(-0.07485625,0.02555,0.));
#18898=CARTESIAN_POINT('',(-0.07535625,0.02605,0.));
#18899=CARTESIAN_POINT('',(-0.08185625,0.02605,0.));
#18900=CARTESIAN_POINT('',(-0.08835625,0.02605,0.));
#18901=CARTESIAN_POINT('',(-0.08835625,0.02555,0.));
#18902=CARTESIAN_POINT('',(-0.08885625,0.02555,0.));
#18903=CARTESIAN_POINT('',(-0.08885625,0.01905,0.));
#18904=CARTESIAN_POINT('',(-0.08885625,0.01255,0.));
#18905=CARTESIAN_POINT('',(-0.08835625,0.01255,0.));
#18906=CARTESIAN_POINT('',(-0.08835625,0.01205,0.));
#18907=CARTESIAN_POINT('',(-0.08185625,0.01205,0.));
#18908=CARTESIAN_POINT('',(-0.07535625,0.01205,0.));
#18909=CARTESIAN_POINT('',(-0.07535625,0.01255,0.));
#18910=CARTESIAN_POINT('',(-0.07485625,0.01255,0.));
#18911=CARTESIAN_POINT('',(-0.07485625,0.01905,0.));
#18912=CARTESIAN_POINT('',(-0.11345625,0.02555,0.));
#18913=CARTESIAN_POINT('',(-0.11295625,0.02555,0.));
#18914=CARTESIAN_POINT('',(-0.11345625,0.02605,0.));
#18915=CARTESIAN_POINT('',(-0.11995625,0.02605,0.));
#18916=CARTESIAN_POINT('',(-0.12645625,0.02605,0.));
#18917=CARTESIAN_POINT('',(-0.12645625,0.02555,0.));
#18918=CARTESIAN_POINT('',(-0.12695625,0.02555,0.));
#18919=CARTESIAN_POINT('',(-0.12695625,0.01905,0.));
#18920=CARTESIAN_POINT('',(-0.12695625,0.01255,0.));
#18921=CARTESIAN_POINT('',(-0.12645625,0.01255,0.));
#18922=CARTESIAN_POINT('',(-0.12645625,0.01205,0.));
#18923=CARTESIAN_POINT('',(-0.11995625,0.01205,0.));
#18924=CARTESIAN_POINT('',(-0.11345625,0.01205,0.));
#18925=CARTESIAN_POINT('',(-0.11345625,0.01255,0.));
#18926=CARTESIAN_POINT('',(-0.11295625,0.01255,0.));
#18927=CARTESIAN_POINT('',(-0.11295625,0.01905,0.));
#18928=CARTESIAN_POINT('',(-0.10869375,0.0065,0.));
#18929=CARTESIAN_POINT('',(-0.10819375,0.0065,0.));
#18930=CARTESIAN_POINT('',(-0.10869375,0.007,0.));
#18931=CARTESIAN_POINT('',(-0.11519375,0.007,0.));
#18932=CARTESIAN_POINT('',(-0.12169375,0.007,0.));
#18933=CARTESIAN_POINT('',(-0.12169375,0.0065,0.));
#18934=CARTESIAN_POINT('',(-0.12219375,0.0065,0.));
#18935=CARTESIAN_POINT('',(-0.12219375,0.,0.));
#18936=CARTESIAN_POINT('',(-0.12219375,-0.0065,0.));
#18937=CARTESIAN_POINT('',(-0.12169375,-0.0065,0.));
#18938=CARTESIAN_POINT('',(-0.12169375,-0.007,0.));
#18939=CARTESIAN_POINT('',(-0.11519375,-0.007,0.));
#18940=CARTESIAN_POINT('',(-0.10869375,-0.007,0.));
#18941=CARTESIAN_POINT('',(-0.10869375,-0.0065,0.));
#18942=CARTESIAN_POINT('',(-0.10819375,-0.0065,0.));
#18943=CARTESIAN_POINT('',(-0.10819375,0.,0.));
#18944=CARTESIAN_POINT('',(-0.09916875,-0.01255,0.));
#18945=CARTESIAN_POINT('',(-0.09866875,-0.01255,0.));
#18946=CARTESIAN_POINT('',(-0.09916875,-0.01205,0.));
#18947=CARTESIAN_POINT('',(-0.10566875,-0.01205,0.));
#18948=CARTESIAN_POINT('',(-0.11216875,-0.01205,0.));
#18949=CARTESIAN_POINT('',(-0.11216875,-0.01255,0.));
#18950=CARTESIAN_POINT('',(-0.11266875,-0.01255,0.));
#18951=CARTESIAN_POINT('',(-0.11266875,-0.01905,0.));
#18952=CARTESIAN_POINT('',(-0.11266875,-0.02555,0.));
#18953=CARTESIAN_POINT('',(-0.11216875,-0.02555,0.));
#18954=CARTESIAN_POINT('',(-0.11216875,-0.02605,0.));
#18955=CARTESIAN_POINT('',(-0.10566875,-0.02605,0.));
#18956=CARTESIAN_POINT('',(-0.09916875,-0.02605,0.));
#18957=CARTESIAN_POINT('',(-0.09916875,-0.02555,0.));
#18958=CARTESIAN_POINT('',(-0.09866875,-0.02555,0.));
#18959=CARTESIAN_POINT('',(-0.09866875,-0.01905,0.));
#18960=CARTESIAN_POINT('',(-0.1121875,-0.0326,0.));
#18961=CARTESIAN_POINT('',(-0.1116875,-0.0326,0.));
#18962=CARTESIAN_POINT('',(-0.1121875,-0.0321,0.));
#18963=CARTESIAN_POINT('',(-0.1151875,-0.0321,0.));
#18964=CARTESIAN_POINT('',(-0.1181875,-0.0321,0.));
#18965=CARTESIAN_POINT('',(-0.1181875,-0.0326,0.));
#18966=CARTESIAN_POINT('',(-0.1186875,-0.0326,0.));
#18967=CARTESIAN_POINT('',(-0.1186875,-0.03885,0.));
#18968=CARTESIAN_POINT('',(-0.1186875,-0.0466,0.));
#18969=CARTESIAN_POINT('',(-0.1181875,-0.0466,0.));
#18970=CARTESIAN_POINT('',(-0.1181875,-0.0471,0.));
#18971=CARTESIAN_POINT('',(-0.1151875,-0.0471,0.));
#18972=CARTESIAN_POINT('',(-0.1121875,-0.0471,0.));
#18973=CARTESIAN_POINT('',(-0.1121875,-0.0466,0.));
#18974=CARTESIAN_POINT('',(-0.1116875,-0.0466,0.));
#18975=CARTESIAN_POINT('',(-0.1116875,-0.03885,0.));
#18976=CARTESIAN_POINT('',(-0.08011875,-0.01255,0.));
#18977=CARTESIAN_POINT('',(-0.07961875,-0.01255,0.));
#18978=CARTESIAN_POINT('',(-0.08011875,-0.01205,0.));
#18979=CARTESIAN_POINT('',(-0.08661875,-0.01205,0.));
#18980=CARTESIAN_POINT('',(-0.09311875,-0.01205,0.));
#18981=CARTESIAN_POINT('',(-0.09311875,-0.01255,0.));
#18982=CARTESIAN_POINT('',(-0.09361875,-0.01255,0.));
#18983=CARTESIAN_POINT('',(-0.09361875,-0.01905,0.));
#18984=CARTESIAN_POINT('',(-0.09361875,-0.02555,0.));
#18985=CARTESIAN_POINT('',(-0.09311875,-0.02555,0.));
#18986=CARTESIAN_POINT('',(-0.09311875,-0.02605,0.));
#18987=CARTESIAN_POINT('',(-0.08661875,-0.02605,0.));
#18988=CARTESIAN_POINT('',(-0.08011875,-0.02605,0.));
#18989=CARTESIAN_POINT('',(-0.08011875,-0.02555,0.));
#18990=CARTESIAN_POINT('',(-0.07961875,-0.02555,0.));
#18991=CARTESIAN_POINT('',(-0.07961875,-0.01905,0.));
#18992=CARTESIAN_POINT('',(-0.08964375,0.0065,0.));
#18993=CARTESIAN_POINT('',(-0.08914375,0.0065,0.));
#18994=CARTESIAN_POINT('',(-0.08964375,0.007,0.));
#18995=CARTESIAN_POINT('',(-0.09614375,0.007,0.));
#18996=CARTESIAN_POINT('',(-0.10264375,0.007,0.));
#18997=CARTESIAN_POINT('',(-0.10264375,0.0065,0.));
#18998=CARTESIAN_POINT('',(-0.10314375,0.0065,0.));
#18999=CARTESIAN_POINT('',(-0.10314375,0.,0.));
#19000=CARTESIAN_POINT('',(-0.10314375,-0.0065,0.));
#19001=CARTESIAN_POINT('',(-0.10264375,-0.0065,0.));
#19002=CARTESIAN_POINT('',(-0.10264375,-0.007,0.));
#19003=CARTESIAN_POINT('',(-0.09614375,-0.007,0.));
#19004=CARTESIAN_POINT('',(-0.08964375,-0.007,0.));
#19005=CARTESIAN_POINT('',(-0.08964375,-0.0065,0.));
#19006=CARTESIAN_POINT('',(-0.08914375,-0.0065,0.));
#19007=CARTESIAN_POINT('',(-0.08914375,0.,0.));
#19008=CARTESIAN_POINT('',(0.08180625,0.02555,0.));
#19009=CARTESIAN_POINT('',(0.08230625,0.02555,0.));
#19010=CARTESIAN_POINT('',(0.08180625,0.02605,0.));
#19011=CARTESIAN_POINT('',(0.07530625,0.02605,0.));
#19012=CARTESIAN_POINT('',(0.06880625,0.02605,0.));
#19013=CARTESIAN_POINT('',(0.06880625,0.02555,0.));
#19014=CARTESIAN_POINT('',(0.06830625,0.02555,0.));
#19015=CARTESIAN_POINT('',(0.06830625,0.01905,0.));
#19016=CARTESIAN_POINT('',(0.06830625,0.01255,0.));
#19017=CARTESIAN_POINT('',(0.06880625,0.01255,0.));
#19018=CARTESIAN_POINT('',(0.06880625,0.01205,0.));
#19019=CARTESIAN_POINT('',(0.07530625,0.01205,0.));
#19020=CARTESIAN_POINT('',(0.08180625,0.01205,0.));
#19021=CARTESIAN_POINT('',(0.08180625,0.01255,0.));
#19022=CARTESIAN_POINT('',(0.08230625,0.01255,0.));
#19023=CARTESIAN_POINT('',(0.08230625,0.01905,0.));
#19024=CARTESIAN_POINT('',(0.08548175,0.0436,0.));
#19025=CARTESIAN_POINT('',(0.08598175,0.0436,0.));
#19026=CARTESIAN_POINT('',(0.08548175,0.0441,0.));
#19027=CARTESIAN_POINT('',(0.08248175,0.0441,0.));
#19028=CARTESIAN_POINT('',(0.07948175,0.0441,0.));
#19029=CARTESIAN_POINT('',(0.07948175,0.0436,0.));
#19030=CARTESIAN_POINT('',(0.07898175,0.0436,0.));
#19031=CARTESIAN_POINT('',(0.07898175,0.0366,0.));
#19032=CARTESIAN_POINT('',(0.07898175,0.0296,0.));
#19033=CARTESIAN_POINT('',(0.07948175,0.0296,0.));
#19034=CARTESIAN_POINT('',(0.07948175,0.0291,0.));
#19035=CARTESIAN_POINT('',(0.08248175,0.0291,0.));
#19036=CARTESIAN_POINT('',(0.08548175,0.0291,0.));
#19037=CARTESIAN_POINT('',(0.08548175,0.0296,0.));
#19038=CARTESIAN_POINT('',(0.08598175,0.0296,0.));
#19039=CARTESIAN_POINT('',(0.08598175,0.0366,0.));
#19040=CARTESIAN_POINT('',(0.04846875,0.0446,0.));
#19041=CARTESIAN_POINT('',(0.04896875,0.0446,0.));
#19042=CARTESIAN_POINT('',(0.04846875,0.0451,0.));
#19043=CARTESIAN_POINT('',(0.04196875,0.0451,0.));
#19044=CARTESIAN_POINT('',(0.03546875,0.0451,0.));
#19045=CARTESIAN_POINT('',(0.03546875,0.0446,0.));
#19046=CARTESIAN_POINT('',(0.03496875,0.0446,0.));
#19047=CARTESIAN_POINT('',(0.03496875,0.0381,0.));
#19048=CARTESIAN_POINT('',(0.03496875,0.0316,0.));
#19049=CARTESIAN_POINT('',(0.03546875,0.0316,0.));
#19050=CARTESIAN_POINT('',(0.03546875,0.0311,0.));
#19051=CARTESIAN_POINT('',(0.04196875,0.0311,0.));
#19052=CARTESIAN_POINT('',(0.04846875,0.0311,0.));
#19053=CARTESIAN_POINT('',(0.04846875,0.0316,0.));
#19054=CARTESIAN_POINT('',(0.04896875,0.0316,0.));
#19055=CARTESIAN_POINT('',(0.04896875,0.0381,0.));
#19056=CARTESIAN_POINT('',(0.05799375,0.02555,0.));
#19057=CARTESIAN_POINT('',(0.05849375,0.02555,0.));
#19058=CARTESIAN_POINT('',(0.05799375,0.02605,0.));
#19059=CARTESIAN_POINT('',(0.05149375,0.02605,0.));
#19060=CARTESIAN_POINT('',(0.04499375,0.02605,0.));
#19061=CARTESIAN_POINT('',(0.04499375,0.02555,0.));
#19062=CARTESIAN_POINT('',(0.04449375,0.02555,0.));
#19063=CARTESIAN_POINT('',(0.04449375,0.01905,0.));
#19064=CARTESIAN_POINT('',(0.04449375,0.01255,0.));
#19065=CARTESIAN_POINT('',(0.04499375,0.01255,0.));
#19066=CARTESIAN_POINT('',(0.04499375,0.01205,0.));
#19067=CARTESIAN_POINT('',(0.05149375,0.01205,0.));
#19068=CARTESIAN_POINT('',(0.05799375,0.01205,0.));
#19069=CARTESIAN_POINT('',(0.05799375,0.01255,0.));
#19070=CARTESIAN_POINT('',(0.05849375,0.01255,0.));
#19071=CARTESIAN_POINT('',(0.05849375,0.01905,0.));
#19072=CARTESIAN_POINT('',(0.06160575,0.0436,0.));
#19073=CARTESIAN_POINT('',(0.06210575,0.0436,0.));
#19074=CARTESIAN_POINT('',(0.06160575,0.0441,0.));
#19075=CARTESIAN_POINT('',(0.05860575,0.0441,0.));
#19076=CARTESIAN_POINT('',(0.05560575,0.0441,0.));
#19077=CARTESIAN_POINT('',(0.05560575,0.0436,0.));
#19078=CARTESIAN_POINT('',(0.05510575,0.0436,0.));
#19079=CARTESIAN_POINT('',(0.05510575,0.0366,0.));
#19080=CARTESIAN_POINT('',(0.05510575,0.0296,0.));
#19081=CARTESIAN_POINT('',(0.05560575,0.0296,0.));
#19082=CARTESIAN_POINT('',(0.05560575,0.0291,0.));
#19083=CARTESIAN_POINT('',(0.05860575,0.0291,0.));
#19084=CARTESIAN_POINT('',(0.06160575,0.0291,0.));
#19085=CARTESIAN_POINT('',(0.06160575,0.0296,0.));
#19086=CARTESIAN_POINT('',(0.06210575,0.0296,0.));
#19087=CARTESIAN_POINT('',(0.06210575,0.0366,0.));
#19088=CARTESIAN_POINT('',(0.07704375,0.0446,0.));
#19089=CARTESIAN_POINT('',(0.07754375,0.0446,0.));
#19090=CARTESIAN_POINT('',(0.07704375,0.0451,0.));
#19091=CARTESIAN_POINT('',(0.07054375,0.0451,0.));
#19092=CARTESIAN_POINT('',(0.06404375,0.0451,0.));
#19093=CARTESIAN_POINT('',(0.06404375,0.0446,0.));
#19094=CARTESIAN_POINT('',(0.06354375,0.0446,0.));
#19095=CARTESIAN_POINT('',(0.06354375,0.0381,0.));
#19096=CARTESIAN_POINT('',(0.06354375,0.0316,0.));
#19097=CARTESIAN_POINT('',(0.06404375,0.0316,0.));
#19098=CARTESIAN_POINT('',(0.06404375,0.0311,0.));
#19099=CARTESIAN_POINT('',(0.07054375,0.0311,0.));
#19100=CARTESIAN_POINT('',(0.07704375,0.0311,0.));
#19101=CARTESIAN_POINT('',(0.07704375,0.0316,0.));
#19102=CARTESIAN_POINT('',(0.07754375,0.0316,0.));
#19103=CARTESIAN_POINT('',(0.07754375,0.0381,0.));
#19104=CARTESIAN_POINT('',(-0.18013125,0.0316,0.));
#19105=CARTESIAN_POINT('',(-0.18013125,0.0311,0.));
#19106=CARTESIAN_POINT('',(-0.17963125,0.0316,0.));
#19107=CARTESIAN_POINT('',(-0.17963125,0.0381,0.));
#19108=CARTESIAN_POINT('',(-0.17963125,0.0446,0.));
#19109=CARTESIAN_POINT('',(-0.18013125,0.0446,0.));
#19110=CARTESIAN_POINT('',(-0.18013125,0.0451,0.));
#19111=CARTESIAN_POINT('',(-0.18663125,0.0451,0.));
#19112=CARTESIAN_POINT('',(-0.19313125,0.0451,0.));
#19113=CARTESIAN_POINT('',(-0.19313125,0.0446,0.));
#19114=CARTESIAN_POINT('',(-0.19363125,0.0446,0.));
#19115=CARTESIAN_POINT('',(-0.19363125,0.0381,0.));
#19116=CARTESIAN_POINT('',(-0.19363125,0.0316,0.));
#19117=CARTESIAN_POINT('',(-0.19313125,0.0316,0.));
#19118=CARTESIAN_POINT('',(-0.19313125,0.0311,0.));
#19119=CARTESIAN_POINT('',(-0.18663125,0.0311,0.));
#19120=CARTESIAN_POINT('',(-0.0532799044430256,-0.049997,0.));
#19121=CARTESIAN_POINT('',(-0.19307054,-0.049997,0.));
#19122=CARTESIAN_POINT('',(0.0865107311139489,-0.049997,0.));
#19123=CARTESIAN_POINT('',(-0.19307054,-0.04451674,0.));
#19124=CARTESIAN_POINT('',(-0.1985508,-0.04451674,0.));
#19125=CARTESIAN_POINT('',(-0.1985508,0.008343625,0.));
#19126=CARTESIAN_POINT('',(-0.1985508,0.06120399,0.));
#19127=CARTESIAN_POINT('',(-0.19307054,0.06120399,0.));
#19128=CARTESIAN_POINT('',(-0.19307054,0.06668425,0.));
#19129=CARTESIAN_POINT('',(-0.0532799044430256,0.06668425,0.));
#19130=CARTESIAN_POINT('',(0.0865107311139489,0.06668425,0.));
#19131=CARTESIAN_POINT('',(0.0865107311139488,0.06120399,0.));
#19132=CARTESIAN_POINT('',(0.0919909911139488,0.06120399,0.));
#19133=CARTESIAN_POINT('',(0.0919909911139488,0.008343625,0.));
#19134=CARTESIAN_POINT('',(0.0919909911139488,-0.04451674,0.));
#19135=CARTESIAN_POINT('',(0.0865107311139488,-0.04451674,0.));
#19136=CARTESIAN_POINT('',(-0.0716875,-0.0446,0.));
#19137=CARTESIAN_POINT('',(-0.0721875,-0.0446,0.));
#19138=CARTESIAN_POINT('',(-0.0716875,-0.0451,0.));
#19139=CARTESIAN_POINT('',(-0.0651875,-0.0451,0.));
#19140=CARTESIAN_POINT('',(-0.0586875,-0.0451,0.));
#19141=CARTESIAN_POINT('',(-0.0586875,-0.0446,0.));
#19142=CARTESIAN_POINT('',(-0.0581875,-0.0446,0.));
#19143=CARTESIAN_POINT('',(-0.0581875,-0.0381,0.));
#19144=CARTESIAN_POINT('',(-0.0581875,-0.0316,0.));
#19145=CARTESIAN_POINT('',(-0.0586875,-0.0316,0.));
#19146=CARTESIAN_POINT('',(-0.0586875,-0.0311,0.));
#19147=CARTESIAN_POINT('',(-0.0651875,-0.0311,0.));
#19148=CARTESIAN_POINT('',(-0.0716875,-0.0311,0.));
#19149=CARTESIAN_POINT('',(-0.0716875,-0.0316,0.));
#19150=CARTESIAN_POINT('',(-0.0721875,-0.0316,0.));
#19151=CARTESIAN_POINT('',(-0.0721875,-0.0381,0.));
#19152=CARTESIAN_POINT('',(-0.143125,-0.0446,0.));
#19153=CARTESIAN_POINT('',(-0.143625,-0.0446,0.));
#19154=CARTESIAN_POINT('',(-0.143125,-0.0451,0.));
#19155=CARTESIAN_POINT('',(-0.136625,-0.0451,0.));
#19156=CARTESIAN_POINT('',(-0.130125,-0.0451,0.));
#19157=CARTESIAN_POINT('',(-0.130125,-0.0446,0.));
#19158=CARTESIAN_POINT('',(-0.129625,-0.0446,0.));
#19159=CARTESIAN_POINT('',(-0.129625,-0.0381,0.));
#19160=CARTESIAN_POINT('',(-0.129625,-0.0316,0.));
#19161=CARTESIAN_POINT('',(-0.130125,-0.0316,0.));
#19162=CARTESIAN_POINT('',(-0.130125,-0.0311,0.));
#19163=CARTESIAN_POINT('',(-0.136625,-0.0311,0.));
#19164=CARTESIAN_POINT('',(-0.143125,-0.0311,0.));
#19165=CARTESIAN_POINT('',(-0.143125,-0.0316,0.));
#19166=CARTESIAN_POINT('',(-0.143625,-0.0316,0.));
#19167=CARTESIAN_POINT('',(-0.143625,-0.0381,0.));
#19168=CARTESIAN_POINT('',(-0.1669375,-0.0446,0.));
#19169=CARTESIAN_POINT('',(-0.1674375,-0.0446,0.));
#19170=CARTESIAN_POINT('',(-0.1669375,-0.0451,0.));
#19171=CARTESIAN_POINT('',(-0.1604375,-0.0451,0.));
#19172=CARTESIAN_POINT('',(-0.1539375,-0.0451,0.));
#19173=CARTESIAN_POINT('',(-0.1539375,-0.0446,0.));
#19174=CARTESIAN_POINT('',(-0.1534375,-0.0446,0.));
#19175=CARTESIAN_POINT('',(-0.1534375,-0.0381,0.));
#19176=CARTESIAN_POINT('',(-0.1534375,-0.0316,0.));
#19177=CARTESIAN_POINT('',(-0.1539375,-0.0316,0.));
#19178=CARTESIAN_POINT('',(-0.1539375,-0.0311,0.));
#19179=CARTESIAN_POINT('',(-0.1604375,-0.0311,0.));
#19180=CARTESIAN_POINT('',(-0.1669375,-0.0311,0.));
#19181=CARTESIAN_POINT('',(-0.1669375,-0.0316,0.));
#19182=CARTESIAN_POINT('',(-0.1674375,-0.0316,0.));
#19183=CARTESIAN_POINT('',(-0.1674375,-0.0381,0.));
#19184=CARTESIAN_POINT('',(-0.19075,-0.0446,0.));
#19185=CARTESIAN_POINT('',(-0.19125,-0.0446,0.));
#19186=CARTESIAN_POINT('',(-0.19075,-0.0451,0.));
#19187=CARTESIAN_POINT('',(-0.18425,-0.0451,0.));
#19188=CARTESIAN_POINT('',(-0.17775,-0.0451,0.));
#19189=CARTESIAN_POINT('',(-0.17775,-0.0446,0.));
#19190=CARTESIAN_POINT('',(-0.17725,-0.0446,0.));
#19191=CARTESIAN_POINT('',(-0.17725,-0.0381,0.));
#19192=CARTESIAN_POINT('',(-0.17725,-0.0316,0.));
#19193=CARTESIAN_POINT('',(-0.17775,-0.0316,0.));
#19194=CARTESIAN_POINT('',(-0.17775,-0.0311,0.));
#19195=CARTESIAN_POINT('',(-0.18425,-0.0311,0.));
#19196=CARTESIAN_POINT('',(-0.19075,-0.0311,0.));
#19197=CARTESIAN_POINT('',(-0.19075,-0.0316,0.));
#19198=CARTESIAN_POINT('',(-0.19125,-0.0316,0.));
#19199=CARTESIAN_POINT('',(-0.19125,-0.0381,0.));
#19200=CARTESIAN_POINT('',(0.0235625,-0.0446,0.));
#19201=CARTESIAN_POINT('',(0.0230625,-0.0446,0.));
#19202=CARTESIAN_POINT('',(0.0235625,-0.0451,0.));
#19203=CARTESIAN_POINT('',(0.0300625,-0.0451,0.));
#19204=CARTESIAN_POINT('',(0.0365625,-0.0451,0.));
#19205=CARTESIAN_POINT('',(0.0365625,-0.0446,0.));
#19206=CARTESIAN_POINT('',(0.0370625,-0.0446,0.));
#19207=CARTESIAN_POINT('',(0.0370625,-0.0381,0.));
#19208=CARTESIAN_POINT('',(0.0370625,-0.0316,0.));
#19209=CARTESIAN_POINT('',(0.0365625,-0.0316,0.));
#19210=CARTESIAN_POINT('',(0.0365625,-0.0311,0.));
#19211=CARTESIAN_POINT('',(0.0300625,-0.0311,0.));
#19212=CARTESIAN_POINT('',(0.0235625,-0.0311,0.));
#19213=CARTESIAN_POINT('',(0.0235625,-0.0316,0.));
#19214=CARTESIAN_POINT('',(0.0230625,-0.0316,0.));
#19215=CARTESIAN_POINT('',(0.0230625,-0.0381,0.));
#19216=CARTESIAN_POINT('',(0.047375,-0.0446,0.));
#19217=CARTESIAN_POINT('',(0.046875,-0.0446,0.));
#19218=CARTESIAN_POINT('',(0.047375,-0.0451,0.));
#19219=CARTESIAN_POINT('',(0.053875,-0.0451,0.));
#19220=CARTESIAN_POINT('',(0.060375,-0.0451,0.));
#19221=CARTESIAN_POINT('',(0.060375,-0.0446,0.));
#19222=CARTESIAN_POINT('',(0.060875,-0.0446,0.));
#19223=CARTESIAN_POINT('',(0.060875,-0.0381,0.));
#19224=CARTESIAN_POINT('',(0.060875,-0.0316,0.));
#19225=CARTESIAN_POINT('',(0.060375,-0.0316,0.));
#19226=CARTESIAN_POINT('',(0.060375,-0.0311,0.));
#19227=CARTESIAN_POINT('',(0.053875,-0.0311,0.));
#19228=CARTESIAN_POINT('',(0.047375,-0.0311,0.));
#19229=CARTESIAN_POINT('',(0.047375,-0.0316,0.));
#19230=CARTESIAN_POINT('',(0.046875,-0.0316,0.));
#19231=CARTESIAN_POINT('',(0.046875,-0.0381,0.));
#19232=CARTESIAN_POINT('',(0.0711875,-0.0446,0.));
#19233=CARTESIAN_POINT('',(0.0706875,-0.0446,0.));
#19234=CARTESIAN_POINT('',(0.0711875,-0.0451,0.));
#19235=CARTESIAN_POINT('',(0.0776875,-0.0451,0.));
#19236=CARTESIAN_POINT('',(0.0841875,-0.0451,0.));
#19237=CARTESIAN_POINT('',(0.0841875,-0.0446,0.));
#19238=CARTESIAN_POINT('',(0.0846875,-0.0446,0.));
#19239=CARTESIAN_POINT('',(0.0846875,-0.0381,0.));
#19240=CARTESIAN_POINT('',(0.0846875,-0.0316,0.));
#19241=CARTESIAN_POINT('',(0.0841875,-0.0316,0.));
#19242=CARTESIAN_POINT('',(0.0841875,-0.0311,0.));
#19243=CARTESIAN_POINT('',(0.0776875,-0.0311,0.));
#19244=CARTESIAN_POINT('',(0.0711875,-0.0311,0.));
#19245=CARTESIAN_POINT('',(0.0711875,-0.0316,0.));
#19246=CARTESIAN_POINT('',(0.0706875,-0.0316,0.));
#19247=CARTESIAN_POINT('',(0.0706875,-0.0381,0.));
#19248=CARTESIAN_POINT('',(-0.000250000000000056,-0.0446,0.));
#19249=CARTESIAN_POINT('',(-0.000750000000000056,-0.0446,0.));
#19250=CARTESIAN_POINT('',(-0.000250000000000056,-0.0451,0.));
#19251=CARTESIAN_POINT('',(0.00625,-0.0451,0.));
#19252=CARTESIAN_POINT('',(0.01275,-0.0451,0.));
#19253=CARTESIAN_POINT('',(0.01275,-0.0446,0.));
#19254=CARTESIAN_POINT('',(0.01325,-0.0446,0.));
#19255=CARTESIAN_POINT('',(0.01325,-0.0381,0.));
#19256=CARTESIAN_POINT('',(0.01325,-0.0316,0.));
#19257=CARTESIAN_POINT('',(0.01275,-0.0316,0.));
#19258=CARTESIAN_POINT('',(0.01275,-0.0311,0.));
#19259=CARTESIAN_POINT('',(0.00625,-0.0311,0.));
#19260=CARTESIAN_POINT('',(-0.000250000000000056,-0.0311,0.));
#19261=CARTESIAN_POINT('',(-0.000250000000000056,-0.0316,0.));
#19262=CARTESIAN_POINT('',(-0.000750000000000056,-0.0316,0.));
#19263=CARTESIAN_POINT('',(-0.000750000000000056,-0.0381,0.));
#19264=CARTESIAN_POINT('',(0.0872284911139488,-0.0452345,0.));
#19265=CARTESIAN_POINT('',(0.0882784911139488,-0.0452345,0.));
#19266=CARTESIAN_POINT('',(0.0872284911139488,0.06192175,0.));
#19267=CARTESIAN_POINT('',(0.0882784911139488,0.06192175,0.));
#19268=CARTESIAN_POINT('',(-0.1937883,0.06192175,0.));
#19269=CARTESIAN_POINT('',(-0.1927383,0.06192175,0.));
#19270=CARTESIAN_POINT('',(-0.1937883,-0.0452345,0.));
#19271=CARTESIAN_POINT('',(-0.1927383,-0.0452345,0.));
#19272=CARTESIAN_POINT('',(-0.1839507,0.06490425,0.));
#19273=CARTESIAN_POINT('',(-0.1901598,0.06490425,0.));
#19274=CARTESIAN_POINT('',(-0.1777416,0.06490425,0.));
#19275=CARTESIAN_POINT('',(-0.1901598,0.05869515,0.));
#19276=CARTESIAN_POINT('',(-0.1901598,0.05248605,0.));
#19277=CARTESIAN_POINT('',(-0.1839507,0.05248605,0.));
#19278=CARTESIAN_POINT('',(-0.1777416,0.05248605,0.));
#19279=CARTESIAN_POINT('',(-0.1777416,0.05869515,0.));
#19280=CARTESIAN_POINT('',(-0.0532799044430256,-0.049997,0.0015));
#19281=CARTESIAN_POINT('',(0.0865107311139489,-0.049997,0.0015));
#19282=CARTESIAN_POINT('',(-0.19307054,-0.049997,0.0015));
#19283=CARTESIAN_POINT('',(0.0865107311139488,-0.04451674,0.0015));
#19284=CARTESIAN_POINT('',(0.0919909911139488,-0.04451674,0.0015));
#19285=CARTESIAN_POINT('',(0.0919909911139488,0.008343625,0.0015));
#19286=CARTESIAN_POINT('',(0.0919909911139488,0.06120399,0.0015));
#19287=CARTESIAN_POINT('',(0.0865107311139488,0.06120399,0.0015));
#19288=CARTESIAN_POINT('',(0.0865107311139489,0.06668425,0.0015));
#19289=CARTESIAN_POINT('',(-0.0532799044430256,0.06668425,0.0015));
#19290=CARTESIAN_POINT('',(-0.19307054,0.06668425,0.0015));
#19291=CARTESIAN_POINT('',(-0.19307054,0.06120399,0.0015));
#19292=CARTESIAN_POINT('',(-0.1985508,0.06120399,0.0015));
#19293=CARTESIAN_POINT('',(-0.1985508,0.008343625,0.0015));
#19294=CARTESIAN_POINT('',(-0.1985508,-0.04451674,0.0015));
#19295=CARTESIAN_POINT('',(-0.19307054,-0.04451674,0.0015));
#19296=CARTESIAN_POINT('',(-0.17963125,0.0381,0.0015));
#19297=CARTESIAN_POINT('',(-0.17963125,0.0316,0.0015));
#19298=CARTESIAN_POINT('',(-0.17963125,0.0446,0.0015));
#19299=CARTESIAN_POINT('',(-0.18013125,0.0446,0.0015));
#19300=CARTESIAN_POINT('',(-0.18013125,0.0451,0.0015));
#19301=CARTESIAN_POINT('',(-0.18663125,0.0451,0.0015));
#19302=CARTESIAN_POINT('',(-0.19313125,0.0451,0.0015));
#19303=CARTESIAN_POINT('',(-0.19313125,0.0446,0.0015));
#19304=CARTESIAN_POINT('',(-0.19363125,0.0446,0.0015));
#19305=CARTESIAN_POINT('',(-0.19363125,0.0381,0.0015));
#19306=CARTESIAN_POINT('',(-0.19363125,0.0316,0.0015));
#19307=CARTESIAN_POINT('',(-0.19313125,0.0316,0.0015));
#19308=CARTESIAN_POINT('',(-0.19313125,0.0311,0.0015));
#19309=CARTESIAN_POINT('',(-0.18663125,0.0311,0.0015));
#19310=CARTESIAN_POINT('',(-0.18013125,0.0311,0.0015));
#19311=CARTESIAN_POINT('',(-0.18013125,0.0316,0.0015));
#19312=CARTESIAN_POINT('',(0.07054375,0.0451,0.0015));
#19313=CARTESIAN_POINT('',(0.07704375,0.0451,0.0015));
#19314=CARTESIAN_POINT('',(0.06404375,0.0451,0.0015));
#19315=CARTESIAN_POINT('',(0.06404375,0.0446,0.0015));
#19316=CARTESIAN_POINT('',(0.06354375,0.0446,0.0015));
#19317=CARTESIAN_POINT('',(0.06354375,0.0381,0.0015));
#19318=CARTESIAN_POINT('',(0.06354375,0.0316,0.0015));
#19319=CARTESIAN_POINT('',(0.06404375,0.0316,0.0015));
#19320=CARTESIAN_POINT('',(0.06404375,0.0311,0.0015));
#19321=CARTESIAN_POINT('',(0.07054375,0.0311,0.0015));
#19322=CARTESIAN_POINT('',(0.07704375,0.0311,0.0015));
#19323=CARTESIAN_POINT('',(0.07704375,0.0316,0.0015));
#19324=CARTESIAN_POINT('',(0.07754375,0.0316,0.0015));
#19325=CARTESIAN_POINT('',(0.07754375,0.0381,0.0015));
#19326=CARTESIAN_POINT('',(0.07754375,0.0446,0.0015));
#19327=CARTESIAN_POINT('',(0.07704375,0.0446,0.0015));
#19328=CARTESIAN_POINT('',(0.05860575,0.0441,0.0015));
#19329=CARTESIAN_POINT('',(0.06160575,0.0441,0.0015));
#19330=CARTESIAN_POINT('',(0.05560575,0.0441,0.0015));
#19331=CARTESIAN_POINT('',(0.05560575,0.0436,0.0015));
#19332=CARTESIAN_POINT('',(0.05510575,0.0436,0.0015));
#19333=CARTESIAN_POINT('',(0.05510575,0.0366,0.0015));
#19334=CARTESIAN_POINT('',(0.05510575,0.0296,0.0015));
#19335=CARTESIAN_POINT('',(0.05560575,0.0296,0.0015));
#19336=CARTESIAN_POINT('',(0.05560575,0.0291,0.0015));
#19337=CARTESIAN_POINT('',(0.05860575,0.0291,0.0015));
#19338=CARTESIAN_POINT('',(0.06160575,0.0291,0.0015));
#19339=CARTESIAN_POINT('',(0.06160575,0.0296,0.0015));
#19340=CARTESIAN_POINT('',(0.06210575,0.0296,0.0015));
#19341=CARTESIAN_POINT('',(0.06210575,0.0366,0.0015));
#19342=CARTESIAN_POINT('',(0.06210575,0.0436,0.0015));
#19343=CARTESIAN_POINT('',(0.06160575,0.0436,0.0015));
#19344=CARTESIAN_POINT('',(0.05149375,0.02605,0.0015));
#19345=CARTESIAN_POINT('',(0.05799375,0.02605,0.0015));
#19346=CARTESIAN_POINT('',(0.04499375,0.02605,0.0015));
#19347=CARTESIAN_POINT('',(0.04499375,0.02555,0.0015));
#19348=CARTESIAN_POINT('',(0.04449375,0.02555,0.0015));
#19349=CARTESIAN_POINT('',(0.04449375,0.01905,0.0015));
#19350=CARTESIAN_POINT('',(0.04449375,0.01255,0.0015));
#19351=CARTESIAN_POINT('',(0.04499375,0.01255,0.0015));
#19352=CARTESIAN_POINT('',(0.04499375,0.01205,0.0015));
#19353=CARTESIAN_POINT('',(0.05149375,0.01205,0.0015));
#19354=CARTESIAN_POINT('',(0.05799375,0.01205,0.0015));
#19355=CARTESIAN_POINT('',(0.05799375,0.01255,0.0015));
#19356=CARTESIAN_POINT('',(0.05849375,0.01255,0.0015));
#19357=CARTESIAN_POINT('',(0.05849375,0.01905,0.0015));
#19358=CARTESIAN_POINT('',(0.05849375,0.02555,0.0015));
#19359=CARTESIAN_POINT('',(0.05799375,0.02555,0.0015));
#19360=CARTESIAN_POINT('',(0.04196875,0.0451,0.0015));
#19361=CARTESIAN_POINT('',(0.04846875,0.0451,0.0015));
#19362=CARTESIAN_POINT('',(0.03546875,0.0451,0.0015));
#19363=CARTESIAN_POINT('',(0.03546875,0.0446,0.0015));
#19364=CARTESIAN_POINT('',(0.03496875,0.0446,0.0015));
#19365=CARTESIAN_POINT('',(0.03496875,0.0381,0.0015));
#19366=CARTESIAN_POINT('',(0.03496875,0.0316,0.0015));
#19367=CARTESIAN_POINT('',(0.03546875,0.0316,0.0015));
#19368=CARTESIAN_POINT('',(0.03546875,0.0311,0.0015));
#19369=CARTESIAN_POINT('',(0.04196875,0.0311,0.0015));
#19370=CARTESIAN_POINT('',(0.04846875,0.0311,0.0015));
#19371=CARTESIAN_POINT('',(0.04846875,0.0316,0.0015));
#19372=CARTESIAN_POINT('',(0.04896875,0.0316,0.0015));
#19373=CARTESIAN_POINT('',(0.04896875,0.0381,0.0015));
#19374=CARTESIAN_POINT('',(0.04896875,0.0446,0.0015));
#19375=CARTESIAN_POINT('',(0.04846875,0.0446,0.0015));
#19376=CARTESIAN_POINT('',(0.08248175,0.0441,0.0015));
#19377=CARTESIAN_POINT('',(0.08548175,0.0441,0.0015));
#19378=CARTESIAN_POINT('',(0.07948175,0.0441,0.0015));
#19379=CARTESIAN_POINT('',(0.07948175,0.0436,0.0015));
#19380=CARTESIAN_POINT('',(0.07898175,0.0436,0.0015));
#19381=CARTESIAN_POINT('',(0.07898175,0.0366,0.0015));
#19382=CARTESIAN_POINT('',(0.07898175,0.0296,0.0015));
#19383=CARTESIAN_POINT('',(0.07948175,0.0296,0.0015));
#19384=CARTESIAN_POINT('',(0.07948175,0.0291,0.0015));
#19385=CARTESIAN_POINT('',(0.08248175,0.0291,0.0015));
#19386=CARTESIAN_POINT('',(0.08548175,0.0291,0.0015));
#19387=CARTESIAN_POINT('',(0.08548175,0.0296,0.0015));
#19388=CARTESIAN_POINT('',(0.08598175,0.0296,0.0015));
#19389=CARTESIAN_POINT('',(0.08598175,0.0366,0.0015));
#19390=CARTESIAN_POINT('',(0.08598175,0.0436,0.0015));
#19391=CARTESIAN_POINT('',(0.08548175,0.0436,0.0015));
#19392=CARTESIAN_POINT('',(0.07530625,0.02605,0.0015));
#19393=CARTESIAN_POINT('',(0.08180625,0.02605,0.0015));
#19394=CARTESIAN_POINT('',(0.06880625,0.02605,0.0015));
#19395=CARTESIAN_POINT('',(0.06880625,0.02555,0.0015));
#19396=CARTESIAN_POINT('',(0.06830625,0.02555,0.0015));
#19397=CARTESIAN_POINT('',(0.06830625,0.01905,0.0015));
#19398=CARTESIAN_POINT('',(0.06830625,0.01255,0.0015));
#19399=CARTESIAN_POINT('',(0.06880625,0.01255,0.0015));
#19400=CARTESIAN_POINT('',(0.06880625,0.01205,0.0015));
#19401=CARTESIAN_POINT('',(0.07530625,0.01205,0.0015));
#19402=CARTESIAN_POINT('',(0.08180625,0.01205,0.0015));
#19403=CARTESIAN_POINT('',(0.08180625,0.01255,0.0015));
#19404=CARTESIAN_POINT('',(0.08230625,0.01255,0.0015));
#19405=CARTESIAN_POINT('',(0.08230625,0.01905,0.0015));
#19406=CARTESIAN_POINT('',(0.08230625,0.02555,0.0015));
#19407=CARTESIAN_POINT('',(0.08180625,0.02555,0.0015));
#19408=CARTESIAN_POINT('',(-0.09614375,0.007,0.0015));
#19409=CARTESIAN_POINT('',(-0.08964375,0.007,0.0015));
#19410=CARTESIAN_POINT('',(-0.10264375,0.007,0.0015));
#19411=CARTESIAN_POINT('',(-0.10264375,0.0065,0.0015));
#19412=CARTESIAN_POINT('',(-0.10314375,0.0065,0.0015));
#19413=CARTESIAN_POINT('',(-0.10314375,0.,0.0015));
#19414=CARTESIAN_POINT('',(-0.10314375,-0.0065,0.0015));
#19415=CARTESIAN_POINT('',(-0.10264375,-0.0065,0.0015));
#19416=CARTESIAN_POINT('',(-0.10264375,-0.007,0.0015));
#19417=CARTESIAN_POINT('',(-0.09614375,-0.007,0.0015));
#19418=CARTESIAN_POINT('',(-0.08964375,-0.007,0.0015));
#19419=CARTESIAN_POINT('',(-0.08964375,-0.0065,0.0015));
#19420=CARTESIAN_POINT('',(-0.08914375,-0.0065,0.0015));
#19421=CARTESIAN_POINT('',(-0.08914375,0.,0.0015));
#19422=CARTESIAN_POINT('',(-0.08914375,0.0065,0.0015));
#19423=CARTESIAN_POINT('',(-0.08964375,0.0065,0.0015));
#19424=CARTESIAN_POINT('',(-0.08661875,-0.01205,0.0015));
#19425=CARTESIAN_POINT('',(-0.08011875,-0.01205,0.0015));
#19426=CARTESIAN_POINT('',(-0.09311875,-0.01205,0.0015));
#19427=CARTESIAN_POINT('',(-0.09311875,-0.01255,0.0015));
#19428=CARTESIAN_POINT('',(-0.09361875,-0.01255,0.0015));
#19429=CARTESIAN_POINT('',(-0.09361875,-0.01905,0.0015));
#19430=CARTESIAN_POINT('',(-0.09361875,-0.02555,0.0015));
#19431=CARTESIAN_POINT('',(-0.09311875,-0.02555,0.0015));
#19432=CARTESIAN_POINT('',(-0.09311875,-0.02605,0.0015));
#19433=CARTESIAN_POINT('',(-0.08661875,-0.02605,0.0015));
#19434=CARTESIAN_POINT('',(-0.08011875,-0.02605,0.0015));
#19435=CARTESIAN_POINT('',(-0.08011875,-0.02555,0.0015));
#19436=CARTESIAN_POINT('',(-0.07961875,-0.02555,0.0015));
#19437=CARTESIAN_POINT('',(-0.07961875,-0.01905,0.0015));
#19438=CARTESIAN_POINT('',(-0.07961875,-0.01255,0.0015));
#19439=CARTESIAN_POINT('',(-0.08011875,-0.01255,0.0015));
#19440=CARTESIAN_POINT('',(-0.0716875,-0.0446,0.0015));
#19441=CARTESIAN_POINT('',(-0.0721875,-0.0446,0.0015));
#19442=CARTESIAN_POINT('',(-0.0716875,-0.0451,0.0015));
#19443=CARTESIAN_POINT('',(-0.0651875,-0.0451,0.0015));
#19444=CARTESIAN_POINT('',(-0.0586875,-0.0451,0.0015));
#19445=CARTESIAN_POINT('',(-0.0586875,-0.0446,0.0015));
#19446=CARTESIAN_POINT('',(-0.0581875,-0.0446,0.0015));
#19447=CARTESIAN_POINT('',(-0.0581875,-0.0381,0.0015));
#19448=CARTESIAN_POINT('',(-0.0581875,-0.0316,0.0015));
#19449=CARTESIAN_POINT('',(-0.0586875,-0.0316,0.0015));
#19450=CARTESIAN_POINT('',(-0.0586875,-0.0311,0.0015));
#19451=CARTESIAN_POINT('',(-0.0651875,-0.0311,0.0015));
#19452=CARTESIAN_POINT('',(-0.0716875,-0.0311,0.0015));
#19453=CARTESIAN_POINT('',(-0.0716875,-0.0316,0.0015));
#19454=CARTESIAN_POINT('',(-0.0721875,-0.0316,0.0015));
#19455=CARTESIAN_POINT('',(-0.0721875,-0.0381,0.0015));
#19456=CARTESIAN_POINT('',(-0.1151875,-0.0321,0.0015));
#19457=CARTESIAN_POINT('',(-0.1121875,-0.0321,0.0015));
#19458=CARTESIAN_POINT('',(-0.1181875,-0.0321,0.0015));
#19459=CARTESIAN_POINT('',(-0.1181875,-0.0326,0.0015));
#19460=CARTESIAN_POINT('',(-0.1186875,-0.0326,0.0015));
#19461=CARTESIAN_POINT('',(-0.1186875,-0.03885,0.0015));
#19462=CARTESIAN_POINT('',(-0.1186875,-0.0466,0.0015));
#19463=CARTESIAN_POINT('',(-0.1181875,-0.0466,0.0015));
#19464=CARTESIAN_POINT('',(-0.1181875,-0.0471,0.0015));
#19465=CARTESIAN_POINT('',(-0.1151875,-0.0471,0.0015));
#19466=CARTESIAN_POINT('',(-0.1121875,-0.0471,0.0015));
#19467=CARTESIAN_POINT('',(-0.1121875,-0.0466,0.0015));
#19468=CARTESIAN_POINT('',(-0.1116875,-0.0466,0.0015));
#19469=CARTESIAN_POINT('',(-0.1116875,-0.03885,0.0015));
#19470=CARTESIAN_POINT('',(-0.1116875,-0.0326,0.0015));
#19471=CARTESIAN_POINT('',(-0.1121875,-0.0326,0.0015));
#19472=CARTESIAN_POINT('',(-0.143125,-0.0446,0.0015));
#19473=CARTESIAN_POINT('',(-0.143625,-0.0446,0.0015));
#19474=CARTESIAN_POINT('',(-0.143125,-0.0451,0.0015));
#19475=CARTESIAN_POINT('',(-0.136625,-0.0451,0.0015));
#19476=CARTESIAN_POINT('',(-0.130125,-0.0451,0.0015));
#19477=CARTESIAN_POINT('',(-0.130125,-0.0446,0.0015));
#19478=CARTESIAN_POINT('',(-0.129625,-0.0446,0.0015));
#19479=CARTESIAN_POINT('',(-0.129625,-0.0381,0.0015));
#19480=CARTESIAN_POINT('',(-0.129625,-0.0316,0.0015));
#19481=CARTESIAN_POINT('',(-0.130125,-0.0316,0.0015));
#19482=CARTESIAN_POINT('',(-0.130125,-0.0311,0.0015));
#19483=CARTESIAN_POINT('',(-0.136625,-0.0311,0.0015));
#19484=CARTESIAN_POINT('',(-0.143125,-0.0311,0.0015));
#19485=CARTESIAN_POINT('',(-0.143125,-0.0316,0.0015));
#19486=CARTESIAN_POINT('',(-0.143625,-0.0316,0.0015));
#19487=CARTESIAN_POINT('',(-0.143625,-0.0381,0.0015));
#19488=CARTESIAN_POINT('',(-0.10566875,-0.01205,0.0015));
#19489=CARTESIAN_POINT('',(-0.09916875,-0.01205,0.0015));
#19490=CARTESIAN_POINT('',(-0.11216875,-0.01205,0.0015));
#19491=CARTESIAN_POINT('',(-0.11216875,-0.01255,0.0015));
#19492=CARTESIAN_POINT('',(-0.11266875,-0.01255,0.0015));
#19493=CARTESIAN_POINT('',(-0.11266875,-0.01905,0.0015));
#19494=CARTESIAN_POINT('',(-0.11266875,-0.02555,0.0015));
#19495=CARTESIAN_POINT('',(-0.11216875,-0.02555,0.0015));
#19496=CARTESIAN_POINT('',(-0.11216875,-0.02605,0.0015));
#19497=CARTESIAN_POINT('',(-0.10566875,-0.02605,0.0015));
#19498=CARTESIAN_POINT('',(-0.09916875,-0.02605,0.0015));
#19499=CARTESIAN_POINT('',(-0.09916875,-0.02555,0.0015));
#19500=CARTESIAN_POINT('',(-0.09866875,-0.02555,0.0015));
#19501=CARTESIAN_POINT('',(-0.09866875,-0.01905,0.0015));
#19502=CARTESIAN_POINT('',(-0.09866875,-0.01255,0.0015));
#19503=CARTESIAN_POINT('',(-0.09916875,-0.01255,0.0015));
#19504=CARTESIAN_POINT('',(-0.11519375,0.007,0.0015));
#19505=CARTESIAN_POINT('',(-0.10869375,0.007,0.0015));
#19506=CARTESIAN_POINT('',(-0.12169375,0.007,0.0015));
#19507=CARTESIAN_POINT('',(-0.12169375,0.0065,0.0015));
#19508=CARTESIAN_POINT('',(-0.12219375,0.0065,0.0015));
#19509=CARTESIAN_POINT('',(-0.12219375,0.,0.0015));
#19510=CARTESIAN_POINT('',(-0.12219375,-0.0065,0.0015));
#19511=CARTESIAN_POINT('',(-0.12169375,-0.0065,0.0015));
#19512=CARTESIAN_POINT('',(-0.12169375,-0.007,0.0015));
#19513=CARTESIAN_POINT('',(-0.11519375,-0.007,0.0015));
#19514=CARTESIAN_POINT('',(-0.10869375,-0.007,0.0015));
#19515=CARTESIAN_POINT('',(-0.10869375,-0.0065,0.0015));
#19516=CARTESIAN_POINT('',(-0.10819375,-0.0065,0.0015));
#19517=CARTESIAN_POINT('',(-0.10819375,0.,0.0015));
#19518=CARTESIAN_POINT('',(-0.10819375,0.0065,0.0015));
#19519=CARTESIAN_POINT('',(-0.10869375,0.0065,0.0015));
#19520=CARTESIAN_POINT('',(-0.11995625,0.02605,0.0015));
#19521=CARTESIAN_POINT('',(-0.11345625,0.02605,0.0015));
#19522=CARTESIAN_POINT('',(-0.12645625,0.02605,0.0015));
#19523=CARTESIAN_POINT('',(-0.12645625,0.02555,0.0015));
#19524=CARTESIAN_POINT('',(-0.12695625,0.02555,0.0015));
#19525=CARTESIAN_POINT('',(-0.12695625,0.01905,0.0015));
#19526=CARTESIAN_POINT('',(-0.12695625,0.01255,0.0015));
#19527=CARTESIAN_POINT('',(-0.12645625,0.01255,0.0015));
#19528=CARTESIAN_POINT('',(-0.12645625,0.01205,0.0015));
#19529=CARTESIAN_POINT('',(-0.11995625,0.01205,0.0015));
#19530=CARTESIAN_POINT('',(-0.11345625,0.01205,0.0015));
#19531=CARTESIAN_POINT('',(-0.11345625,0.01255,0.0015));
#19532=CARTESIAN_POINT('',(-0.11295625,0.01255,0.0015));
#19533=CARTESIAN_POINT('',(-0.11295625,0.01905,0.0015));
#19534=CARTESIAN_POINT('',(-0.11295625,0.02555,0.0015));
#19535=CARTESIAN_POINT('',(-0.11345625,0.02555,0.0015));
#19536=CARTESIAN_POINT('',(-0.08185625,0.02605,0.0015));
#19537=CARTESIAN_POINT('',(-0.07535625,0.02605,0.0015));
#19538=CARTESIAN_POINT('',(-0.08835625,0.02605,0.0015));
#19539=CARTESIAN_POINT('',(-0.08835625,0.02555,0.0015));
#19540=CARTESIAN_POINT('',(-0.08885625,0.02555,0.0015));
#19541=CARTESIAN_POINT('',(-0.08885625,0.01905,0.0015));
#19542=CARTESIAN_POINT('',(-0.08885625,0.01255,0.0015));
#19543=CARTESIAN_POINT('',(-0.08835625,0.01255,0.0015));
#19544=CARTESIAN_POINT('',(-0.08835625,0.01205,0.0015));
#19545=CARTESIAN_POINT('',(-0.08185625,0.01205,0.0015));
#19546=CARTESIAN_POINT('',(-0.07535625,0.01205,0.0015));
#19547=CARTESIAN_POINT('',(-0.07535625,0.01255,0.0015));
#19548=CARTESIAN_POINT('',(-0.07485625,0.01255,0.0015));
#19549=CARTESIAN_POINT('',(-0.07485625,0.01905,0.0015));
#19550=CARTESIAN_POINT('',(-0.07485625,0.02555,0.0015));
#19551=CARTESIAN_POINT('',(-0.07535625,0.02555,0.0015));
#19552=CARTESIAN_POINT('',(-0.06280625,0.02605,0.0015));
#19553=CARTESIAN_POINT('',(-0.05630625,0.02605,0.0015));
#19554=CARTESIAN_POINT('',(-0.06930625,0.02605,0.0015));
#19555=CARTESIAN_POINT('',(-0.06930625,0.02555,0.0015));
#19556=CARTESIAN_POINT('',(-0.06980625,0.02555,0.0015));
#19557=CARTESIAN_POINT('',(-0.06980625,0.01905,0.0015));
#19558=CARTESIAN_POINT('',(-0.06980625,0.01255,0.0015));
#19559=CARTESIAN_POINT('',(-0.06930625,0.01255,0.0015));
#19560=CARTESIAN_POINT('',(-0.06930625,0.01205,0.0015));
#19561=CARTESIAN_POINT('',(-0.06280625,0.01205,0.0015));
#19562=CARTESIAN_POINT('',(-0.05630625,0.01205,0.0015));
#19563=CARTESIAN_POINT('',(-0.05630625,0.01255,0.0015));
#19564=CARTESIAN_POINT('',(-0.05580625,0.01255,0.0015));
#19565=CARTESIAN_POINT('',(-0.05580625,0.01905,0.0015));
#19566=CARTESIAN_POINT('',(-0.05580625,0.02555,0.0015));
#19567=CARTESIAN_POINT('',(-0.05630625,0.02555,0.0015));
#19568=CARTESIAN_POINT('',(-0.05328125,0.0451,0.0015));
#19569=CARTESIAN_POINT('',(-0.04678125,0.0451,0.0015));
#19570=CARTESIAN_POINT('',(-0.05978125,0.0451,0.0015));
#19571=CARTESIAN_POINT('',(-0.05978125,0.0446,0.0015));
#19572=CARTESIAN_POINT('',(-0.06028125,0.0446,0.0015));
#19573=CARTESIAN_POINT('',(-0.06028125,0.0381,0.0015));
#19574=CARTESIAN_POINT('',(-0.06028125,0.0316,0.0015));
#19575=CARTESIAN_POINT('',(-0.05978125,0.0316,0.0015));
#19576=CARTESIAN_POINT('',(-0.05978125,0.0311,0.0015));
#19577=CARTESIAN_POINT('',(-0.05328125,0.0311,0.0015));
#19578=CARTESIAN_POINT('',(-0.04678125,0.0311,0.0015));
#19579=CARTESIAN_POINT('',(-0.04678125,0.0316,0.0015));
#19580=CARTESIAN_POINT('',(-0.04628125,0.0316,0.0015));
#19581=CARTESIAN_POINT('',(-0.04628125,0.0381,0.0015));
#19582=CARTESIAN_POINT('',(-0.04628125,0.0446,0.0015));
#19583=CARTESIAN_POINT('',(-0.04678125,0.0446,0.0015));
#19584=CARTESIAN_POINT('',(-0.07709375,0.007,0.0015));
#19585=CARTESIAN_POINT('',(-0.07059375,0.007,0.0015));
#19586=CARTESIAN_POINT('',(-0.08359375,0.007,0.0015));
#19587=CARTESIAN_POINT('',(-0.08359375,0.0065,0.0015));
#19588=CARTESIAN_POINT('',(-0.08409375,0.0065,0.0015));
#19589=CARTESIAN_POINT('',(-0.08409375,0.,0.0015));
#19590=CARTESIAN_POINT('',(-0.08409375,-0.0065,0.0015));
#19591=CARTESIAN_POINT('',(-0.08359375,-0.0065,0.0015));
#19592=CARTESIAN_POINT('',(-0.08359375,-0.007,0.0015));
#19593=CARTESIAN_POINT('',(-0.07709375,-0.007,0.0015));
#19594=CARTESIAN_POINT('',(-0.07059375,-0.007,0.0015));
#19595=CARTESIAN_POINT('',(-0.07059375,-0.0065,0.0015));
#19596=CARTESIAN_POINT('',(-0.07009375,-0.0065,0.0015));
#19597=CARTESIAN_POINT('',(-0.07009375,0.,0.0015));
#19598=CARTESIAN_POINT('',(-0.07009375,0.0065,0.0015));
#19599=CARTESIAN_POINT('',(-0.07059375,0.0065,0.0015));
#19600=CARTESIAN_POINT('',(-0.10090625,0.02605,0.0015));
#19601=CARTESIAN_POINT('',(-0.09440625,0.02605,0.0015));
#19602=CARTESIAN_POINT('',(-0.10740625,0.02605,0.0015));
#19603=CARTESIAN_POINT('',(-0.10740625,0.02555,0.0015));
#19604=CARTESIAN_POINT('',(-0.10790625,0.02555,0.0015));
#19605=CARTESIAN_POINT('',(-0.10790625,0.01905,0.0015));
#19606=CARTESIAN_POINT('',(-0.10790625,0.01255,0.0015));
#19607=CARTESIAN_POINT('',(-0.10740625,0.01255,0.0015));
#19608=CARTESIAN_POINT('',(-0.10740625,0.01205,0.0015));
#19609=CARTESIAN_POINT('',(-0.10090625,0.01205,0.0015));
#19610=CARTESIAN_POINT('',(-0.09440625,0.01205,0.0015));
#19611=CARTESIAN_POINT('',(-0.09440625,0.01255,0.0015));
#19612=CARTESIAN_POINT('',(-0.09390625,0.01255,0.0015));
#19613=CARTESIAN_POINT('',(-0.09390625,0.01905,0.0015));
#19614=CARTESIAN_POINT('',(-0.09390625,0.02555,0.0015));
#19615=CARTESIAN_POINT('',(-0.09440625,0.02555,0.0015));
#19616=CARTESIAN_POINT('',(-0.11043125,0.0451,0.0015));
#19617=CARTESIAN_POINT('',(-0.10393125,0.0451,0.0015));
#19618=CARTESIAN_POINT('',(-0.11693125,0.0451,0.0015));
#19619=CARTESIAN_POINT('',(-0.11693125,0.0446,0.0015));
#19620=CARTESIAN_POINT('',(-0.11743125,0.0446,0.0015));
#19621=CARTESIAN_POINT('',(-0.11743125,0.0381,0.0015));
#19622=CARTESIAN_POINT('',(-0.11743125,0.0316,0.0015));
#19623=CARTESIAN_POINT('',(-0.11693125,0.0316,0.0015));
#19624=CARTESIAN_POINT('',(-0.11693125,0.0311,0.0015));
#19625=CARTESIAN_POINT('',(-0.11043125,0.0311,0.0015));
#19626=CARTESIAN_POINT('',(-0.10393125,0.0311,0.0015));
#19627=CARTESIAN_POINT('',(-0.10393125,0.0316,0.0015));
#19628=CARTESIAN_POINT('',(-0.10343125,0.0316,0.0015));
#19629=CARTESIAN_POINT('',(-0.10343125,0.0381,0.0015));
#19630=CARTESIAN_POINT('',(-0.10343125,0.0446,0.0015));
#19631=CARTESIAN_POINT('',(-0.10393125,0.0446,0.0015));
#19632=CARTESIAN_POINT('',(-0.09138125,0.0451,0.0015));
#19633=CARTESIAN_POINT('',(-0.08488125,0.0451,0.0015));
#19634=CARTESIAN_POINT('',(-0.09788125,0.0451,0.0015));
#19635=CARTESIAN_POINT('',(-0.09788125,0.0446,0.0015));
#19636=CARTESIAN_POINT('',(-0.09838125,0.0446,0.0015));
#19637=CARTESIAN_POINT('',(-0.09838125,0.0381,0.0015));
#19638=CARTESIAN_POINT('',(-0.09838125,0.0316,0.0015));
#19639=CARTESIAN_POINT('',(-0.09788125,0.0316,0.0015));
#19640=CARTESIAN_POINT('',(-0.09788125,0.0311,0.0015));
#19641=CARTESIAN_POINT('',(-0.09138125,0.0311,0.0015));
#19642=CARTESIAN_POINT('',(-0.08488125,0.0311,0.0015));
#19643=CARTESIAN_POINT('',(-0.08488125,0.0316,0.0015));
#19644=CARTESIAN_POINT('',(-0.08438125,0.0316,0.0015));
#19645=CARTESIAN_POINT('',(-0.08438125,0.0381,0.0015));
#19646=CARTESIAN_POINT('',(-0.08438125,0.0446,0.0015));
#19647=CARTESIAN_POINT('',(-0.08488125,0.0446,0.0015));
#19648=CARTESIAN_POINT('',(-0.07233125,0.0451,0.0015));
#19649=CARTESIAN_POINT('',(-0.06583125,0.0451,0.0015));
#19650=CARTESIAN_POINT('',(-0.07883125,0.0451,0.0015));
#19651=CARTESIAN_POINT('',(-0.07883125,0.0446,0.0015));
#19652=CARTESIAN_POINT('',(-0.07933125,0.0446,0.0015));
#19653=CARTESIAN_POINT('',(-0.07933125,0.0381,0.0015));
#19654=CARTESIAN_POINT('',(-0.07933125,0.0316,0.0015));
#19655=CARTESIAN_POINT('',(-0.07883125,0.0316,0.0015));
#19656=CARTESIAN_POINT('',(-0.07883125,0.0311,0.0015));
#19657=CARTESIAN_POINT('',(-0.07233125,0.0311,0.0015));
#19658=CARTESIAN_POINT('',(-0.06583125,0.0311,0.0015));
#19659=CARTESIAN_POINT('',(-0.06583125,0.0316,0.0015));
#19660=CARTESIAN_POINT('',(-0.06533125,0.0316,0.0015));
#19661=CARTESIAN_POINT('',(-0.06533125,0.0381,0.0015));
#19662=CARTESIAN_POINT('',(-0.06533125,0.0446,0.0015));
#19663=CARTESIAN_POINT('',(-0.06583125,0.0446,0.0015));
#19664=CARTESIAN_POINT('',(-0.1669375,-0.0446,0.0015));
#19665=CARTESIAN_POINT('',(-0.1674375,-0.0446,0.0015));
#19666=CARTESIAN_POINT('',(-0.1669375,-0.0451,0.0015));
#19667=CARTESIAN_POINT('',(-0.1604375,-0.0451,0.0015));
#19668=CARTESIAN_POINT('',(-0.1539375,-0.0451,0.0015));
#19669=CARTESIAN_POINT('',(-0.1539375,-0.0446,0.0015));
#19670=CARTESIAN_POINT('',(-0.1534375,-0.0446,0.0015));
#19671=CARTESIAN_POINT('',(-0.1534375,-0.0381,0.0015));
#19672=CARTESIAN_POINT('',(-0.1534375,-0.0316,0.0015));
#19673=CARTESIAN_POINT('',(-0.1539375,-0.0316,0.0015));
#19674=CARTESIAN_POINT('',(-0.1539375,-0.0311,0.0015));
#19675=CARTESIAN_POINT('',(-0.1604375,-0.0311,0.0015));
#19676=CARTESIAN_POINT('',(-0.1669375,-0.0311,0.0015));
#19677=CARTESIAN_POINT('',(-0.1669375,-0.0316,0.0015));
#19678=CARTESIAN_POINT('',(-0.1674375,-0.0316,0.0015));
#19679=CARTESIAN_POINT('',(-0.1674375,-0.0381,0.0015));
#19680=CARTESIAN_POINT('',(-0.162787,-0.01305,0.0015));
#19681=CARTESIAN_POINT('',(-0.159787,-0.01305,0.0015));
#19682=CARTESIAN_POINT('',(-0.165787,-0.01305,0.0015));
#19683=CARTESIAN_POINT('',(-0.165787,-0.01355,0.0015));
#19684=CARTESIAN_POINT('',(-0.166287,-0.01355,0.0015));
#19685=CARTESIAN_POINT('',(-0.166287,-0.02055,0.0015));
#19686=CARTESIAN_POINT('',(-0.166287,-0.02755,0.0015));
#19687=CARTESIAN_POINT('',(-0.165787,-0.02755,0.0015));
#19688=CARTESIAN_POINT('',(-0.165787,-0.02805,0.0015));
#19689=CARTESIAN_POINT('',(-0.162787,-0.02805,0.0015));
#19690=CARTESIAN_POINT('',(-0.159787,-0.02805,0.0015));
#19691=CARTESIAN_POINT('',(-0.159787,-0.02755,0.0015));
#19692=CARTESIAN_POINT('',(-0.159287,-0.02755,0.0015));
#19693=CARTESIAN_POINT('',(-0.159287,-0.02055,0.0015));
#19694=CARTESIAN_POINT('',(-0.159287,-0.01355,0.0015));
#19695=CARTESIAN_POINT('',(-0.159787,-0.01355,0.0015));
#19696=CARTESIAN_POINT('',(-0.19075,-0.0446,0.0015));
#19697=CARTESIAN_POINT('',(-0.19125,-0.0446,0.0015));
#19698=CARTESIAN_POINT('',(-0.19075,-0.0451,0.0015));
#19699=CARTESIAN_POINT('',(-0.18425,-0.0451,0.0015));
#19700=CARTESIAN_POINT('',(-0.17775,-0.0451,0.0015));
#19701=CARTESIAN_POINT('',(-0.17775,-0.0446,0.0015));
#19702=CARTESIAN_POINT('',(-0.17725,-0.0446,0.0015));
#19703=CARTESIAN_POINT('',(-0.17725,-0.0381,0.0015));
#19704=CARTESIAN_POINT('',(-0.17725,-0.0316,0.0015));
#19705=CARTESIAN_POINT('',(-0.17775,-0.0316,0.0015));
#19706=CARTESIAN_POINT('',(-0.17775,-0.0311,0.0015));
#19707=CARTESIAN_POINT('',(-0.18425,-0.0311,0.0015));
#19708=CARTESIAN_POINT('',(-0.19075,-0.0311,0.0015));
#19709=CARTESIAN_POINT('',(-0.19075,-0.0316,0.0015));
#19710=CARTESIAN_POINT('',(-0.19125,-0.0316,0.0015));
#19711=CARTESIAN_POINT('',(-0.19125,-0.0381,0.0015));
#19712=CARTESIAN_POINT('',(-0.174725,-0.01205,0.0015));
#19713=CARTESIAN_POINT('',(-0.168225,-0.01205,0.0015));
#19714=CARTESIAN_POINT('',(-0.181225,-0.01205,0.0015));
#19715=CARTESIAN_POINT('',(-0.181225,-0.01255,0.0015));
#19716=CARTESIAN_POINT('',(-0.181725,-0.01255,0.0015));
#19717=CARTESIAN_POINT('',(-0.181725,-0.01905,0.0015));
#19718=CARTESIAN_POINT('',(-0.181725,-0.02555,0.0015));
#19719=CARTESIAN_POINT('',(-0.181225,-0.02555,0.0015));
#19720=CARTESIAN_POINT('',(-0.181225,-0.02605,0.0015));
#19721=CARTESIAN_POINT('',(-0.174725,-0.02605,0.0015));
#19722=CARTESIAN_POINT('',(-0.168225,-0.02605,0.0015));
#19723=CARTESIAN_POINT('',(-0.168225,-0.02555,0.0015));
#19724=CARTESIAN_POINT('',(-0.167725,-0.02555,0.0015));
#19725=CARTESIAN_POINT('',(-0.167725,-0.01905,0.0015));
#19726=CARTESIAN_POINT('',(-0.167725,-0.01255,0.0015));
#19727=CARTESIAN_POINT('',(-0.168225,-0.01255,0.0015));
#19728=CARTESIAN_POINT('',(-0.186663,-0.01305,0.0015));
#19729=CARTESIAN_POINT('',(-0.183663,-0.01305,0.0015));
#19730=CARTESIAN_POINT('',(-0.189663,-0.01305,0.0015));
#19731=CARTESIAN_POINT('',(-0.189663,-0.01355,0.0015));
#19732=CARTESIAN_POINT('',(-0.190163,-0.01355,0.0015));
#19733=CARTESIAN_POINT('',(-0.190163,-0.02055,0.0015));
#19734=CARTESIAN_POINT('',(-0.190163,-0.02755,0.0015));
#19735=CARTESIAN_POINT('',(-0.189663,-0.02755,0.0015));
#19736=CARTESIAN_POINT('',(-0.189663,-0.02805,0.0015));
#19737=CARTESIAN_POINT('',(-0.186663,-0.02805,0.0015));
#19738=CARTESIAN_POINT('',(-0.183663,-0.02805,0.0015));
#19739=CARTESIAN_POINT('',(-0.183663,-0.02755,0.0015));
#19740=CARTESIAN_POINT('',(-0.183163,-0.02755,0.0015));
#19741=CARTESIAN_POINT('',(-0.183163,-0.02055,0.0015));
#19742=CARTESIAN_POINT('',(-0.183163,-0.01355,0.0015));
#19743=CARTESIAN_POINT('',(-0.183663,-0.01355,0.0015));
#19744=CARTESIAN_POINT('',(-0.1794875,0.007,0.0015));
#19745=CARTESIAN_POINT('',(-0.1729875,0.007,0.0015));
#19746=CARTESIAN_POINT('',(-0.1859875,0.007,0.0015));
#19747=CARTESIAN_POINT('',(-0.1859875,0.0065,0.0015));
#19748=CARTESIAN_POINT('',(-0.1864875,0.0065,0.0015));
#19749=CARTESIAN_POINT('',(-0.1864875,0.,0.0015));
#19750=CARTESIAN_POINT('',(-0.1864875,-0.0065,0.0015));
#19751=CARTESIAN_POINT('',(-0.1859875,-0.0065,0.0015));
#19752=CARTESIAN_POINT('',(-0.1859875,-0.007,0.0015));
#19753=CARTESIAN_POINT('',(-0.1794875,-0.007,0.0015));
#19754=CARTESIAN_POINT('',(-0.1729875,-0.007,0.0015));
#19755=CARTESIAN_POINT('',(-0.1729875,-0.0065,0.0015));
#19756=CARTESIAN_POINT('',(-0.1724875,-0.0065,0.0015));
#19757=CARTESIAN_POINT('',(-0.1724875,0.,0.0015));
#19758=CARTESIAN_POINT('',(-0.1724875,0.0065,0.0015));
#19759=CARTESIAN_POINT('',(-0.1729875,0.0065,0.0015));
#19760=CARTESIAN_POINT('',(-0.18186875,0.02605,0.0015));
#19761=CARTESIAN_POINT('',(-0.17536875,0.02605,0.0015));
#19762=CARTESIAN_POINT('',(-0.18836875,0.02605,0.0015));
#19763=CARTESIAN_POINT('',(-0.18836875,0.02555,0.0015));
#19764=CARTESIAN_POINT('',(-0.18886875,0.02555,0.0015));
#19765=CARTESIAN_POINT('',(-0.18886875,0.01905,0.0015));
#19766=CARTESIAN_POINT('',(-0.18886875,0.01255,0.0015));
#19767=CARTESIAN_POINT('',(-0.18836875,0.01255,0.0015));
#19768=CARTESIAN_POINT('',(-0.18836875,0.01205,0.0015));
#19769=CARTESIAN_POINT('',(-0.18186875,0.01205,0.0015));
#19770=CARTESIAN_POINT('',(-0.17536875,0.01205,0.0015));
#19771=CARTESIAN_POINT('',(-0.17536875,0.01255,0.0015));
#19772=CARTESIAN_POINT('',(-0.17486875,0.01255,0.0015));
#19773=CARTESIAN_POINT('',(-0.17486875,0.01905,0.0015));
#19774=CARTESIAN_POINT('',(-0.17486875,0.02555,0.0015));
#19775=CARTESIAN_POINT('',(-0.17536875,0.02555,0.0015));
#19776=CARTESIAN_POINT('',(-0.16758125,0.0451,0.0015));
#19777=CARTESIAN_POINT('',(-0.16108125,0.0451,0.0015));
#19778=CARTESIAN_POINT('',(-0.17408125,0.0451,0.0015));
#19779=CARTESIAN_POINT('',(-0.17408125,0.0446,0.0015));
#19780=CARTESIAN_POINT('',(-0.17458125,0.0446,0.0015));
#19781=CARTESIAN_POINT('',(-0.17458125,0.0381,0.0015));
#19782=CARTESIAN_POINT('',(-0.17458125,0.0316,0.0015));
#19783=CARTESIAN_POINT('',(-0.17408125,0.0316,0.0015));
#19784=CARTESIAN_POINT('',(-0.17408125,0.0311,0.0015));
#19785=CARTESIAN_POINT('',(-0.16758125,0.0311,0.0015));
#19786=CARTESIAN_POINT('',(-0.16108125,0.0311,0.0015));
#19787=CARTESIAN_POINT('',(-0.16108125,0.0316,0.0015));
#19788=CARTESIAN_POINT('',(-0.16058125,0.0316,0.0015));
#19789=CARTESIAN_POINT('',(-0.16058125,0.0381,0.0015));
#19790=CARTESIAN_POINT('',(-0.16058125,0.0446,0.0015));
#19791=CARTESIAN_POINT('',(-0.16108125,0.0446,0.0015));
#19792=CARTESIAN_POINT('',(-0.12948125,0.0451,0.0015));
#19793=CARTESIAN_POINT('',(-0.12298125,0.0451,0.0015));
#19794=CARTESIAN_POINT('',(-0.13598125,0.0451,0.0015));
#19795=CARTESIAN_POINT('',(-0.13598125,0.0446,0.0015));
#19796=CARTESIAN_POINT('',(-0.13648125,0.0446,0.0015));
#19797=CARTESIAN_POINT('',(-0.13648125,0.0381,0.0015));
#19798=CARTESIAN_POINT('',(-0.13648125,0.0316,0.0015));
#19799=CARTESIAN_POINT('',(-0.13598125,0.0316,0.0015));
#19800=CARTESIAN_POINT('',(-0.13598125,0.0311,0.0015));
#19801=CARTESIAN_POINT('',(-0.12948125,0.0311,0.0015));
#19802=CARTESIAN_POINT('',(-0.12298125,0.0311,0.0015));
#19803=CARTESIAN_POINT('',(-0.12298125,0.0316,0.0015));
#19804=CARTESIAN_POINT('',(-0.12248125,0.0316,0.0015));
#19805=CARTESIAN_POINT('',(-0.12248125,0.0381,0.0015));
#19806=CARTESIAN_POINT('',(-0.12248125,0.0446,0.0015));
#19807=CARTESIAN_POINT('',(-0.12298125,0.0446,0.0015));
#19808=CARTESIAN_POINT('',(-0.13900625,0.02605,0.0015));
#19809=CARTESIAN_POINT('',(-0.13250625,0.02605,0.0015));
#19810=CARTESIAN_POINT('',(-0.14550625,0.02605,0.0015));
#19811=CARTESIAN_POINT('',(-0.14550625,0.02555,0.0015));
#19812=CARTESIAN_POINT('',(-0.14600625,0.02555,0.0015));
#19813=CARTESIAN_POINT('',(-0.14600625,0.01905,0.0015));
#19814=CARTESIAN_POINT('',(-0.14600625,0.01255,0.0015));
#19815=CARTESIAN_POINT('',(-0.14550625,0.01255,0.0015));
#19816=CARTESIAN_POINT('',(-0.14550625,0.01205,0.0015));
#19817=CARTESIAN_POINT('',(-0.13900625,0.01205,0.0015));
#19818=CARTESIAN_POINT('',(-0.13250625,0.01205,0.0015));
#19819=CARTESIAN_POINT('',(-0.13250625,0.01255,0.0015));
#19820=CARTESIAN_POINT('',(-0.13200625,0.01255,0.0015));
#19821=CARTESIAN_POINT('',(-0.13200625,0.01905,0.0015));
#19822=CARTESIAN_POINT('',(-0.13200625,0.02555,0.0015));
#19823=CARTESIAN_POINT('',(-0.13250625,0.02555,0.0015));
#19824=CARTESIAN_POINT('',(-0.12471875,-0.01205,0.0015));
#19825=CARTESIAN_POINT('',(-0.11821875,-0.01205,0.0015));
#19826=CARTESIAN_POINT('',(-0.13121875,-0.01205,0.0015));
#19827=CARTESIAN_POINT('',(-0.13121875,-0.01255,0.0015));
#19828=CARTESIAN_POINT('',(-0.13171875,-0.01255,0.0015));
#19829=CARTESIAN_POINT('',(-0.13171875,-0.01905,0.0015));
#19830=CARTESIAN_POINT('',(-0.13171875,-0.02555,0.0015));
#19831=CARTESIAN_POINT('',(-0.13121875,-0.02555,0.0015));
#19832=CARTESIAN_POINT('',(-0.13121875,-0.02605,0.0015));
#19833=CARTESIAN_POINT('',(-0.12471875,-0.02605,0.0015));
#19834=CARTESIAN_POINT('',(-0.11821875,-0.02605,0.0015));
#19835=CARTESIAN_POINT('',(-0.11821875,-0.02555,0.0015));
#19836=CARTESIAN_POINT('',(-0.11771875,-0.02555,0.0015));
#19837=CARTESIAN_POINT('',(-0.11771875,-0.01905,0.0015));
#19838=CARTESIAN_POINT('',(-0.11771875,-0.01255,0.0015));
#19839=CARTESIAN_POINT('',(-0.11821875,-0.01255,0.0015));
#19840=CARTESIAN_POINT('',(-0.13424375,0.007,0.0015));
#19841=CARTESIAN_POINT('',(-0.12774375,0.007,0.0015));
#19842=CARTESIAN_POINT('',(-0.14074375,0.007,0.0015));
#19843=CARTESIAN_POINT('',(-0.14074375,0.0065,0.0015));
#19844=CARTESIAN_POINT('',(-0.14124375,0.0065,0.0015));
#19845=CARTESIAN_POINT('',(-0.14124375,0.,0.0015));
#19846=CARTESIAN_POINT('',(-0.14124375,-0.0065,0.0015));
#19847=CARTESIAN_POINT('',(-0.14074375,-0.0065,0.0015));
#19848=CARTESIAN_POINT('',(-0.14074375,-0.007,0.0015));
#19849=CARTESIAN_POINT('',(-0.13424375,-0.007,0.0015));
#19850=CARTESIAN_POINT('',(-0.12774375,-0.007,0.0015));
#19851=CARTESIAN_POINT('',(-0.12774375,-0.0065,0.0015));
#19852=CARTESIAN_POINT('',(-0.12724375,-0.0065,0.0015));
#19853=CARTESIAN_POINT('',(-0.12724375,0.,0.0015));
#19854=CARTESIAN_POINT('',(-0.12724375,0.0065,0.0015));
#19855=CARTESIAN_POINT('',(-0.12774375,0.0065,0.0015));
#19856=CARTESIAN_POINT('',(-0.14853125,0.0451,0.0015));
#19857=CARTESIAN_POINT('',(-0.14203125,0.0451,0.0015));
#19858=CARTESIAN_POINT('',(-0.15503125,0.0451,0.0015));
#19859=CARTESIAN_POINT('',(-0.15503125,0.0446,0.0015));
#19860=CARTESIAN_POINT('',(-0.15553125,0.0446,0.0015));
#19861=CARTESIAN_POINT('',(-0.15553125,0.0381,0.0015));
#19862=CARTESIAN_POINT('',(-0.15553125,0.0316,0.0015));
#19863=CARTESIAN_POINT('',(-0.15503125,0.0316,0.0015));
#19864=CARTESIAN_POINT('',(-0.15503125,0.0311,0.0015));
#19865=CARTESIAN_POINT('',(-0.14853125,0.0311,0.0015));
#19866=CARTESIAN_POINT('',(-0.14203125,0.0311,0.0015));
#19867=CARTESIAN_POINT('',(-0.14203125,0.0316,0.0015));
#19868=CARTESIAN_POINT('',(-0.14153125,0.0316,0.0015));
#19869=CARTESIAN_POINT('',(-0.14153125,0.0381,0.0015));
#19870=CARTESIAN_POINT('',(-0.14153125,0.0446,0.0015));
#19871=CARTESIAN_POINT('',(-0.14203125,0.0446,0.0015));
#19872=CARTESIAN_POINT('',(-0.15805625,0.02605,0.0015));
#19873=CARTESIAN_POINT('',(-0.15155625,0.02605,0.0015));
#19874=CARTESIAN_POINT('',(-0.16455625,0.02605,0.0015));
#19875=CARTESIAN_POINT('',(-0.16455625,0.02555,0.0015));
#19876=CARTESIAN_POINT('',(-0.16505625,0.02555,0.0015));
#19877=CARTESIAN_POINT('',(-0.16505625,0.01905,0.0015));
#19878=CARTESIAN_POINT('',(-0.16505625,0.01255,0.0015));
#19879=CARTESIAN_POINT('',(-0.16455625,0.01255,0.0015));
#19880=CARTESIAN_POINT('',(-0.16455625,0.01205,0.0015));
#19881=CARTESIAN_POINT('',(-0.15805625,0.01205,0.0015));
#19882=CARTESIAN_POINT('',(-0.15155625,0.01205,0.0015));
#19883=CARTESIAN_POINT('',(-0.15155625,0.01255,0.0015));
#19884=CARTESIAN_POINT('',(-0.15105625,0.01255,0.0015));
#19885=CARTESIAN_POINT('',(-0.15105625,0.01905,0.0015));
#19886=CARTESIAN_POINT('',(-0.15105625,0.02555,0.0015));
#19887=CARTESIAN_POINT('',(-0.15155625,0.02555,0.0015));
#19888=CARTESIAN_POINT('',(-0.15329375,0.007,0.0015));
#19889=CARTESIAN_POINT('',(-0.14679375,0.007,0.0015));
#19890=CARTESIAN_POINT('',(-0.15979375,0.007,0.0015));
#19891=CARTESIAN_POINT('',(-0.15979375,0.0065,0.0015));
#19892=CARTESIAN_POINT('',(-0.16029375,0.0065,0.0015));
#19893=CARTESIAN_POINT('',(-0.16029375,0.,0.0015));
#19894=CARTESIAN_POINT('',(-0.16029375,-0.0065,0.0015));
#19895=CARTESIAN_POINT('',(-0.15979375,-0.0065,0.0015));
#19896=CARTESIAN_POINT('',(-0.15979375,-0.007,0.0015));
#19897=CARTESIAN_POINT('',(-0.15329375,-0.007,0.0015));
#19898=CARTESIAN_POINT('',(-0.14679375,-0.007,0.0015));
#19899=CARTESIAN_POINT('',(-0.14679375,-0.0065,0.0015));
#19900=CARTESIAN_POINT('',(-0.14629375,-0.0065,0.0015));
#19901=CARTESIAN_POINT('',(-0.14629375,0.,0.0015));
#19902=CARTESIAN_POINT('',(-0.14629375,0.0065,0.0015));
#19903=CARTESIAN_POINT('',(-0.14679375,0.0065,0.0015));
#19904=CARTESIAN_POINT('',(-0.14376875,-0.01205,0.0015));
#19905=CARTESIAN_POINT('',(-0.13726875,-0.01205,0.0015));
#19906=CARTESIAN_POINT('',(-0.15026875,-0.01205,0.0015));
#19907=CARTESIAN_POINT('',(-0.15026875,-0.01255,0.0015));
#19908=CARTESIAN_POINT('',(-0.15076875,-0.01255,0.0015));
#19909=CARTESIAN_POINT('',(-0.15076875,-0.01905,0.0015));
#19910=CARTESIAN_POINT('',(-0.15076875,-0.02555,0.0015));
#19911=CARTESIAN_POINT('',(-0.15026875,-0.02555,0.0015));
#19912=CARTESIAN_POINT('',(-0.15026875,-0.02605,0.0015));
#19913=CARTESIAN_POINT('',(-0.14376875,-0.02605,0.0015));
#19914=CARTESIAN_POINT('',(-0.13726875,-0.02605,0.0015));
#19915=CARTESIAN_POINT('',(-0.13726875,-0.02555,0.0015));
#19916=CARTESIAN_POINT('',(-0.13676875,-0.02555,0.0015));
#19917=CARTESIAN_POINT('',(-0.13676875,-0.01905,0.0015));
#19918=CARTESIAN_POINT('',(-0.13676875,-0.01255,0.0015));
#19919=CARTESIAN_POINT('',(-0.13726875,-0.01255,0.0015));
#19920=CARTESIAN_POINT('',(0.0235625,-0.0446,0.0015));
#19921=CARTESIAN_POINT('',(0.0230625,-0.0446,0.0015));
#19922=CARTESIAN_POINT('',(0.0235625,-0.0451,0.0015));
#19923=CARTESIAN_POINT('',(0.0300625,-0.0451,0.0015));
#19924=CARTESIAN_POINT('',(0.0365625,-0.0451,0.0015));
#19925=CARTESIAN_POINT('',(0.0365625,-0.0446,0.0015));
#19926=CARTESIAN_POINT('',(0.0370625,-0.0446,0.0015));
#19927=CARTESIAN_POINT('',(0.0370625,-0.0381,0.0015));
#19928=CARTESIAN_POINT('',(0.0370625,-0.0316,0.0015));
#19929=CARTESIAN_POINT('',(0.0365625,-0.0316,0.0015));
#19930=CARTESIAN_POINT('',(0.0365625,-0.0311,0.0015));
#19931=CARTESIAN_POINT('',(0.0300625,-0.0311,0.0015));
#19932=CARTESIAN_POINT('',(0.0235625,-0.0311,0.0015));
#19933=CARTESIAN_POINT('',(0.0235625,-0.0316,0.0015));
#19934=CARTESIAN_POINT('',(0.0230625,-0.0316,0.0015));
#19935=CARTESIAN_POINT('',(0.0230625,-0.0381,0.0015));
#19936=CARTESIAN_POINT('',(0.02768125,-0.01205,0.0015));
#19937=CARTESIAN_POINT('',(0.03418125,-0.01205,0.0015));
#19938=CARTESIAN_POINT('',(0.02118125,-0.01205,0.0015));
#19939=CARTESIAN_POINT('',(0.02118125,-0.01255,0.0015));
#19940=CARTESIAN_POINT('',(0.02068125,-0.01255,0.0015));
#19941=CARTESIAN_POINT('',(0.02068125,-0.01905,0.0015));
#19942=CARTESIAN_POINT('',(0.02068125,-0.02555,0.0015));
#19943=CARTESIAN_POINT('',(0.02118125,-0.02555,0.0015));
#19944=CARTESIAN_POINT('',(0.02118125,-0.02605,0.0015));
#19945=CARTESIAN_POINT('',(0.02768125,-0.02605,0.0015));
#19946=CARTESIAN_POINT('',(0.03418125,-0.02605,0.0015));
#19947=CARTESIAN_POINT('',(0.03418125,-0.02555,0.0015));
#19948=CARTESIAN_POINT('',(0.03468125,-0.02555,0.0015));
#19949=CARTESIAN_POINT('',(0.03468125,-0.01905,0.0015));
#19950=CARTESIAN_POINT('',(0.03468125,-0.01255,0.0015));
#19951=CARTESIAN_POINT('',(0.03418125,-0.01255,0.0015));
#19952=CARTESIAN_POINT('',(0.00863125,-0.01205,0.0015));
#19953=CARTESIAN_POINT('',(0.01513125,-0.01205,0.0015));
#19954=CARTESIAN_POINT('',(0.00213124999999994,-0.01205,0.0015));
#19955=CARTESIAN_POINT('',(0.00213124999999994,-0.01255,0.0015));
#19956=CARTESIAN_POINT('',(0.00163124999999994,-0.01255,0.0015));
#19957=CARTESIAN_POINT('',(0.00163124999999994,-0.01905,0.0015));
#19958=CARTESIAN_POINT('',(0.00163124999999994,-0.02555,0.0015));
#19959=CARTESIAN_POINT('',(0.00213124999999994,-0.02555,0.0015));
#19960=CARTESIAN_POINT('',(0.00213124999999994,-0.02605,0.0015));
#19961=CARTESIAN_POINT('',(0.00863125,-0.02605,0.0015));
#19962=CARTESIAN_POINT('',(0.01513125,-0.02605,0.0015));
#19963=CARTESIAN_POINT('',(0.01513125,-0.02555,0.0015));
#19964=CARTESIAN_POINT('',(0.01563125,-0.02555,0.0015));
#19965=CARTESIAN_POINT('',(0.01563125,-0.01905,0.0015));
#19966=CARTESIAN_POINT('',(0.01563125,-0.01255,0.0015));
#19967=CARTESIAN_POINT('',(0.01513125,-0.01255,0.0015));
#19968=CARTESIAN_POINT('',(0.01815625,0.007,0.0015));
#19969=CARTESIAN_POINT('',(0.02465625,0.007,0.0015));
#19970=CARTESIAN_POINT('',(0.01165625,0.007,0.0015));
#19971=CARTESIAN_POINT('',(0.01165625,0.0065,0.0015));
#19972=CARTESIAN_POINT('',(0.01115625,0.0065,0.0015));
#19973=CARTESIAN_POINT('',(0.01115625,0.,0.0015));
#19974=CARTESIAN_POINT('',(0.01115625,-0.0065,0.0015));
#19975=CARTESIAN_POINT('',(0.01165625,-0.0065,0.0015));
#19976=CARTESIAN_POINT('',(0.01165625,-0.007,0.0015));
#19977=CARTESIAN_POINT('',(0.01815625,-0.007,0.0015));
#19978=CARTESIAN_POINT('',(0.02465625,-0.007,0.0015));
#19979=CARTESIAN_POINT('',(0.02465625,-0.0065,0.0015));
#19980=CARTESIAN_POINT('',(0.02515625,-0.0065,0.0015));
#19981=CARTESIAN_POINT('',(0.02515625,0.,0.0015));
#19982=CARTESIAN_POINT('',(0.02515625,0.0065,0.0015));
#19983=CARTESIAN_POINT('',(0.02465625,0.0065,0.0015));
#19984=CARTESIAN_POINT('',(0.047375,-0.0446,0.0015));
#19985=CARTESIAN_POINT('',(0.046875,-0.0446,0.0015));
#19986=CARTESIAN_POINT('',(0.047375,-0.0451,0.0015));
#19987=CARTESIAN_POINT('',(0.053875,-0.0451,0.0015));
#19988=CARTESIAN_POINT('',(0.060375,-0.0451,0.0015));
#19989=CARTESIAN_POINT('',(0.060375,-0.0446,0.0015));
#19990=CARTESIAN_POINT('',(0.060875,-0.0446,0.0015));
#19991=CARTESIAN_POINT('',(0.060875,-0.0381,0.0015));
#19992=CARTESIAN_POINT('',(0.060875,-0.0316,0.0015));
#19993=CARTESIAN_POINT('',(0.060375,-0.0316,0.0015));
#19994=CARTESIAN_POINT('',(0.060375,-0.0311,0.0015));
#19995=CARTESIAN_POINT('',(0.053875,-0.0311,0.0015));
#19996=CARTESIAN_POINT('',(0.047375,-0.0311,0.0015));
#19997=CARTESIAN_POINT('',(0.047375,-0.0316,0.0015));
#19998=CARTESIAN_POINT('',(0.046875,-0.0316,0.0015));
#19999=CARTESIAN_POINT('',(0.046875,-0.0381,0.0015));
#20000=CARTESIAN_POINT('',(0.075338,-0.01305,0.0015));
#20001=CARTESIAN_POINT('',(0.078338,-0.01305,0.0015));
#20002=CARTESIAN_POINT('',(0.072338,-0.01305,0.0015));
#20003=CARTESIAN_POINT('',(0.072338,-0.01355,0.0015));
#20004=CARTESIAN_POINT('',(0.071838,-0.01355,0.0015));
#20005=CARTESIAN_POINT('',(0.071838,-0.02055,0.0015));
#20006=CARTESIAN_POINT('',(0.071838,-0.02755,0.0015));
#20007=CARTESIAN_POINT('',(0.072338,-0.02755,0.0015));
#20008=CARTESIAN_POINT('',(0.072338,-0.02805,0.0015));
#20009=CARTESIAN_POINT('',(0.075338,-0.02805,0.0015));
#20010=CARTESIAN_POINT('',(0.078338,-0.02805,0.0015));
#20011=CARTESIAN_POINT('',(0.078338,-0.02755,0.0015));
#20012=CARTESIAN_POINT('',(0.078838,-0.02755,0.0015));
#20013=CARTESIAN_POINT('',(0.078838,-0.02055,0.0015));
#20014=CARTESIAN_POINT('',(0.078838,-0.01355,0.0015));
#20015=CARTESIAN_POINT('',(0.078338,-0.01355,0.0015));
#20016=CARTESIAN_POINT('',(0.0634,-0.01205,0.0015));
#20017=CARTESIAN_POINT('',(0.0699,-0.01205,0.0015));
#20018=CARTESIAN_POINT('',(0.0569,-0.01205,0.0015));
#20019=CARTESIAN_POINT('',(0.0569,-0.01255,0.0015));
#20020=CARTESIAN_POINT('',(0.0564,-0.01255,0.0015));
#20021=CARTESIAN_POINT('',(0.0564,-0.01905,0.0015));
#20022=CARTESIAN_POINT('',(0.0564,-0.02555,0.0015));
#20023=CARTESIAN_POINT('',(0.0569,-0.02555,0.0015));
#20024=CARTESIAN_POINT('',(0.0569,-0.02605,0.0015));
#20025=CARTESIAN_POINT('',(0.0634,-0.02605,0.0015));
#20026=CARTESIAN_POINT('',(0.0699,-0.02605,0.0015));
#20027=CARTESIAN_POINT('',(0.0699,-0.02555,0.0015));
#20028=CARTESIAN_POINT('',(0.0704,-0.02555,0.0015));
#20029=CARTESIAN_POINT('',(0.0704,-0.01905,0.0015));
#20030=CARTESIAN_POINT('',(0.0704,-0.01255,0.0015));
#20031=CARTESIAN_POINT('',(0.0699,-0.01255,0.0015));
#20032=CARTESIAN_POINT('',(0.051462,-0.01305,0.0015));
#20033=CARTESIAN_POINT('',(0.054462,-0.01305,0.0015));
#20034=CARTESIAN_POINT('',(0.048462,-0.01305,0.0015));
#20035=CARTESIAN_POINT('',(0.048462,-0.01355,0.0015));
#20036=CARTESIAN_POINT('',(0.047962,-0.01355,0.0015));
#20037=CARTESIAN_POINT('',(0.047962,-0.02055,0.0015));
#20038=CARTESIAN_POINT('',(0.047962,-0.02755,0.0015));
#20039=CARTESIAN_POINT('',(0.048462,-0.02755,0.0015));
#20040=CARTESIAN_POINT('',(0.048462,-0.02805,0.0015));
#20041=CARTESIAN_POINT('',(0.051462,-0.02805,0.0015));
#20042=CARTESIAN_POINT('',(0.054462,-0.02805,0.0015));
#20043=CARTESIAN_POINT('',(0.054462,-0.02755,0.0015));
#20044=CARTESIAN_POINT('',(0.054962,-0.02755,0.0015));
#20045=CARTESIAN_POINT('',(0.054962,-0.02055,0.0015));
#20046=CARTESIAN_POINT('',(0.054962,-0.01355,0.0015));
#20047=CARTESIAN_POINT('',(0.054462,-0.01355,0.0015));
#20048=CARTESIAN_POINT('',(0.0801005,0.006,0.0015));
#20049=CARTESIAN_POINT('',(0.0831005,0.006,0.0015));
#20050=CARTESIAN_POINT('',(0.0771005,0.006,0.0015));
#20051=CARTESIAN_POINT('',(0.0771005,0.0055,0.0015));
#20052=CARTESIAN_POINT('',(0.0766005,0.0055,0.0015));
#20053=CARTESIAN_POINT('',(0.0766005,-0.0015,0.0015));
#20054=CARTESIAN_POINT('',(0.0766005,-0.0085,0.0015));
#20055=CARTESIAN_POINT('',(0.0771005,-0.0085,0.0015));
#20056=CARTESIAN_POINT('',(0.0771005,-0.009,0.0015));
#20057=CARTESIAN_POINT('',(0.0801005,-0.009,0.0015));
#20058=CARTESIAN_POINT('',(0.0831005,-0.009,0.0015));
#20059=CARTESIAN_POINT('',(0.0831005,-0.0085,0.0015));
#20060=CARTESIAN_POINT('',(0.0836005,-0.0085,0.0015));
#20061=CARTESIAN_POINT('',(0.0836005,-0.0015,0.0015));
#20062=CARTESIAN_POINT('',(0.0836005,0.0055,0.0015));
#20063=CARTESIAN_POINT('',(0.0831005,0.0055,0.0015));
#20064=CARTESIAN_POINT('',(0.0562245,0.006,0.0015));
#20065=CARTESIAN_POINT('',(0.0592245,0.006,0.0015));
#20066=CARTESIAN_POINT('',(0.0532245,0.006,0.0015));
#20067=CARTESIAN_POINT('',(0.0532245,0.0055,0.0015));
#20068=CARTESIAN_POINT('',(0.0527245,0.0055,0.0015));
#20069=CARTESIAN_POINT('',(0.0527245,-0.0015,0.0015));
#20070=CARTESIAN_POINT('',(0.0527245,-0.0085,0.0015));
#20071=CARTESIAN_POINT('',(0.0532245,-0.0085,0.0015));
#20072=CARTESIAN_POINT('',(0.0532245,-0.009,0.0015));
#20073=CARTESIAN_POINT('',(0.0562245,-0.009,0.0015));
#20074=CARTESIAN_POINT('',(0.0592245,-0.009,0.0015));
#20075=CARTESIAN_POINT('',(0.0592245,-0.0085,0.0015));
#20076=CARTESIAN_POINT('',(0.0597245,-0.0085,0.0015));
#20077=CARTESIAN_POINT('',(0.0597245,-0.0015,0.0015));
#20078=CARTESIAN_POINT('',(0.0597245,0.0055,0.0015));
#20079=CARTESIAN_POINT('',(0.0592245,0.0055,0.0015));
#20080=CARTESIAN_POINT('',(0.0681625,0.007,0.0015));
#20081=CARTESIAN_POINT('',(0.0746625,0.007,0.0015));
#20082=CARTESIAN_POINT('',(0.0616625,0.007,0.0015));
#20083=CARTESIAN_POINT('',(0.0616625,0.0065,0.0015));
#20084=CARTESIAN_POINT('',(0.0611625,0.0065,0.0015));
#20085=CARTESIAN_POINT('',(0.0611625,0.,0.0015));
#20086=CARTESIAN_POINT('',(0.0611625,-0.0065,0.0015));
#20087=CARTESIAN_POINT('',(0.0616625,-0.0065,0.0015));
#20088=CARTESIAN_POINT('',(0.0616625,-0.007,0.0015));
#20089=CARTESIAN_POINT('',(0.0681625,-0.007,0.0015));
#20090=CARTESIAN_POINT('',(0.0746625,-0.007,0.0015));
#20091=CARTESIAN_POINT('',(0.0746625,-0.0065,0.0015));
#20092=CARTESIAN_POINT('',(0.0751625,-0.0065,0.0015));
#20093=CARTESIAN_POINT('',(0.0751625,0.,0.0015));
#20094=CARTESIAN_POINT('',(0.0751625,0.0065,0.0015));
#20095=CARTESIAN_POINT('',(0.0746625,0.0065,0.0015));
#20096=CARTESIAN_POINT('',(0.0711875,-0.0446,0.0015));
#20097=CARTESIAN_POINT('',(0.0706875,-0.0446,0.0015));
#20098=CARTESIAN_POINT('',(0.0711875,-0.0451,0.0015));
#20099=CARTESIAN_POINT('',(0.0776875,-0.0451,0.0015));
#20100=CARTESIAN_POINT('',(0.0841875,-0.0451,0.0015));
#20101=CARTESIAN_POINT('',(0.0841875,-0.0446,0.0015));
#20102=CARTESIAN_POINT('',(0.0846875,-0.0446,0.0015));
#20103=CARTESIAN_POINT('',(0.0846875,-0.0381,0.0015));
#20104=CARTESIAN_POINT('',(0.0846875,-0.0316,0.0015));
#20105=CARTESIAN_POINT('',(0.0841875,-0.0316,0.0015));
#20106=CARTESIAN_POINT('',(0.0841875,-0.0311,0.0015));
#20107=CARTESIAN_POINT('',(0.0776875,-0.0311,0.0015));
#20108=CARTESIAN_POINT('',(0.0711875,-0.0311,0.0015));
#20109=CARTESIAN_POINT('',(0.0711875,-0.0316,0.0015));
#20110=CARTESIAN_POINT('',(0.0706875,-0.0316,0.0015));
#20111=CARTESIAN_POINT('',(0.0706875,-0.0381,0.0015));
#20112=CARTESIAN_POINT('',(0.02291875,0.0451,0.0015));
#20113=CARTESIAN_POINT('',(0.02941875,0.0451,0.0015));
#20114=CARTESIAN_POINT('',(0.01641875,0.0451,0.0015));
#20115=CARTESIAN_POINT('',(0.01641875,0.0446,0.0015));
#20116=CARTESIAN_POINT('',(0.01591875,0.0446,0.0015));
#20117=CARTESIAN_POINT('',(0.01591875,0.0381,0.0015));
#20118=CARTESIAN_POINT('',(0.01591875,0.0316,0.0015));
#20119=CARTESIAN_POINT('',(0.01641875,0.0316,0.0015));
#20120=CARTESIAN_POINT('',(0.01641875,0.0311,0.0015));
#20121=CARTESIAN_POINT('',(0.02291875,0.0311,0.0015));
#20122=CARTESIAN_POINT('',(0.02941875,0.0311,0.0015));
#20123=CARTESIAN_POINT('',(0.02941875,0.0316,0.0015));
#20124=CARTESIAN_POINT('',(0.02991875,0.0316,0.0015));
#20125=CARTESIAN_POINT('',(0.02991875,0.0381,0.0015));
#20126=CARTESIAN_POINT('',(0.02991875,0.0446,0.0015));
#20127=CARTESIAN_POINT('',(0.02941875,0.0446,0.0015));
#20128=CARTESIAN_POINT('',(0.01339375,0.02605,0.0015));
#20129=CARTESIAN_POINT('',(0.01989375,0.02605,0.0015));
#20130=CARTESIAN_POINT('',(0.00689375,0.02605,0.0015));
#20131=CARTESIAN_POINT('',(0.00689375,0.02555,0.0015));
#20132=CARTESIAN_POINT('',(0.00639375,0.02555,0.0015));
#20133=CARTESIAN_POINT('',(0.00639375,0.01905,0.0015));
#20134=CARTESIAN_POINT('',(0.00639375,0.01255,0.0015));
#20135=CARTESIAN_POINT('',(0.00689375,0.01255,0.0015));
#20136=CARTESIAN_POINT('',(0.00689375,0.01205,0.0015));
#20137=CARTESIAN_POINT('',(0.01339375,0.01205,0.0015));
#20138=CARTESIAN_POINT('',(0.01989375,0.01205,0.0015));
#20139=CARTESIAN_POINT('',(0.01989375,0.01255,0.0015));
#20140=CARTESIAN_POINT('',(0.02039375,0.01255,0.0015));
#20141=CARTESIAN_POINT('',(0.02039375,0.01905,0.0015));
#20142=CARTESIAN_POINT('',(0.02039375,0.02555,0.0015));
#20143=CARTESIAN_POINT('',(0.01989375,0.02555,0.0015));
#20144=CARTESIAN_POINT('',(0.03244375,0.02605,0.0015));
#20145=CARTESIAN_POINT('',(0.03894375,0.02605,0.0015));
#20146=CARTESIAN_POINT('',(0.02594375,0.02605,0.0015));
#20147=CARTESIAN_POINT('',(0.02594375,0.02555,0.0015));
#20148=CARTESIAN_POINT('',(0.02544375,0.02555,0.0015));
#20149=CARTESIAN_POINT('',(0.02544375,0.01905,0.0015));
#20150=CARTESIAN_POINT('',(0.02544375,0.01255,0.0015));
#20151=CARTESIAN_POINT('',(0.02594375,0.01255,0.0015));
#20152=CARTESIAN_POINT('',(0.02594375,0.01205,0.0015));
#20153=CARTESIAN_POINT('',(0.03244375,0.01205,0.0015));
#20154=CARTESIAN_POINT('',(0.03894375,0.01205,0.0015));
#20155=CARTESIAN_POINT('',(0.03894375,0.01255,0.0015));
#20156=CARTESIAN_POINT('',(0.03944375,0.01255,0.0015));
#20157=CARTESIAN_POINT('',(0.03944375,0.01905,0.0015));
#20158=CARTESIAN_POINT('',(0.03944375,0.02555,0.0015));
#20159=CARTESIAN_POINT('',(0.03894375,0.02555,0.0015));
#20160=CARTESIAN_POINT('',(0.03720625,0.007,0.0015));
#20161=CARTESIAN_POINT('',(0.04370625,0.007,0.0015));
#20162=CARTESIAN_POINT('',(0.03070625,0.007,0.0015));
#20163=CARTESIAN_POINT('',(0.03070625,0.0065,0.0015));
#20164=CARTESIAN_POINT('',(0.03020625,0.0065,0.0015));
#20165=CARTESIAN_POINT('',(0.03020625,0.,0.0015));
#20166=CARTESIAN_POINT('',(0.03020625,-0.0065,0.0015));
#20167=CARTESIAN_POINT('',(0.03070625,-0.0065,0.0015));
#20168=CARTESIAN_POINT('',(0.03070625,-0.007,0.0015));
#20169=CARTESIAN_POINT('',(0.03720625,-0.007,0.0015));
#20170=CARTESIAN_POINT('',(0.04370625,-0.007,0.0015));
#20171=CARTESIAN_POINT('',(0.04370625,-0.0065,0.0015));
#20172=CARTESIAN_POINT('',(0.04420625,-0.0065,0.0015));
#20173=CARTESIAN_POINT('',(0.04420625,0.,0.0015));
#20174=CARTESIAN_POINT('',(0.04420625,0.0065,0.0015));
#20175=CARTESIAN_POINT('',(0.04370625,0.0065,0.0015));
#20176=CARTESIAN_POINT('',(-0.03899375,0.007,0.0015));
#20177=CARTESIAN_POINT('',(-0.03249375,0.007,0.0015));
#20178=CARTESIAN_POINT('',(-0.04549375,0.007,0.0015));
#20179=CARTESIAN_POINT('',(-0.04549375,0.0065,0.0015));
#20180=CARTESIAN_POINT('',(-0.04599375,0.0065,0.0015));
#20181=CARTESIAN_POINT('',(-0.04599375,0.,0.0015));
#20182=CARTESIAN_POINT('',(-0.04599375,-0.0065,0.0015));
#20183=CARTESIAN_POINT('',(-0.04549375,-0.0065,0.0015));
#20184=CARTESIAN_POINT('',(-0.04549375,-0.007,0.0015));
#20185=CARTESIAN_POINT('',(-0.03899375,-0.007,0.0015));
#20186=CARTESIAN_POINT('',(-0.03249375,-0.007,0.0015));
#20187=CARTESIAN_POINT('',(-0.03249375,-0.0065,0.0015));
#20188=CARTESIAN_POINT('',(-0.03199375,-0.0065,0.0015));
#20189=CARTESIAN_POINT('',(-0.03199375,0.,0.0015));
#20190=CARTESIAN_POINT('',(-0.03199375,0.0065,0.0015));
#20191=CARTESIAN_POINT('',(-0.03249375,0.0065,0.0015));
#20192=CARTESIAN_POINT('',(-0.01994375,0.007,0.0015));
#20193=CARTESIAN_POINT('',(-0.01344375,0.007,0.0015));
#20194=CARTESIAN_POINT('',(-0.02644375,0.007,0.0015));
#20195=CARTESIAN_POINT('',(-0.02644375,0.0065,0.0015));
#20196=CARTESIAN_POINT('',(-0.02694375,0.0065,0.0015));
#20197=CARTESIAN_POINT('',(-0.02694375,0.,0.0015));
#20198=CARTESIAN_POINT('',(-0.02694375,-0.0065,0.0015));
#20199=CARTESIAN_POINT('',(-0.02644375,-0.0065,0.0015));
#20200=CARTESIAN_POINT('',(-0.02644375,-0.007,0.0015));
#20201=CARTESIAN_POINT('',(-0.01994375,-0.007,0.0015));
#20202=CARTESIAN_POINT('',(-0.01344375,-0.007,0.0015));
#20203=CARTESIAN_POINT('',(-0.01344375,-0.0065,0.0015));
#20204=CARTESIAN_POINT('',(-0.01294375,-0.0065,0.0015));
#20205=CARTESIAN_POINT('',(-0.01294375,0.,0.0015));
#20206=CARTESIAN_POINT('',(-0.01294375,0.0065,0.0015));
#20207=CARTESIAN_POINT('',(-0.01344375,0.0065,0.0015));
#20208=CARTESIAN_POINT('',(-0.02946875,-0.01205,0.0015));
#20209=CARTESIAN_POINT('',(-0.02296875,-0.01205,0.0015));
#20210=CARTESIAN_POINT('',(-0.03596875,-0.01205,0.0015));
#20211=CARTESIAN_POINT('',(-0.03596875,-0.01255,0.0015));
#20212=CARTESIAN_POINT('',(-0.03646875,-0.01255,0.0015));
#20213=CARTESIAN_POINT('',(-0.03646875,-0.01905,0.0015));
#20214=CARTESIAN_POINT('',(-0.03646875,-0.02555,0.0015));
#20215=CARTESIAN_POINT('',(-0.03596875,-0.02555,0.0015));
#20216=CARTESIAN_POINT('',(-0.03596875,-0.02605,0.0015));
#20217=CARTESIAN_POINT('',(-0.02946875,-0.02605,0.0015));
#20218=CARTESIAN_POINT('',(-0.02296875,-0.02605,0.0015));
#20219=CARTESIAN_POINT('',(-0.02296875,-0.02555,0.0015));
#20220=CARTESIAN_POINT('',(-0.02246875,-0.02555,0.0015));
#20221=CARTESIAN_POINT('',(-0.02246875,-0.01905,0.0015));
#20222=CARTESIAN_POINT('',(-0.02246875,-0.01255,0.0015));
#20223=CARTESIAN_POINT('',(-0.02296875,-0.01255,0.0015));
#20224=CARTESIAN_POINT('',(-0.04851875,-0.01205,0.0015));
#20225=CARTESIAN_POINT('',(-0.04201875,-0.01205,0.0015));
#20226=CARTESIAN_POINT('',(-0.05501875,-0.01205,0.0015));
#20227=CARTESIAN_POINT('',(-0.05501875,-0.01255,0.0015));
#20228=CARTESIAN_POINT('',(-0.05551875,-0.01255,0.0015));
#20229=CARTESIAN_POINT('',(-0.05551875,-0.01905,0.0015));
#20230=CARTESIAN_POINT('',(-0.05551875,-0.02555,0.0015));
#20231=CARTESIAN_POINT('',(-0.05501875,-0.02555,0.0015));
#20232=CARTESIAN_POINT('',(-0.05501875,-0.02605,0.0015));
#20233=CARTESIAN_POINT('',(-0.04851875,-0.02605,0.0015));
#20234=CARTESIAN_POINT('',(-0.04201875,-0.02605,0.0015));
#20235=CARTESIAN_POINT('',(-0.04201875,-0.02555,0.0015));
#20236=CARTESIAN_POINT('',(-0.04151875,-0.02555,0.0015));
#20237=CARTESIAN_POINT('',(-0.04151875,-0.01905,0.0015));
#20238=CARTESIAN_POINT('',(-0.04151875,-0.01255,0.0015));
#20239=CARTESIAN_POINT('',(-0.04201875,-0.01255,0.0015));
#20240=CARTESIAN_POINT('',(-0.05804375,0.007,0.0015));
#20241=CARTESIAN_POINT('',(-0.05154375,0.007,0.0015));
#20242=CARTESIAN_POINT('',(-0.06454375,0.007,0.0015));
#20243=CARTESIAN_POINT('',(-0.06454375,0.0065,0.0015));
#20244=CARTESIAN_POINT('',(-0.06504375,0.0065,0.0015));
#20245=CARTESIAN_POINT('',(-0.06504375,0.,0.0015));
#20246=CARTESIAN_POINT('',(-0.06504375,-0.0065,0.0015));
#20247=CARTESIAN_POINT('',(-0.06454375,-0.0065,0.0015));
#20248=CARTESIAN_POINT('',(-0.06454375,-0.007,0.0015));
#20249=CARTESIAN_POINT('',(-0.05804375,-0.007,0.0015));
#20250=CARTESIAN_POINT('',(-0.05154375,-0.007,0.0015));
#20251=CARTESIAN_POINT('',(-0.05154375,-0.0065,0.0015));
#20252=CARTESIAN_POINT('',(-0.05104375,-0.0065,0.0015));
#20253=CARTESIAN_POINT('',(-0.05104375,0.,0.0015));
#20254=CARTESIAN_POINT('',(-0.05104375,0.0065,0.0015));
#20255=CARTESIAN_POINT('',(-0.05154375,0.0065,0.0015));
#20256=CARTESIAN_POINT('',(-0.04375625,0.02605,0.0015));
#20257=CARTESIAN_POINT('',(-0.03725625,0.02605,0.0015));
#20258=CARTESIAN_POINT('',(-0.05025625,0.02605,0.0015));
#20259=CARTESIAN_POINT('',(-0.05025625,0.02555,0.0015));
#20260=CARTESIAN_POINT('',(-0.05075625,0.02555,0.0015));
#20261=CARTESIAN_POINT('',(-0.05075625,0.01905,0.0015));
#20262=CARTESIAN_POINT('',(-0.05075625,0.01255,0.0015));
#20263=CARTESIAN_POINT('',(-0.05025625,0.01255,0.0015));
#20264=CARTESIAN_POINT('',(-0.05025625,0.01205,0.0015));
#20265=CARTESIAN_POINT('',(-0.04375625,0.01205,0.0015));
#20266=CARTESIAN_POINT('',(-0.03725625,0.01205,0.0015));
#20267=CARTESIAN_POINT('',(-0.03725625,0.01255,0.0015));
#20268=CARTESIAN_POINT('',(-0.03675625,0.01255,0.0015));
#20269=CARTESIAN_POINT('',(-0.03675625,0.01905,0.0015));
#20270=CARTESIAN_POINT('',(-0.03675625,0.02555,0.0015));
#20271=CARTESIAN_POINT('',(-0.03725625,0.02555,0.0015));
#20272=CARTESIAN_POINT('',(-0.03423125,0.0451,0.0015));
#20273=CARTESIAN_POINT('',(-0.02773125,0.0451,0.0015));
#20274=CARTESIAN_POINT('',(-0.04073125,0.0451,0.0015));
#20275=CARTESIAN_POINT('',(-0.04073125,0.0446,0.0015));
#20276=CARTESIAN_POINT('',(-0.04123125,0.0446,0.0015));
#20277=CARTESIAN_POINT('',(-0.04123125,0.0381,0.0015));
#20278=CARTESIAN_POINT('',(-0.04123125,0.0316,0.0015));
#20279=CARTESIAN_POINT('',(-0.04073125,0.0316,0.0015));
#20280=CARTESIAN_POINT('',(-0.04073125,0.0311,0.0015));
#20281=CARTESIAN_POINT('',(-0.03423125,0.0311,0.0015));
#20282=CARTESIAN_POINT('',(-0.02773125,0.0311,0.0015));
#20283=CARTESIAN_POINT('',(-0.02773125,0.0316,0.0015));
#20284=CARTESIAN_POINT('',(-0.02723125,0.0316,0.0015));
#20285=CARTESIAN_POINT('',(-0.02723125,0.0381,0.0015));
#20286=CARTESIAN_POINT('',(-0.02723125,0.0446,0.0015));
#20287=CARTESIAN_POINT('',(-0.02773125,0.0446,0.0015));
#20288=CARTESIAN_POINT('',(-0.06756875,-0.01205,0.0015));
#20289=CARTESIAN_POINT('',(-0.06106875,-0.01205,0.0015));
#20290=CARTESIAN_POINT('',(-0.07406875,-0.01205,0.0015));
#20291=CARTESIAN_POINT('',(-0.07406875,-0.01255,0.0015));
#20292=CARTESIAN_POINT('',(-0.07456875,-0.01255,0.0015));
#20293=CARTESIAN_POINT('',(-0.07456875,-0.01905,0.0015));
#20294=CARTESIAN_POINT('',(-0.07456875,-0.02555,0.0015));
#20295=CARTESIAN_POINT('',(-0.07406875,-0.02555,0.0015));
#20296=CARTESIAN_POINT('',(-0.07406875,-0.02605,0.0015));
#20297=CARTESIAN_POINT('',(-0.06756875,-0.02605,0.0015));
#20298=CARTESIAN_POINT('',(-0.06106875,-0.02605,0.0015));
#20299=CARTESIAN_POINT('',(-0.06106875,-0.02555,0.0015));
#20300=CARTESIAN_POINT('',(-0.06056875,-0.02555,0.0015));
#20301=CARTESIAN_POINT('',(-0.06056875,-0.01905,0.0015));
#20302=CARTESIAN_POINT('',(-0.06056875,-0.01255,0.0015));
#20303=CARTESIAN_POINT('',(-0.06106875,-0.01255,0.0015));
#20304=CARTESIAN_POINT('',(0.00386874999999995,0.0451,0.0015));
#20305=CARTESIAN_POINT('',(0.01036875,0.0451,0.0015));
#20306=CARTESIAN_POINT('',(-0.00263125000000005,0.0451,0.0015));
#20307=CARTESIAN_POINT('',(-0.00263125000000005,0.0446,0.0015));
#20308=CARTESIAN_POINT('',(-0.00313125000000005,0.0446,0.0015));
#20309=CARTESIAN_POINT('',(-0.00313125000000005,0.0381,0.0015));
#20310=CARTESIAN_POINT('',(-0.00313125000000005,0.0316,0.0015));
#20311=CARTESIAN_POINT('',(-0.00263125000000005,0.0316,0.0015));
#20312=CARTESIAN_POINT('',(-0.00263125000000005,0.0311,0.0015));
#20313=CARTESIAN_POINT('',(0.00386874999999995,0.0311,0.0015));
#20314=CARTESIAN_POINT('',(0.01036875,0.0311,0.0015));
#20315=CARTESIAN_POINT('',(0.01036875,0.0316,0.0015));
#20316=CARTESIAN_POINT('',(0.01086875,0.0316,0.0015));
#20317=CARTESIAN_POINT('',(0.01086875,0.0381,0.0015));
#20318=CARTESIAN_POINT('',(0.01086875,0.0446,0.0015));
#20319=CARTESIAN_POINT('',(0.01036875,0.0446,0.0015));
#20320=CARTESIAN_POINT('',(-0.000250000000000056,-0.0446,0.0015));
#20321=CARTESIAN_POINT('',(-0.000750000000000056,-0.0446,0.0015));
#20322=CARTESIAN_POINT('',(-0.000250000000000056,-0.0451,0.0015));
#20323=CARTESIAN_POINT('',(0.00625,-0.0451,0.0015));
#20324=CARTESIAN_POINT('',(0.01275,-0.0451,0.0015));
#20325=CARTESIAN_POINT('',(0.01275,-0.0446,0.0015));
#20326=CARTESIAN_POINT('',(0.01325,-0.0446,0.0015));
#20327=CARTESIAN_POINT('',(0.01325,-0.0381,0.0015));
#20328=CARTESIAN_POINT('',(0.01325,-0.0316,0.0015));
#20329=CARTESIAN_POINT('',(0.01275,-0.0316,0.0015));
#20330=CARTESIAN_POINT('',(0.01275,-0.0311,0.0015));
#20331=CARTESIAN_POINT('',(0.00625,-0.0311,0.0015));
#20332=CARTESIAN_POINT('',(-0.000250000000000056,-0.0311,0.0015));
#20333=CARTESIAN_POINT('',(-0.000250000000000056,-0.0316,0.0015));
#20334=CARTESIAN_POINT('',(-0.000750000000000056,-0.0316,0.0015));
#20335=CARTESIAN_POINT('',(-0.000750000000000056,-0.0381,0.0015));
#20336=CARTESIAN_POINT('',(-0.0151875,-0.0321,0.0015));
#20337=CARTESIAN_POINT('',(-0.0121875,-0.0321,0.0015));
#20338=CARTESIAN_POINT('',(-0.0181875,-0.0321,0.0015));
#20339=CARTESIAN_POINT('',(-0.0181875,-0.0326,0.0015));
#20340=CARTESIAN_POINT('',(-0.0186875,-0.0326,0.0015));
#20341=CARTESIAN_POINT('',(-0.0186875,-0.03885,0.0015));
#20342=CARTESIAN_POINT('',(-0.0186875,-0.0466,0.0015));
#20343=CARTESIAN_POINT('',(-0.0181875,-0.0466,0.0015));
#20344=CARTESIAN_POINT('',(-0.0181875,-0.0471,0.0015));
#20345=CARTESIAN_POINT('',(-0.0151875,-0.0471,0.0015));
#20346=CARTESIAN_POINT('',(-0.0121875,-0.0471,0.0015));
#20347=CARTESIAN_POINT('',(-0.0121875,-0.0466,0.0015));
#20348=CARTESIAN_POINT('',(-0.0116875,-0.0466,0.0015));
#20349=CARTESIAN_POINT('',(-0.0116875,-0.03885,0.0015));
#20350=CARTESIAN_POINT('',(-0.0116875,-0.0326,0.0015));
#20351=CARTESIAN_POINT('',(-0.0121875,-0.0326,0.0015));
#20352=CARTESIAN_POINT('',(-0.01041875,-0.01205,0.0015));
#20353=CARTESIAN_POINT('',(-0.00391875000000005,-0.01205,0.0015));
#20354=CARTESIAN_POINT('',(-0.01691875,-0.01205,0.0015));
#20355=CARTESIAN_POINT('',(-0.01691875,-0.01255,0.0015));
#20356=CARTESIAN_POINT('',(-0.01741875,-0.01255,0.0015));
#20357=CARTESIAN_POINT('',(-0.01741875,-0.01905,0.0015));
#20358=CARTESIAN_POINT('',(-0.01741875,-0.02555,0.0015));
#20359=CARTESIAN_POINT('',(-0.01691875,-0.02555,0.0015));
#20360=CARTESIAN_POINT('',(-0.01691875,-0.02605,0.0015));
#20361=CARTESIAN_POINT('',(-0.01041875,-0.02605,0.0015));
#20362=CARTESIAN_POINT('',(-0.00391875000000005,-0.02605,0.0015));
#20363=CARTESIAN_POINT('',(-0.00391875000000005,-0.02555,0.0015));
#20364=CARTESIAN_POINT('',(-0.00341875000000005,-0.02555,0.0015));
#20365=CARTESIAN_POINT('',(-0.00341875000000005,-0.01905,0.0015));
#20366=CARTESIAN_POINT('',(-0.00341875000000005,-0.01255,0.0015));
#20367=CARTESIAN_POINT('',(-0.00391875000000005,-0.01255,0.0015));
#20368=CARTESIAN_POINT('',(-0.02470625,0.02605,0.0015));
#20369=CARTESIAN_POINT('',(-0.01820625,0.02605,0.0015));
#20370=CARTESIAN_POINT('',(-0.03120625,0.02605,0.0015));
#20371=CARTESIAN_POINT('',(-0.03120625,0.02555,0.0015));
#20372=CARTESIAN_POINT('',(-0.03170625,0.02555,0.0015));
#20373=CARTESIAN_POINT('',(-0.03170625,0.01905,0.0015));
#20374=CARTESIAN_POINT('',(-0.03170625,0.01255,0.0015));
#20375=CARTESIAN_POINT('',(-0.03120625,0.01255,0.0015));
#20376=CARTESIAN_POINT('',(-0.03120625,0.01205,0.0015));
#20377=CARTESIAN_POINT('',(-0.02470625,0.01205,0.0015));
#20378=CARTESIAN_POINT('',(-0.01820625,0.01205,0.0015));
#20379=CARTESIAN_POINT('',(-0.01820625,0.01255,0.0015));
#20380=CARTESIAN_POINT('',(-0.01770625,0.01255,0.0015));
#20381=CARTESIAN_POINT('',(-0.01770625,0.01905,0.0015));
#20382=CARTESIAN_POINT('',(-0.01770625,0.02555,0.0015));
#20383=CARTESIAN_POINT('',(-0.01820625,0.02555,0.0015));
#20384=CARTESIAN_POINT('',(-0.01518125,0.0451,0.0015));
#20385=CARTESIAN_POINT('',(-0.00868125,0.0451,0.0015));
#20386=CARTESIAN_POINT('',(-0.02168125,0.0451,0.0015));
#20387=CARTESIAN_POINT('',(-0.02168125,0.0446,0.0015));
#20388=CARTESIAN_POINT('',(-0.02218125,0.0446,0.0015));
#20389=CARTESIAN_POINT('',(-0.02218125,0.0381,0.0015));
#20390=CARTESIAN_POINT('',(-0.02218125,0.0316,0.0015));
#20391=CARTESIAN_POINT('',(-0.02168125,0.0316,0.0015));
#20392=CARTESIAN_POINT('',(-0.02168125,0.0311,0.0015));
#20393=CARTESIAN_POINT('',(-0.01518125,0.0311,0.0015));
#20394=CARTESIAN_POINT('',(-0.00868125,0.0311,0.0015));
#20395=CARTESIAN_POINT('',(-0.00868125,0.0316,0.0015));
#20396=CARTESIAN_POINT('',(-0.00818125,0.0316,0.0015));
#20397=CARTESIAN_POINT('',(-0.00818125,0.0381,0.0015));
#20398=CARTESIAN_POINT('',(-0.00818125,0.0446,0.0015));
#20399=CARTESIAN_POINT('',(-0.00868125,0.0446,0.0015));
#20400=CARTESIAN_POINT('',(-0.00565625,0.02605,0.0015));
#20401=CARTESIAN_POINT('',(0.000843749999999942,0.02605,0.0015));
#20402=CARTESIAN_POINT('',(-0.01215625,0.02605,0.0015));
#20403=CARTESIAN_POINT('',(-0.01215625,0.02555,0.0015));
#20404=CARTESIAN_POINT('',(-0.01265625,0.02555,0.0015));
#20405=CARTESIAN_POINT('',(-0.01265625,0.01905,0.0015));
#20406=CARTESIAN_POINT('',(-0.01265625,0.01255,0.0015));
#20407=CARTESIAN_POINT('',(-0.01215625,0.01255,0.0015));
#20408=CARTESIAN_POINT('',(-0.01215625,0.01205,0.0015));
#20409=CARTESIAN_POINT('',(-0.00565625,0.01205,0.0015));
#20410=CARTESIAN_POINT('',(0.000843749999999942,0.01205,0.0015));
#20411=CARTESIAN_POINT('',(0.000843749999999942,0.01255,0.0015));
#20412=CARTESIAN_POINT('',(0.00134374999999994,0.01255,0.0015));
#20413=CARTESIAN_POINT('',(0.00134374999999994,0.01905,0.0015));
#20414=CARTESIAN_POINT('',(0.00134374999999994,0.02555,0.0015));
#20415=CARTESIAN_POINT('',(0.000843749999999936,0.02555,0.0015));
#20416=CARTESIAN_POINT('',(-0.000893750000000068,0.007,0.0015));
#20417=CARTESIAN_POINT('',(0.00560624999999993,0.007,0.0015));
#20418=CARTESIAN_POINT('',(-0.00739375,0.007,0.0015));
#20419=CARTESIAN_POINT('',(-0.00739375,0.0065,0.0015));
#20420=CARTESIAN_POINT('',(-0.00789375,0.0065,0.0015));
#20421=CARTESIAN_POINT('',(-0.00789375,0.,0.0015));
#20422=CARTESIAN_POINT('',(-0.00789375,-0.0065,0.0015));
#20423=CARTESIAN_POINT('',(-0.00739375,-0.0065,0.0015));
#20424=CARTESIAN_POINT('',(-0.00739375,-0.007,0.0015));
#20425=CARTESIAN_POINT('',(-0.000893750000000068,-0.007,0.0015));
#20426=CARTESIAN_POINT('',(0.00560624999999993,-0.007,0.0015));
#20427=CARTESIAN_POINT('',(0.00560624999999993,-0.0065,0.0015));
#20428=CARTESIAN_POINT('',(0.00610624999999993,-0.0065,0.0015));
#20429=CARTESIAN_POINT('',(0.00610624999999993,0.,0.0015));
#20430=CARTESIAN_POINT('',(0.00610624999999993,0.0065,0.0015));
#20431=CARTESIAN_POINT('',(0.00560624999999993,0.0065,0.0015));
#20432=CARTESIAN_POINT('',(0.0872284911139488,-0.0452345,0.0015));
#20433=CARTESIAN_POINT('',(0.0872284911139488,0.06192175,0.0015));
#20434=CARTESIAN_POINT('',(-0.1937883,0.06192175,0.0015));
#20435=CARTESIAN_POINT('',(-0.1937883,-0.0452345,0.0015));
#20436=CARTESIAN_POINT('',(-0.1839507,0.06490425,0.));
#20437=CARTESIAN_POINT('',(-0.1901598,0.06490425,0.));
#20438=CARTESIAN_POINT('',(-0.1777416,0.06490425,0.));
#20439=CARTESIAN_POINT('',(-0.1901598,0.05869515,0.));
#20440=CARTESIAN_POINT('',(-0.1901598,0.05248605,0.));
#20441=CARTESIAN_POINT('',(-0.1839507,0.05248605,0.));
#20442=CARTESIAN_POINT('',(-0.1777416,0.05248605,0.));
#20443=CARTESIAN_POINT('',(-0.1777416,0.05869515,0.));
#20444=CARTESIAN_POINT('',(0.0354678083871781,0.0481,0.));
#20445=CARTESIAN_POINT('',(0.0738445704883746,0.0481,0.));
#20446=CARTESIAN_POINT('',(-0.00290895371401825,0.0481,0.));
#20447=CARTESIAN_POINT('',(0.0738445704883746,0.0524455844122716,0.));
#20448=CARTESIAN_POINT('',(0.0781901549006461,0.0524455844122716,0.));
#20449=CARTESIAN_POINT('',(0.0781901549006461,0.056392125,0.));
#20450=CARTESIAN_POINT('',(0.0781901549006462,0.0603386655877284,0.));
#20451=CARTESIAN_POINT('',(0.0738445704883746,0.0603386655877284,0.));
#20452=CARTESIAN_POINT('',(0.0738445704883746,0.06468425,0.));
#20453=CARTESIAN_POINT('',(0.0354678083871781,0.06468425,0.));
#20454=CARTESIAN_POINT('',(-0.00290895371401825,0.06468425,0.));
#20455=CARTESIAN_POINT('',(-0.00290895371401825,0.0603386655877284,0.));
#20456=CARTESIAN_POINT('',(-0.00725453812628986,0.0603386655877284,0.));
#20457=CARTESIAN_POINT('',(-0.00725453812628983,0.056392125,0.));
#20458=CARTESIAN_POINT('',(-0.00725453812628983,0.0524455844122716,0.));
#20459=CARTESIAN_POINT('',(-0.00290895371401826,0.0524455844122716,0.));
#20460=MECHANICAL_DESIGN_GEOMETRIC_PRESENTATION_REPRESENTATION('',(#12157),
#20461);
#20461=(
GEOMETRIC_REPRESENTATION_CONTEXT(3)
GLOBAL_UNCERTAINTY_ASSIGNED_CONTEXT((#20462))
GLOBAL_UNIT_ASSIGNED_CONTEXT((#20465,#20464,#20463))
REPRESENTATION_CONTEXT('Part 2','TOP_LEVEL_ASSEMBLY_PART')
);
#20462=UNCERTAINTY_MEASURE_WITH_UNIT(LENGTH_MEASURE(1.E-8),#20465,
'DISTANCE_ACCURACY_VALUE','Maximum Tolerance applied to model');
#20463=(
NAMED_UNIT(*)
SI_UNIT($,.STERADIAN.)
SOLID_ANGLE_UNIT()
);
#20464=(
NAMED_UNIT(*)
PLANE_ANGLE_UNIT()
SI_UNIT($,.RADIAN.)
);
#20465=(
LENGTH_UNIT()
NAMED_UNIT(*)
SI_UNIT($,.METRE.)
);
#20466=PRODUCT_DEFINITION_SHAPE('','',#20467);
#20467=PRODUCT_DEFINITION('','',#20469,#20468);
#20468=PRODUCT_DEFINITION_CONTEXT('',#20475,'design');
#20469=PRODUCT_DEFINITION_FORMATION_WITH_SPECIFIED_SOURCE('','',#20471,
 .NOT_KNOWN.);
#20470=PRODUCT_RELATED_PRODUCT_CATEGORY('','',(#20471));
#20471=PRODUCT('Part 2','Part 2','Part 2',(#20473));
#20472=PRODUCT_CATEGORY('','');
#20473=PRODUCT_CONTEXT('',#20475,'mechanical');
#20474=APPLICATION_PROTOCOL_DEFINITION('international standard',
'ap242_managed_model_based_3d_engineering',2020,#20475);
#20475=APPLICATION_CONTEXT('managed model based 3d engineering');
ENDSEC;
END-ISO-10303-21;
