ISO-10303-21;
HEADER;
/* Generated by software containing ST-Developer
 * from STEP Tools, Inc. (www.steptools.com) 
 */
/* OPTION: using custom renumber hook */

FILE_DESCRIPTION(
/* description */ ('STEP AP242 Edition 2',
'CAx-IF Rec.Pracs.---Representation and Presentation of Product Manufa
cturing Information (PMI)---4.0---2014-10-13',
'CAx-IF Rec.Pracs.---3D Tessellated Geometry---0.4---2014-09-14','2;1',
'CAx-IF Rec.Pracs.---User Defined Attributes---1.5---2016-08-15'),
/* implementation_level */ '2;1');

FILE_NAME(
/* name */ 'KEEBY 60+20 - Part 7',
/* time_stamp */ '2026-06-06T03:47:22Z',
/* author */ (''),
/* organization */ (''),
/* preprocessor_version */ 'ST-DEVELOPER v20',
/* originating_system */ 'ONSHAPE BY PTC INC, 1.216',
/* authorisation */ '  ');

FILE_SCHEMA (('AP242_MANAGED_MODEL_BASED_3D_ENGINEERING_MIM_LF { 1 0 10303 442 3 1 4 }'));
ENDSEC;

DATA;
#10=SHAPE_REPRESENTATION_RELATIONSHIP('','',#1128,#11);
#11=ADVANCED_BREP_SHAPE_REPRESENTATION('',(#1126),#2641);
#12=CONICAL_SURFACE('',#1227,0.00168994949366116,1.22173047639603);
#13=CONICAL_SURFACE('',#1230,0.00168994949366117,1.22173047639603);
#14=CONICAL_SURFACE('',#1231,0.00168994949366116,1.22173047639603);
#15=CONICAL_SURFACE('',#1234,0.00168994949366117,1.22173047639603);
#16=CONICAL_SURFACE('',#1237,0.0036,1.0471975511966);
#17=B_SPLINE_SURFACE_WITH_KNOTS('',3,3,((#1747,#1748,#1749,#1750,#1751,
#1752,#1753),(#1754,#1755,#1756,#1757,#1758,#1759,#1760),(#1761,#1762,#1763,
#1764,#1765,#1766,#1767),(#1768,#1769,#1770,#1771,#1772,#1773,#1774),(#1775,
#1776,#1777,#1778,#1779,#1780,#1781),(#1782,#1783,#1784,#1785,#1786,#1787,
#1788),(#1789,#1790,#1791,#1792,#1793,#1794,#1795),(#1796,#1797,#1798,#1799,
#1800,#1801,#1802),(#1803,#1804,#1805,#1806,#1807,#1808,#1809),(#1810,#1811,
#1812,#1813,#1814,#1815,#1816),(#1817,#1818,#1819,#1820,#1821,#1822,#1823),
(#1824,#1825,#1826,#1827,#1828,#1829,#1830),(#1831,#1832,#1833,#1834,#1835,
#1836,#1837),(#1838,#1839,#1840,#1841,#1842,#1843,#1844),(#1845,#1846,#1847,
#1848,#1849,#1850,#1851),(#1852,#1853,#1854,#1855,#1856,#1857,#1858),(#1859,
#1860,#1861,#1862,#1863,#1864,#1865),(#1866,#1867,#1868,#1869,#1870,#1871,
#1872),(#1873,#1874,#1875,#1876,#1877,#1878,#1879),(#1880,#1881,#1882,#1883,
#1884,#1885,#1886),(#1887,#1888,#1889,#1890,#1891,#1892,#1893),(#1894,#1895,
#1896,#1897,#1898,#1899,#1900)),.UNSPECIFIED.,.F.,.F.,.F.,(4,2,2,2,2,2,
2,2,2,2,4),(4,1,1,1,4),(0.,0.0625,0.125,0.25,0.375,0.5,0.625,0.75,0.875,
0.9375,1.),(0.,0.392699081698724,0.785398163397448,1.17809724509617,1.5707963267949),
 .UNSPECIFIED.);
#18=B_SPLINE_SURFACE_WITH_KNOTS('',5,1,((#1915,#1916),(#1917,#1918),(#1919,
#1920),(#1921,#1922),(#1923,#1924),(#1925,#1926),(#1927,#1928),(#1929,#1930)),
 .SURF_OF_LINEAR_EXTRUSION.,.F.,.F.,.F.,(6,2,6),(2,2),(0.,0.5,1.),(0.,1.),
 .UNSPECIFIED.);
#19=B_SPLINE_SURFACE_WITH_KNOTS('',5,1,((#1938,#1939),(#1940,#1941),(#1942,
#1943),(#1944,#1945),(#1946,#1947),(#1948,#1949),(#1950,#1951),(#1952,#1953)),
 .SURF_OF_LINEAR_EXTRUSION.,.F.,.F.,.F.,(6,2,6),(2,2),(0.,0.5,1.),(0.,1.),
 .UNSPECIFIED.);
#20=B_SPLINE_SURFACE_WITH_KNOTS('',3,3,((#1961,#1962,#1963,#1964,#1965,
#1966,#1967),(#1968,#1969,#1970,#1971,#1972,#1973,#1974),(#1975,#1976,#1977,
#1978,#1979,#1980,#1981),(#1982,#1983,#1984,#1985,#1986,#1987,#1988),(#1989,
#1990,#1991,#1992,#1993,#1994,#1995),(#1996,#1997,#1998,#1999,#2000,#2001,
#2002),(#2003,#2004,#2005,#2006,#2007,#2008,#2009),(#2010,#2011,#2012,#2013,
#2014,#2015,#2016),(#2017,#2018,#2019,#2020,#2021,#2022,#2023),(#2024,#2025,
#2026,#2027,#2028,#2029,#2030),(#2031,#2032,#2033,#2034,#2035,#2036,#2037),
(#2038,#2039,#2040,#2041,#2042,#2043,#2044),(#2045,#2046,#2047,#2048,#2049,
#2050,#2051),(#2052,#2053,#2054,#2055,#2056,#2057,#2058),(#2059,#2060,#2061,
#2062,#2063,#2064,#2065),(#2066,#2067,#2068,#2069,#2070,#2071,#2072),(#2073,
#2074,#2075,#2076,#2077,#2078,#2079),(#2080,#2081,#2082,#2083,#2084,#2085,
#2086),(#2087,#2088,#2089,#2090,#2091,#2092,#2093),(#2094,#2095,#2096,#2097,
#2098,#2099,#2100),(#2101,#2102,#2103,#2104,#2105,#2106,#2107),(#2108,#2109,
#2110,#2111,#2112,#2113,#2114)),.UNSPECIFIED.,.F.,.F.,.F.,(4,2,2,2,2,2,
2,2,2,2,4),(4,1,1,1,4),(0.,0.0625,0.125,0.25,0.375,0.5,0.625,0.75,0.875,
0.9375,1.),(1.5707963267949,1.96349540849362,2.35619449019235,2.74889357189107,
3.1415926535898),.UNSPECIFIED.);
#21=B_SPLINE_SURFACE_WITH_KNOTS('',3,3,((#2122,#2123,#2124,#2125,#2126,
#2127,#2128),(#2129,#2130,#2131,#2132,#2133,#2134,#2135),(#2136,#2137,#2138,
#2139,#2140,#2141,#2142),(#2143,#2144,#2145,#2146,#2147,#2148,#2149),(#2150,
#2151,#2152,#2153,#2154,#2155,#2156),(#2157,#2158,#2159,#2160,#2161,#2162,
#2163),(#2164,#2165,#2166,#2167,#2168,#2169,#2170),(#2171,#2172,#2173,#2174,
#2175,#2176,#2177),(#2178,#2179,#2180,#2181,#2182,#2183,#2184),(#2185,#2186,
#2187,#2188,#2189,#2190,#2191),(#2192,#2193,#2194,#2195,#2196,#2197,#2198),
(#2199,#2200,#2201,#2202,#2203,#2204,#2205),(#2206,#2207,#2208,#2209,#2210,
#2211,#2212),(#2213,#2214,#2215,#2216,#2217,#2218,#2219),(#2220,#2221,#2222,
#2223,#2224,#2225,#2226),(#2227,#2228,#2229,#2230,#2231,#2232,#2233),(#2234,
#2235,#2236,#2237,#2238,#2239,#2240),(#2241,#2242,#2243,#2244,#2245,#2246,
#2247),(#2248,#2249,#2250,#2251,#2252,#2253,#2254),(#2255,#2256,#2257,#2258,
#2259,#2260,#2261),(#2262,#2263,#2264,#2265,#2266,#2267,#2268),(#2269,#2270,
#2271,#2272,#2273,#2274,#2275)),.UNSPECIFIED.,.F.,.F.,.F.,(4,2,2,2,2,2,
2,2,2,2,4),(4,1,1,1,4),(0.,0.0625,0.125,0.25,0.375,0.5,0.625,0.75,0.875,
0.9375,1.),(4.71238898038469,5.10508806208342,5.49778714378214,5.89048622548087,
6.28318530717959),.UNSPECIFIED.);
#22=B_SPLINE_SURFACE_WITH_KNOTS('',5,1,((#2283,#2284),(#2285,#2286),(#2287,
#2288),(#2289,#2290),(#2291,#2292),(#2293,#2294),(#2295,#2296),(#2297,#2298)),
 .SURF_OF_LINEAR_EXTRUSION.,.F.,.F.,.F.,(6,2,6),(2,2),(0.,0.5,1.),(0.,1.),
 .UNSPECIFIED.);
#23=B_SPLINE_SURFACE_WITH_KNOTS('',5,1,((#2306,#2307),(#2308,#2309),(#2310,
#2311),(#2312,#2313),(#2314,#2315),(#2316,#2317),(#2318,#2319),(#2320,#2321)),
 .SURF_OF_LINEAR_EXTRUSION.,.F.,.F.,.F.,(6,2,6),(2,2),(0.,0.5,1.),(0.,1.),
 .UNSPECIFIED.);
#24=B_SPLINE_SURFACE_WITH_KNOTS('',3,3,((#2329,#2330,#2331,#2332,#2333,
#2334,#2335),(#2336,#2337,#2338,#2339,#2340,#2341,#2342),(#2343,#2344,#2345,
#2346,#2347,#2348,#2349),(#2350,#2351,#2352,#2353,#2354,#2355,#2356),(#2357,
#2358,#2359,#2360,#2361,#2362,#2363),(#2364,#2365,#2366,#2367,#2368,#2369,
#2370),(#2371,#2372,#2373,#2374,#2375,#2376,#2377),(#2378,#2379,#2380,#2381,
#2382,#2383,#2384),(#2385,#2386,#2387,#2388,#2389,#2390,#2391),(#2392,#2393,
#2394,#2395,#2396,#2397,#2398),(#2399,#2400,#2401,#2402,#2403,#2404,#2405),
(#2406,#2407,#2408,#2409,#2410,#2411,#2412),(#2413,#2414,#2415,#2416,#2417,
#2418,#2419),(#2420,#2421,#2422,#2423,#2424,#2425,#2426),(#2427,#2428,#2429,
#2430,#2431,#2432,#2433),(#2434,#2435,#2436,#2437,#2438,#2439,#2440),(#2441,
#2442,#2443,#2444,#2445,#2446,#2447),(#2448,#2449,#2450,#2451,#2452,#2453,
#2454),(#2455,#2456,#2457,#2458,#2459,#2460,#2461),(#2462,#2463,#2464,#2465,
#2466,#2467,#2468),(#2469,#2470,#2471,#2472,#2473,#2474,#2475),(#2476,#2477,
#2478,#2479,#2480,#2481,#2482)),.UNSPECIFIED.,.F.,.F.,.F.,(4,2,2,2,2,2,
2,2,2,2,4),(4,1,1,1,4),(0.,0.0625,0.125,0.25,0.375,0.5,0.625,0.75,0.875,
0.9375,1.),(3.1415926535898,3.53429173528852,3.92699081698724,4.31968989868597,
4.71238898038469),.UNSPECIFIED.);
#25=CYLINDRICAL_SURFACE('',#1154,0.01182965);
#26=CYLINDRICAL_SURFACE('',#1156,0.01182965);
#27=CYLINDRICAL_SURFACE('',#1158,0.01182965);
#28=CYLINDRICAL_SURFACE('',#1160,0.01182965);
#29=CYLINDRICAL_SURFACE('',#1166,0.001535);
#30=CYLINDRICAL_SURFACE('',#1169,0.001535);
#31=CYLINDRICAL_SURFACE('',#1172,0.001535);
#32=CYLINDRICAL_SURFACE('',#1175,0.001535);
#33=CYLINDRICAL_SURFACE('',#1178,0.001535);
#34=CYLINDRICAL_SURFACE('',#1181,0.001535);
#35=CYLINDRICAL_SURFACE('',#1184,0.001535);
#36=CYLINDRICAL_SURFACE('',#1187,0.001535);
#37=CYLINDRICAL_SURFACE('',#1190,0.001535);
#38=CYLINDRICAL_SURFACE('',#1193,0.001535);
#39=CYLINDRICAL_SURFACE('',#1196,0.001535);
#40=CYLINDRICAL_SURFACE('',#1199,0.001535);
#41=CYLINDRICAL_SURFACE('',#1203,0.00168994949366116);
#42=CYLINDRICAL_SURFACE('',#1207,0.00168994949366117);
#43=CYLINDRICAL_SURFACE('',#1211,0.00168994949366117);
#44=CYLINDRICAL_SURFACE('',#1215,0.00168994949366116);
#45=CYLINDRICAL_SURFACE('',#1235,0.0036);
#46=B_SPLINE_CURVE_WITH_KNOTS('',3,(#1611,#1612,#1613,#1614),
 .UNSPECIFIED.,.F.,.F.,(4,4),(0.,1.),.UNSPECIFIED.);
#47=B_SPLINE_CURVE_WITH_KNOTS('',3,(#1617,#1618,#1619,#1620,#1621,#1622,
#1623),.UNSPECIFIED.,.F.,.F.,(4,1,1,1,4),(0.,0.25,0.5,0.75,1.),
 .UNSPECIFIED.);
#48=B_SPLINE_CURVE_WITH_KNOTS('',3,(#1625,#1626,#1627,#1628),
 .UNSPECIFIED.,.F.,.F.,(4,4),(0.,1.),.UNSPECIFIED.);
#49=B_SPLINE_CURVE_WITH_KNOTS('',3,(#1630,#1631,#1632,#1633,#1634,#1635,
#1636),.UNSPECIFIED.,.F.,.F.,(4,1,1,1,4),(0.,0.25,0.5,0.75,1.),
 .UNSPECIFIED.);
#50=B_SPLINE_CURVE_WITH_KNOTS('',3,(#1638,#1639,#1640,#1641),
 .UNSPECIFIED.,.F.,.F.,(4,4),(0.,1.),.UNSPECIFIED.);
#51=B_SPLINE_CURVE_WITH_KNOTS('',3,(#1643,#1644,#1645,#1646,#1647,#1648,
#1649),.UNSPECIFIED.,.F.,.F.,(4,1,1,1,4),(0.,0.25,0.5,0.75,1.),
 .UNSPECIFIED.);
#52=B_SPLINE_CURVE_WITH_KNOTS('',3,(#1651,#1652,#1653,#1654),
 .UNSPECIFIED.,.F.,.F.,(4,4),(0.,1.),.UNSPECIFIED.);
#53=B_SPLINE_CURVE_WITH_KNOTS('',3,(#1656,#1657,#1658,#1659,#1660,#1661,
#1662),.UNSPECIFIED.,.F.,.F.,(4,1,1,1,4),(0.,0.25,0.5,0.75,1.),
 .UNSPECIFIED.);
#54=B_SPLINE_CURVE_WITH_KNOTS('',3,(#1674,#1675,#1676,#1677,#1678,#1679,
#1680),.UNSPECIFIED.,.F.,.F.,(4,1,1,1,4),(0.,0.25,0.5,0.75,1.),
 .UNSPECIFIED.);
#55=B_SPLINE_CURVE_WITH_KNOTS('',3,(#1686,#1687,#1688,#1689),
 .UNSPECIFIED.,.F.,.F.,(4,4),(0.,1.),.UNSPECIFIED.);
#56=B_SPLINE_CURVE_WITH_KNOTS('',3,(#1693,#1694,#1695,#1696,#1697,#1698,
#1699),.UNSPECIFIED.,.F.,.F.,(4,1,1,1,4),(0.,0.25,0.5,0.75,1.),
 .UNSPECIFIED.);
#57=B_SPLINE_CURVE_WITH_KNOTS('',3,(#1703,#1704,#1705,#1706),
 .UNSPECIFIED.,.F.,.F.,(4,4),(0.,1.),.UNSPECIFIED.);
#58=B_SPLINE_CURVE_WITH_KNOTS('',3,(#1710,#1711,#1712,#1713,#1714,#1715,
#1716),.UNSPECIFIED.,.F.,.F.,(4,1,1,1,4),(0.,0.25,0.5,0.75,1.),
 .UNSPECIFIED.);
#59=B_SPLINE_CURVE_WITH_KNOTS('',3,(#1720,#1721,#1722,#1723),
 .UNSPECIFIED.,.F.,.F.,(4,4),(0.,1.),.UNSPECIFIED.);
#60=B_SPLINE_CURVE_WITH_KNOTS('',3,(#1727,#1728,#1729,#1730,#1731,#1732,
#1733),.UNSPECIFIED.,.F.,.F.,(4,1,1,1,4),(0.,0.25,0.5,0.75,1.),
 .UNSPECIFIED.);
#61=B_SPLINE_CURVE_WITH_KNOTS('',3,(#1743,#1744,#1745,#1746),
 .UNSPECIFIED.,.F.,.F.,(4,4),(0.,1.),.UNSPECIFIED.);
#62=B_SPLINE_CURVE_WITH_KNOTS('',3,(#1901,#1902,#1903,#1904,#1905,#1906,
#1907),.UNSPECIFIED.,.F.,.F.,(4,1,1,1,4),(0.,0.25,0.5,0.75,1.),
 .UNSPECIFIED.);
#63=B_SPLINE_CURVE_WITH_KNOTS('',3,(#1908,#1909,#1910,#1911,#1912,#1913,
#1914),.UNSPECIFIED.,.F.,.F.,(4,1,1,1,4),(0.,0.25,0.5,0.75,1.),
 .UNSPECIFIED.);
#64=B_SPLINE_CURVE_WITH_KNOTS('',3,(#1931,#1932,#1933,#1934,#1935,#1936,
#1937),.UNSPECIFIED.,.F.,.F.,(4,1,1,1,4),(0.,0.25,0.5,0.75,1.),
 .UNSPECIFIED.);
#65=B_SPLINE_CURVE_WITH_KNOTS('',3,(#1954,#1955,#1956,#1957,#1958,#1959,
#1960),.UNSPECIFIED.,.F.,.F.,(4,1,1,1,4),(0.,0.25,0.5,0.75,1.),
 .UNSPECIFIED.);
#66=B_SPLINE_CURVE_WITH_KNOTS('',3,(#2115,#2116,#2117,#2118,#2119,#2120,
#2121),.UNSPECIFIED.,.F.,.F.,(4,1,1,1,4),(0.,0.25,0.5,0.75,1.),
 .UNSPECIFIED.);
#67=B_SPLINE_CURVE_WITH_KNOTS('',3,(#2276,#2277,#2278,#2279,#2280,#2281,
#2282),.UNSPECIFIED.,.F.,.F.,(4,1,1,1,4),(0.,0.25,0.5,0.75,1.),
 .UNSPECIFIED.);
#68=B_SPLINE_CURVE_WITH_KNOTS('',3,(#2299,#2300,#2301,#2302,#2303,#2304,
#2305),.UNSPECIFIED.,.F.,.F.,(4,1,1,1,4),(0.,0.25,0.5,0.75,1.),
 .UNSPECIFIED.);
#69=B_SPLINE_CURVE_WITH_KNOTS('',3,(#2322,#2323,#2324,#2325,#2326,#2327,
#2328),.UNSPECIFIED.,.F.,.F.,(4,1,1,1,4),(0.,0.25,0.5,0.75,1.),
 .UNSPECIFIED.);
#70=LINE('',#1547,#146);
#71=LINE('',#1551,#147);
#72=LINE('',#1555,#148);
#73=LINE('',#1559,#149);
#74=LINE('',#1560,#150);
#75=LINE('',#1563,#151);
#76=LINE('',#1565,#152);
#77=LINE('',#1567,#153);
#78=LINE('',#1584,#154);
#79=LINE('',#1587,#155);
#80=LINE('',#1589,#156);
#81=LINE('',#1591,#157);
#82=LINE('',#1595,#158);
#83=LINE('',#1600,#159);
#84=LINE('',#1604,#160);
#85=LINE('',#1608,#161);
#86=LINE('',#1663,#162);
#87=LINE('',#1666,#163);
#88=LINE('',#1668,#164);
#89=LINE('',#1670,#165);
#90=LINE('',#1672,#166);
#91=LINE('',#1682,#167);
#92=LINE('',#1684,#168);
#93=LINE('',#1691,#169);
#94=LINE('',#1701,#170);
#95=LINE('',#1708,#171);
#96=LINE('',#1718,#172);
#97=LINE('',#1725,#173);
#98=LINE('',#1735,#174);
#99=LINE('',#1736,#175);
#100=LINE('',#1738,#176);
#101=LINE('',#1740,#177);
#102=LINE('',#2532,#178);
#103=LINE('',#2535,#179);
#104=LINE('',#2537,#180);
#105=LINE('',#2539,#181);
#106=LINE('',#2543,#182);
#107=LINE('',#2547,#183);
#108=LINE('',#2549,#184);
#109=LINE('',#2551,#185);
#110=LINE('',#2555,#186);
#111=LINE('',#2559,#187);
#112=LINE('',#2561,#188);
#113=LINE('',#2563,#189);
#114=LINE('',#2567,#190);
#115=LINE('',#2571,#191);
#116=LINE('',#2573,#192);
#117=LINE('',#2575,#193);
#118=LINE('',#2580,#194);
#119=LINE('',#2583,#195);
#120=LINE('',#2585,#196);
#121=LINE('',#2587,#197);
#122=LINE('',#2589,#198);
#123=LINE('',#2591,#199);
#124=LINE('',#2592,#200);
#125=LINE('',#2594,#201);
#126=LINE('',#2596,#202);
#127=LINE('',#2598,#203);
#128=LINE('',#2600,#204);
#129=LINE('',#2603,#205);
#130=LINE('',#2604,#206);
#131=LINE('',#2606,#207);
#132=LINE('',#2607,#208);
#133=LINE('',#2610,#209);
#134=LINE('',#2612,#210);
#135=LINE('',#2614,#211);
#136=LINE('',#2616,#212);
#137=LINE('',#2618,#213);
#138=LINE('',#2621,#214);
#139=LINE('',#2622,#215);
#140=LINE('',#2624,#216);
#141=LINE('',#2626,#217);
#142=LINE('',#2628,#218);
#143=LINE('',#2630,#219);
#144=LINE('',#2632,#220);
#145=LINE('',#2634,#221);
#146=VECTOR('',#1254,1.);
#147=VECTOR('',#1257,1.);
#148=VECTOR('',#1260,1.);
#149=VECTOR('',#1263,1.);
#150=VECTOR('',#1264,1.);
#151=VECTOR('',#1265,1.);
#152=VECTOR('',#1266,1.);
#153=VECTOR('',#1267,1.);
#154=VECTOR('',#1284,1.);
#155=VECTOR('',#1285,1.);
#156=VECTOR('',#1286,1.);
#157=VECTOR('',#1287,1.);
#158=VECTOR('',#1292,1.);
#159=VECTOR('',#1295,1.);
#160=VECTOR('',#1298,1.);
#161=VECTOR('',#1301,1.);
#162=VECTOR('',#1304,1.);
#163=VECTOR('',#1305,1.);
#164=VECTOR('',#1306,1.);
#165=VECTOR('',#1307,1.);
#166=VECTOR('',#1310,1.);
#167=VECTOR('',#1311,1.);
#168=VECTOR('',#1314,1.);
#169=VECTOR('',#1317,1.);
#170=VECTOR('',#1320,1.);
#171=VECTOR('',#1323,1.);
#172=VECTOR('',#1326,1.);
#173=VECTOR('',#1329,1.);
#174=VECTOR('',#1332,1.);
#175=VECTOR('',#1333,1.);
#176=VECTOR('',#1336,1.);
#177=VECTOR('',#1339,1.);
#178=VECTOR('',#1418,1.);
#179=VECTOR('',#1419,1.);
#180=VECTOR('',#1420,1.);
#181=VECTOR('',#1421,1.);
#182=VECTOR('',#1426,1.);
#183=VECTOR('',#1431,1.);
#184=VECTOR('',#1432,1.);
#185=VECTOR('',#1433,1.);
#186=VECTOR('',#1438,1.);
#187=VECTOR('',#1443,1.);
#188=VECTOR('',#1444,1.);
#189=VECTOR('',#1445,1.);
#190=VECTOR('',#1450,1.);
#191=VECTOR('',#1455,1.);
#192=VECTOR('',#1456,1.);
#193=VECTOR('',#1457,1.);
#194=VECTOR('',#1466,1.);
#195=VECTOR('',#1467,1.);
#196=VECTOR('',#1468,1.);
#197=VECTOR('',#1469,1.);
#198=VECTOR('',#1472,1.);
#199=VECTOR('',#1473,1.);
#200=VECTOR('',#1474,1.);
#201=VECTOR('',#1475,1.);
#202=VECTOR('',#1476,1.);
#203=VECTOR('',#1477,1.);
#204=VECTOR('',#1480,1.);
#205=VECTOR('',#1481,1.);
#206=VECTOR('',#1482,1.);
#207=VECTOR('',#1485,1.);
#208=VECTOR('',#1486,1.);
#209=VECTOR('',#1491,1.);
#210=VECTOR('',#1492,1.);
#211=VECTOR('',#1495,1.);
#212=VECTOR('',#1496,1.);
#213=VECTOR('',#1499,1.);
#214=VECTOR('',#1504,1.);
#215=VECTOR('',#1505,1.);
#216=VECTOR('',#1508,1.);
#217=VECTOR('',#1511,1.);
#218=VECTOR('',#1514,1.);
#219=VECTOR('',#1517,1.);
#220=VECTOR('',#1520,1.);
#221=VECTOR('',#1523,1.);
#222=ORIENTED_EDGE('',*,*,#508,.T.);
#223=ORIENTED_EDGE('',*,*,#509,.F.);
#224=ORIENTED_EDGE('',*,*,#510,.F.);
#225=ORIENTED_EDGE('',*,*,#511,.F.);
#226=ORIENTED_EDGE('',*,*,#512,.F.);
#227=ORIENTED_EDGE('',*,*,#513,.F.);
#228=ORIENTED_EDGE('',*,*,#514,.T.);
#229=ORIENTED_EDGE('',*,*,#515,.F.);
#230=ORIENTED_EDGE('',*,*,#516,.T.);
#231=ORIENTED_EDGE('',*,*,#517,.F.);
#232=ORIENTED_EDGE('',*,*,#518,.F.);
#233=ORIENTED_EDGE('',*,*,#519,.F.);
#234=ORIENTED_EDGE('',*,*,#520,.F.);
#235=ORIENTED_EDGE('',*,*,#521,.T.);
#236=ORIENTED_EDGE('',*,*,#522,.T.);
#237=ORIENTED_EDGE('',*,*,#523,.F.);
#238=ORIENTED_EDGE('',*,*,#524,.F.);
#239=ORIENTED_EDGE('',*,*,#525,.F.);
#240=ORIENTED_EDGE('',*,*,#526,.F.);
#241=ORIENTED_EDGE('',*,*,#527,.F.);
#242=ORIENTED_EDGE('',*,*,#528,.F.);
#243=ORIENTED_EDGE('',*,*,#529,.F.);
#244=ORIENTED_EDGE('',*,*,#530,.F.);
#245=ORIENTED_EDGE('',*,*,#531,.F.);
#246=ORIENTED_EDGE('',*,*,#532,.T.);
#247=ORIENTED_EDGE('',*,*,#533,.T.);
#248=ORIENTED_EDGE('',*,*,#534,.T.);
#249=ORIENTED_EDGE('',*,*,#535,.F.);
#250=ORIENTED_EDGE('',*,*,#536,.F.);
#251=ORIENTED_EDGE('',*,*,#537,.T.);
#252=ORIENTED_EDGE('',*,*,#538,.T.);
#253=ORIENTED_EDGE('',*,*,#539,.T.);
#254=ORIENTED_EDGE('',*,*,#540,.T.);
#255=ORIENTED_EDGE('',*,*,#541,.T.);
#256=ORIENTED_EDGE('',*,*,#542,.T.);
#257=ORIENTED_EDGE('',*,*,#543,.T.);
#258=ORIENTED_EDGE('',*,*,#544,.T.);
#259=ORIENTED_EDGE('',*,*,#545,.T.);
#260=ORIENTED_EDGE('',*,*,#546,.T.);
#261=ORIENTED_EDGE('',*,*,#547,.T.);
#262=ORIENTED_EDGE('',*,*,#548,.T.);
#263=ORIENTED_EDGE('',*,*,#549,.T.);
#264=ORIENTED_EDGE('',*,*,#550,.T.);
#265=ORIENTED_EDGE('',*,*,#551,.T.);
#266=ORIENTED_EDGE('',*,*,#552,.T.);
#267=ORIENTED_EDGE('',*,*,#553,.T.);
#268=ORIENTED_EDGE('',*,*,#554,.F.);
#269=ORIENTED_EDGE('',*,*,#555,.T.);
#270=ORIENTED_EDGE('',*,*,#556,.T.);
#271=ORIENTED_EDGE('',*,*,#557,.F.);
#272=ORIENTED_EDGE('',*,*,#558,.F.);
#273=ORIENTED_EDGE('',*,*,#559,.T.);
#274=ORIENTED_EDGE('',*,*,#560,.T.);
#275=ORIENTED_EDGE('',*,*,#513,.T.);
#276=ORIENTED_EDGE('',*,*,#561,.F.);
#277=ORIENTED_EDGE('',*,*,#562,.T.);
#278=ORIENTED_EDGE('',*,*,#558,.T.);
#279=ORIENTED_EDGE('',*,*,#520,.T.);
#280=ORIENTED_EDGE('',*,*,#563,.F.);
#281=ORIENTED_EDGE('',*,*,#564,.T.);
#282=ORIENTED_EDGE('',*,*,#561,.T.);
#283=ORIENTED_EDGE('',*,*,#519,.T.);
#284=ORIENTED_EDGE('',*,*,#565,.F.);
#285=ORIENTED_EDGE('',*,*,#566,.T.);
#286=ORIENTED_EDGE('',*,*,#563,.T.);
#287=ORIENTED_EDGE('',*,*,#518,.T.);
#288=ORIENTED_EDGE('',*,*,#567,.F.);
#289=ORIENTED_EDGE('',*,*,#568,.T.);
#290=ORIENTED_EDGE('',*,*,#565,.T.);
#291=ORIENTED_EDGE('',*,*,#517,.T.);
#292=ORIENTED_EDGE('',*,*,#569,.F.);
#293=ORIENTED_EDGE('',*,*,#570,.T.);
#294=ORIENTED_EDGE('',*,*,#567,.T.);
#295=ORIENTED_EDGE('',*,*,#516,.F.);
#296=ORIENTED_EDGE('',*,*,#571,.F.);
#297=ORIENTED_EDGE('',*,*,#572,.T.);
#298=ORIENTED_EDGE('',*,*,#569,.T.);
#299=ORIENTED_EDGE('',*,*,#515,.T.);
#300=ORIENTED_EDGE('',*,*,#521,.F.);
#301=ORIENTED_EDGE('',*,*,#573,.F.);
#302=ORIENTED_EDGE('',*,*,#554,.T.);
#303=ORIENTED_EDGE('',*,*,#574,.T.);
#304=ORIENTED_EDGE('',*,*,#524,.T.);
#305=ORIENTED_EDGE('',*,*,#575,.F.);
#306=ORIENTED_EDGE('',*,*,#555,.F.);
#307=ORIENTED_EDGE('',*,*,#573,.T.);
#308=ORIENTED_EDGE('',*,*,#523,.T.);
#309=ORIENTED_EDGE('',*,*,#576,.F.);
#310=ORIENTED_EDGE('',*,*,#556,.F.);
#311=ORIENTED_EDGE('',*,*,#575,.T.);
#312=ORIENTED_EDGE('',*,*,#522,.F.);
#313=ORIENTED_EDGE('',*,*,#574,.F.);
#314=ORIENTED_EDGE('',*,*,#557,.T.);
#315=ORIENTED_EDGE('',*,*,#576,.T.);
#316=ORIENTED_EDGE('',*,*,#560,.F.);
#317=ORIENTED_EDGE('',*,*,#577,.T.);
#318=ORIENTED_EDGE('',*,*,#571,.T.);
#319=ORIENTED_EDGE('',*,*,#514,.F.);
#320=ORIENTED_EDGE('',*,*,#578,.F.);
#321=ORIENTED_EDGE('',*,*,#572,.F.);
#322=ORIENTED_EDGE('',*,*,#579,.F.);
#323=ORIENTED_EDGE('',*,*,#551,.F.);
#324=ORIENTED_EDGE('',*,*,#579,.T.);
#325=ORIENTED_EDGE('',*,*,#577,.F.);
#326=ORIENTED_EDGE('',*,*,#580,.F.);
#327=ORIENTED_EDGE('',*,*,#552,.F.);
#328=ORIENTED_EDGE('',*,*,#578,.T.);
#329=ORIENTED_EDGE('',*,*,#550,.F.);
#330=ORIENTED_EDGE('',*,*,#581,.F.);
#331=ORIENTED_EDGE('',*,*,#570,.F.);
#332=ORIENTED_EDGE('',*,*,#580,.T.);
#333=ORIENTED_EDGE('',*,*,#559,.F.);
#334=ORIENTED_EDGE('',*,*,#582,.F.);
#335=ORIENTED_EDGE('',*,*,#553,.F.);
#336=ORIENTED_EDGE('',*,*,#581,.T.);
#337=ORIENTED_EDGE('',*,*,#549,.F.);
#338=ORIENTED_EDGE('',*,*,#583,.F.);
#339=ORIENTED_EDGE('',*,*,#568,.F.);
#340=ORIENTED_EDGE('',*,*,#582,.T.);
#341=ORIENTED_EDGE('',*,*,#562,.F.);
#342=ORIENTED_EDGE('',*,*,#584,.F.);
#343=ORIENTED_EDGE('',*,*,#546,.F.);
#344=ORIENTED_EDGE('',*,*,#583,.T.);
#345=ORIENTED_EDGE('',*,*,#548,.F.);
#346=ORIENTED_EDGE('',*,*,#585,.F.);
#347=ORIENTED_EDGE('',*,*,#566,.F.);
#348=ORIENTED_EDGE('',*,*,#584,.T.);
#349=ORIENTED_EDGE('',*,*,#564,.F.);
#350=ORIENTED_EDGE('',*,*,#585,.T.);
#351=ORIENTED_EDGE('',*,*,#547,.F.);
#352=ORIENTED_EDGE('',*,*,#586,.T.);
#353=ORIENTED_EDGE('',*,*,#525,.T.);
#354=ORIENTED_EDGE('',*,*,#586,.F.);
#355=ORIENTED_EDGE('',*,*,#587,.T.);
#356=ORIENTED_EDGE('',*,*,#526,.T.);
#357=ORIENTED_EDGE('',*,*,#587,.F.);
#358=ORIENTED_EDGE('',*,*,#588,.T.);
#359=ORIENTED_EDGE('',*,*,#527,.T.);
#360=ORIENTED_EDGE('',*,*,#588,.F.);
#361=ORIENTED_EDGE('',*,*,#589,.T.);
#362=ORIENTED_EDGE('',*,*,#528,.T.);
#363=ORIENTED_EDGE('',*,*,#589,.F.);
#364=ORIENTED_EDGE('',*,*,#590,.T.);
#365=ORIENTED_EDGE('',*,*,#529,.T.);
#366=ORIENTED_EDGE('',*,*,#590,.F.);
#367=ORIENTED_EDGE('',*,*,#591,.T.);
#368=ORIENTED_EDGE('',*,*,#530,.T.);
#369=ORIENTED_EDGE('',*,*,#591,.F.);
#370=ORIENTED_EDGE('',*,*,#592,.T.);
#371=ORIENTED_EDGE('',*,*,#531,.T.);
#372=ORIENTED_EDGE('',*,*,#592,.F.);
#373=ORIENTED_EDGE('',*,*,#593,.F.);
#374=ORIENTED_EDGE('',*,*,#532,.F.);
#375=ORIENTED_EDGE('',*,*,#593,.T.);
#376=ORIENTED_EDGE('',*,*,#594,.T.);
#377=ORIENTED_EDGE('',*,*,#512,.T.);
#378=ORIENTED_EDGE('',*,*,#594,.F.);
#379=ORIENTED_EDGE('',*,*,#595,.T.);
#380=ORIENTED_EDGE('',*,*,#511,.T.);
#381=ORIENTED_EDGE('',*,*,#595,.F.);
#382=ORIENTED_EDGE('',*,*,#596,.T.);
#383=ORIENTED_EDGE('',*,*,#510,.T.);
#384=ORIENTED_EDGE('',*,*,#596,.F.);
#385=ORIENTED_EDGE('',*,*,#597,.T.);
#386=ORIENTED_EDGE('',*,*,#509,.T.);
#387=ORIENTED_EDGE('',*,*,#597,.F.);
#388=ORIENTED_EDGE('',*,*,#598,.T.);
#389=ORIENTED_EDGE('',*,*,#599,.T.);
#390=ORIENTED_EDGE('',*,*,#600,.F.);
#391=ORIENTED_EDGE('',*,*,#601,.T.);
#392=ORIENTED_EDGE('',*,*,#600,.T.);
#393=ORIENTED_EDGE('',*,*,#602,.T.);
#394=ORIENTED_EDGE('',*,*,#603,.F.);
#395=ORIENTED_EDGE('',*,*,#604,.F.);
#396=ORIENTED_EDGE('',*,*,#603,.T.);
#397=ORIENTED_EDGE('',*,*,#605,.T.);
#398=ORIENTED_EDGE('',*,*,#606,.F.);
#399=ORIENTED_EDGE('',*,*,#607,.F.);
#400=ORIENTED_EDGE('',*,*,#606,.T.);
#401=ORIENTED_EDGE('',*,*,#608,.T.);
#402=ORIENTED_EDGE('',*,*,#609,.F.);
#403=ORIENTED_EDGE('',*,*,#610,.F.);
#404=ORIENTED_EDGE('',*,*,#609,.T.);
#405=ORIENTED_EDGE('',*,*,#611,.T.);
#406=ORIENTED_EDGE('',*,*,#612,.F.);
#407=ORIENTED_EDGE('',*,*,#613,.F.);
#408=ORIENTED_EDGE('',*,*,#612,.T.);
#409=ORIENTED_EDGE('',*,*,#614,.T.);
#410=ORIENTED_EDGE('',*,*,#615,.F.);
#411=ORIENTED_EDGE('',*,*,#616,.F.);
#412=ORIENTED_EDGE('',*,*,#615,.T.);
#413=ORIENTED_EDGE('',*,*,#617,.T.);
#414=ORIENTED_EDGE('',*,*,#618,.F.);
#415=ORIENTED_EDGE('',*,*,#619,.T.);
#416=ORIENTED_EDGE('',*,*,#618,.T.);
#417=ORIENTED_EDGE('',*,*,#620,.T.);
#418=ORIENTED_EDGE('',*,*,#598,.F.);
#419=ORIENTED_EDGE('',*,*,#621,.F.);
#420=ORIENTED_EDGE('',*,*,#622,.F.);
#421=ORIENTED_EDGE('',*,*,#623,.F.);
#422=ORIENTED_EDGE('',*,*,#624,.T.);
#423=ORIENTED_EDGE('',*,*,#625,.T.);
#424=ORIENTED_EDGE('',*,*,#534,.F.);
#425=ORIENTED_EDGE('',*,*,#626,.F.);
#426=ORIENTED_EDGE('',*,*,#627,.T.);
#427=ORIENTED_EDGE('',*,*,#625,.F.);
#428=ORIENTED_EDGE('',*,*,#628,.T.);
#429=ORIENTED_EDGE('',*,*,#629,.T.);
#430=ORIENTED_EDGE('',*,*,#630,.T.);
#431=ORIENTED_EDGE('',*,*,#631,.T.);
#432=ORIENTED_EDGE('',*,*,#632,.T.);
#433=ORIENTED_EDGE('',*,*,#633,.T.);
#434=ORIENTED_EDGE('',*,*,#629,.F.);
#435=ORIENTED_EDGE('',*,*,#634,.F.);
#436=ORIENTED_EDGE('',*,*,#623,.T.);
#437=ORIENTED_EDGE('',*,*,#635,.T.);
#438=ORIENTED_EDGE('',*,*,#632,.F.);
#439=ORIENTED_EDGE('',*,*,#636,.F.);
#440=ORIENTED_EDGE('',*,*,#604,.T.);
#441=ORIENTED_EDGE('',*,*,#607,.T.);
#442=ORIENTED_EDGE('',*,*,#610,.T.);
#443=ORIENTED_EDGE('',*,*,#613,.T.);
#444=ORIENTED_EDGE('',*,*,#616,.T.);
#445=ORIENTED_EDGE('',*,*,#619,.F.);
#446=ORIENTED_EDGE('',*,*,#621,.T.);
#447=ORIENTED_EDGE('',*,*,#601,.F.);
#448=ORIENTED_EDGE('',*,*,#624,.F.);
#449=ORIENTED_EDGE('',*,*,#636,.T.);
#450=ORIENTED_EDGE('',*,*,#634,.T.);
#451=ORIENTED_EDGE('',*,*,#628,.F.);
#452=ORIENTED_EDGE('',*,*,#535,.T.);
#453=ORIENTED_EDGE('',*,*,#631,.F.);
#454=ORIENTED_EDGE('',*,*,#637,.F.);
#455=ORIENTED_EDGE('',*,*,#638,.T.);
#456=ORIENTED_EDGE('',*,*,#536,.T.);
#457=ORIENTED_EDGE('',*,*,#638,.F.);
#458=ORIENTED_EDGE('',*,*,#639,.F.);
#459=ORIENTED_EDGE('',*,*,#640,.T.);
#460=ORIENTED_EDGE('',*,*,#533,.F.);
#461=ORIENTED_EDGE('',*,*,#640,.F.);
#462=ORIENTED_EDGE('',*,*,#641,.T.);
#463=ORIENTED_EDGE('',*,*,#626,.T.);
#464=ORIENTED_EDGE('',*,*,#622,.T.);
#465=ORIENTED_EDGE('',*,*,#627,.F.);
#466=ORIENTED_EDGE('',*,*,#641,.F.);
#467=ORIENTED_EDGE('',*,*,#639,.T.);
#468=ORIENTED_EDGE('',*,*,#637,.T.);
#469=ORIENTED_EDGE('',*,*,#630,.F.);
#470=ORIENTED_EDGE('',*,*,#633,.F.);
#471=ORIENTED_EDGE('',*,*,#635,.F.);
#472=ORIENTED_EDGE('',*,*,#642,.F.);
#473=ORIENTED_EDGE('',*,*,#543,.F.);
#474=ORIENTED_EDGE('',*,*,#643,.F.);
#475=ORIENTED_EDGE('',*,*,#602,.F.);
#476=ORIENTED_EDGE('',*,*,#643,.T.);
#477=ORIENTED_EDGE('',*,*,#542,.F.);
#478=ORIENTED_EDGE('',*,*,#644,.F.);
#479=ORIENTED_EDGE('',*,*,#605,.F.);
#480=ORIENTED_EDGE('',*,*,#642,.T.);
#481=ORIENTED_EDGE('',*,*,#599,.F.);
#482=ORIENTED_EDGE('',*,*,#645,.F.);
#483=ORIENTED_EDGE('',*,*,#544,.F.);
#484=ORIENTED_EDGE('',*,*,#644,.T.);
#485=ORIENTED_EDGE('',*,*,#541,.F.);
#486=ORIENTED_EDGE('',*,*,#646,.F.);
#487=ORIENTED_EDGE('',*,*,#608,.F.);
#488=ORIENTED_EDGE('',*,*,#645,.T.);
#489=ORIENTED_EDGE('',*,*,#620,.F.);
#490=ORIENTED_EDGE('',*,*,#647,.F.);
#491=ORIENTED_EDGE('',*,*,#545,.F.);
#492=ORIENTED_EDGE('',*,*,#646,.T.);
#493=ORIENTED_EDGE('',*,*,#540,.F.);
#494=ORIENTED_EDGE('',*,*,#648,.F.);
#495=ORIENTED_EDGE('',*,*,#611,.F.);
#496=ORIENTED_EDGE('',*,*,#647,.T.);
#497=ORIENTED_EDGE('',*,*,#617,.F.);
#498=ORIENTED_EDGE('',*,*,#649,.F.);
#499=ORIENTED_EDGE('',*,*,#538,.F.);
#500=ORIENTED_EDGE('',*,*,#648,.T.);
#501=ORIENTED_EDGE('',*,*,#539,.F.);
#502=ORIENTED_EDGE('',*,*,#649,.T.);
#503=ORIENTED_EDGE('',*,*,#614,.F.);
#504=ORIENTED_EDGE('',*,*,#650,.T.);
#505=ORIENTED_EDGE('',*,*,#508,.F.);
#506=ORIENTED_EDGE('',*,*,#537,.F.);
#507=ORIENTED_EDGE('',*,*,#650,.F.);
#508=EDGE_CURVE('',#651,#651,#750,.T.);
#509=EDGE_CURVE('',#652,#652,#751,.F.);
#510=EDGE_CURVE('',#653,#653,#752,.F.);
#511=EDGE_CURVE('',#654,#654,#753,.F.);
#512=EDGE_CURVE('',#655,#655,#754,.F.);
#513=EDGE_CURVE('',#656,#657,#755,.T.);
#514=EDGE_CURVE('',#656,#658,#70,.T.);
#515=EDGE_CURVE('',#659,#658,#756,.T.);
#516=EDGE_CURVE('',#659,#660,#71,.T.);
#517=EDGE_CURVE('',#661,#660,#757,.T.);
#518=EDGE_CURVE('',#662,#661,#72,.T.);
#519=EDGE_CURVE('',#663,#662,#758,.T.);
#520=EDGE_CURVE('',#657,#663,#73,.T.);
#521=EDGE_CURVE('',#664,#665,#74,.T.);
#522=EDGE_CURVE('',#665,#666,#75,.T.);
#523=EDGE_CURVE('',#667,#666,#76,.T.);
#524=EDGE_CURVE('',#664,#667,#77,.T.);
#525=EDGE_CURVE('',#668,#668,#759,.F.);
#526=EDGE_CURVE('',#669,#669,#760,.F.);
#527=EDGE_CURVE('',#670,#670,#761,.F.);
#528=EDGE_CURVE('',#671,#671,#762,.F.);
#529=EDGE_CURVE('',#672,#672,#763,.F.);
#530=EDGE_CURVE('',#673,#673,#764,.F.);
#531=EDGE_CURVE('',#674,#674,#765,.F.);
#532=EDGE_CURVE('',#675,#675,#766,.T.);
#533=EDGE_CURVE('',#676,#677,#78,.T.);
#534=EDGE_CURVE('',#677,#678,#79,.T.);
#535=EDGE_CURVE('',#679,#678,#80,.T.);
#536=EDGE_CURVE('',#676,#679,#81,.T.);
#537=EDGE_CURVE('',#680,#680,#767,.F.);
#538=EDGE_CURVE('',#681,#682,#82,.T.);
#539=EDGE_CURVE('',#682,#683,#768,.F.);
#540=EDGE_CURVE('',#683,#684,#83,.T.);
#541=EDGE_CURVE('',#684,#685,#769,.F.);
#542=EDGE_CURVE('',#685,#686,#84,.T.);
#543=EDGE_CURVE('',#686,#687,#770,.F.);
#544=EDGE_CURVE('',#687,#688,#85,.T.);
#545=EDGE_CURVE('',#688,#681,#771,.F.);
#546=EDGE_CURVE('',#689,#690,#46,.T.);
#547=EDGE_CURVE('',#690,#691,#47,.T.);
#548=EDGE_CURVE('',#691,#692,#48,.T.);
#549=EDGE_CURVE('',#692,#693,#49,.T.);
#550=EDGE_CURVE('',#693,#694,#50,.T.);
#551=EDGE_CURVE('',#694,#695,#51,.T.);
#552=EDGE_CURVE('',#695,#696,#52,.T.);
#553=EDGE_CURVE('',#696,#689,#53,.T.);
#554=EDGE_CURVE('',#697,#698,#86,.T.);
#555=EDGE_CURVE('',#697,#699,#87,.T.);
#556=EDGE_CURVE('',#699,#700,#88,.T.);
#557=EDGE_CURVE('',#698,#700,#89,.T.);
#558=EDGE_CURVE('',#701,#657,#90,.T.);
#559=EDGE_CURVE('',#701,#702,#54,.T.);
#560=EDGE_CURVE('',#702,#656,#91,.T.);
#561=EDGE_CURVE('',#703,#663,#92,.T.);
#562=EDGE_CURVE('',#703,#701,#55,.T.);
#563=EDGE_CURVE('',#704,#662,#93,.T.);
#564=EDGE_CURVE('',#704,#703,#56,.T.);
#565=EDGE_CURVE('',#705,#661,#94,.T.);
#566=EDGE_CURVE('',#705,#704,#57,.T.);
#567=EDGE_CURVE('',#706,#660,#95,.T.);
#568=EDGE_CURVE('',#706,#705,#58,.T.);
#569=EDGE_CURVE('',#707,#659,#96,.T.);
#570=EDGE_CURVE('',#707,#706,#59,.T.);
#571=EDGE_CURVE('',#708,#658,#97,.T.);
#572=EDGE_CURVE('',#708,#707,#60,.T.);
#573=EDGE_CURVE('',#697,#664,#98,.T.);
#574=EDGE_CURVE('',#698,#665,#99,.T.);
#575=EDGE_CURVE('',#699,#667,#100,.T.);
#576=EDGE_CURVE('',#700,#666,#101,.T.);
#577=EDGE_CURVE('',#702,#708,#61,.T.);
#578=EDGE_CURVE('',#707,#694,#62,.T.);
#579=EDGE_CURVE('',#695,#708,#63,.T.);
#580=EDGE_CURVE('',#696,#702,#64,.F.);
#581=EDGE_CURVE('',#706,#693,#65,.F.);
#582=EDGE_CURVE('',#689,#701,#66,.T.);
#583=EDGE_CURVE('',#705,#692,#67,.T.);
#584=EDGE_CURVE('',#690,#703,#68,.F.);
#585=EDGE_CURVE('',#704,#691,#69,.F.);
#586=EDGE_CURVE('',#709,#709,#772,.T.);
#587=EDGE_CURVE('',#710,#710,#773,.T.);
#588=EDGE_CURVE('',#711,#711,#774,.T.);
#589=EDGE_CURVE('',#712,#712,#775,.T.);
#590=EDGE_CURVE('',#713,#713,#776,.T.);
#591=EDGE_CURVE('',#714,#714,#777,.T.);
#592=EDGE_CURVE('',#715,#715,#778,.T.);
#593=EDGE_CURVE('',#716,#716,#779,.T.);
#594=EDGE_CURVE('',#717,#717,#780,.T.);
#595=EDGE_CURVE('',#718,#718,#781,.T.);
#596=EDGE_CURVE('',#719,#719,#782,.T.);
#597=EDGE_CURVE('',#720,#720,#783,.T.);
#598=EDGE_CURVE('',#721,#722,#102,.T.);
#599=EDGE_CURVE('',#722,#723,#103,.T.);
#600=EDGE_CURVE('',#724,#723,#104,.T.);
#601=EDGE_CURVE('',#724,#721,#105,.T.);
#602=EDGE_CURVE('',#723,#725,#784,.T.);
#603=EDGE_CURVE('',#726,#725,#106,.T.);
#604=EDGE_CURVE('',#724,#726,#785,.T.);
#605=EDGE_CURVE('',#725,#727,#107,.T.);
#606=EDGE_CURVE('',#728,#727,#108,.T.);
#607=EDGE_CURVE('',#726,#728,#109,.T.);
#608=EDGE_CURVE('',#727,#729,#786,.T.);
#609=EDGE_CURVE('',#730,#729,#110,.T.);
#610=EDGE_CURVE('',#728,#730,#787,.T.);
#611=EDGE_CURVE('',#729,#731,#111,.T.);
#612=EDGE_CURVE('',#732,#731,#112,.T.);
#613=EDGE_CURVE('',#730,#732,#113,.T.);
#614=EDGE_CURVE('',#731,#733,#788,.T.);
#615=EDGE_CURVE('',#734,#733,#114,.T.);
#616=EDGE_CURVE('',#732,#734,#789,.T.);
#617=EDGE_CURVE('',#733,#735,#115,.T.);
#618=EDGE_CURVE('',#736,#735,#116,.T.);
#619=EDGE_CURVE('',#736,#734,#117,.T.);
#620=EDGE_CURVE('',#735,#722,#790,.T.);
#621=EDGE_CURVE('',#736,#721,#791,.T.);
#622=EDGE_CURVE('',#737,#738,#118,.T.);
#623=EDGE_CURVE('',#739,#737,#119,.T.);
#624=EDGE_CURVE('',#739,#740,#120,.T.);
#625=EDGE_CURVE('',#740,#738,#121,.T.);
#626=EDGE_CURVE('',#741,#677,#122,.T.);
#627=EDGE_CURVE('',#741,#738,#123,.T.);
#628=EDGE_CURVE('',#740,#742,#124,.T.);
#629=EDGE_CURVE('',#742,#743,#125,.T.);
#630=EDGE_CURVE('',#743,#744,#126,.T.);
#631=EDGE_CURVE('',#744,#678,#127,.T.);
#632=EDGE_CURVE('',#745,#746,#128,.T.);
#633=EDGE_CURVE('',#746,#743,#129,.T.);
#634=EDGE_CURVE('',#745,#742,#130,.T.);
#635=EDGE_CURVE('',#737,#746,#131,.T.);
#636=EDGE_CURVE('',#739,#745,#132,.T.);
#637=EDGE_CURVE('',#747,#744,#133,.T.);
#638=EDGE_CURVE('',#747,#679,#134,.T.);
#639=EDGE_CURVE('',#748,#747,#135,.T.);
#640=EDGE_CURVE('',#748,#676,#136,.T.);
#641=EDGE_CURVE('',#748,#741,#137,.T.);
#642=EDGE_CURVE('',#687,#723,#138,.T.);
#643=EDGE_CURVE('',#725,#686,#139,.T.);
#644=EDGE_CURVE('',#727,#685,#140,.T.);
#645=EDGE_CURVE('',#688,#722,#141,.T.);
#646=EDGE_CURVE('',#729,#684,#142,.T.);
#647=EDGE_CURVE('',#681,#735,#143,.T.);
#648=EDGE_CURVE('',#731,#683,#144,.T.);
#649=EDGE_CURVE('',#682,#733,#145,.T.);
#650=EDGE_CURVE('',#749,#749,#792,.T.);
#651=VERTEX_POINT('',#1535);
#652=VERTEX_POINT('',#1537);
#653=VERTEX_POINT('',#1539);
#654=VERTEX_POINT('',#1541);
#655=VERTEX_POINT('',#1543);
#656=VERTEX_POINT('',#1545);
#657=VERTEX_POINT('',#1546);
#658=VERTEX_POINT('',#1548);
#659=VERTEX_POINT('',#1550);
#660=VERTEX_POINT('',#1552);
#661=VERTEX_POINT('',#1554);
#662=VERTEX_POINT('',#1556);
#663=VERTEX_POINT('',#1558);
#664=VERTEX_POINT('',#1561);
#665=VERTEX_POINT('',#1562);
#666=VERTEX_POINT('',#1564);
#667=VERTEX_POINT('',#1566);
#668=VERTEX_POINT('',#1569);
#669=VERTEX_POINT('',#1571);
#670=VERTEX_POINT('',#1573);
#671=VERTEX_POINT('',#1575);
#672=VERTEX_POINT('',#1577);
#673=VERTEX_POINT('',#1579);
#674=VERTEX_POINT('',#1581);
#675=VERTEX_POINT('',#1583);
#676=VERTEX_POINT('',#1585);
#677=VERTEX_POINT('',#1586);
#678=VERTEX_POINT('',#1588);
#679=VERTEX_POINT('',#1590);
#680=VERTEX_POINT('',#1594);
#681=VERTEX_POINT('',#1596);
#682=VERTEX_POINT('',#1597);
#683=VERTEX_POINT('',#1599);
#684=VERTEX_POINT('',#1601);
#685=VERTEX_POINT('',#1603);
#686=VERTEX_POINT('',#1605);
#687=VERTEX_POINT('',#1607);
#688=VERTEX_POINT('',#1609);
#689=VERTEX_POINT('',#1615);
#690=VERTEX_POINT('',#1616);
#691=VERTEX_POINT('',#1624);
#692=VERTEX_POINT('',#1629);
#693=VERTEX_POINT('',#1637);
#694=VERTEX_POINT('',#1642);
#695=VERTEX_POINT('',#1650);
#696=VERTEX_POINT('',#1655);
#697=VERTEX_POINT('',#1664);
#698=VERTEX_POINT('',#1665);
#699=VERTEX_POINT('',#1667);
#700=VERTEX_POINT('',#1669);
#701=VERTEX_POINT('',#1673);
#702=VERTEX_POINT('',#1681);
#703=VERTEX_POINT('',#1685);
#704=VERTEX_POINT('',#1692);
#705=VERTEX_POINT('',#1702);
#706=VERTEX_POINT('',#1709);
#707=VERTEX_POINT('',#1719);
#708=VERTEX_POINT('',#1726);
#709=VERTEX_POINT('',#2485);
#710=VERTEX_POINT('',#2489);
#711=VERTEX_POINT('',#2493);
#712=VERTEX_POINT('',#2497);
#713=VERTEX_POINT('',#2501);
#714=VERTEX_POINT('',#2505);
#715=VERTEX_POINT('',#2509);
#716=VERTEX_POINT('',#2513);
#717=VERTEX_POINT('',#2517);
#718=VERTEX_POINT('',#2521);
#719=VERTEX_POINT('',#2525);
#720=VERTEX_POINT('',#2529);
#721=VERTEX_POINT('',#2533);
#722=VERTEX_POINT('',#2534);
#723=VERTEX_POINT('',#2536);
#724=VERTEX_POINT('',#2538);
#725=VERTEX_POINT('',#2542);
#726=VERTEX_POINT('',#2544);
#727=VERTEX_POINT('',#2548);
#728=VERTEX_POINT('',#2550);
#729=VERTEX_POINT('',#2554);
#730=VERTEX_POINT('',#2556);
#731=VERTEX_POINT('',#2560);
#732=VERTEX_POINT('',#2562);
#733=VERTEX_POINT('',#2566);
#734=VERTEX_POINT('',#2568);
#735=VERTEX_POINT('',#2572);
#736=VERTEX_POINT('',#2574);
#737=VERTEX_POINT('',#2581);
#738=VERTEX_POINT('',#2582);
#739=VERTEX_POINT('',#2584);
#740=VERTEX_POINT('',#2586);
#741=VERTEX_POINT('',#2590);
#742=VERTEX_POINT('',#2593);
#743=VERTEX_POINT('',#2595);
#744=VERTEX_POINT('',#2597);
#745=VERTEX_POINT('',#2601);
#746=VERTEX_POINT('',#2602);
#747=VERTEX_POINT('',#2611);
#748=VERTEX_POINT('',#2615);
#749=VERTEX_POINT('',#2638);
#750=CIRCLE('',#1131,0.0036);
#751=CIRCLE('',#1132,0.001535);
#752=CIRCLE('',#1133,0.001535);
#753=CIRCLE('',#1134,0.001535);
#754=CIRCLE('',#1135,0.001535);
#755=CIRCLE('',#1136,0.01182965);
#756=CIRCLE('',#1137,0.01182965);
#757=CIRCLE('',#1138,0.01182965);
#758=CIRCLE('',#1139,0.01182965);
#759=CIRCLE('',#1140,0.001535);
#760=CIRCLE('',#1141,0.001535);
#761=CIRCLE('',#1142,0.001535);
#762=CIRCLE('',#1143,0.001535);
#763=CIRCLE('',#1144,0.001535);
#764=CIRCLE('',#1145,0.001535);
#765=CIRCLE('',#1146,0.001535);
#766=CIRCLE('',#1147,0.001535);
#767=CIRCLE('',#1149,0.0066);
#768=CIRCLE('',#1150,0.00468994949366117);
#769=CIRCLE('',#1151,0.00468994949366117);
#770=CIRCLE('',#1152,0.00468994949366117);
#771=CIRCLE('',#1153,0.00468994949366117);
#772=CIRCLE('',#1167,0.001535);
#773=CIRCLE('',#1170,0.001535);
#774=CIRCLE('',#1173,0.001535);
#775=CIRCLE('',#1176,0.001535);
#776=CIRCLE('',#1179,0.001535);
#777=CIRCLE('',#1182,0.001535);
#778=CIRCLE('',#1185,0.001535);
#779=CIRCLE('',#1188,0.001535);
#780=CIRCLE('',#1191,0.001535);
#781=CIRCLE('',#1194,0.001535);
#782=CIRCLE('',#1197,0.001535);
#783=CIRCLE('',#1200,0.001535);
#784=CIRCLE('',#1204,0.00168994949366116);
#785=CIRCLE('',#1205,0.00168994949366116);
#786=CIRCLE('',#1208,0.00168994949366117);
#787=CIRCLE('',#1209,0.00168994949366117);
#788=CIRCLE('',#1212,0.00168994949366117);
#789=CIRCLE('',#1213,0.00168994949366117);
#790=CIRCLE('',#1216,0.00168994949366116);
#791=CIRCLE('',#1217,0.00168994949366116);
#792=CIRCLE('',#1236,0.0036);
#793=EDGE_LOOP('',(#222));
#794=EDGE_LOOP('',(#223));
#795=EDGE_LOOP('',(#224));
#796=EDGE_LOOP('',(#225));
#797=EDGE_LOOP('',(#226));
#798=EDGE_LOOP('',(#227,#228,#229,#230,#231,#232,#233,#234));
#799=EDGE_LOOP('',(#235,#236,#237,#238));
#800=EDGE_LOOP('',(#239));
#801=EDGE_LOOP('',(#240));
#802=EDGE_LOOP('',(#241));
#803=EDGE_LOOP('',(#242));
#804=EDGE_LOOP('',(#243));
#805=EDGE_LOOP('',(#244));
#806=EDGE_LOOP('',(#245));
#807=EDGE_LOOP('',(#246));
#808=EDGE_LOOP('',(#247,#248,#249,#250));
#809=EDGE_LOOP('',(#251));
#810=EDGE_LOOP('',(#252,#253,#254,#255,#256,#257,#258,#259));
#811=EDGE_LOOP('',(#260,#261,#262,#263,#264,#265,#266,#267));
#812=EDGE_LOOP('',(#268,#269,#270,#271));
#813=EDGE_LOOP('',(#272,#273,#274,#275));
#814=EDGE_LOOP('',(#276,#277,#278,#279));
#815=EDGE_LOOP('',(#280,#281,#282,#283));
#816=EDGE_LOOP('',(#284,#285,#286,#287));
#817=EDGE_LOOP('',(#288,#289,#290,#291));
#818=EDGE_LOOP('',(#292,#293,#294,#295));
#819=EDGE_LOOP('',(#296,#297,#298,#299));
#820=EDGE_LOOP('',(#300,#301,#302,#303));
#821=EDGE_LOOP('',(#304,#305,#306,#307));
#822=EDGE_LOOP('',(#308,#309,#310,#311));
#823=EDGE_LOOP('',(#312,#313,#314,#315));
#824=EDGE_LOOP('',(#316,#317,#318,#319));
#825=EDGE_LOOP('',(#320,#321,#322,#323));
#826=EDGE_LOOP('',(#324,#325,#326,#327));
#827=EDGE_LOOP('',(#328,#329,#330,#331));
#828=EDGE_LOOP('',(#332,#333,#334,#335));
#829=EDGE_LOOP('',(#336,#337,#338,#339));
#830=EDGE_LOOP('',(#340,#341,#342,#343));
#831=EDGE_LOOP('',(#344,#345,#346,#347));
#832=EDGE_LOOP('',(#348,#349,#350,#351));
#833=EDGE_LOOP('',(#352));
#834=EDGE_LOOP('',(#353));
#835=EDGE_LOOP('',(#354));
#836=EDGE_LOOP('',(#355));
#837=EDGE_LOOP('',(#356));
#838=EDGE_LOOP('',(#357));
#839=EDGE_LOOP('',(#358));
#840=EDGE_LOOP('',(#359));
#841=EDGE_LOOP('',(#360));
#842=EDGE_LOOP('',(#361));
#843=EDGE_LOOP('',(#362));
#844=EDGE_LOOP('',(#363));
#845=EDGE_LOOP('',(#364));
#846=EDGE_LOOP('',(#365));
#847=EDGE_LOOP('',(#366));
#848=EDGE_LOOP('',(#367));
#849=EDGE_LOOP('',(#368));
#850=EDGE_LOOP('',(#369));
#851=EDGE_LOOP('',(#370));
#852=EDGE_LOOP('',(#371));
#853=EDGE_LOOP('',(#372));
#854=EDGE_LOOP('',(#373));
#855=EDGE_LOOP('',(#374));
#856=EDGE_LOOP('',(#375));
#857=EDGE_LOOP('',(#376));
#858=EDGE_LOOP('',(#377));
#859=EDGE_LOOP('',(#378));
#860=EDGE_LOOP('',(#379));
#861=EDGE_LOOP('',(#380));
#862=EDGE_LOOP('',(#381));
#863=EDGE_LOOP('',(#382));
#864=EDGE_LOOP('',(#383));
#865=EDGE_LOOP('',(#384));
#866=EDGE_LOOP('',(#385));
#867=EDGE_LOOP('',(#386));
#868=EDGE_LOOP('',(#387));
#869=EDGE_LOOP('',(#388,#389,#390,#391));
#870=EDGE_LOOP('',(#392,#393,#394,#395));
#871=EDGE_LOOP('',(#396,#397,#398,#399));
#872=EDGE_LOOP('',(#400,#401,#402,#403));
#873=EDGE_LOOP('',(#404,#405,#406,#407));
#874=EDGE_LOOP('',(#408,#409,#410,#411));
#875=EDGE_LOOP('',(#412,#413,#414,#415));
#876=EDGE_LOOP('',(#416,#417,#418,#419));
#877=EDGE_LOOP('',(#420,#421,#422,#423));
#878=EDGE_LOOP('',(#424,#425,#426,#427,#428,#429,#430,#431));
#879=EDGE_LOOP('',(#432,#433,#434,#435));
#880=EDGE_LOOP('',(#436,#437,#438,#439));
#881=EDGE_LOOP('',(#440,#441,#442,#443,#444,#445,#446,#447));
#882=EDGE_LOOP('',(#448,#449,#450,#451));
#883=EDGE_LOOP('',(#452,#453,#454,#455));
#884=EDGE_LOOP('',(#456,#457,#458,#459));
#885=EDGE_LOOP('',(#460,#461,#462,#463));
#886=EDGE_LOOP('',(#464,#465,#466,#467,#468,#469,#470,#471));
#887=EDGE_LOOP('',(#472,#473,#474,#475));
#888=EDGE_LOOP('',(#476,#477,#478,#479));
#889=EDGE_LOOP('',(#480,#481,#482,#483));
#890=EDGE_LOOP('',(#484,#485,#486,#487));
#891=EDGE_LOOP('',(#488,#489,#490,#491));
#892=EDGE_LOOP('',(#492,#493,#494,#495));
#893=EDGE_LOOP('',(#496,#497,#498,#499));
#894=EDGE_LOOP('',(#500,#501,#502,#503));
#895=EDGE_LOOP('',(#504));
#896=EDGE_LOOP('',(#505));
#897=EDGE_LOOP('',(#506));
#898=EDGE_LOOP('',(#507));
#899=FACE_BOUND('',#793,.T.);
#900=FACE_BOUND('',#794,.T.);
#901=FACE_BOUND('',#795,.T.);
#902=FACE_BOUND('',#796,.T.);
#903=FACE_BOUND('',#797,.T.);
#904=FACE_BOUND('',#798,.T.);
#905=FACE_BOUND('',#799,.T.);
#906=FACE_BOUND('',#800,.T.);
#907=FACE_BOUND('',#801,.T.);
#908=FACE_BOUND('',#802,.T.);
#909=FACE_BOUND('',#803,.T.);
#910=FACE_BOUND('',#804,.T.);
#911=FACE_BOUND('',#805,.T.);
#912=FACE_BOUND('',#806,.T.);
#913=FACE_BOUND('',#807,.T.);
#914=FACE_BOUND('',#808,.T.);
#915=FACE_BOUND('',#809,.T.);
#916=FACE_BOUND('',#810,.T.);
#917=FACE_BOUND('',#811,.T.);
#918=FACE_BOUND('',#812,.T.);
#919=FACE_BOUND('',#813,.T.);
#920=FACE_BOUND('',#814,.T.);
#921=FACE_BOUND('',#815,.T.);
#922=FACE_BOUND('',#816,.T.);
#923=FACE_BOUND('',#817,.T.);
#924=FACE_BOUND('',#818,.T.);
#925=FACE_BOUND('',#819,.T.);
#926=FACE_BOUND('',#820,.T.);
#927=FACE_BOUND('',#821,.T.);
#928=FACE_BOUND('',#822,.T.);
#929=FACE_BOUND('',#823,.T.);
#930=FACE_BOUND('',#824,.T.);
#931=FACE_BOUND('',#825,.T.);
#932=FACE_BOUND('',#826,.T.);
#933=FACE_BOUND('',#827,.T.);
#934=FACE_BOUND('',#828,.T.);
#935=FACE_BOUND('',#829,.T.);
#936=FACE_BOUND('',#830,.T.);
#937=FACE_BOUND('',#831,.T.);
#938=FACE_BOUND('',#832,.T.);
#939=FACE_BOUND('',#833,.T.);
#940=FACE_BOUND('',#834,.T.);
#941=FACE_BOUND('',#835,.T.);
#942=FACE_BOUND('',#836,.T.);
#943=FACE_BOUND('',#837,.T.);
#944=FACE_BOUND('',#838,.T.);
#945=FACE_BOUND('',#839,.T.);
#946=FACE_BOUND('',#840,.T.);
#947=FACE_BOUND('',#841,.T.);
#948=FACE_BOUND('',#842,.T.);
#949=FACE_BOUND('',#843,.T.);
#950=FACE_BOUND('',#844,.T.);
#951=FACE_BOUND('',#845,.T.);
#952=FACE_BOUND('',#846,.T.);
#953=FACE_BOUND('',#847,.T.);
#954=FACE_BOUND('',#848,.T.);
#955=FACE_BOUND('',#849,.T.);
#956=FACE_BOUND('',#850,.T.);
#957=FACE_BOUND('',#851,.T.);
#958=FACE_BOUND('',#852,.T.);
#959=FACE_BOUND('',#853,.T.);
#960=FACE_BOUND('',#854,.T.);
#961=FACE_BOUND('',#855,.T.);
#962=FACE_BOUND('',#856,.T.);
#963=FACE_BOUND('',#857,.T.);
#964=FACE_BOUND('',#858,.T.);
#965=FACE_BOUND('',#859,.T.);
#966=FACE_BOUND('',#860,.T.);
#967=FACE_BOUND('',#861,.T.);
#968=FACE_BOUND('',#862,.T.);
#969=FACE_BOUND('',#863,.T.);
#970=FACE_BOUND('',#864,.T.);
#971=FACE_BOUND('',#865,.T.);
#972=FACE_BOUND('',#866,.T.);
#973=FACE_BOUND('',#867,.T.);
#974=FACE_BOUND('',#868,.T.);
#975=FACE_BOUND('',#869,.T.);
#976=FACE_BOUND('',#870,.T.);
#977=FACE_BOUND('',#871,.T.);
#978=FACE_BOUND('',#872,.T.);
#979=FACE_BOUND('',#873,.T.);
#980=FACE_BOUND('',#874,.T.);
#981=FACE_BOUND('',#875,.T.);
#982=FACE_BOUND('',#876,.T.);
#983=FACE_BOUND('',#877,.T.);
#984=FACE_BOUND('',#878,.T.);
#985=FACE_BOUND('',#879,.T.);
#986=FACE_BOUND('',#880,.T.);
#987=FACE_BOUND('',#881,.T.);
#988=FACE_BOUND('',#882,.T.);
#989=FACE_BOUND('',#883,.T.);
#990=FACE_BOUND('',#884,.T.);
#991=FACE_BOUND('',#885,.T.);
#992=FACE_BOUND('',#886,.T.);
#993=FACE_BOUND('',#887,.T.);
#994=FACE_BOUND('',#888,.T.);
#995=FACE_BOUND('',#889,.T.);
#996=FACE_BOUND('',#890,.T.);
#997=FACE_BOUND('',#891,.T.);
#998=FACE_BOUND('',#892,.T.);
#999=FACE_BOUND('',#893,.T.);
#1000=FACE_BOUND('',#894,.T.);
#1001=FACE_BOUND('',#895,.T.);
#1002=FACE_BOUND('',#896,.T.);
#1003=FACE_BOUND('',#897,.T.);
#1004=FACE_BOUND('',#898,.T.);
#1005=PLANE('',#1130);
#1006=PLANE('',#1148);
#1007=PLANE('',#1155);
#1008=PLANE('',#1157);
#1009=PLANE('',#1159);
#1010=PLANE('',#1161);
#1011=PLANE('',#1162);
#1012=PLANE('',#1163);
#1013=PLANE('',#1164);
#1014=PLANE('',#1165);
#1015=PLANE('',#1168);
#1016=PLANE('',#1171);
#1017=PLANE('',#1174);
#1018=PLANE('',#1177);
#1019=PLANE('',#1180);
#1020=PLANE('',#1183);
#1021=PLANE('',#1186);
#1022=PLANE('',#1189);
#1023=PLANE('',#1192);
#1024=PLANE('',#1195);
#1025=PLANE('',#1198);
#1026=PLANE('',#1201);
#1027=PLANE('',#1202);
#1028=PLANE('',#1206);
#1029=PLANE('',#1210);
#1030=PLANE('',#1214);
#1031=PLANE('',#1218);
#1032=PLANE('',#1219);
#1033=PLANE('',#1220);
#1034=PLANE('',#1221);
#1035=PLANE('',#1222);
#1036=PLANE('',#1223);
#1037=PLANE('',#1224);
#1038=PLANE('',#1225);
#1039=PLANE('',#1226);
#1040=PLANE('',#1228);
#1041=PLANE('',#1229);
#1042=PLANE('',#1232);
#1043=PLANE('',#1233);
#1044=ADVANCED_FACE('',(#899,#900,#901,#902,#903,#904,#905,#906,#907,#908,
#909,#910,#911,#912,#913,#914),#1005,.F.);
#1045=ADVANCED_FACE('',(#915,#916,#917,#918),#1006,.T.);
#1046=ADVANCED_FACE('',(#919),#25,.T.);
#1047=ADVANCED_FACE('',(#920),#1007,.F.);
#1048=ADVANCED_FACE('',(#921),#26,.T.);
#1049=ADVANCED_FACE('',(#922),#1008,.F.);
#1050=ADVANCED_FACE('',(#923),#27,.T.);
#1051=ADVANCED_FACE('',(#924),#1009,.T.);
#1052=ADVANCED_FACE('',(#925),#28,.T.);
#1053=ADVANCED_FACE('',(#926),#1010,.T.);
#1054=ADVANCED_FACE('',(#927),#1011,.F.);
#1055=ADVANCED_FACE('',(#928),#1012,.F.);
#1056=ADVANCED_FACE('',(#929),#1013,.T.);
#1057=ADVANCED_FACE('',(#930),#1014,.T.);
#1058=ADVANCED_FACE('',(#931),#17,.T.);
#1059=ADVANCED_FACE('',(#932),#18,.T.);
#1060=ADVANCED_FACE('',(#933),#19,.T.);
#1061=ADVANCED_FACE('',(#934),#20,.T.);
#1062=ADVANCED_FACE('',(#935),#21,.T.);
#1063=ADVANCED_FACE('',(#936),#22,.T.);
#1064=ADVANCED_FACE('',(#937),#23,.T.);
#1065=ADVANCED_FACE('',(#938),#24,.T.);
#1066=ADVANCED_FACE('',(#939,#940),#29,.F.);
#1067=ADVANCED_FACE('',(#941),#1015,.F.);
#1068=ADVANCED_FACE('',(#942,#943),#30,.F.);
#1069=ADVANCED_FACE('',(#944),#1016,.F.);
#1070=ADVANCED_FACE('',(#945,#946),#31,.F.);
#1071=ADVANCED_FACE('',(#947),#1017,.F.);
#1072=ADVANCED_FACE('',(#948,#949),#32,.F.);
#1073=ADVANCED_FACE('',(#950),#1018,.F.);
#1074=ADVANCED_FACE('',(#951,#952),#33,.F.);
#1075=ADVANCED_FACE('',(#953),#1019,.F.);
#1076=ADVANCED_FACE('',(#954,#955),#34,.F.);
#1077=ADVANCED_FACE('',(#956),#1020,.F.);
#1078=ADVANCED_FACE('',(#957,#958),#35,.F.);
#1079=ADVANCED_FACE('',(#959),#1021,.F.);
#1080=ADVANCED_FACE('',(#960,#961),#36,.F.);
#1081=ADVANCED_FACE('',(#962),#1022,.F.);
#1082=ADVANCED_FACE('',(#963,#964),#37,.F.);
#1083=ADVANCED_FACE('',(#965),#1023,.F.);
#1084=ADVANCED_FACE('',(#966,#967),#38,.F.);
#1085=ADVANCED_FACE('',(#968),#1024,.F.);
#1086=ADVANCED_FACE('',(#969,#970),#39,.F.);
#1087=ADVANCED_FACE('',(#971),#1025,.F.);
#1088=ADVANCED_FACE('',(#972,#973),#40,.F.);
#1089=ADVANCED_FACE('',(#974),#1026,.F.);
#1090=ADVANCED_FACE('',(#975),#1027,.T.);
#1091=ADVANCED_FACE('',(#976),#41,.F.);
#1092=ADVANCED_FACE('',(#977),#1028,.F.);
#1093=ADVANCED_FACE('',(#978),#42,.F.);
#1094=ADVANCED_FACE('',(#979),#1029,.F.);
#1095=ADVANCED_FACE('',(#980),#43,.F.);
#1096=ADVANCED_FACE('',(#981),#1030,.T.);
#1097=ADVANCED_FACE('',(#982),#44,.F.);
#1098=ADVANCED_FACE('',(#983),#1031,.T.);
#1099=ADVANCED_FACE('',(#984),#1032,.T.);
#1100=ADVANCED_FACE('',(#985),#1033,.F.);
#1101=ADVANCED_FACE('',(#986),#1034,.F.);
#1102=ADVANCED_FACE('',(#987,#988),#1035,.F.);
#1103=ADVANCED_FACE('',(#989),#1036,.F.);
#1104=ADVANCED_FACE('',(#990),#1037,.F.);
#1105=ADVANCED_FACE('',(#991),#1038,.T.);
#1106=ADVANCED_FACE('',(#992),#1039,.F.);
#1107=ADVANCED_FACE('',(#993),#12,.F.);
#1108=ADVANCED_FACE('',(#994),#1040,.T.);
#1109=ADVANCED_FACE('',(#995),#1041,.F.);
#1110=ADVANCED_FACE('',(#996),#13,.F.);
#1111=ADVANCED_FACE('',(#997),#14,.F.);
#1112=ADVANCED_FACE('',(#998),#1042,.T.);
#1113=ADVANCED_FACE('',(#999),#1043,.F.);
#1114=ADVANCED_FACE('',(#1000),#15,.F.);
#1115=ADVANCED_FACE('',(#1001,#1002),#45,.F.);
#1116=ADVANCED_FACE('',(#1003,#1004),#16,.F.);
#1117=CLOSED_SHELL('',(#1044,#1045,#1046,#1047,#1048,#1049,#1050,#1051,
#1052,#1053,#1054,#1055,#1056,#1057,#1058,#1059,#1060,#1061,#1062,#1063,
#1064,#1065,#1066,#1067,#1068,#1069,#1070,#1071,#1072,#1073,#1074,#1075,
#1076,#1077,#1078,#1079,#1080,#1081,#1082,#1083,#1084,#1085,#1086,#1087,
#1088,#1089,#1090,#1091,#1092,#1093,#1094,#1095,#1096,#1097,#1098,#1099,
#1100,#1101,#1102,#1103,#1104,#1105,#1106,#1107,#1108,#1109,#1110,#1111,
#1112,#1113,#1114,#1115,#1116));
#1118=STYLED_ITEM('',(#1119),#1126);
#1119=PRESENTATION_STYLE_ASSIGNMENT((#1120));
#1120=SURFACE_STYLE_USAGE(.BOTH.,#1121);
#1121=SURFACE_SIDE_STYLE('',(#1122));
#1122=SURFACE_STYLE_FILL_AREA(#1123);
#1123=FILL_AREA_STYLE('',(#1124));
#1124=FILL_AREA_STYLE_COLOUR('',#1125);
#1125=COLOUR_RGB('',0.498039215686275,0.498039215686275,0.498039215686275);
#1126=MANIFOLD_SOLID_BREP('Part 7',#1117);
#1127=SHAPE_DEFINITION_REPRESENTATION(#2646,#1128);
#1128=SHAPE_REPRESENTATION('Part 7',(#1129),#2641);
#1129=AXIS2_PLACEMENT_3D('',#1532,#1238,#1239);
#1130=AXIS2_PLACEMENT_3D('',#1533,#1240,#1241);
#1131=AXIS2_PLACEMENT_3D('',#1534,#1242,#1243);
#1132=AXIS2_PLACEMENT_3D('',#1536,#1244,#1245);
#1133=AXIS2_PLACEMENT_3D('',#1538,#1246,#1247);
#1134=AXIS2_PLACEMENT_3D('',#1540,#1248,#1249);
#1135=AXIS2_PLACEMENT_3D('',#1542,#1250,#1251);
#1136=AXIS2_PLACEMENT_3D('',#1544,#1252,#1253);
#1137=AXIS2_PLACEMENT_3D('',#1549,#1255,#1256);
#1138=AXIS2_PLACEMENT_3D('',#1553,#1258,#1259);
#1139=AXIS2_PLACEMENT_3D('',#1557,#1261,#1262);
#1140=AXIS2_PLACEMENT_3D('',#1568,#1268,#1269);
#1141=AXIS2_PLACEMENT_3D('',#1570,#1270,#1271);
#1142=AXIS2_PLACEMENT_3D('',#1572,#1272,#1273);
#1143=AXIS2_PLACEMENT_3D('',#1574,#1274,#1275);
#1144=AXIS2_PLACEMENT_3D('',#1576,#1276,#1277);
#1145=AXIS2_PLACEMENT_3D('',#1578,#1278,#1279);
#1146=AXIS2_PLACEMENT_3D('',#1580,#1280,#1281);
#1147=AXIS2_PLACEMENT_3D('',#1582,#1282,#1283);
#1148=AXIS2_PLACEMENT_3D('',#1592,#1288,#1289);
#1149=AXIS2_PLACEMENT_3D('',#1593,#1290,#1291);
#1150=AXIS2_PLACEMENT_3D('',#1598,#1293,#1294);
#1151=AXIS2_PLACEMENT_3D('',#1602,#1296,#1297);
#1152=AXIS2_PLACEMENT_3D('',#1606,#1299,#1300);
#1153=AXIS2_PLACEMENT_3D('',#1610,#1302,#1303);
#1154=AXIS2_PLACEMENT_3D('',#1671,#1308,#1309);
#1155=AXIS2_PLACEMENT_3D('',#1683,#1312,#1313);
#1156=AXIS2_PLACEMENT_3D('',#1690,#1315,#1316);
#1157=AXIS2_PLACEMENT_3D('',#1700,#1318,#1319);
#1158=AXIS2_PLACEMENT_3D('',#1707,#1321,#1322);
#1159=AXIS2_PLACEMENT_3D('',#1717,#1324,#1325);
#1160=AXIS2_PLACEMENT_3D('',#1724,#1327,#1328);
#1161=AXIS2_PLACEMENT_3D('',#1734,#1330,#1331);
#1162=AXIS2_PLACEMENT_3D('',#1737,#1334,#1335);
#1163=AXIS2_PLACEMENT_3D('',#1739,#1337,#1338);
#1164=AXIS2_PLACEMENT_3D('',#1741,#1340,#1341);
#1165=AXIS2_PLACEMENT_3D('',#1742,#1342,#1343);
#1166=AXIS2_PLACEMENT_3D('',#2483,#1344,#1345);
#1167=AXIS2_PLACEMENT_3D('',#2484,#1346,#1347);
#1168=AXIS2_PLACEMENT_3D('',#2486,#1348,#1349);
#1169=AXIS2_PLACEMENT_3D('',#2487,#1350,#1351);
#1170=AXIS2_PLACEMENT_3D('',#2488,#1352,#1353);
#1171=AXIS2_PLACEMENT_3D('',#2490,#1354,#1355);
#1172=AXIS2_PLACEMENT_3D('',#2491,#1356,#1357);
#1173=AXIS2_PLACEMENT_3D('',#2492,#1358,#1359);
#1174=AXIS2_PLACEMENT_3D('',#2494,#1360,#1361);
#1175=AXIS2_PLACEMENT_3D('',#2495,#1362,#1363);
#1176=AXIS2_PLACEMENT_3D('',#2496,#1364,#1365);
#1177=AXIS2_PLACEMENT_3D('',#2498,#1366,#1367);
#1178=AXIS2_PLACEMENT_3D('',#2499,#1368,#1369);
#1179=AXIS2_PLACEMENT_3D('',#2500,#1370,#1371);
#1180=AXIS2_PLACEMENT_3D('',#2502,#1372,#1373);
#1181=AXIS2_PLACEMENT_3D('',#2503,#1374,#1375);
#1182=AXIS2_PLACEMENT_3D('',#2504,#1376,#1377);
#1183=AXIS2_PLACEMENT_3D('',#2506,#1378,#1379);
#1184=AXIS2_PLACEMENT_3D('',#2507,#1380,#1381);
#1185=AXIS2_PLACEMENT_3D('',#2508,#1382,#1383);
#1186=AXIS2_PLACEMENT_3D('',#2510,#1384,#1385);
#1187=AXIS2_PLACEMENT_3D('',#2511,#1386,#1387);
#1188=AXIS2_PLACEMENT_3D('',#2512,#1388,#1389);
#1189=AXIS2_PLACEMENT_3D('',#2514,#1390,#1391);
#1190=AXIS2_PLACEMENT_3D('',#2515,#1392,#1393);
#1191=AXIS2_PLACEMENT_3D('',#2516,#1394,#1395);
#1192=AXIS2_PLACEMENT_3D('',#2518,#1396,#1397);
#1193=AXIS2_PLACEMENT_3D('',#2519,#1398,#1399);
#1194=AXIS2_PLACEMENT_3D('',#2520,#1400,#1401);
#1195=AXIS2_PLACEMENT_3D('',#2522,#1402,#1403);
#1196=AXIS2_PLACEMENT_3D('',#2523,#1404,#1405);
#1197=AXIS2_PLACEMENT_3D('',#2524,#1406,#1407);
#1198=AXIS2_PLACEMENT_3D('',#2526,#1408,#1409);
#1199=AXIS2_PLACEMENT_3D('',#2527,#1410,#1411);
#1200=AXIS2_PLACEMENT_3D('',#2528,#1412,#1413);
#1201=AXIS2_PLACEMENT_3D('',#2530,#1414,#1415);
#1202=AXIS2_PLACEMENT_3D('',#2531,#1416,#1417);
#1203=AXIS2_PLACEMENT_3D('',#2540,#1422,#1423);
#1204=AXIS2_PLACEMENT_3D('',#2541,#1424,#1425);
#1205=AXIS2_PLACEMENT_3D('',#2545,#1427,#1428);
#1206=AXIS2_PLACEMENT_3D('',#2546,#1429,#1430);
#1207=AXIS2_PLACEMENT_3D('',#2552,#1434,#1435);
#1208=AXIS2_PLACEMENT_3D('',#2553,#1436,#1437);
#1209=AXIS2_PLACEMENT_3D('',#2557,#1439,#1440);
#1210=AXIS2_PLACEMENT_3D('',#2558,#1441,#1442);
#1211=AXIS2_PLACEMENT_3D('',#2564,#1446,#1447);
#1212=AXIS2_PLACEMENT_3D('',#2565,#1448,#1449);
#1213=AXIS2_PLACEMENT_3D('',#2569,#1451,#1452);
#1214=AXIS2_PLACEMENT_3D('',#2570,#1453,#1454);
#1215=AXIS2_PLACEMENT_3D('',#2576,#1458,#1459);
#1216=AXIS2_PLACEMENT_3D('',#2577,#1460,#1461);
#1217=AXIS2_PLACEMENT_3D('',#2578,#1462,#1463);
#1218=AXIS2_PLACEMENT_3D('',#2579,#1464,#1465);
#1219=AXIS2_PLACEMENT_3D('',#2588,#1470,#1471);
#1220=AXIS2_PLACEMENT_3D('',#2599,#1478,#1479);
#1221=AXIS2_PLACEMENT_3D('',#2605,#1483,#1484);
#1222=AXIS2_PLACEMENT_3D('',#2608,#1487,#1488);
#1223=AXIS2_PLACEMENT_3D('',#2609,#1489,#1490);
#1224=AXIS2_PLACEMENT_3D('',#2613,#1493,#1494);
#1225=AXIS2_PLACEMENT_3D('',#2617,#1497,#1498);
#1226=AXIS2_PLACEMENT_3D('',#2619,#1500,#1501);
#1227=AXIS2_PLACEMENT_3D('',#2620,#1502,#1503);
#1228=AXIS2_PLACEMENT_3D('',#2623,#1506,#1507);
#1229=AXIS2_PLACEMENT_3D('',#2625,#1509,#1510);
#1230=AXIS2_PLACEMENT_3D('',#2627,#1512,#1513);
#1231=AXIS2_PLACEMENT_3D('',#2629,#1515,#1516);
#1232=AXIS2_PLACEMENT_3D('',#2631,#1518,#1519);
#1233=AXIS2_PLACEMENT_3D('',#2633,#1521,#1522);
#1234=AXIS2_PLACEMENT_3D('',#2635,#1524,#1525);
#1235=AXIS2_PLACEMENT_3D('',#2636,#1526,#1527);
#1236=AXIS2_PLACEMENT_3D('',#2637,#1528,#1529);
#1237=AXIS2_PLACEMENT_3D('',#2639,#1530,#1531);
#1238=DIRECTION('',(0.,0.,1.));
#1239=DIRECTION('',(1.,0.,0.));
#1240=DIRECTION('',(0.,0.,1.));
#1241=DIRECTION('',(1.,0.,0.));
#1242=DIRECTION('',(0.,0.,1.));
#1243=DIRECTION('',(1.,0.,0.));
#1244=DIRECTION('',(0.,0.,1.));
#1245=DIRECTION('',(1.,0.,0.));
#1246=DIRECTION('',(0.,0.,1.));
#1247=DIRECTION('',(1.,0.,0.));
#1248=DIRECTION('',(0.,0.,1.));
#1249=DIRECTION('',(1.,0.,0.));
#1250=DIRECTION('',(0.,0.,1.));
#1251=DIRECTION('',(1.,0.,0.));
#1252=DIRECTION('',(0.,0.,1.));
#1253=DIRECTION('',(1.,0.,0.));
#1254=DIRECTION('',(1.,0.,0.));
#1255=DIRECTION('',(0.,0.,1.));
#1256=DIRECTION('',(1.,0.,0.));
#1257=DIRECTION('',(0.,-1.,0.));
#1258=DIRECTION('',(0.,0.,1.));
#1259=DIRECTION('',(1.,0.,0.));
#1260=DIRECTION('',(1.,1.72927318854518E-16,0.));
#1261=DIRECTION('',(0.,0.,1.));
#1262=DIRECTION('',(1.,0.,0.));
#1263=DIRECTION('',(0.,-1.,0.));
#1264=DIRECTION('',(0.,-1.,0.));
#1265=DIRECTION('',(1.,0.,0.));
#1266=DIRECTION('',(0.,-1.,0.));
#1267=DIRECTION('',(1.,0.,0.));
#1268=DIRECTION('',(0.,0.,1.));
#1269=DIRECTION('',(1.,0.,0.));
#1270=DIRECTION('',(0.,0.,1.));
#1271=DIRECTION('',(1.,0.,0.));
#1272=DIRECTION('',(0.,0.,1.));
#1273=DIRECTION('',(1.,0.,0.));
#1274=DIRECTION('',(0.,0.,1.));
#1275=DIRECTION('',(1.,0.,0.));
#1276=DIRECTION('',(0.,0.,1.));
#1277=DIRECTION('',(1.,0.,0.));
#1278=DIRECTION('',(0.,0.,1.));
#1279=DIRECTION('',(1.,0.,0.));
#1280=DIRECTION('',(0.,0.,1.));
#1281=DIRECTION('',(1.,0.,0.));
#1282=DIRECTION('',(0.,0.,1.));
#1283=DIRECTION('',(1.,0.,0.));
#1284=DIRECTION('',(0.,-1.,0.));
#1285=DIRECTION('',(1.,0.,0.));
#1286=DIRECTION('',(0.,-1.,0.));
#1287=DIRECTION('',(1.,0.,0.));
#1288=DIRECTION('',(0.,0.,1.));
#1289=DIRECTION('',(1.,0.,0.));
#1290=DIRECTION('',(0.,0.,1.));
#1291=DIRECTION('',(1.,0.,0.));
#1292=DIRECTION('',(0.,-1.,0.));
#1293=DIRECTION('',(0.,0.,1.));
#1294=DIRECTION('',(1.,0.,0.));
#1295=DIRECTION('',(-1.,0.,0.));
#1296=DIRECTION('',(0.,0.,1.));
#1297=DIRECTION('',(1.,0.,0.));
#1298=DIRECTION('',(0.,1.,0.));
#1299=DIRECTION('',(0.,0.,1.));
#1300=DIRECTION('',(1.,0.,0.));
#1301=DIRECTION('',(1.,0.,0.));
#1302=DIRECTION('',(0.,0.,1.));
#1303=DIRECTION('',(1.,0.,0.));
#1304=DIRECTION('',(0.,-1.,0.));
#1305=DIRECTION('',(1.,0.,0.));
#1306=DIRECTION('',(0.,-1.,0.));
#1307=DIRECTION('',(1.,0.,0.));
#1308=DIRECTION('',(0.,0.,-1.));
#1309=DIRECTION('',(-1.,0.,0.));
#1310=DIRECTION('',(0.,0.,-1.));
#1311=DIRECTION('',(0.,0.,-1.));
#1312=DIRECTION('',(1.,0.,0.));
#1313=DIRECTION('',(0.,0.,-1.));
#1314=DIRECTION('',(0.,0.,-1.));
#1315=DIRECTION('',(0.,0.,-1.));
#1316=DIRECTION('',(-1.,0.,0.));
#1317=DIRECTION('',(0.,0.,-1.));
#1318=DIRECTION('',(-1.72927318854518E-16,1.,0.));
#1319=DIRECTION('',(-1.,-1.72927318854518E-16,0.));
#1320=DIRECTION('',(0.,0.,-1.));
#1321=DIRECTION('',(0.,0.,-1.));
#1322=DIRECTION('',(-1.,0.,0.));
#1323=DIRECTION('',(0.,0.,-1.));
#1324=DIRECTION('',(1.,0.,0.));
#1325=DIRECTION('',(0.,0.,-1.));
#1326=DIRECTION('',(0.,0.,-1.));
#1327=DIRECTION('',(0.,0.,-1.));
#1328=DIRECTION('',(-1.,0.,0.));
#1329=DIRECTION('',(0.,0.,-1.));
#1330=DIRECTION('',(1.,0.,0.));
#1331=DIRECTION('',(0.,0.,-1.));
#1332=DIRECTION('',(0.,0.,-1.));
#1333=DIRECTION('',(0.,0.,-1.));
#1334=DIRECTION('',(0.,1.,0.));
#1335=DIRECTION('',(0.,0.,1.));
#1336=DIRECTION('',(0.,0.,-1.));
#1337=DIRECTION('',(1.,0.,0.));
#1338=DIRECTION('',(0.,0.,-1.));
#1339=DIRECTION('',(0.,0.,-1.));
#1340=DIRECTION('',(0.,1.,0.));
#1341=DIRECTION('',(0.,0.,1.));
#1342=DIRECTION('',(0.,1.,0.));
#1343=DIRECTION('',(0.,0.,1.));
#1344=DIRECTION('',(0.,0.,-1.));
#1345=DIRECTION('',(-1.,0.,0.));
#1346=DIRECTION('',(0.,0.,1.));
#1347=DIRECTION('',(1.,0.,0.));
#1348=DIRECTION('',(0.,0.,1.));
#1349=DIRECTION('',(1.,0.,0.));
#1350=DIRECTION('',(0.,0.,-1.));
#1351=DIRECTION('',(-1.,0.,0.));
#1352=DIRECTION('',(0.,0.,1.));
#1353=DIRECTION('',(1.,0.,0.));
#1354=DIRECTION('',(0.,0.,1.));
#1355=DIRECTION('',(1.,0.,0.));
#1356=DIRECTION('',(0.,0.,-1.));
#1357=DIRECTION('',(-1.,0.,0.));
#1358=DIRECTION('',(0.,0.,1.));
#1359=DIRECTION('',(1.,0.,0.));
#1360=DIRECTION('',(0.,0.,1.));
#1361=DIRECTION('',(1.,0.,0.));
#1362=DIRECTION('',(0.,0.,-1.));
#1363=DIRECTION('',(-1.,0.,0.));
#1364=DIRECTION('',(0.,0.,1.));
#1365=DIRECTION('',(1.,0.,0.));
#1366=DIRECTION('',(0.,0.,1.));
#1367=DIRECTION('',(1.,0.,0.));
#1368=DIRECTION('',(0.,0.,-1.));
#1369=DIRECTION('',(-1.,0.,0.));
#1370=DIRECTION('',(0.,0.,1.));
#1371=DIRECTION('',(1.,0.,0.));
#1372=DIRECTION('',(0.,0.,1.));
#1373=DIRECTION('',(1.,0.,0.));
#1374=DIRECTION('',(0.,0.,-1.));
#1375=DIRECTION('',(-1.,0.,0.));
#1376=DIRECTION('',(0.,0.,1.));
#1377=DIRECTION('',(1.,0.,0.));
#1378=DIRECTION('',(0.,0.,1.));
#1379=DIRECTION('',(1.,0.,0.));
#1380=DIRECTION('',(0.,0.,-1.));
#1381=DIRECTION('',(-1.,0.,0.));
#1382=DIRECTION('',(0.,0.,1.));
#1383=DIRECTION('',(1.,0.,0.));
#1384=DIRECTION('',(0.,0.,1.));
#1385=DIRECTION('',(1.,0.,0.));
#1386=DIRECTION('',(0.,0.,-1.));
#1387=DIRECTION('',(-1.,0.,0.));
#1388=DIRECTION('',(0.,0.,-1.));
#1389=DIRECTION('',(1.,0.,0.));
#1390=DIRECTION('',(0.,0.,1.));
#1391=DIRECTION('',(1.,0.,0.));
#1392=DIRECTION('',(0.,0.,-1.));
#1393=DIRECTION('',(-1.,0.,0.));
#1394=DIRECTION('',(0.,0.,1.));
#1395=DIRECTION('',(1.,0.,0.));
#1396=DIRECTION('',(0.,0.,1.));
#1397=DIRECTION('',(1.,0.,0.));
#1398=DIRECTION('',(0.,0.,-1.));
#1399=DIRECTION('',(-1.,0.,0.));
#1400=DIRECTION('',(0.,0.,1.));
#1401=DIRECTION('',(1.,0.,0.));
#1402=DIRECTION('',(0.,0.,1.));
#1403=DIRECTION('',(1.,0.,0.));
#1404=DIRECTION('',(0.,0.,-1.));
#1405=DIRECTION('',(-1.,0.,0.));
#1406=DIRECTION('',(0.,0.,1.));
#1407=DIRECTION('',(1.,0.,0.));
#1408=DIRECTION('',(0.,0.,1.));
#1409=DIRECTION('',(1.,0.,0.));
#1410=DIRECTION('',(0.,0.,-1.));
#1411=DIRECTION('',(-1.,0.,0.));
#1412=DIRECTION('',(0.,0.,1.));
#1413=DIRECTION('',(1.,0.,0.));
#1414=DIRECTION('',(0.,0.,1.));
#1415=DIRECTION('',(1.,0.,0.));
#1416=DIRECTION('',(0.,-1.,0.));
#1417=DIRECTION('',(0.,0.,-1.));
#1418=DIRECTION('',(0.,0.,1.));
#1419=DIRECTION('',(-1.,0.,0.));
#1420=DIRECTION('',(0.,0.,1.));
#1421=DIRECTION('',(1.,0.,0.));
#1422=DIRECTION('',(0.,0.,1.));
#1423=DIRECTION('',(1.,0.,0.));
#1424=DIRECTION('',(0.,0.,1.));
#1425=DIRECTION('',(1.,0.,0.));
#1426=DIRECTION('',(0.,0.,1.));
#1427=DIRECTION('',(0.,0.,1.));
#1428=DIRECTION('',(1.,0.,0.));
#1429=DIRECTION('',(-1.,0.,0.));
#1430=DIRECTION('',(0.,0.,1.));
#1431=DIRECTION('',(0.,-1.,0.));
#1432=DIRECTION('',(0.,0.,1.));
#1433=DIRECTION('',(0.,-1.,0.));
#1434=DIRECTION('',(0.,0.,1.));
#1435=DIRECTION('',(1.,0.,0.));
#1436=DIRECTION('',(0.,0.,1.));
#1437=DIRECTION('',(1.,0.,0.));
#1438=DIRECTION('',(0.,0.,1.));
#1439=DIRECTION('',(0.,0.,1.));
#1440=DIRECTION('',(1.,0.,0.));
#1441=DIRECTION('',(0.,-1.,0.));
#1442=DIRECTION('',(0.,0.,-1.));
#1443=DIRECTION('',(1.,0.,0.));
#1444=DIRECTION('',(0.,0.,1.));
#1445=DIRECTION('',(1.,0.,0.));
#1446=DIRECTION('',(0.,0.,1.));
#1447=DIRECTION('',(1.,0.,0.));
#1448=DIRECTION('',(0.,0.,1.));
#1449=DIRECTION('',(1.,0.,0.));
#1450=DIRECTION('',(0.,0.,1.));
#1451=DIRECTION('',(0.,0.,1.));
#1452=DIRECTION('',(1.,0.,0.));
#1453=DIRECTION('',(-1.,0.,0.));
#1454=DIRECTION('',(0.,0.,1.));
#1455=DIRECTION('',(0.,1.,0.));
#1456=DIRECTION('',(0.,0.,1.));
#1457=DIRECTION('',(0.,-1.,0.));
#1458=DIRECTION('',(0.,0.,1.));
#1459=DIRECTION('',(1.,0.,0.));
#1460=DIRECTION('',(0.,0.,1.));
#1461=DIRECTION('',(1.,0.,0.));
#1462=DIRECTION('',(0.,0.,1.));
#1463=DIRECTION('',(1.,0.,0.));
#1464=DIRECTION('',(1.,0.,0.));
#1465=DIRECTION('',(0.,0.,-1.));
#1466=DIRECTION('',(0.,-1.,0.));
#1467=DIRECTION('',(0.,0.,-1.));
#1468=DIRECTION('',(0.,-1.,0.));
#1469=DIRECTION('',(0.,0.,-1.));
#1470=DIRECTION('',(0.,1.,0.));
#1471=DIRECTION('',(0.,0.,1.));
#1472=DIRECTION('',(0.,0.,-1.));
#1473=DIRECTION('',(1.,0.,0.));
#1474=DIRECTION('',(1.,0.,0.));
#1475=DIRECTION('',(0.,0.,-1.));
#1476=DIRECTION('',(1.,0.,0.));
#1477=DIRECTION('',(0.,0.,-1.));
#1478=DIRECTION('',(1.,0.,0.));
#1479=DIRECTION('',(0.,0.,-1.));
#1480=DIRECTION('',(0.,0.,-1.));
#1481=DIRECTION('',(0.,-1.,0.));
#1482=DIRECTION('',(0.,-1.,0.));
#1483=DIRECTION('',(0.,1.,0.));
#1484=DIRECTION('',(0.,0.,1.));
#1485=DIRECTION('',(1.,0.,0.));
#1486=DIRECTION('',(1.,0.,0.));
#1487=DIRECTION('',(0.,0.,1.));
#1488=DIRECTION('',(1.,0.,0.));
#1489=DIRECTION('',(1.,0.,0.));
#1490=DIRECTION('',(0.,0.,-1.));
#1491=DIRECTION('',(0.,-1.,0.));
#1492=DIRECTION('',(0.,0.,-1.));
#1493=DIRECTION('',(0.,1.,0.));
#1494=DIRECTION('',(0.,0.,1.));
#1495=DIRECTION('',(1.,0.,0.));
#1496=DIRECTION('',(0.,0.,-1.));
#1497=DIRECTION('',(1.,0.,0.));
#1498=DIRECTION('',(0.,0.,-1.));
#1499=DIRECTION('',(0.,-1.,0.));
#1500=DIRECTION('',(0.,0.,1.));
#1501=DIRECTION('',(1.,0.,0.));
#1502=DIRECTION('',(0.,0.,1.));
#1503=DIRECTION('',(1.,0.,0.));
#1504=DIRECTION('',(0.,-0.939692620785908,-0.342020143325669));
#1505=DIRECTION('',(-0.939692620785908,0.,0.342020143325669));
#1506=DIRECTION('',(0.342020143325669,0.,0.939692620785908));
#1507=DIRECTION('',(0.,1.,0.));
#1508=DIRECTION('',(-0.939692620785908,0.,0.342020143325669));
#1509=DIRECTION('',(0.,0.342020143325669,-0.939692620785908));
#1510=DIRECTION('',(1.,0.,0.));
#1511=DIRECTION('',(0.,-0.939692620785908,-0.342020143325669));
#1512=DIRECTION('',(0.,0.,1.));
#1513=DIRECTION('',(1.,0.,0.));
#1514=DIRECTION('',(0.,-0.939692620785908,0.342020143325669));
#1515=DIRECTION('',(0.,0.,1.));
#1516=DIRECTION('',(1.,0.,0.));
#1517=DIRECTION('',(-0.939692620785908,0.,-0.342020143325669));
#1518=DIRECTION('',(0.,0.342020143325669,0.939692620785908));
#1519=DIRECTION('',(-1.,0.,0.));
#1520=DIRECTION('',(0.,-0.939692620785908,0.342020143325669));
#1521=DIRECTION('',(0.342020143325669,0.,-0.939692620785908));
#1522=DIRECTION('',(0.,-1.,0.));
#1523=DIRECTION('',(-0.939692620785908,0.,-0.342020143325669));
#1524=DIRECTION('',(0.,0.,1.));
#1525=DIRECTION('',(1.,0.,0.));
#1526=DIRECTION('',(0.,0.,1.));
#1527=DIRECTION('',(1.,0.,0.));
#1528=DIRECTION('',(0.,0.,1.));
#1529=DIRECTION('',(1.,0.,0.));
#1530=DIRECTION('',(0.,0.,1.));
#1531=DIRECTION('',(1.,0.,0.));
#1532=CARTESIAN_POINT('',(0.,0.,0.));
#1533=CARTESIAN_POINT('',(-0.000343925000000106,0.008343625,0.0015));
#1534=CARTESIAN_POINT('',(-0.1841318,0.05900425,0.0015));
#1535=CARTESIAN_POINT('',(-0.1805318,0.05900425,0.0015));
#1536=CARTESIAN_POINT('',(0.0959909911139488,0.035,0.0015));
#1537=CARTESIAN_POINT('',(0.0975259911139488,0.035,0.0015));
#1538=CARTESIAN_POINT('',(0.0617140358517788,-0.053997,0.0015));
#1539=CARTESIAN_POINT('',(0.0632490358517788,-0.053997,0.0015));
#1540=CARTESIAN_POINT('',(-0.0149492941482212,-0.053997,0.0015));
#1541=CARTESIAN_POINT('',(-0.0134142941482212,-0.053997,0.0015));
#1542=CARTESIAN_POINT('',(-0.08964375,-0.053997,0.0015));
#1543=CARTESIAN_POINT('',(-0.08810875,-0.053997,0.0015));
#1544=CARTESIAN_POINT('',(-0.19372115,0.0618546,0.0015));
#1545=CARTESIAN_POINT('',(-0.19372115,0.07368425,0.0015));
#1546=CARTESIAN_POINT('',(-0.2055508,0.0618546,0.0015));
#1547=CARTESIAN_POINT('',(-0.0532799044430256,0.07368425,0.0015));
#1548=CARTESIAN_POINT('',(0.0871613411139488,0.07368425,0.0015));
#1549=CARTESIAN_POINT('',(0.0871613411139488,0.0618546,0.0015));
#1550=CARTESIAN_POINT('',(0.0989909911139488,0.0618546,0.0015));
#1551=CARTESIAN_POINT('',(0.0989909911139488,0.008343625,0.0015));
#1552=CARTESIAN_POINT('',(0.0989909911139488,-0.04516735,0.0015));
#1553=CARTESIAN_POINT('',(0.0871613411139488,-0.04516735,0.0015));
#1554=CARTESIAN_POINT('',(0.0871613411139488,-0.056997,0.0015));
#1555=CARTESIAN_POINT('',(-0.0532799044430256,-0.056997,0.0015));
#1556=CARTESIAN_POINT('',(-0.19372115,-0.056997,0.0015));
#1557=CARTESIAN_POINT('',(-0.19372115,-0.04516735,0.0015));
#1558=CARTESIAN_POINT('',(-0.2055508,-0.04516735,0.0015));
#1559=CARTESIAN_POINT('',(-0.2055508,0.008343625,0.0015));
#1560=CARTESIAN_POINT('',(-0.19615638256073,-1.8049031496048E-6,0.0015));
#1561=CARTESIAN_POINT('',(-0.19615638256073,0.0476253107190132,0.0015));
#1562=CARTESIAN_POINT('',(-0.19615638256073,-0.0476289205253124,0.0015));
#1563=CARTESIAN_POINT('',(-0.0532791689038277,-0.0476289205253124,0.0015));
#1564=CARTESIAN_POINT('',(0.0895980447530747,-0.0476289205253124,0.0015));
#1565=CARTESIAN_POINT('',(0.0895980447530747,-1.8049031496048E-6,0.0015));
#1566=CARTESIAN_POINT('',(0.0895980447530747,0.0476253107190132,0.0015));
#1567=CARTESIAN_POINT('',(-0.0532791689038277,0.0476253107190132,0.0015));
#1568=CARTESIAN_POINT('',(-0.16827384473783,0.07068425,0.0015));
#1569=CARTESIAN_POINT('',(-0.16673884473783,0.07068425,0.0015));
#1570=CARTESIAN_POINT('',(0.0959909911139488,-0.02,0.0015));
#1571=CARTESIAN_POINT('',(0.0975259911139488,-0.02,0.0015));
#1572=CARTESIAN_POINT('',(-0.2025508,0.035,0.0015));
#1573=CARTESIAN_POINT('',(-0.2010158,0.035,0.0015));
#1574=CARTESIAN_POINT('',(-0.2025508,-0.02,0.0015));
#1575=CARTESIAN_POINT('',(-0.2010158,-0.02,0.0015));
#1576=CARTESIAN_POINT('',(-0.168225,-0.053997,0.0015));
#1577=CARTESIAN_POINT('',(-0.16669,-0.053997,0.0015));
#1578=CARTESIAN_POINT('',(-0.0149492941482212,0.0710620656609535,0.0015));
#1579=CARTESIAN_POINT('',(-0.0134142941482212,0.0710620656609535,0.0015));
#1580=CARTESIAN_POINT('',(-0.09160751173783,0.07068425,0.0015));
#1581=CARTESIAN_POINT('',(-0.09007251173783,0.07068425,0.0015));
#1582=CARTESIAN_POINT('',(0.0617140358517788,0.07068425,0.0015));
#1583=CARTESIAN_POINT('',(0.0632490358517788,0.07068425,0.0015));
#1584=CARTESIAN_POINT('',(0.0150686615506008,0.0601253107190132,0.0015));
#1585=CARTESIAN_POINT('',(0.0150686615506008,0.0661253107190132,0.0015));
#1586=CARTESIAN_POINT('',(0.0150686615506008,0.0541253107190132,0.0015));
#1587=CARTESIAN_POINT('',(0.0350686615506008,0.0541253107190132,0.0015));
#1588=CARTESIAN_POINT('',(0.0530686615506008,0.0541253107190132,0.0015));
#1589=CARTESIAN_POINT('',(0.0530686615506008,0.0601253107190132,0.0015));
#1590=CARTESIAN_POINT('',(0.0530686615506008,0.0661253107190132,0.0015));
#1591=CARTESIAN_POINT('',(0.0340686615506008,0.0661253107190132,0.0015));
#1592=CARTESIAN_POINT('',(-0.000343925000000106,0.008343625,0.0065));
#1593=CARTESIAN_POINT('',(-0.1841318,0.05900425,0.0065));
#1594=CARTESIAN_POINT('',(-0.1775318,0.05900425,0.0065));
#1595=CARTESIAN_POINT('',(0.0495686615506008,0.008343625,0.0065));
#1596=CARTESIAN_POINT('',(0.0495686615506008,0.0634353612253521,0.0065));
#1597=CARTESIAN_POINT('',(0.0495686615506008,0.0563152602126744,0.0065));
#1598=CARTESIAN_POINT('',(0.0448787120569396,0.0563152602126744,0.0065));
#1599=CARTESIAN_POINT('',(0.0448787120569396,0.0516253107190132,0.0065));
#1600=CARTESIAN_POINT('',(0.0222586110442619,0.0516253107190132,0.0065));
#1601=CARTESIAN_POINT('',(0.0222586110442619,0.0516253107190132,0.0065));
#1602=CARTESIAN_POINT('',(0.0222586110442619,0.0563152602126744,0.0065));
#1603=CARTESIAN_POINT('',(0.0175686615506007,0.0563152602126744,0.0065));
#1604=CARTESIAN_POINT('',(0.0175686615506007,0.0634353612253521,0.0065));
#1605=CARTESIAN_POINT('',(0.0175686615506007,0.0634353612253521,0.0065));
#1606=CARTESIAN_POINT('',(0.0222586110442619,0.0634353612253521,0.0065));
#1607=CARTESIAN_POINT('',(0.0222586110442619,0.0681253107190132,0.0065));
#1608=CARTESIAN_POINT('',(-0.000343925000000106,0.0681253107190132,0.0065));
#1609=CARTESIAN_POINT('',(0.0448787120569396,0.0681253107190132,0.0065));
#1610=CARTESIAN_POINT('',(0.0448787120569396,0.063435361225352,0.0065));
#1611=CARTESIAN_POINT('',(-0.203619429150102,0.0618546,0.0065));
#1612=CARTESIAN_POINT('',(-0.203619429150102,0.0261806166666667,0.0065));
#1613=CARTESIAN_POINT('',(-0.203619429150102,-0.00949336666666667,0.0065));
#1614=CARTESIAN_POINT('',(-0.203619429150102,-0.04516735,0.0065));
#1615=CARTESIAN_POINT('',(-0.203619429150102,0.0618546,0.0065));
#1616=CARTESIAN_POINT('',(-0.203619429150102,-0.04516735,0.0065));
#1617=CARTESIAN_POINT('',(-0.203619429150102,-0.04516735,0.0065));
#1618=CARTESIAN_POINT('',(-0.203619429150102,-0.0464797248725896,0.0065));
#1619=CARTESIAN_POINT('',(-0.203103423425276,-0.0490460407177447,0.0065));
#1620=CARTESIAN_POINT('',(-0.200904679369555,-0.052350814817021,0.0065));
#1621=CARTESIAN_POINT('',(-0.197599600951187,-0.0545496418688568,0.0065));
#1622=CARTESIAN_POINT('',(-0.195034041292867,-0.0550656291501015,0.0065));
#1623=CARTESIAN_POINT('',(-0.19372115,-0.0550656291501015,0.0065));
#1624=CARTESIAN_POINT('',(-0.19372115,-0.0550656291501016,0.0065));
#1625=CARTESIAN_POINT('',(-0.19372115,-0.0550656291501016,0.0065));
#1626=CARTESIAN_POINT('',(-0.100093652962017,-0.0550656291501016,0.0065));
#1627=CARTESIAN_POINT('',(-0.00646615592403417,-0.0550656291501015,0.0065));
#1628=CARTESIAN_POINT('',(0.0871613411139488,-0.0550656291501015,0.0065));
#1629=CARTESIAN_POINT('',(0.0871613411139488,-0.0550656291501015,0.0065));
#1630=CARTESIAN_POINT('',(0.0871613411139489,-0.0550656291501015,0.0065));
#1631=CARTESIAN_POINT('',(0.088473715986557,-0.0550656291501015,0.0065));
#1632=CARTESIAN_POINT('',(0.091040031831685,-0.0545496234252733,0.0065));
#1633=CARTESIAN_POINT('',(0.0943448059309722,-0.052350879369563,0.0065));
#1634=CARTESIAN_POINT('',(0.0965436329828051,-0.0490458009511597,0.0065));
#1635=CARTESIAN_POINT('',(0.0970596202640504,-0.0464802412929268,0.0065));
#1636=CARTESIAN_POINT('',(0.0970596202640504,-0.04516735,0.0065));
#1637=CARTESIAN_POINT('',(0.0970596202640504,-0.04516735,0.0065));
#1638=CARTESIAN_POINT('',(0.0970596202640504,-0.04516735,0.0065));
#1639=CARTESIAN_POINT('',(0.0970596202640504,-0.00949336666666667,0.0065));
#1640=CARTESIAN_POINT('',(0.0970596202640504,0.0261806166666667,0.0065));
#1641=CARTESIAN_POINT('',(0.0970596202640504,0.0618546,0.0065));
#1642=CARTESIAN_POINT('',(0.0970596202640504,0.0618546,0.0065));
#1643=CARTESIAN_POINT('',(0.0970596202640504,0.0618546,0.0065));
#1644=CARTESIAN_POINT('',(0.0970596202640504,0.0631669748725659,0.0065));
#1645=CARTESIAN_POINT('',(0.0965436145392238,0.0657332907177558,0.0065));
#1646=CARTESIAN_POINT('',(0.0943448704835067,0.0690380648170179,0.0065));
#1647=CARTESIAN_POINT('',(0.0910397920651281,0.0712368918688576,0.0065));
#1648=CARTESIAN_POINT('',(0.0884742324068334,0.0717528791501015,0.0065));
#1649=CARTESIAN_POINT('',(0.0871613411139488,0.0717528791501015,0.0065));
#1650=CARTESIAN_POINT('',(0.0871613411139488,0.0717528791501015,0.0065));
#1651=CARTESIAN_POINT('',(0.0871613411139488,0.0717528791501015,0.0065));
#1652=CARTESIAN_POINT('',(-0.00646615592403417,0.0717528791501015,0.0065));
#1653=CARTESIAN_POINT('',(-0.100093652962017,0.0717528791501015,0.0065));
#1654=CARTESIAN_POINT('',(-0.19372115,0.0717528791501015,0.0065));
#1655=CARTESIAN_POINT('',(-0.19372115,0.0717528791501015,0.0065));
#1656=CARTESIAN_POINT('',(-0.19372115,0.0717528791501015,0.0065));
#1657=CARTESIAN_POINT('',(-0.195033524872596,0.0717528791501015,0.0065));
#1658=CARTESIAN_POINT('',(-0.197599840717742,0.0712368734252796,0.0065));
#1659=CARTESIAN_POINT('',(-0.200904614817021,0.0690381293695413,0.0065));
#1660=CARTESIAN_POINT('',(-0.203103441868857,0.0657330509512405,0.0065));
#1661=CARTESIAN_POINT('',(-0.203619429150102,0.0631674912927527,0.0065));
#1662=CARTESIAN_POINT('',(-0.203619429150102,0.0618546,0.0065));
#1663=CARTESIAN_POINT('',(-0.19615638256073,-1.8049031496048E-6,0.0065));
#1664=CARTESIAN_POINT('',(-0.19615638256073,0.0476253107190132,0.0065));
#1665=CARTESIAN_POINT('',(-0.19615638256073,-0.0476289205253124,0.0065));
#1666=CARTESIAN_POINT('',(-0.0532791689038277,0.0476253107190132,0.0065));
#1667=CARTESIAN_POINT('',(0.0895980447530747,0.0476253107190132,0.0065));
#1668=CARTESIAN_POINT('',(0.0895980447530747,-1.8049031496048E-6,0.0065));
#1669=CARTESIAN_POINT('',(0.0895980447530747,-0.0476289205253124,0.0065));
#1670=CARTESIAN_POINT('',(-0.0532791689038277,-0.0476289205253124,0.0065));
#1671=CARTESIAN_POINT('',(-0.19372115,0.0618546,0.0065));
#1672=CARTESIAN_POINT('',(-0.2055508,0.0618546,0.0065));
#1673=CARTESIAN_POINT('',(-0.2055508,0.0618546,0.00456862915010152));
#1674=CARTESIAN_POINT('',(-0.2055508,0.0618546,0.00456862915010152));
#1675=CARTESIAN_POINT('',(-0.2055508,0.0634030975639391,0.00456862915010152));
#1676=CARTESIAN_POINT('',(-0.204934844822644,0.0664993708162226,0.00456862915010152));
#1677=CARTESIAN_POINT('',(-0.202303772191379,0.0704372221913785,0.00456862915010152));
#1678=CARTESIAN_POINT('',(-0.198365920816223,0.0730682948226441,0.00456862915010153));
#1679=CARTESIAN_POINT('',(-0.195269647563939,0.07368425,0.00456862915010152));
#1680=CARTESIAN_POINT('',(-0.19372115,0.07368425,0.00456862915010152));
#1681=CARTESIAN_POINT('',(-0.19372115,0.07368425,0.00456862915010149));
#1682=CARTESIAN_POINT('',(-0.19372115,0.07368425,0.0065));
#1683=CARTESIAN_POINT('',(-0.2055508,0.008343625,0.0065));
#1684=CARTESIAN_POINT('',(-0.2055508,-0.04516735,0.0065));
#1685=CARTESIAN_POINT('',(-0.2055508,-0.04516735,0.00456862915010152));
#1686=CARTESIAN_POINT('',(-0.2055508,-0.04516735,0.00456862915010152));
#1687=CARTESIAN_POINT('',(-0.2055508,-0.00949336666666667,0.00456862915010152));
#1688=CARTESIAN_POINT('',(-0.2055508,0.0261806166666667,0.00456862915010152));
#1689=CARTESIAN_POINT('',(-0.2055508,0.0618546,0.00456862915010152));
#1690=CARTESIAN_POINT('',(-0.19372115,-0.04516735,0.0065));
#1691=CARTESIAN_POINT('',(-0.19372115,-0.056997,0.0065));
#1692=CARTESIAN_POINT('',(-0.19372115,-0.056997,0.00456862915010152));
#1693=CARTESIAN_POINT('',(-0.19372115,-0.056997,0.00456862915010152));
#1694=CARTESIAN_POINT('',(-0.195269647563939,-0.056997,0.00456862915010152));
#1695=CARTESIAN_POINT('',(-0.198365920816223,-0.0563810448226441,0.00456862915010152));
#1696=CARTESIAN_POINT('',(-0.202303772191379,-0.0537499721913785,0.00456862915010152));
#1697=CARTESIAN_POINT('',(-0.204934844822644,-0.0498121208162225,0.00456862915010153));
#1698=CARTESIAN_POINT('',(-0.2055508,-0.0467158475639391,0.00456862915010152));
#1699=CARTESIAN_POINT('',(-0.2055508,-0.04516735,0.00456862915010152));
#1700=CARTESIAN_POINT('',(-0.0532799044430256,-0.056997,0.0065));
#1701=CARTESIAN_POINT('',(0.0871613411139488,-0.056997,0.0065));
#1702=CARTESIAN_POINT('',(0.0871613411139488,-0.056997,0.00456862915010145));
#1703=CARTESIAN_POINT('',(0.0871613411139488,-0.056997,0.00456862915010152));
#1704=CARTESIAN_POINT('',(-0.00646615592403414,-0.056997,0.00456862915010152));
#1705=CARTESIAN_POINT('',(-0.100093652962017,-0.056997,0.00456862915010152));
#1706=CARTESIAN_POINT('',(-0.19372115,-0.056997,0.00456862915010152));
#1707=CARTESIAN_POINT('',(0.0871613411139488,-0.04516735,0.0065));
#1708=CARTESIAN_POINT('',(0.0989909911139488,-0.04516735,0.0065));
#1709=CARTESIAN_POINT('',(0.0989909911139488,-0.04516735,0.00456862915010152));
#1710=CARTESIAN_POINT('',(0.0989909911139488,-0.04516735,0.00456862915010152));
#1711=CARTESIAN_POINT('',(0.0989909911139488,-0.0467158475639391,0.00456862915010152));
#1712=CARTESIAN_POINT('',(0.0983750359365929,-0.0498121208162225,0.00456862915010152));
#1713=CARTESIAN_POINT('',(0.0957439633053273,-0.0537499721913785,0.00456862915010152));
#1714=CARTESIAN_POINT('',(0.0918061119301714,-0.0563810448226441,0.00456862915010153));
#1715=CARTESIAN_POINT('',(0.0887098386778879,-0.056997,0.00456862915010152));
#1716=CARTESIAN_POINT('',(0.0871613411139488,-0.056997,0.00456862915010152));
#1717=CARTESIAN_POINT('',(0.0989909911139488,0.008343625,0.0065));
#1718=CARTESIAN_POINT('',(0.0989909911139488,0.0618546,0.0065));
#1719=CARTESIAN_POINT('',(0.0989909911139488,0.0618546,0.00456862915010151));
#1720=CARTESIAN_POINT('',(0.0989909911139488,0.0618546,0.00456862915010152));
#1721=CARTESIAN_POINT('',(0.0989909911139488,0.0261806166666667,0.00456862915010152));
#1722=CARTESIAN_POINT('',(0.0989909911139488,-0.00949336666666667,0.00456862915010152));
#1723=CARTESIAN_POINT('',(0.0989909911139488,-0.04516735,0.00456862915010152));
#1724=CARTESIAN_POINT('',(0.0871613411139488,0.0618546,0.0065));
#1725=CARTESIAN_POINT('',(0.0871613411139488,0.07368425,0.0065));
#1726=CARTESIAN_POINT('',(0.0871613411139488,0.07368425,0.00456862915010152));
#1727=CARTESIAN_POINT('',(0.0871613411139488,0.07368425,0.00456862915010152));
#1728=CARTESIAN_POINT('',(0.0887098386778879,0.07368425,0.00456862915010152));
#1729=CARTESIAN_POINT('',(0.0918061119301714,0.0730682948226441,0.00456862915010152));
#1730=CARTESIAN_POINT('',(0.0957439633053273,0.0704372221913785,0.00456862915010152));
#1731=CARTESIAN_POINT('',(0.098375035936593,0.0664993708162226,0.00456862915010153));
#1732=CARTESIAN_POINT('',(0.0989909911139488,0.0634030975639391,0.00456862915010152));
#1733=CARTESIAN_POINT('',(0.0989909911139488,0.0618546,0.00456862915010152));
#1734=CARTESIAN_POINT('',(-0.19615638256073,-1.8049031496048E-6,0.0065));
#1735=CARTESIAN_POINT('',(-0.19615638256073,0.0476253107190132,0.0065));
#1736=CARTESIAN_POINT('',(-0.19615638256073,-0.0476289205253124,0.0065));
#1737=CARTESIAN_POINT('',(-0.0532791689038277,0.0476253107190132,0.0065));
#1738=CARTESIAN_POINT('',(0.0895980447530747,0.0476253107190132,0.0065));
#1739=CARTESIAN_POINT('',(0.0895980447530747,-1.8049031496048E-6,0.0065));
#1740=CARTESIAN_POINT('',(0.0895980447530747,-0.0476289205253124,0.0065));
#1741=CARTESIAN_POINT('',(-0.0532791689038277,-0.0476289205253124,0.0065));
#1742=CARTESIAN_POINT('',(-0.0532799044430256,0.07368425,0.0065));
#1743=CARTESIAN_POINT('',(-0.19372115,0.07368425,0.00456862915010152));
#1744=CARTESIAN_POINT('',(-0.100093652962017,0.07368425,0.00456862915010152));
#1745=CARTESIAN_POINT('',(-0.00646615592403414,0.07368425,0.00456862915010152));
#1746=CARTESIAN_POINT('',(0.0871613411139488,0.07368425,0.00456862915010152));
#1747=CARTESIAN_POINT('',(0.0970596202640504,0.0618546,0.0065));
#1748=CARTESIAN_POINT('',(0.0970596202640504,0.0631502817152965,0.0065));
#1749=CARTESIAN_POINT('',(0.0965442291669953,0.065741041112202,0.0065));
#1750=CARTESIAN_POINT('',(0.094342719286306,0.0690359781723604,0.0065));
#1751=CARTESIAN_POINT('',(0.0910477822261589,0.0712374880530417,0.0065));
#1752=CARTESIAN_POINT('',(0.0884570228292284,0.0717528791501105,0.0065));
#1753=CARTESIAN_POINT('',(0.0871613411139488,0.0717528791501015,0.0065));
#1754=CARTESIAN_POINT('',(0.0971199756031097,0.0618546,0.0065));
#1755=CARTESIAN_POINT('',(0.0971199756031078,0.0631581822107312,0.00650000000000047));
#1756=CARTESIAN_POINT('',(0.0966014418785401,0.0657647389153762,0.00649999999999979));
#1757=CARTESIAN_POINT('',(0.0943865081619213,0.0690797670479751,0.00650000000000006));
#1758=CARTESIAN_POINT('',(0.091071480029331,0.0712947007645866,0.00649999999999998));
#1759=CARTESIAN_POINT('',(0.0884649233246678,0.071813234489168,0.0065));
#1760=CARTESIAN_POINT('',(0.0871613411139488,0.0718132344891608,0.0065));
#1761=CARTESIAN_POINT('',(0.0971804029808767,0.0618546,0.00649995088269933));
#1762=CARTESIAN_POINT('',(0.0971804029808729,0.0631660921360107,0.00649995088270027));
#1763=CARTESIAN_POINT('',(0.0966587228778265,0.0657884650036888,0.0064999508826989));
#1764=CARTESIAN_POINT('',(0.0944303493029044,0.0691236081889579,0.00649995088269947));
#1765=CARTESIAN_POINT('',(0.0910952061176424,0.0713519817638732,0.00649995088269924));
#1766=CARTESIAN_POINT('',(0.0884728332499502,0.0718736618669331,0.00649995088269945));
#1767=CARTESIAN_POINT('',(0.0871613411139488,0.0718736618669278,0.00649995088269933));
#1768=CARTESIAN_POINT('',(0.097303032508208,0.0618546,0.00649658143587359));
#1769=CARTESIAN_POINT('',(0.0973030325082008,0.063182144303656,0.00649658143587545));
#1770=CARTESIAN_POINT('',(0.0967749672380345,0.0658366140232673,0.00649658143587272));
#1771=CARTESIAN_POINT('',(0.0945193192134826,0.0692125780995359,0.00649658143587389));
#1772=CARTESIAN_POINT('',(0.0911433551372197,0.0714682261240807,0.0064965814358733));
#1773=CARTESIAN_POINT('',(0.088488885417598,0.0719962913942621,0.00649658143587408));
#1774=CARTESIAN_POINT('',(0.0871613411139488,0.0719962913942592,0.00649658143587359));
#1775=CARTESIAN_POINT('',(0.0973652215598256,0.0618546,0.00649326765532194));
#1776=CARTESIAN_POINT('',(0.0973652215598168,0.0631902848315044,0.00649326765532426));
#1777=CARTESIAN_POINT('',(0.096833918183003,0.0658610318117809,0.00649326765532084));
#1778=CARTESIAN_POINT('',(0.0945644384802836,0.069257697366337,0.00649326765532232));
#1779=CARTESIAN_POINT('',(0.0911677729257333,0.0715271770690487,0.00649326765532152));
#1780=CARTESIAN_POINT('',(0.0884970259454464,0.0720584804458792,0.00649326765532268));
#1781=CARTESIAN_POINT('',(0.0871613411139488,0.0720584804458767,0.00649326765532194));
#1782=CARTESIAN_POINT('',(0.0975546178711966,0.0618546,0.00647527107635764));
#1783=CARTESIAN_POINT('',(0.0975546178711837,0.063215076750774,0.00647527107636121));
#1784=CARTESIAN_POINT('',(0.0970134528637617,0.0659353960118449,0.00647527107635592));
#1785=CARTESIAN_POINT('',(0.0947018488842307,0.0693951077702852,0.00647527107635827));
#1786=CARTESIAN_POINT('',(0.0912421371257992,0.071706711749805,0.00647527107635681));
#1787=CARTESIAN_POINT('',(0.0885218178647122,0.0722478767572511,0.00647527107635915));
#1788=CARTESIAN_POINT('',(0.0871613411139488,0.0722478767572478,0.00647527107635764));
#1789=CARTESIAN_POINT('',(0.0976849686381928,0.0618546,0.00645221868991137));
#1790=CARTESIAN_POINT('',(0.097684968638178,0.063232139626333,0.00645221868991565));
#1791=CARTESIAN_POINT('',(0.0971370164282781,0.0659865766839769,0.00645221868990931));
#1792=CARTESIAN_POINT('',(0.0947964206919816,0.0694896795780377,0.00645221868991215));
#1793=CARTESIAN_POINT('',(0.0912933177979346,0.0718302753143183,0.00645221868991027));
#1794=CARTESIAN_POINT('',(0.0885388807402645,0.0723782275242513,0.0064522186899134));
#1795=CARTESIAN_POINT('',(0.0871613411139488,0.072378227524244,0.00645221868991137));
#1796=CARTESIAN_POINT('',(0.0979431553663911,0.0618546,0.00637677451608721));
#1797=CARTESIAN_POINT('',(0.097943155366374,0.063265936190142,0.00637677451609219));
#1798=CARTESIAN_POINT('',(0.0973817596943291,0.066087950619775,0.00637677451608481));
#1799=CARTESIAN_POINT('',(0.0949837397709994,0.0696769986570591,0.00637677451608812));
#1800=CARTESIAN_POINT('',(0.0913946917337402,0.0720750185803628,0.00637677451608593));
#1801=CARTESIAN_POINT('',(0.0885726773040586,0.0726364142524601,0.00637677451608956));
#1802=CARTESIAN_POINT('',(0.0871613411139488,0.0726364142524423,0.00637677451608721));
#1803=CARTESIAN_POINT('',(0.0980705721932941,0.0618546,0.00632459229585883));
#1804=CARTESIAN_POINT('',(0.0980705721932767,0.0632826150138402,0.00632459229586379));
#1805=CARTESIAN_POINT('',(0.0975025420853669,0.0661379793153636,0.00632459229585645));
#1806=CARTESIAN_POINT('',(0.0950761829528525,0.0697694418389139,0.00632459229585971));
#1807=CARTESIAN_POINT('',(0.0914447204293326,0.0721958009713973,0.00632459229585766));
#1808=CARTESIAN_POINT('',(0.0885893561277486,0.0727638310793695,0.00632459229586096));
#1809=CARTESIAN_POINT('',(0.0871613411139488,0.0727638310793453,0.00632459229585883));
#1810=CARTESIAN_POINT('',(0.0983063352364946,0.0618546,0.00619162193949375));
#1811=CARTESIAN_POINT('',(0.0983063352364774,0.063313476324136,0.00619162193949782));
#1812=CARTESIAN_POINT('',(0.0977260292398361,0.0662305488590106,0.00619162193949182));
#1813=CARTESIAN_POINT('',(0.0952472332482223,0.0699404921342863,0.00619162193949439));
#1814=CARTESIAN_POINT('',(0.0915372899729857,0.0724192881258622,0.0061916219394931));
#1815=CARTESIAN_POINT('',(0.0886202174380321,0.0729995941225785,0.00619162193949483));
#1816=CARTESIAN_POINT('',(0.0871613411139488,0.0729995941225458,0.00619162193949375));
#1817=CARTESIAN_POINT('',(0.098414262318493,0.0618546,0.00611104337050656));
#1818=CARTESIAN_POINT('',(0.0984142623184764,0.063327603946182,0.00611104337050974));
#1819=CARTESIAN_POINT('',(0.0978283366927707,0.0662729251389916,0.00611104337050507));
#1820=CARTESIAN_POINT('',(0.0953255362723251,0.0700187951583897,0.00611104337050698));
#1821=CARTESIAN_POINT('',(0.0915796662529687,0.072521595578796,0.00611104337050634));
#1822=CARTESIAN_POINT('',(0.0886343450600739,0.0731075212045788,0.00611104337050679));
#1823=CARTESIAN_POINT('',(0.0871613411139488,0.0731075212045442,0.00611104337050656));
#1824=CARTESIAN_POINT('',(0.0986020344844554,0.0618546,0.00592327120454421));
#1825=CARTESIAN_POINT('',(0.0986020344844406,0.063352183265313,0.00592327120454551));
#1826=CARTESIAN_POINT('',(0.0980063317953515,0.0663466516377554,0.00592327120454361));
#1827=CARTESIAN_POINT('',(0.0954617683297937,0.0701550272158583,0.00592327120454434));
#1828=CARTESIAN_POINT('',(0.0916533927517336,0.0726995906813783,0.00592327120454427));
#1829=CARTESIAN_POINT('',(0.0886589243792022,0.0732952933705393,0.00592327120454397));
#1830=CARTESIAN_POINT('',(0.0871613411139488,0.0732952933705066,0.00592327120454421));
#1831=CARTESIAN_POINT('',(0.0986826130534426,0.0618546,0.00581534412254576));
#1832=CARTESIAN_POINT('',(0.0986826130534293,0.0633627309753636,0.00581534412254619));
#1833=CARTESIAN_POINT('',(0.098082714738367,0.066378289850674,0.00581534412254554));
#1834=CARTESIAN_POINT('',(0.0955202295196341,0.0702134884056979,0.00581534412254587));
#1835=CARTESIAN_POINT('',(0.0916850309646515,0.0727759736243961,0.00581534412254553));
#1836=CARTESIAN_POINT('',(0.088669472089254,0.0733758719395233,0.00581534412254622));
#1837=CARTESIAN_POINT('',(0.0871613411139488,0.0733758719394938,0.00581534412254576));
#1838=CARTESIAN_POINT('',(0.0988155834098077,0.0618546,0.00557958107934526));
#1839=CARTESIAN_POINT('',(0.0988155834097981,0.0633801367543673,0.0055795810793447));
#1840=CARTESIAN_POINT('',(0.0982087614934856,0.0664304990732928,0.00557958107934538));
#1841=CARTESIAN_POINT('',(0.0956167018862243,0.0703099607722861,0.00557958107934565));
#1842=CARTESIAN_POINT('',(0.0917372401872674,0.0729020203795199,0.00557958107934357));
#1843=CARTESIAN_POINT('',(0.0886868778682632,0.0735088422958815,0.00557958107934895));
#1844=CARTESIAN_POINT('',(0.0871613411139488,0.0735088422958589,0.00557958107934526));
#1845=CARTESIAN_POINT('',(0.098867765630036,0.0618546,0.00545216425244223));
#1846=CARTESIAN_POINT('',(0.0988677656300287,0.0633869673910446,0.00545216425244154));
#1847=CARTESIAN_POINT('',(0.0982582266503403,0.0664509877989543,0.00545216425244234));
#1848=CARTESIAN_POINT('',(0.0956545610182671,0.0703478199043276,0.0054521642524429));
#1849=CARTESIAN_POINT('',(0.0917577289129267,0.0729514855363775,0.00545216425243945));
#1850=CARTESIAN_POINT('',(0.0886937085049446,0.0735610245161061,0.0054521642524483));
#1851=CARTESIAN_POINT('',(0.0871613411139488,0.0735610245160872,0.00545216425244223));
#1852=CARTESIAN_POINT('',(0.0989432098038602,0.0618546,0.005193977524244));
#1853=CARTESIAN_POINT('',(0.0989432098038567,0.0633968430103371,0.00519397752424343));
#1854=CARTESIAN_POINT('',(0.0983297425397683,0.0664806100529227,0.00519397752424394));
#1855=CARTESIAN_POINT('',(0.0957092971127871,0.0704025559988454,0.00519397752424507));
#1856=CARTESIAN_POINT('',(0.0917873511668914,0.0730230014258105,0.00519397752423975));
#1857=CARTESIAN_POINT('',(0.0887035841242444,0.0736364686899241,0.00519397752425321));
#1858=CARTESIAN_POINT('',(0.0871613411139488,0.0736364686899114,0.005193977524244));
#1859=CARTESIAN_POINT('',(0.0989662621903064,0.0618546,0.00506362675724781));
#1860=CARTESIAN_POINT('',(0.0989662621903045,0.0633998605606764,0.00506362675724747));
#1861=CARTESIAN_POINT('',(0.0983515946170933,0.0664896612971909,0.00506362675724762));
#1862=CARTESIAN_POINT('',(0.0957260220305572,0.0704192809166146,0.00506362675724899));
#1863=CARTESIAN_POINT('',(0.0917964024111579,0.0730448535031375,0.00506362675724327));
#1864=CARTESIAN_POINT('',(0.0887066016745868,0.0736595210763679,0.00506362675725763));
#1865=CARTESIAN_POINT('',(0.0871613411139488,0.0736595210763576,0.00506362675724781));
#1866=CARTESIAN_POINT('',(0.0989842587692707,0.0618546,0.00487423044587674));
#1867=CARTESIAN_POINT('',(0.0989842587692702,0.0634022163073618,0.00487423044587663));
#1868=CARTESIAN_POINT('',(0.0983686541365504,0.066496727439023,0.00487423044587652));
#1869=CARTESIAN_POINT('',(0.095739078869771,0.0704323377558275,0.00487423044587771));
#1870=CARTESIAN_POINT('',(0.0918034685529887,0.0730619130225969,0.00487423044587312));
#1871=CARTESIAN_POINT('',(0.0887089574212748,0.0736775176553288,0.00487423044588457));
#1872=CARTESIAN_POINT('',(0.0871613411139488,0.073677517655322,0.00487423044587674));
#1873=CARTESIAN_POINT('',(0.0989875725498224,0.0618546,0.00481204139425919));
#1874=CARTESIAN_POINT('',(0.0989875725498221,0.063402650080223,0.00481204139425913));
#1875=CARTESIAN_POINT('',(0.0983717953726659,0.0664980285553866,0.00481204139425899));
#1876=CARTESIAN_POINT('',(0.0957414830767004,0.0704347419627568,0.00481204139426002));
#1877=CARTESIAN_POINT('',(0.0918047696693519,0.073065054258713,0.00481204139425609));
#1878=CARTESIAN_POINT('',(0.0887093911941366,0.0736808314358794,0.00481204139426589));
#1879=CARTESIAN_POINT('',(0.0871613411139488,0.0736808314358736,0.00481204139425919));
#1880=CARTESIAN_POINT('',(0.0989909419966481,0.0618546,0.00468941186692782));
#1881=CARTESIAN_POINT('',(0.0989909419966481,0.0634030911397826,0.00468941186692782));
#1882=CARTESIAN_POINT('',(0.0983749893765817,0.066499351528448,0.00468941186692769));
#1883=CARTESIAN_POINT('',(0.0957439276705052,0.0704371865565611,0.00468941186692829));
#1884=CARTESIAN_POINT('',(0.091806092642413,0.0730682482626301,0.00468941186692609));
#1885=CARTESIAN_POINT('',(0.0887098322536967,0.0736842008827026,0.00468941186693155));
#1886=CARTESIAN_POINT('',(0.0871613411139488,0.0736842008826993,0.00468941186692782));
#1887=CARTESIAN_POINT('',(0.0989909911139488,0.0618546,0.00462898448916085));
#1888=CARTESIAN_POINT('',(0.0989909911139488,0.0634030975692222,0.00462898448916085));
#1889=CARTESIAN_POINT('',(0.0983750359364055,0.0664993708137696,0.00462898448916078));
#1890=CARTESIAN_POINT('',(0.0957439633059834,0.0704372221920392,0.00462898448916108));
#1891=CARTESIAN_POINT('',(0.0918061119277346,0.0730682948224546,0.00462898448915998));
#1892=CARTESIAN_POINT('',(0.0887098386831364,0.0736842500000019,0.00462898448916272));
#1893=CARTESIAN_POINT('',(0.0871613411139488,0.07368425,0.00462898448916085));
#1894=CARTESIAN_POINT('',(0.0989909911139488,0.0618546,0.00456862915010152));
#1895=CARTESIAN_POINT('',(0.0989909911139488,0.0634030975692222,0.00456862915010152));
#1896=CARTESIAN_POINT('',(0.0983750359364055,0.0664993708137697,0.00456862915010152));
#1897=CARTESIAN_POINT('',(0.0957439633059834,0.0704372221920389,0.00456862915010152));
#1898=CARTESIAN_POINT('',(0.0918061119277346,0.0730682948224555,0.00456862915010152));
#1899=CARTESIAN_POINT('',(0.0887098386831364,0.07368425,0.00456862915010152));
#1900=CARTESIAN_POINT('',(0.0871613411139488,0.07368425,0.00456862915010152));
#1901=CARTESIAN_POINT('',(0.0989909911139488,0.0618546,0.00456862915010152));
#1902=CARTESIAN_POINT('',(0.0989909911139488,0.0618546,0.00481005050635817));
#1903=CARTESIAN_POINT('',(0.0989658430560074,0.0618546,0.00532810049996928));
#1904=CARTESIAN_POINT('',(0.0985659889347394,0.0618546,0.00607499782080085));
#1905=CARTESIAN_POINT('',(0.0978190916138803,0.0618546,0.00647485194208406));
#1906=CARTESIAN_POINT('',(0.0973010416202876,0.0618546,0.00650000000001934));
#1907=CARTESIAN_POINT('',(0.0970596202640504,0.0618546,0.0065));
#1908=CARTESIAN_POINT('',(0.0871613411139488,0.0717528791501015,0.0065));
#1909=CARTESIAN_POINT('',(0.0871613411139488,0.0719943005063388,0.0065));
#1910=CARTESIAN_POINT('',(0.0871613411139488,0.0725123504999315,0.0064748519420586));
#1911=CARTESIAN_POINT('',(0.0871613411139488,0.0732592478207906,0.00607499782079056));
#1912=CARTESIAN_POINT('',(0.0871613411139488,0.0736591019420587,0.00532810049993139));
#1913=CARTESIAN_POINT('',(0.0871613411139488,0.07368425,0.00481005050633883));
#1914=CARTESIAN_POINT('',(0.0871613411139488,0.07368425,0.00456862915010152));
#1915=CARTESIAN_POINT('',(-0.19372115,0.07368425,0.00456862915010152));
#1916=CARTESIAN_POINT('',(0.0871613411139488,0.07368425,0.00456862915010152));
#1917=CARTESIAN_POINT('',(-0.19372115,0.07368425,0.00485833477758629));
#1918=CARTESIAN_POINT('',(0.0871613411139488,0.07368425,0.00485833477758629));
#1919=CARTESIAN_POINT('',(-0.19372115,0.07368425,0.00514804040507107));
#1920=CARTESIAN_POINT('',(0.0871613411139488,0.07368425,0.00514804040507107));
#1921=CARTESIAN_POINT('',(-0.19372115,0.0734911129150102,0.00585620971670051));
#1922=CARTESIAN_POINT('',(0.0871613411139488,0.0734911129150102,0.00585620971670051));
#1923=CARTESIAN_POINT('',(-0.19372115,0.0730404597167005,0.00630686291501015));
#1924=CARTESIAN_POINT('',(0.0871613411139488,0.0730404597167005,0.00630686291501015));
#1925=CARTESIAN_POINT('',(-0.19372115,0.0723322904050711,0.0065));
#1926=CARTESIAN_POINT('',(0.0871613411139488,0.0723322904050711,0.0065));
#1927=CARTESIAN_POINT('',(-0.19372115,0.0720425847775863,0.0065));
#1928=CARTESIAN_POINT('',(0.0871613411139488,0.0720425847775863,0.0065));
#1929=CARTESIAN_POINT('',(-0.19372115,0.0717528791501015,0.0065));
#1930=CARTESIAN_POINT('',(0.0871613411139488,0.0717528791501015,0.0065));
#1931=CARTESIAN_POINT('',(-0.19372115,0.07368425,0.00456862915010152));
#1932=CARTESIAN_POINT('',(-0.19372115,0.07368425,0.00481005050633883));
#1933=CARTESIAN_POINT('',(-0.19372115,0.0736591019420587,0.00532810049993141));
#1934=CARTESIAN_POINT('',(-0.19372115,0.0732592478207906,0.00607499782079057));
#1935=CARTESIAN_POINT('',(-0.19372115,0.0725123504999314,0.00647485194205861));
#1936=CARTESIAN_POINT('',(-0.19372115,0.0719943005063388,0.0065));
#1937=CARTESIAN_POINT('',(-0.19372115,0.0717528791501015,0.0065));
#1938=CARTESIAN_POINT('',(0.0989909911139488,0.0618546,0.00456862915010152));
#1939=CARTESIAN_POINT('',(0.0989909911139488,-0.04516735,0.00456862915010152));
#1940=CARTESIAN_POINT('',(0.0989909911139488,0.0618546,0.0048583347776095));
#1941=CARTESIAN_POINT('',(0.0989909911139488,-0.04516735,0.0048583347776095));
#1942=CARTESIAN_POINT('',(0.0989909911139488,0.0618546,0.00514804040511748));
#1943=CARTESIAN_POINT('',(0.0989909911139488,-0.04516735,0.00514804040511748));
#1944=CARTESIAN_POINT('',(0.098797854028959,0.0618546,0.00585620971670052));
#1945=CARTESIAN_POINT('',(0.098797854028959,-0.04516735,0.00585620971670052));
#1946=CARTESIAN_POINT('',(0.0983472008306493,0.0618546,0.00630686291503336));
#1947=CARTESIAN_POINT('',(0.0983472008306493,-0.04516735,0.00630686291503336));
#1948=CARTESIAN_POINT('',(0.0976390315190199,0.0618546,0.00650000000002321));
#1949=CARTESIAN_POINT('',(0.0976390315190199,-0.04516735,0.00650000000002321));
#1950=CARTESIAN_POINT('',(0.0973493258915351,0.0618546,0.0065000000000232));
#1951=CARTESIAN_POINT('',(0.0973493258915351,-0.04516735,0.0065000000000232));
#1952=CARTESIAN_POINT('',(0.0970596202640504,0.0618546,0.0065));
#1953=CARTESIAN_POINT('',(0.0970596202640504,-0.04516735,0.0065));
#1954=CARTESIAN_POINT('',(0.0970596202640504,-0.04516735,0.0065));
#1955=CARTESIAN_POINT('',(0.0973010416202876,-0.04516735,0.00650000000001934));
#1956=CARTESIAN_POINT('',(0.0978190916138802,-0.04516735,0.00647485194208406));
#1957=CARTESIAN_POINT('',(0.0985659889347394,-0.04516735,0.00607499782080084));
#1958=CARTESIAN_POINT('',(0.0989658430560075,-0.04516735,0.00532810049996927));
#1959=CARTESIAN_POINT('',(0.0989909911139488,-0.04516735,0.00481005050635817));
#1960=CARTESIAN_POINT('',(0.0989909911139488,-0.04516735,0.00456862915010152));
#1961=CARTESIAN_POINT('',(-0.19372115,0.0717528791501015,0.0065));
#1962=CARTESIAN_POINT('',(-0.195016831715307,0.0717528791501105,0.0065));
#1963=CARTESIAN_POINT('',(-0.197607591112199,0.0712374880530423,0.0065));
#1964=CARTESIAN_POINT('',(-0.200902528172356,0.0690359781723582,0.0065));
#1965=CARTESIAN_POINT('',(-0.203104038053063,0.0657410411122099,0.0065));
#1966=CARTESIAN_POINT('',(-0.203619429150066,0.0631502817152796,0.0065));
#1967=CARTESIAN_POINT('',(-0.203619429150102,0.0618546,0.0065));
#1968=CARTESIAN_POINT('',(-0.19372115,0.0718132344891608,0.0065));
#1969=CARTESIAN_POINT('',(-0.195024732210744,0.071813234489168,0.0065));
#1970=CARTESIAN_POINT('',(-0.197631288915372,0.0712947007645872,0.00649999999999994));
#1971=CARTESIAN_POINT('',(-0.200946317047973,0.0690797670479729,0.00650000000000022));
#1972=CARTESIAN_POINT('',(-0.203161250764601,0.0657647389153841,0.00649999999999919));
#1973=CARTESIAN_POINT('',(-0.203679784489136,0.0631581822107143,0.00650000000000175));
#1974=CARTESIAN_POINT('',(-0.203679784489161,0.0618546,0.0065));
#1975=CARTESIAN_POINT('',(-0.19372115,0.0718736618669278,0.00649995088269933));
#1976=CARTESIAN_POINT('',(-0.195032642136026,0.0718736618669331,0.00649995088269945));
#1977=CARTESIAN_POINT('',(-0.197655015003682,0.0713519817638738,0.00649995088269916));
#1978=CARTESIAN_POINT('',(-0.200990158188957,0.0691236081889556,0.00649995088269979));
#1979=CARTESIAN_POINT('',(-0.203218531763882,0.0657884650036968,0.00649995088269768));
#1980=CARTESIAN_POINT('',(-0.203740211866914,0.0631660921359939,0.00649995088270288));
#1981=CARTESIAN_POINT('',(-0.203740211866928,0.0618546,0.00649995088269933));
#1982=CARTESIAN_POINT('',(-0.19372115,0.0719962913942592,0.00649658143587359));
#1983=CARTESIAN_POINT('',(-0.195048694303676,0.071996291394261,0.00649658143587409));
#1984=CARTESIAN_POINT('',(-0.197703164023258,0.0714682261240819,0.00649658143587313));
#1985=CARTESIAN_POINT('',(-0.201079128099539,0.0692125780995335,0.00649658143587449));
#1986=CARTESIAN_POINT('',(-0.203334776124079,0.0658366140232756,0.00649658143587047));
#1987=CARTESIAN_POINT('',(-0.203862841394265,0.0631821443036386,0.00649658143588029));
#1988=CARTESIAN_POINT('',(-0.203862841394259,0.0618546,0.00649658143587359));
#1989=CARTESIAN_POINT('',(-0.19372115,0.0720584804458767,0.00649326765532194));
#1990=CARTESIAN_POINT('',(-0.195056834831527,0.072058480445877,0.00649326765532269));
#1991=CARTESIAN_POINT('',(-0.19772758181177,0.0715271770690503,0.00649326765532131));
#1992=CARTESIAN_POINT('',(-0.201124247366341,0.0692576973663344,0.00649326765532304));
#1993=CARTESIAN_POINT('',(-0.203393727069043,0.0658610318117894,0.00649326765531817));
#1994=CARTESIAN_POINT('',(-0.20392503044589,0.0631902848314865,0.00649326765533001));
#1995=CARTESIAN_POINT('',(-0.203925030445877,0.0618546,0.00649326765532194));
#1996=CARTESIAN_POINT('',(-0.19372115,0.0722478767572478,0.00647527107635764));
#1997=CARTESIAN_POINT('',(-0.1950816267508,0.0722478767572439,0.00647527107635922));
#1998=CARTESIAN_POINT('',(-0.197801946011832,0.071706711749809,0.0064752710763565));
#1999=CARTESIAN_POINT('',(-0.201261657770292,0.0693951077702818,0.00647527107635926));
#2000=CARTESIAN_POINT('',(-0.203573261749791,0.0659353960118547,0.00647527107635229));
#2001=CARTESIAN_POINT('',(-0.204114426757279,0.0632150767507538,0.00647527107636905));
#2002=CARTESIAN_POINT('',(-0.204114426757248,0.0618546,0.00647527107635763));
#2003=CARTESIAN_POINT('',(-0.19372115,0.072378227524244,0.00645221868991137));
#2004=CARTESIAN_POINT('',(-0.195098689626359,0.0723782275242382,0.00645221868991358));
#2005=CARTESIAN_POINT('',(-0.197853126683964,0.0718302753143253,0.00645221868990989));
#2006=CARTESIAN_POINT('',(-0.201356229578044,0.0694896795780331,0.00645221868991321));
#2007=CARTESIAN_POINT('',(-0.203696825314305,0.0659865766839882,0.00645221868990544));
#2008=CARTESIAN_POINT('',(-0.204244777524279,0.0632321396263101,0.00645221868992396));
#2009=CARTESIAN_POINT('',(-0.204244777524244,0.0618546,0.00645221868991136));
#2010=CARTESIAN_POINT('',(-0.19372115,0.0726364142524423,0.00637677451608721));
#2011=CARTESIAN_POINT('',(-0.195132486190165,0.0726364142524342,0.00637677451609012));
#2012=CARTESIAN_POINT('',(-0.197954500619764,0.0720750185803759,0.00637677451608532));
#2013=CARTESIAN_POINT('',(-0.201543548657063,0.0696769986570522,0.00637677451608944));
#2014=CARTESIAN_POINT('',(-0.203941568580356,0.0660879506197893,0.00637677451608016));
#2015=CARTESIAN_POINT('',(-0.204502964252474,0.0632659361901135,0.00637677451610218));
#2016=CARTESIAN_POINT('',(-0.204502964252442,0.0618546,0.0063767745160872));
#2017=CARTESIAN_POINT('',(-0.19372115,0.0727638310793453,0.00632459229585883));
#2018=CARTESIAN_POINT('',(-0.19514916501386,0.0727638310793369,0.00632459229586181));
#2019=CARTESIAN_POINT('',(-0.198004529315355,0.0721958009714136,0.00632459229585686));
#2020=CARTESIAN_POINT('',(-0.201635991838917,0.0697694418389059,0.00632459229586124));
#2021=CARTESIAN_POINT('',(-0.204062350971396,0.0661379793153792,0.00632459229585114));
#2022=CARTESIAN_POINT('',(-0.204630381079372,0.0632826150138091,0.00632459229587516));
#2023=CARTESIAN_POINT('',(-0.204630381079345,0.0618546,0.00632459229585882));
#2024=CARTESIAN_POINT('',(-0.19372115,0.0729995941225458,0.00619162193949375));
#2025=CARTESIAN_POINT('',(-0.19518002632415,0.0729995941225376,0.00619162193949602));
#2026=CARTESIAN_POINT('',(-0.198097098859005,0.0724192881258824,0.00619162193949193));
#2027=CARTESIAN_POINT('',(-0.201807042134286,0.0699404921342769,0.00619162193949669));
#2028=CARTESIAN_POINT('',(-0.204285838125867,0.0662305488590277,0.0061916219394838));
#2029=CARTESIAN_POINT('',(-0.204866144122566,0.0633134763241024,0.006191621939515));
#2030=CARTESIAN_POINT('',(-0.204866144122546,0.0618546,0.00619162193949373));
#2031=CARTESIAN_POINT('',(-0.19372115,0.0731075212045442,0.00611104337050656));
#2032=CARTESIAN_POINT('',(-0.195194153946194,0.0731075212045365,0.00611104337050805));
#2033=CARTESIAN_POINT('',(-0.198139475138987,0.0725215955788168,0.00611104337050497));
#2034=CARTESIAN_POINT('',(-0.20188534515839,0.0700187951583802,0.00611104337050986));
#2035=CARTESIAN_POINT('',(-0.204388145578802,0.0662729251390086,0.00611104337049491));
#2036=CARTESIAN_POINT('',(-0.204974071204565,0.0633276039461486,0.00611104337053152));
#2037=CARTESIAN_POINT('',(-0.204974071204544,0.0618546,0.00611104337050654));
#2038=CARTESIAN_POINT('',(-0.19372115,0.0732952933705066,0.00592327120454421));
#2039=CARTESIAN_POINT('',(-0.195218733265322,0.0732952933705008,0.00592327120454383));
#2040=CARTESIAN_POINT('',(-0.198213201637752,0.0726995906813974,0.00592327120454325));
#2041=CARTESIAN_POINT('',(-0.202021577215858,0.0701550272158495,0.00592327120454812));
#2042=CARTESIAN_POINT('',(-0.204566140681382,0.0663466516377715,0.00592327120452947));
#2043=CARTESIAN_POINT('',(-0.205161843370531,0.0633521832652816,0.00592327120457596));
#2044=CARTESIAN_POINT('',(-0.205161843370506,0.0618546,0.00592327120454419));
#2045=CARTESIAN_POINT('',(-0.19372115,0.0733758719394938,0.00581534412254576));
#2046=CARTESIAN_POINT('',(-0.19522928097537,0.0733758719394895,0.00581534412254435));
#2047=CARTESIAN_POINT('',(-0.198244839850671,0.072775973624413,0.00581534412254519));
#2048=CARTESIAN_POINT('',(-0.202080038405698,0.0702134884056898,0.00581534412254984));
#2049=CARTESIAN_POINT('',(-0.204642523624398,0.0663782898506894,0.00581534412252993));
#2050=CARTESIAN_POINT('',(-0.20524242193952,0.0633627309753333,0.00581534412257994));
#2051=CARTESIAN_POINT('',(-0.205242421939494,0.0618546,0.00581534412254574));
#2052=CARTESIAN_POINT('',(-0.19372115,0.0735088422958589,0.00557958107934526));
#2053=CARTESIAN_POINT('',(-0.195246686754368,0.0735088422958583,0.00557958107934237));
#2054=CARTESIAN_POINT('',(-0.198297049073293,0.0729020203795318,0.0055795810793454));
#2055=CARTESIAN_POINT('',(-0.202176510772286,0.0703099607722794,0.00557958107934912));
#2056=CARTESIAN_POINT('',(-0.204768570379519,0.0664304990733075,0.00557958107932962));
#2057=CARTESIAN_POINT('',(-0.205375392295883,0.0633801367543377,0.00557958107937915));
#2058=CARTESIAN_POINT('',(-0.205375392295859,0.0618546,0.00557958107934524));
#2059=CARTESIAN_POINT('',(-0.19372115,0.0735610245160872,0.00545216425244223));
#2060=CARTESIAN_POINT('',(-0.195253517391041,0.0735610245160888,0.00545216425243888));
#2061=CARTESIAN_POINT('',(-0.198317537798956,0.0729514855363866,0.00545216425244268));
#2062=CARTESIAN_POINT('',(-0.202214369904328,0.0703478199043216,0.00545216425244572));
#2063=CARTESIAN_POINT('',(-0.204818035536377,0.0664509877989689,0.00545216425242781));
#2064=CARTESIAN_POINT('',(-0.205427574516108,0.0633869673910145,0.00545216425247354));
#2065=CARTESIAN_POINT('',(-0.205427574516087,0.0618546,0.00545216425244222));
#2066=CARTESIAN_POINT('',(-0.19372115,0.0736364686899114,0.005193977524244));
#2067=CARTESIAN_POINT('',(-0.195263393010327,0.0736364686899164,0.00519397752424053));
#2068=CARTESIAN_POINT('',(-0.198347160052928,0.0730230014258152,0.00519397752424478));
#2069=CARTESIAN_POINT('',(-0.202269105998844,0.0704025559988404,0.00519397752424647));
#2070=CARTESIAN_POINT('',(-0.204889551425811,0.0664806100529378,0.0051939775242333));
#2071=CARTESIAN_POINT('',(-0.205503018689923,0.0633968430103052,0.0051939775242673));
#2072=CARTESIAN_POINT('',(-0.205503018689911,0.0618546,0.00519397752424399));
#2073=CARTESIAN_POINT('',(-0.19372115,0.0736595210763576,0.00506362675724781));
#2074=CARTESIAN_POINT('',(-0.195266410560663,0.0736595210763638,0.00506362675724469));
#2075=CARTESIAN_POINT('',(-0.198356211297197,0.0730448535031406,0.00506362675724863));
#2076=CARTESIAN_POINT('',(-0.202285830916613,0.0704192809166099,0.00506362675724967));
#2077=CARTESIAN_POINT('',(-0.20491140350314,0.0664896612972064,0.00506362675723955));
#2078=CARTESIAN_POINT('',(-0.205526071076364,0.0633998605606434,0.00506362675726584));
#2079=CARTESIAN_POINT('',(-0.205526071076358,0.0618546,0.00506362675724781));
#2080=CARTESIAN_POINT('',(-0.19372115,0.073677517655322,0.00487423044587674));
#2081=CARTESIAN_POINT('',(-0.195268766307346,0.0736775176553277,0.00487423044587457));
#2082=CARTESIAN_POINT('',(-0.19836327743903,0.0730619130225986,0.00487423044587738));
#2083=CARTESIAN_POINT('',(-0.202298887755825,0.070432337755823,0.00487423044587779));
#2084=CARTESIAN_POINT('',(-0.2049284630226,0.0664967274390389,0.00487423044587188));
#2085=CARTESIAN_POINT('',(-0.205544067655324,0.0634022163073277,0.00487423044588739));
#2086=CARTESIAN_POINT('',(-0.205544067655322,0.0618546,0.00487423044587674));
#2087=CARTESIAN_POINT('',(-0.19372115,0.0736808314358736,0.00481204139425919));
#2088=CARTESIAN_POINT('',(-0.195269200080207,0.0736808314358788,0.0048120413942574));
#2089=CARTESIAN_POINT('',(-0.198364578555394,0.0730650542587145,0.00481204139425973));
#2090=CARTESIAN_POINT('',(-0.202301291962754,0.0704347419627523,0.00481204139425999));
#2091=CARTESIAN_POINT('',(-0.204931604258716,0.0664980285554026,0.00481204139425541));
#2092=CARTESIAN_POINT('',(-0.205547381435875,0.0634026500801887,0.00481204139426746));
#2093=CARTESIAN_POINT('',(-0.205547381435874,0.0618546,0.00481204139425919));
#2094=CARTESIAN_POINT('',(-0.19372115,0.0736842008826993,0.00468941186692782));
#2095=CARTESIAN_POINT('',(-0.195269641139766,0.0736842008827026,0.00468941186692688));
#2096=CARTESIAN_POINT('',(-0.198365901528456,0.0730682482626313,0.00468941186692812));
#2097=CARTESIAN_POINT('',(-0.202303736556559,0.0704371865565567,0.00468941186692818));
#2098=CARTESIAN_POINT('',(-0.204934798262632,0.0664993515284642,0.00468941186692605));
#2099=CARTESIAN_POINT('',(-0.205550750882699,0.063403091139748,0.0046894118669317));
#2100=CARTESIAN_POINT('',(-0.205550750882699,0.0618546,0.00468941186692782));
#2101=CARTESIAN_POINT('',(-0.19372115,0.07368425,0.00462898448916085));
#2102=CARTESIAN_POINT('',(-0.195269647569206,0.0736842500000019,0.00462898448916038));
#2103=CARTESIAN_POINT('',(-0.198365920813778,0.0730682948224558,0.004628984489161));
#2104=CARTESIAN_POINT('',(-0.202303772192037,0.0704372221920347,0.00462898448916102));
#2105=CARTESIAN_POINT('',(-0.204934844822456,0.0664993708137858,0.00462898448916));
#2106=CARTESIAN_POINT('',(-0.2055508,0.0634030975691876,0.00462898448916272));
#2107=CARTESIAN_POINT('',(-0.2055508,0.0618546,0.00462898448916085));
#2108=CARTESIAN_POINT('',(-0.19372115,0.07368425,0.00456862915010152));
#2109=CARTESIAN_POINT('',(-0.195269647569206,0.07368425,0.00456862915010152));
#2110=CARTESIAN_POINT('',(-0.198365920813778,0.0730682948224567,0.00456862915010152));
#2111=CARTESIAN_POINT('',(-0.202303772192037,0.0704372221920345,0.00456862915010152));
#2112=CARTESIAN_POINT('',(-0.204934844822456,0.0664993708137859,0.00456862915010152));
#2113=CARTESIAN_POINT('',(-0.2055508,0.0634030975691876,0.00456862915010152));
#2114=CARTESIAN_POINT('',(-0.2055508,0.0618546,0.00456862915010152));
#2115=CARTESIAN_POINT('',(-0.203619429150102,0.0618546,0.0065));
#2116=CARTESIAN_POINT('',(-0.203860850506339,0.0618546,0.0065));
#2117=CARTESIAN_POINT('',(-0.204378900499931,0.0618546,0.00647485194205859));
#2118=CARTESIAN_POINT('',(-0.205125797820791,0.0618546,0.00607499782079053));
#2119=CARTESIAN_POINT('',(-0.205525651942059,0.0618546,0.00532810049993137));
#2120=CARTESIAN_POINT('',(-0.2055508,0.0618546,0.00481005050633882));
#2121=CARTESIAN_POINT('',(-0.2055508,0.0618546,0.00456862915010152));
#2122=CARTESIAN_POINT('',(0.0871613411139488,-0.0550656291501015,0.0065));
#2123=CARTESIAN_POINT('',(0.0884570228292138,-0.0550656291500925,0.0065));
#2124=CARTESIAN_POINT('',(0.0910477822261654,-0.0545502380530499,0.0065));
#2125=CARTESIAN_POINT('',(0.0943427192863053,-0.0523487281723587,0.0065));
#2126=CARTESIAN_POINT('',(0.0965442291669917,-0.0490537911122006,0.0065));
#2127=CARTESIAN_POINT('',(0.0970596202640594,-0.0464630317153009,0.0065));
#2128=CARTESIAN_POINT('',(0.0970596202640504,-0.04516735,0.0065));
#2129=CARTESIAN_POINT('',(0.0871613411139488,-0.0551259844891608,0.0065));
#2130=CARTESIAN_POINT('',(0.0884649233246532,-0.05512598448915,0.00649999999999965));
#2131=CARTESIAN_POINT('',(0.0910714800293375,-0.0546074507645948,0.00650000000000016));
#2132=CARTESIAN_POINT('',(0.0943865081619206,-0.0523925170479734,0.00649999999999996));
#2133=CARTESIAN_POINT('',(0.0966014418785364,-0.0490774889153749,0.0065));
#2134=CARTESIAN_POINT('',(0.0971199756031169,-0.0464709322107355,0.0065));
#2135=CARTESIAN_POINT('',(0.0971199756031097,-0.04516735,0.0065));
#2136=CARTESIAN_POINT('',(0.0871613411139488,-0.0551864118669278,0.00649995088269933));
#2137=CARTESIAN_POINT('',(0.0884728332499373,-0.0551864118669151,0.00649995088269852));
#2138=CARTESIAN_POINT('',(0.091095206117648,-0.0546647317638814,0.00649995088269971));
#2139=CARTESIAN_POINT('',(0.0944303493029039,-0.0524363581889561,0.00649995088269925));
#2140=CARTESIAN_POINT('',(0.0966587228778228,-0.0491012150036875,0.00649995088269929));
#2141=CARTESIAN_POINT('',(0.097180402980882,-0.046478842136015,0.00649995088269945));
#2142=CARTESIAN_POINT('',(0.0971804029808767,-0.04516735,0.00649995088269933));
#2143=CARTESIAN_POINT('',(0.0871613411139488,-0.0553090413942592,0.00649658143587359));
#2144=CARTESIAN_POINT('',(0.0884888854175898,-0.055309041394244,0.00649658143587184));
#2145=CARTESIAN_POINT('',(0.0911433551372232,-0.054780976124089,0.00649658143587438));
#2146=CARTESIAN_POINT('',(0.0945193192134828,-0.0525253280995341,0.00649658143587344));
#2147=CARTESIAN_POINT('',(0.0967749672380301,-0.0491493640232661,0.0064965814358734));
#2148=CARTESIAN_POINT('',(0.097303032508211,-0.0464948943036601,0.00649658143587408));
#2149=CARTESIAN_POINT('',(0.0973030325082081,-0.04516735,0.00649658143587359));
#2150=CARTESIAN_POINT('',(0.0871613411139488,-0.0553712304458768,0.00649326765532194));
#2151=CARTESIAN_POINT('',(0.088497025945441,-0.0553712304458609,0.00649326765531972));
#2152=CARTESIAN_POINT('',(0.0911677729257355,-0.054839927069057,0.00649326765532294));
#2153=CARTESIAN_POINT('',(0.0945644384802843,-0.0525704473663352,0.00649326765532176));
#2154=CARTESIAN_POINT('',(0.0968339181829979,-0.0491737818117797,0.00649326765532165));
#2155=CARTESIAN_POINT('',(0.097365221559828,-0.0465030348315084,0.00649326765532268));
#2156=CARTESIAN_POINT('',(0.0973652215598256,-0.04516735,0.00649326765532194));
#2157=CARTESIAN_POINT('',(0.0871613411139488,-0.0555606267572478,0.00647527107635764));
#2158=CARTESIAN_POINT('',(0.0885218178647148,-0.0555606267572321,0.00647527107635412));
#2159=CARTESIAN_POINT('',(0.0912421371257975,-0.0550194617498137,0.00647527107635921));
#2160=CARTESIAN_POINT('',(0.0947018488842331,-0.0527078577702832,0.00647527107635739));
#2161=CARTESIAN_POINT('',(0.0970134528637541,-0.049248146011844,0.00647527107635703));
#2162=CARTESIAN_POINT('',(0.0975546178711999,-0.0465278267507774,0.00647527107635915));
#2163=CARTESIAN_POINT('',(0.0975546178711967,-0.04516735,0.00647527107635764));
#2164=CARTESIAN_POINT('',(0.0871613411139488,-0.055690977524244,0.00645221868991137));
#2165=CARTESIAN_POINT('',(0.0885388807402713,-0.0556909775242313,0.00645221868990717));
#2166=CARTESIAN_POINT('',(0.0912933177979308,-0.0551430253143275,0.00645221868991324));
#2167=CARTESIAN_POINT('',(0.0947964206919852,-0.0528024295780355,0.0064522186899111));
#2168=CARTESIAN_POINT('',(0.0971370164282676,-0.0492993266839764,0.00645221868991055));
#2169=CARTESIAN_POINT('',(0.0976849686382001,-0.0465448896263358,0.0064522186899134));
#2170=CARTESIAN_POINT('',(0.0976849686381929,-0.04516735,0.00645221868991137));
#2171=CARTESIAN_POINT('',(0.0871613411139488,-0.0559491642524422,0.00637677451608721));
#2172=CARTESIAN_POINT('',(0.0885726773040682,-0.0559491642524377,0.00637677451608194));
#2173=CARTESIAN_POINT('',(0.0913946917337345,-0.0553877685803732,0.00637677451608957));
#2174=CARTESIAN_POINT('',(0.094983739771005,-0.0529897486570564,0.00637677451608686));
#2175=CARTESIAN_POINT('',(0.0973817596943125,-0.0494007006197749,0.00637677451608629));
#2176=CARTESIAN_POINT('',(0.097943155366409,-0.046578686190144,0.00637677451608956));
#2177=CARTESIAN_POINT('',(0.0979431553663911,-0.04516735,0.00637677451608721));
#2178=CARTESIAN_POINT('',(0.0871613411139488,-0.0560765810793453,0.00632459229585883));
#2179=CARTESIAN_POINT('',(0.0885893561277571,-0.0560765810793456,0.00632459229585314));
#2180=CARTESIAN_POINT('',(0.0914447204293272,-0.0555085509714083,0.00632459229586139));
#2181=CARTESIAN_POINT('',(0.0950761829528588,-0.0530821918389111,0.0063245922958584));
#2182=CARTESIAN_POINT('',(0.0975025420853472,-0.0494507293153635,0.00632459229585803));
#2183=CARTESIAN_POINT('',(0.0980705721933184,-0.0465953650138422,0.00632459229586096));
#2184=CARTESIAN_POINT('',(0.0980705721932941,-0.04516735,0.00632459229585883));
#2185=CARTESIAN_POINT('',(0.0871613411139488,-0.0563123441225457,0.00619162193949375));
#2186=CARTESIAN_POINT('',(0.0886202174380364,-0.0563123441225515,0.00619162193948728));
#2187=CARTESIAN_POINT('',(0.091537289972982,-0.0557320381258746,0.00619162193949671));
#2188=CARTESIAN_POINT('',(0.0952472332482291,-0.0532532421342832,0.00619162193949309));
#2189=CARTESIAN_POINT('',(0.0977260292398127,-0.0495432988590102,0.00619162193949347));
#2190=CARTESIAN_POINT('',(0.0983063352365274,-0.0466262263241389,0.00619162193949483));
#2191=CARTESIAN_POINT('',(0.0983063352364946,-0.04516735,0.00619162193949375));
#2192=CARTESIAN_POINT('',(0.0871613411139488,-0.0564202712045442,0.00611104337050656));
#2193=CARTESIAN_POINT('',(0.0886343450600754,-0.0564202712045503,0.0061110433704997));
#2194=CARTESIAN_POINT('',(0.0915796662529662,-0.0558343455788091,0.00611104337050973));
#2195=CARTESIAN_POINT('',(0.0953255362723317,-0.0533315451583867,0.00611104337050574));
#2196=CARTESIAN_POINT('',(0.0978283366927467,-0.0495856751389908,0.00611104337050669));
#2197=CARTESIAN_POINT('',(0.0984142623185277,-0.0466403539461859,0.00611104337050679));
#2198=CARTESIAN_POINT('',(0.0984142623184931,-0.04516735,0.00611104337050656));
#2199=CARTESIAN_POINT('',(0.0871613411139488,-0.0566080433705065,0.00592327120454421));
#2200=CARTESIAN_POINT('',(0.0886589243791989,-0.0566080433705084,0.00592327120453758));
#2201=CARTESIAN_POINT('',(0.0916533927517336,-0.0560123406813925,0.00592327120454729));
#2202=CARTESIAN_POINT('',(0.0954617683297993,-0.0534677772158551,0.00592327120454336));
#2203=CARTESIAN_POINT('',(0.0980063317953294,-0.0496594016377539,0.00592327120454455));
#2204=CARTESIAN_POINT('',(0.0986020344844882,-0.0466649332653187,0.00592327120454397));
#2205=CARTESIAN_POINT('',(0.0986020344844554,-0.04516735,0.00592327120454421));
#2206=CARTESIAN_POINT('',(0.0871613411139488,-0.0566886219394937,0.00581534412254576));
#2207=CARTESIAN_POINT('',(0.0886694720892485,-0.0566886219394916,0.00581534412254));
#2208=CARTESIAN_POINT('',(0.0916850309646526,-0.0560887236244106,0.00581534412254841));
#2209=CARTESIAN_POINT('',(0.0955202295196388,-0.0535262384056947,0.0058153441225451));
#2210=CARTESIAN_POINT('',(0.0980827147383473,-0.0496910398506723,0.00581534412254574));
#2211=CARTESIAN_POINT('',(0.0986826130534722,-0.0466754809753698,0.00581534412254623));
#2212=CARTESIAN_POINT('',(0.0986826130534426,-0.04516735,0.00581534412254576));
#2213=CARTESIAN_POINT('',(0.0871613411139488,-0.0568215922958588,0.00557958107934526));
#2214=CARTESIAN_POINT('',(0.0886868778682538,-0.0568215922958491,0.00557958107934264));
#2215=CARTESIAN_POINT('',(0.0917372401872706,-0.0562147703795347,0.00557958107934635));
#2216=CARTESIAN_POINT('',(0.0956167018862272,-0.0536227107722827,0.0055795810793454));
#2217=CARTESIAN_POINT('',(0.098208761493471,-0.0497432490732914,0.00557958107934363));
#2218=CARTESIAN_POINT('',(0.0988155834098303,-0.0466928867543729,0.00557958107934896));
#2219=CARTESIAN_POINT('',(0.0988155834098077,-0.04516735,0.00557958107934526));
#2220=CARTESIAN_POINT('',(0.0871613411139488,-0.0568737745160872,0.00545216425244224));
#2221=CARTESIAN_POINT('',(0.0886937085049335,-0.0568737745160738,0.0054521642524418));
#2222=CARTESIAN_POINT('',(0.091757728912931,-0.0562642355363923,0.00545216425244222));
#2223=CARTESIAN_POINT('',(0.095654561018269,-0.0536605699043241,0.00545216425244294));
#2224=CARTESIAN_POINT('',(0.0982582266503284,-0.0497637377989533,0.00545216425243943));
#2225=CARTESIAN_POINT('',(0.0988677656300549,-0.0466997173910491,0.00545216425244831));
#2226=CARTESIAN_POINT('',(0.0988677656300361,-0.04516735,0.00545216425244224));
#2227=CARTESIAN_POINT('',(0.0871613411139488,-0.0569492186899114,0.005193977524244));
#2228=CARTESIAN_POINT('',(0.0887035841242306,-0.0569492186898937,0.00519397752424691));
#2229=CARTESIAN_POINT('',(0.0917873511668972,-0.0563357514258244,0.00519397752424233));
#2230=CARTESIAN_POINT('',(0.0957092971127874,-0.0537153059988418,0.00519397752424551));
#2231=CARTESIAN_POINT('',(0.0983297425397612,-0.0497933600529228,0.00519397752423962));
#2232=CARTESIAN_POINT('',(0.0989432098038729,-0.0467095930103391,0.00519397752425321));
#2233=CARTESIAN_POINT('',(0.0989432098038603,-0.04516735,0.005193977524244));
#2234=CARTESIAN_POINT('',(0.0871613411139488,-0.0569722710763576,0.00506362675724782));
#2235=CARTESIAN_POINT('',(0.0887066016745721,-0.0569722710763393,0.0050636267572518));
#2236=CARTESIAN_POINT('',(0.0917964024111643,-0.0563576035031507,0.00506362675724562));
#2237=CARTESIAN_POINT('',(0.0957260220305569,-0.0537320309166111,0.00506362675724954));
#2238=CARTESIAN_POINT('',(0.0983515946170882,-0.0498024112971916,0.00506362675724312));
#2239=CARTESIAN_POINT('',(0.0989662621903167,-0.0467126105606771,0.00506362675725763));
#2240=CARTESIAN_POINT('',(0.0989662621903065,-0.04516735,0.00506362675724782));
#2241=CARTESIAN_POINT('',(0.0871613411139488,-0.0569902676553219,0.00487423044587675));
#2242=CARTESIAN_POINT('',(0.0887089574212593,-0.0569902676553068,0.00487423044588038));
#2243=CARTESIAN_POINT('',(0.0918034685529956,-0.0563746630226071,0.00487423044587479));
#2244=CARTESIAN_POINT('',(0.09573907886977,-0.0537450877558246,0.00487423044587818));
#2245=CARTESIAN_POINT('',(0.0983686541365475,-0.049809477439024,0.00487423044587298));
#2246=CARTESIAN_POINT('',(0.0989842587692776,-0.0467149663073613,0.00487423044588457));
#2247=CARTESIAN_POINT('',(0.0989842587692708,-0.04516735,0.00487423044587675));
#2248=CARTESIAN_POINT('',(0.0871613411139488,-0.0569935814358736,0.0048120413942592));
#2249=CARTESIAN_POINT('',(0.088709391194121,-0.0569935814358601,0.0048120413942624));
#2250=CARTESIAN_POINT('',(0.091804769669359,-0.0563778042587219,0.00481204139425747));
#2251=CARTESIAN_POINT('',(0.0957414830766992,-0.0537474919627542,0.00481204139426043));
#2252=CARTESIAN_POINT('',(0.0983717953726636,-0.0498107785553876,0.00481204139425597));
#2253=CARTESIAN_POINT('',(0.0989875725498282,-0.0467154000802223,0.00481204139426589));
#2254=CARTESIAN_POINT('',(0.0989875725498225,-0.04516735,0.0048120413942592));
#2255=CARTESIAN_POINT('',(0.0871613411139488,-0.0569969508826993,0.00468941186692782));
#2256=CARTESIAN_POINT('',(0.088709832253681,-0.0569969508826911,0.00468941186692968));
#2257=CARTESIAN_POINT('',(0.0918060926424202,-0.0563809982626355,0.00468941186692683));
#2258=CARTESIAN_POINT('',(0.0957439276705036,-0.0537499365565595,0.00468941186692852));
#2259=CARTESIAN_POINT('',(0.0983749893765807,-0.0498121015284489,0.00468941186692603));
#2260=CARTESIAN_POINT('',(0.0989909419966515,-0.0467158411397815,0.00468941186693155));
#2261=CARTESIAN_POINT('',(0.0989909419966482,-0.04516735,0.00468941186692782));
#2262=CARTESIAN_POINT('',(0.0871613411139488,-0.056997,0.00462898448916085));
#2263=CARTESIAN_POINT('',(0.0887098386831206,-0.0569969999999953,0.00462898448916178));
#2264=CARTESIAN_POINT('',(0.0918061119277419,-0.0563810448224577,0.00462898448916035));
#2265=CARTESIAN_POINT('',(0.0957439633059817,-0.0537499721920382,0.0046289844891612));
#2266=CARTESIAN_POINT('',(0.0983750359364051,-0.0498121208137703,0.00462898448915995));
#2267=CARTESIAN_POINT('',(0.0989909911139508,-0.0467158475692212,0.00462898448916272));
#2268=CARTESIAN_POINT('',(0.0989909911139489,-0.04516735,0.00462898448916085));
#2269=CARTESIAN_POINT('',(0.0871613411139488,-0.056997,0.00456862915010152));
#2270=CARTESIAN_POINT('',(0.0887098386831206,-0.056997,0.00456862915010152));
#2271=CARTESIAN_POINT('',(0.0918061119277419,-0.0563810448224555,0.00456862915010153));
#2272=CARTESIAN_POINT('',(0.0957439633059814,-0.0537499721920388,0.00456862915010152));
#2273=CARTESIAN_POINT('',(0.098375035936406,-0.0498121208137702,0.00456862915010152));
#2274=CARTESIAN_POINT('',(0.0989909911139489,-0.0467158475692212,0.00456862915010152));
#2275=CARTESIAN_POINT('',(0.0989909911139489,-0.04516735,0.00456862915010152));
#2276=CARTESIAN_POINT('',(0.0871613411139488,-0.056997,0.00456862915010152));
#2277=CARTESIAN_POINT('',(0.0871613411139488,-0.056997,0.00481005050633884));
#2278=CARTESIAN_POINT('',(0.0871613411139488,-0.0569718519420586,0.00532810049993141));
#2279=CARTESIAN_POINT('',(0.0871613411139488,-0.0565719978207906,0.00607499782079059));
#2280=CARTESIAN_POINT('',(0.0871613411139488,-0.0558251004999314,0.00647485194205863));
#2281=CARTESIAN_POINT('',(0.0871613411139488,-0.0553070505063388,0.0065));
#2282=CARTESIAN_POINT('',(0.0871613411139488,-0.0550656291501015,0.0065));
#2283=CARTESIAN_POINT('',(-0.2055508,-0.04516735,0.00456862915010152));
#2284=CARTESIAN_POINT('',(-0.2055508,0.0618546,0.00456862915010152));
#2285=CARTESIAN_POINT('',(-0.2055508,-0.04516735,0.00485833477758629));
#2286=CARTESIAN_POINT('',(-0.2055508,0.0618546,0.00485833477758629));
#2287=CARTESIAN_POINT('',(-0.2055508,-0.04516735,0.00514804040507107));
#2288=CARTESIAN_POINT('',(-0.2055508,0.0618546,0.00514804040507107));
#2289=CARTESIAN_POINT('',(-0.20535766291501,-0.04516735,0.0058562097167005));
#2290=CARTESIAN_POINT('',(-0.20535766291501,0.0618546,0.0058562097167005));
#2291=CARTESIAN_POINT('',(-0.2049070097167,-0.04516735,0.00630686291501016));
#2292=CARTESIAN_POINT('',(-0.2049070097167,0.0618546,0.00630686291501016));
#2293=CARTESIAN_POINT('',(-0.204198840405071,-0.04516735,0.0065));
#2294=CARTESIAN_POINT('',(-0.204198840405071,0.0618546,0.0065));
#2295=CARTESIAN_POINT('',(-0.203909134777586,-0.04516735,0.0065));
#2296=CARTESIAN_POINT('',(-0.203909134777586,0.0618546,0.0065));
#2297=CARTESIAN_POINT('',(-0.203619429150102,-0.04516735,0.0065));
#2298=CARTESIAN_POINT('',(-0.203619429150102,0.0618546,0.0065));
#2299=CARTESIAN_POINT('',(-0.2055508,-0.04516735,0.00456862915010152));
#2300=CARTESIAN_POINT('',(-0.2055508,-0.04516735,0.00481005050633883));
#2301=CARTESIAN_POINT('',(-0.205525651942058,-0.04516735,0.00532810049993139));
#2302=CARTESIAN_POINT('',(-0.205125797820791,-0.04516735,0.00607499782079057));
#2303=CARTESIAN_POINT('',(-0.204378900499931,-0.04516735,0.00647485194205862));
#2304=CARTESIAN_POINT('',(-0.203860850506339,-0.04516735,0.0065));
#2305=CARTESIAN_POINT('',(-0.203619429150102,-0.04516735,0.0065));
#2306=CARTESIAN_POINT('',(0.0871613411139488,-0.056997,0.00456862915010152));
#2307=CARTESIAN_POINT('',(-0.19372115,-0.056997,0.00456862915010152));
#2308=CARTESIAN_POINT('',(0.0871613411139488,-0.056997,0.00485833477758629));
#2309=CARTESIAN_POINT('',(-0.19372115,-0.056997,0.00485833477758629));
#2310=CARTESIAN_POINT('',(0.0871613411139488,-0.056997,0.00514804040507106));
#2311=CARTESIAN_POINT('',(-0.19372115,-0.056997,0.00514804040507106));
#2312=CARTESIAN_POINT('',(0.0871613411139488,-0.0568038629150102,0.00585620971670052));
#2313=CARTESIAN_POINT('',(-0.19372115,-0.0568038629150102,0.00585620971670052));
#2314=CARTESIAN_POINT('',(0.0871613411139488,-0.0563532097167005,0.00630686291501016));
#2315=CARTESIAN_POINT('',(-0.19372115,-0.0563532097167005,0.00630686291501016));
#2316=CARTESIAN_POINT('',(0.0871613411139488,-0.0556450404050711,0.0065));
#2317=CARTESIAN_POINT('',(-0.19372115,-0.0556450404050711,0.0065));
#2318=CARTESIAN_POINT('',(0.0871613411139488,-0.0553553347775863,0.0065));
#2319=CARTESIAN_POINT('',(-0.19372115,-0.0553553347775863,0.0065));
#2320=CARTESIAN_POINT('',(0.0871613411139488,-0.0550656291501015,0.0065));
#2321=CARTESIAN_POINT('',(-0.19372115,-0.0550656291501015,0.0065));
#2322=CARTESIAN_POINT('',(-0.19372115,-0.0550656291501015,0.0065));
#2323=CARTESIAN_POINT('',(-0.19372115,-0.0553070505063388,0.0065));
#2324=CARTESIAN_POINT('',(-0.19372115,-0.0558251004999314,0.00647485194205863));
#2325=CARTESIAN_POINT('',(-0.19372115,-0.0565719978207906,0.00607499782079059));
#2326=CARTESIAN_POINT('',(-0.19372115,-0.0569718519420586,0.00532810049993141));
#2327=CARTESIAN_POINT('',(-0.19372115,-0.056997,0.00481005050633884));
#2328=CARTESIAN_POINT('',(-0.19372115,-0.056997,0.00456862915010152));
#2329=CARTESIAN_POINT('',(-0.203619429150102,-0.04516735,0.0065));
#2330=CARTESIAN_POINT('',(-0.203619429150066,-0.0464630317152796,0.0065));
#2331=CARTESIAN_POINT('',(-0.203104038053062,-0.0490537911122104,0.0065));
#2332=CARTESIAN_POINT('',(-0.200902528172356,-0.0523487281723561,0.0065));
#2333=CARTESIAN_POINT('',(-0.197607591112201,-0.0545502380530506,0.0065));
#2334=CARTESIAN_POINT('',(-0.195016831715301,-0.0550656291500925,0.0065));
#2335=CARTESIAN_POINT('',(-0.19372115,-0.0550656291501015,0.0065));
#2336=CARTESIAN_POINT('',(-0.203679784489161,-0.04516735,0.0065));
#2337=CARTESIAN_POINT('',(-0.203679784489136,-0.046470932210718,0.00650000000000175));
#2338=CARTESIAN_POINT('',(-0.203161250764601,-0.0490774889153829,0.00649999999999919));
#2339=CARTESIAN_POINT('',(-0.200946317047972,-0.0523925170479712,0.00650000000000021));
#2340=CARTESIAN_POINT('',(-0.197631288915374,-0.0546074507645954,0.0065));
#2341=CARTESIAN_POINT('',(-0.195024732210739,-0.05512598448915,0.00649999999999988));
#2342=CARTESIAN_POINT('',(-0.19372115,-0.0551259844891608,0.0065));
#2343=CARTESIAN_POINT('',(-0.203740211866928,-0.04516735,0.00649995088269933));
#2344=CARTESIAN_POINT('',(-0.203740211866914,-0.0464788421360013,0.00649995088270288));
#2345=CARTESIAN_POINT('',(-0.203218531763881,-0.0491012150036938,0.0064999508826977));
#2346=CARTESIAN_POINT('',(-0.200990158188957,-0.0524363581889544,0.00649995088269973));
#2347=CARTESIAN_POINT('',(-0.197655015003685,-0.0546647317638819,0.00649995088269938));
#2348=CARTESIAN_POINT('',(-0.195032642136021,-0.0551864118669151,0.00649995088269899));
#2349=CARTESIAN_POINT('',(-0.19372115,-0.0551864118669278,0.00649995088269933));
#2350=CARTESIAN_POINT('',(-0.203862841394259,-0.04516735,0.00649658143587359));
#2351=CARTESIAN_POINT('',(-0.203862841394265,-0.0464948943036523,0.00649658143588029));
#2352=CARTESIAN_POINT('',(-0.203334776124079,-0.0491493640232697,0.00649658143587051));
#2353=CARTESIAN_POINT('',(-0.201079128099538,-0.0525253280995331,0.00649658143587433));
#2354=CARTESIAN_POINT('',(-0.197703164023261,-0.0547809761240892,0.00649658143587375));
#2355=CARTESIAN_POINT('',(-0.19504869430367,-0.055309041394244,0.00649658143587278));
#2356=CARTESIAN_POINT('',(-0.19372115,-0.0553090413942592,0.00649658143587359));
#2357=CARTESIAN_POINT('',(-0.203925030445877,-0.04516735,0.00649326765532194));
#2358=CARTESIAN_POINT('',(-0.20392503044589,-0.0465030348315028,0.00649326765533001));
#2359=CARTESIAN_POINT('',(-0.203393727069043,-0.0491737818117823,0.00649326765531823));
#2360=CARTESIAN_POINT('',(-0.20112424736634,-0.0525704473663345,0.00649326765532282));
#2361=CARTESIAN_POINT('',(-0.197727581811774,-0.0548399270690572,0.00649326765532216));
#2362=CARTESIAN_POINT('',(-0.195056834831519,-0.0553712304458609,0.00649326765532089));
#2363=CARTESIAN_POINT('',(-0.19372115,-0.0553712304458768,0.00649326765532194));
#2364=CARTESIAN_POINT('',(-0.204114426757248,-0.04516735,0.00647527107635763));
#2365=CARTESIAN_POINT('',(-0.204114426757279,-0.0465278267507755,0.00647527107636905));
#2366=CARTESIAN_POINT('',(-0.203573261749791,-0.0492481460118449,0.0064752710763524));
#2367=CARTESIAN_POINT('',(-0.201261657770291,-0.052707857770283,0.00647527107635886));
#2368=CARTESIAN_POINT('',(-0.197801946011837,-0.0550194617498137,0.00647527107635801));
#2369=CARTESIAN_POINT('',(-0.195081626750789,-0.0555606267572321,0.00647527107635597));
#2370=CARTESIAN_POINT('',(-0.19372115,-0.0555606267572478,0.00647527107635764));
#2371=CARTESIAN_POINT('',(-0.204244777524244,-0.04516735,0.00645221868991136));
#2372=CARTESIAN_POINT('',(-0.204244777524279,-0.0465448896263323,0.00645221868992396));
#2373=CARTESIAN_POINT('',(-0.203696825314305,-0.0492993266839779,0.00645221868990558));
#2374=CARTESIAN_POINT('',(-0.201356229578043,-0.0528024295780351,0.0064522186899127));
#2375=CARTESIAN_POINT('',(-0.197853126683971,-0.0551430253143276,0.00645221868991181));
#2376=CARTESIAN_POINT('',(-0.195098689626344,-0.0556909775242313,0.00645221868990947));
#2377=CARTESIAN_POINT('',(-0.19372115,-0.055690977524244,0.00645221868991137));
#2378=CARTESIAN_POINT('',(-0.204502964252442,-0.04516735,0.0063767745160872));
#2379=CARTESIAN_POINT('',(-0.204502964252474,-0.0465786861901329,0.00637677451610218));
#2380=CARTESIAN_POINT('',(-0.203941568580356,-0.04940070061978,0.00637677451608033));
#2381=CARTESIAN_POINT('',(-0.201543548657061,-0.0529897486570551,0.00637677451608881));
#2382=CARTESIAN_POINT('',(-0.197954500619775,-0.0553877685803735,0.00637677451608769));
#2383=CARTESIAN_POINT('',(-0.195132486190141,-0.0559491642524378,0.00637677451608502));
#2384=CARTESIAN_POINT('',(-0.19372115,-0.0559491642524423,0.00637677451608721));
#2385=CARTESIAN_POINT('',(-0.204630381079345,-0.04516735,0.00632459229585882));
#2386=CARTESIAN_POINT('',(-0.204630381079372,-0.0465953650138254,0.00632459229587516));
#2387=CARTESIAN_POINT('',(-0.204062350971396,-0.0494507293153712,0.00632459229585133));
#2388=CARTESIAN_POINT('',(-0.201635991838913,-0.0530821918389091,0.00632459229586059));
#2389=CARTESIAN_POINT('',(-0.198004529315367,-0.0555085509714089,0.00632459229585931));
#2390=CARTESIAN_POINT('',(-0.195149165013833,-0.0560765810793457,0.00632459229585654));
#2391=CARTESIAN_POINT('',(-0.19372115,-0.0560765810793453,0.00632459229585883));
#2392=CARTESIAN_POINT('',(-0.204866144122546,-0.04516735,0.00619162193949373));
#2393=CARTESIAN_POINT('',(-0.204866144122566,-0.046626226324114,0.006191621939515));
#2394=CARTESIAN_POINT('',(-0.204285838125868,-0.0495432988590217,0.00619162193948397));
#2395=CARTESIAN_POINT('',(-0.201807042134283,-0.0532532421342802,0.00619162193949608));
#2396=CARTESIAN_POINT('',(-0.198097098859018,-0.0557320381258754,0.00619162193949422));
#2397=CARTESIAN_POINT('',(-0.195180026324121,-0.0563123441225517,0.0061916219394911));
#2398=CARTESIAN_POINT('',(-0.19372115,-0.0563123441225458,0.00619162193949375));
#2399=CARTESIAN_POINT('',(-0.204974071204544,-0.04516735,0.00611104337050654));
#2400=CARTESIAN_POINT('',(-0.204974071204565,-0.0466403539461587,0.00611104337053152));
#2401=CARTESIAN_POINT('',(-0.204388145578803,-0.0495856751390033,0.00611104337049507));
#2402=CARTESIAN_POINT('',(-0.201885345158386,-0.0533315451583833,0.00611104337050931));
#2403=CARTESIAN_POINT('',(-0.198139475139,-0.0558343455788099,0.00611104337050703));
#2404=CARTESIAN_POINT('',(-0.195194153946166,-0.0564202712045506,0.00611104337050361));
#2405=CARTESIAN_POINT('',(-0.19372115,-0.0564202712045442,0.00611104337050656));
#2406=CARTESIAN_POINT('',(-0.205161843370506,-0.04516735,0.00592327120454419));
#2407=CARTESIAN_POINT('',(-0.205161843370531,-0.0466649332652916,0.00592327120457596));
#2408=CARTESIAN_POINT('',(-0.204566140681383,-0.0496594016377664,0.00592327120452956));
#2409=CARTESIAN_POINT('',(-0.202021577215856,-0.0534677772158519,0.00592327120454781));
#2410=CARTESIAN_POINT('',(-0.198213201637762,-0.0560123406813931,0.00592327120454444));
#2411=CARTESIAN_POINT('',(-0.195218733265301,-0.0566080433705092,0.00592327120454125));
#2412=CARTESIAN_POINT('',(-0.19372115,-0.0566080433705066,0.0059232712045442));
#2413=CARTESIAN_POINT('',(-0.205242421939494,-0.04516735,0.00581534412254574));
#2414=CARTESIAN_POINT('',(-0.20524242193952,-0.0466754809753445,0.00581534412257994));
#2415=CARTESIAN_POINT('',(-0.204642523624398,-0.0496910398506839,0.00581534412252996));
#2416=CARTESIAN_POINT('',(-0.202080038405696,-0.0535262384056918,0.00581534412254973));
#2417=CARTESIAN_POINT('',(-0.198244839850678,-0.056088723624411,0.00581534412254566));
#2418=CARTESIAN_POINT('',(-0.195229280975355,-0.0566886219394928,0.00581534412254332));
#2419=CARTESIAN_POINT('',(-0.19372115,-0.0566886219394938,0.00581534412254575));
#2420=CARTESIAN_POINT('',(-0.205375392295859,-0.04516735,0.00557958107934524));
#2421=CARTESIAN_POINT('',(-0.205375392295883,-0.0466928867543512,0.00557958107937915));
#2422=CARTESIAN_POINT('',(-0.204768570379519,-0.0497432490733013,0.00557958107932952));
#2423=CARTESIAN_POINT('',(-0.202176510772286,-0.0536227107722804,0.00557958107934947));
#2424=CARTESIAN_POINT('',(-0.198297049073295,-0.0562147703795345,0.00557958107934418));
#2425=CARTESIAN_POINT('',(-0.195246686754363,-0.0568215922958512,0.00557958107934496));
#2426=CARTESIAN_POINT('',(-0.19372115,-0.0568215922958588,0.00557958107934526));
#2427=CARTESIAN_POINT('',(-0.205427574516087,-0.04516735,0.00545216425244222));
#2428=CARTESIAN_POINT('',(-0.205427574516108,-0.0466997173910293,0.00545216425247354));
#2429=CARTESIAN_POINT('',(-0.204818035536377,-0.0497637377989624,0.00545216425242764));
#2430=CARTESIAN_POINT('',(-0.202214369904328,-0.0536605699043221,0.00545216425244631));
#2431=CARTESIAN_POINT('',(-0.198317537798956,-0.0562642355363917,0.00545216425244054));
#2432=CARTESIAN_POINT('',(-0.195253517391041,-0.0568737745160765,0.00545216425244346));
#2433=CARTESIAN_POINT('',(-0.19372115,-0.0568737745160872,0.00545216425244223));
#2434=CARTESIAN_POINT('',(-0.205503018689911,-0.04516735,0.00519397752424399));
#2435=CARTESIAN_POINT('',(-0.205503018689923,-0.0467095930103219,0.0051939775242673));
#2436=CARTESIAN_POINT('',(-0.204889551425811,-0.0497933600529306,0.00519397752423304));
#2437=CARTESIAN_POINT('',(-0.202269105998845,-0.0537153059988402,0.00519397752424736));
#2438=CARTESIAN_POINT('',(-0.198347160052925,-0.0563357514258235,0.00519397752424155));
#2439=CARTESIAN_POINT('',(-0.195263393010334,-0.0569492186898971,0.00519397752424745));
#2440=CARTESIAN_POINT('',(-0.19372115,-0.0569492186899114,0.00519397752424399));
#2441=CARTESIAN_POINT('',(-0.205526071076358,-0.04516735,0.00506362675724781));
#2442=CARTESIAN_POINT('',(-0.205526071076364,-0.0467126105606606,0.00506362675726584));
#2443=CARTESIAN_POINT('',(-0.20491140350314,-0.0498024112971989,0.00506362675723928));
#2444=CARTESIAN_POINT('',(-0.202285830916614,-0.0537320309166096,0.00506362675725059));
#2445=CARTESIAN_POINT('',(-0.198356211297193,-0.0563576035031496,0.00506362675724527));
#2446=CARTESIAN_POINT('',(-0.195266410560672,-0.0569722710763429,0.00506362675725188));
#2447=CARTESIAN_POINT('',(-0.19372115,-0.0569722710763576,0.00506362675724781));
#2448=CARTESIAN_POINT('',(-0.205544067655322,-0.04516735,0.00487423044587674));
#2449=CARTESIAN_POINT('',(-0.205544067655324,-0.0467149663073454,0.00487423044588739));
#2450=CARTESIAN_POINT('',(-0.2049284630226,-0.0498094774390311,0.00487423044587167));
#2451=CARTESIAN_POINT('',(-0.202298887755827,-0.0537450877558231,0.00487423044587851));
#2452=CARTESIAN_POINT('',(-0.198363277439026,-0.0563746630226062,0.00487423044587477));
#2453=CARTESIAN_POINT('',(-0.195268766307357,-0.0569902676553097,0.00487423044588016));
#2454=CARTESIAN_POINT('',(-0.19372115,-0.0569902676553219,0.00487423044587674));
#2455=CARTESIAN_POINT('',(-0.205547381435874,-0.04516735,0.00481204139425919));
#2456=CARTESIAN_POINT('',(-0.205547381435875,-0.0467154000802065,0.00481204139426746));
#2457=CARTESIAN_POINT('',(-0.204931604258716,-0.0498107785553947,0.00481204139425524));
#2458=CARTESIAN_POINT('',(-0.202301291962756,-0.0537474919627526,0.0048120413942606));
#2459=CARTESIAN_POINT('',(-0.198364578555389,-0.0563778042587212,0.00481204139425752));
#2460=CARTESIAN_POINT('',(-0.195269200080218,-0.0569935814358628,0.00481204139426214));
#2461=CARTESIAN_POINT('',(-0.19372115,-0.0569935814358736,0.00481204139425919));
#2462=CARTESIAN_POINT('',(-0.205550750882699,-0.04516735,0.00468941186692782));
#2463=CARTESIAN_POINT('',(-0.205550750882699,-0.0467158411397659,0.0046894118669317));
#2464=CARTESIAN_POINT('',(-0.204934798262632,-0.049812101528456,0.00468941186692596));
#2465=CARTESIAN_POINT('',(-0.20230373655656,-0.0537499365565578,0.00468941186692852));
#2466=CARTESIAN_POINT('',(-0.198365901528451,-0.0563809982626352,0.00468941186692691));
#2467=CARTESIAN_POINT('',(-0.195269641139777,-0.0569969508826928,0.00468941186692948));
#2468=CARTESIAN_POINT('',(-0.19372115,-0.0569969508826993,0.00468941186692782));
#2469=CARTESIAN_POINT('',(-0.2055508,-0.04516735,0.00462898448916085));
#2470=CARTESIAN_POINT('',(-0.2055508,-0.0467158475692055,0.00462898448916272));
#2471=CARTESIAN_POINT('',(-0.204934844822456,-0.0498121208137775,0.00462898448915995));
#2472=CARTESIAN_POINT('',(-0.202303772192039,-0.0537499721920364,0.00462898448916119));
#2473=CARTESIAN_POINT('',(-0.198365920813773,-0.0563810448224577,0.0046289844891604));
#2474=CARTESIAN_POINT('',(-0.195269647569217,-0.0569969999999963,0.00462898448916167));
#2475=CARTESIAN_POINT('',(-0.19372115,-0.056997,0.00462898448916085));
#2476=CARTESIAN_POINT('',(-0.2055508,-0.04516735,0.00456862915010152));
#2477=CARTESIAN_POINT('',(-0.2055508,-0.0467158475692055,0.00456862915010152));
#2478=CARTESIAN_POINT('',(-0.204934844822456,-0.0498121208137774,0.00456862915010152));
#2479=CARTESIAN_POINT('',(-0.202303772192039,-0.0537499721920368,0.00456862915010152));
#2480=CARTESIAN_POINT('',(-0.198365920813773,-0.056381044822456,0.00456862915010152));
#2481=CARTESIAN_POINT('',(-0.195269647569217,-0.056997,0.00456862915010152));
#2482=CARTESIAN_POINT('',(-0.19372115,-0.056997,0.00456862915010152));
#2483=CARTESIAN_POINT('',(-0.16827384473783,0.07068425,0.004575));
#2484=CARTESIAN_POINT('',(-0.16827384473783,0.07068425,0.004575));
#2485=CARTESIAN_POINT('',(-0.16673884473783,0.07068425,0.004575));
#2486=CARTESIAN_POINT('',(-0.00107642500000007,0.008343625,0.004575));
#2487=CARTESIAN_POINT('',(0.0959909911139488,-0.02,0.004575));
#2488=CARTESIAN_POINT('',(0.0959909911139488,-0.02,0.004575));
#2489=CARTESIAN_POINT('',(0.0975259911139488,-0.02,0.004575));
#2490=CARTESIAN_POINT('',(-0.00107642500000007,0.008343625,0.004575));
#2491=CARTESIAN_POINT('',(-0.2025508,0.035,0.004575));
#2492=CARTESIAN_POINT('',(-0.2025508,0.035,0.004575));
#2493=CARTESIAN_POINT('',(-0.2010158,0.035,0.004575));
#2494=CARTESIAN_POINT('',(-0.00107642500000007,0.008343625,0.004575));
#2495=CARTESIAN_POINT('',(-0.2025508,-0.02,0.004575));
#2496=CARTESIAN_POINT('',(-0.2025508,-0.02,0.004575));
#2497=CARTESIAN_POINT('',(-0.2010158,-0.02,0.004575));
#2498=CARTESIAN_POINT('',(-0.00107642500000007,0.008343625,0.004575));
#2499=CARTESIAN_POINT('',(-0.168225,-0.053997,0.004575));
#2500=CARTESIAN_POINT('',(-0.168225,-0.053997,0.004575));
#2501=CARTESIAN_POINT('',(-0.16669,-0.053997,0.004575));
#2502=CARTESIAN_POINT('',(-0.00107642500000007,0.008343625,0.004575));
#2503=CARTESIAN_POINT('',(-0.0149492941482212,0.0710620656609535,0.004575));
#2504=CARTESIAN_POINT('',(-0.0149492941482212,0.0710620656609535,0.004575));
#2505=CARTESIAN_POINT('',(-0.0134142941482212,0.0710620656609535,0.004575));
#2506=CARTESIAN_POINT('',(-0.00107642500000007,0.008343625,0.004575));
#2507=CARTESIAN_POINT('',(-0.09160751173783,0.07068425,0.004575));
#2508=CARTESIAN_POINT('',(-0.09160751173783,0.07068425,0.004575));
#2509=CARTESIAN_POINT('',(-0.09007251173783,0.07068425,0.004575));
#2510=CARTESIAN_POINT('',(-0.00107642500000007,0.008343625,0.004575));
#2511=CARTESIAN_POINT('',(0.0617140358517788,0.07068425,0.004575));
#2512=CARTESIAN_POINT('',(0.0617140358517788,0.07068425,0.004575));
#2513=CARTESIAN_POINT('',(0.0632490358517788,0.07068425,0.004575));
#2514=CARTESIAN_POINT('',(-0.00107642500000007,0.008343625,0.004575));
#2515=CARTESIAN_POINT('',(-0.08964375,-0.053997,0.004575));
#2516=CARTESIAN_POINT('',(-0.08964375,-0.053997,0.004575));
#2517=CARTESIAN_POINT('',(-0.08810875,-0.053997,0.004575));
#2518=CARTESIAN_POINT('',(-0.00107642500000007,0.008343625,0.004575));
#2519=CARTESIAN_POINT('',(-0.0149492941482212,-0.053997,0.004575));
#2520=CARTESIAN_POINT('',(-0.0149492941482212,-0.053997,0.004575));
#2521=CARTESIAN_POINT('',(-0.0134142941482212,-0.053997,0.004575));
#2522=CARTESIAN_POINT('',(-0.00107642500000007,0.008343625,0.004575));
#2523=CARTESIAN_POINT('',(0.0617140358517788,-0.053997,0.004575));
#2524=CARTESIAN_POINT('',(0.0617140358517788,-0.053997,0.004575));
#2525=CARTESIAN_POINT('',(0.0632490358517788,-0.053997,0.004575));
#2526=CARTESIAN_POINT('',(-0.00107642500000007,0.008343625,0.004575));
#2527=CARTESIAN_POINT('',(0.0959909911139488,0.035,0.004575));
#2528=CARTESIAN_POINT('',(0.0959909911139488,0.035,0.004575));
#2529=CARTESIAN_POINT('',(0.0975259911139488,0.035,0.004575));
#2530=CARTESIAN_POINT('',(-0.00107642500000007,0.008343625,0.004575));
#2531=CARTESIAN_POINT('',(0.0335686615506008,0.0651253107190132,0.0015));
#2532=CARTESIAN_POINT('',(0.0448787120569396,0.0651253107190132,0.0015));
#2533=CARTESIAN_POINT('',(0.0448787120569396,0.0651253107190132,0.0049));
#2534=CARTESIAN_POINT('',(0.0448787120569396,0.0651253107190132,0.00540808929720139));
#2535=CARTESIAN_POINT('',(0.0335686615506008,0.0651253107190132,0.00540808929720139));
#2536=CARTESIAN_POINT('',(0.0222586110442619,0.0651253107190132,0.00540808929720139));
#2537=CARTESIAN_POINT('',(0.0222586110442619,0.0651253107190132,0.0015));
#2538=CARTESIAN_POINT('',(0.0222586110442619,0.0651253107190132,0.0049));
#2539=CARTESIAN_POINT('',(0.0335686615506008,0.0651253107190132,0.0049));
#2540=CARTESIAN_POINT('',(0.0222586110442619,0.0634353612253521,0.0015));
#2541=CARTESIAN_POINT('',(0.0222586110442619,0.0634353612253521,0.00540808929720139));
#2542=CARTESIAN_POINT('',(0.0205686615506008,0.0634353612253521,0.00540808929720139));
#2543=CARTESIAN_POINT('',(0.0205686615506008,0.0634353612253521,0.0015));
#2544=CARTESIAN_POINT('',(0.0205686615506008,0.0634353612253521,0.0049));
#2545=CARTESIAN_POINT('',(0.0222586110442619,0.0634353612253521,0.0049));
#2546=CARTESIAN_POINT('',(0.0205686615506008,0.0598753107190132,0.0015));
#2547=CARTESIAN_POINT('',(0.0205686615506008,0.0563152602126744,0.00540808929720139));
#2548=CARTESIAN_POINT('',(0.0205686615506007,0.0563152602126744,0.00540808929720139));
#2549=CARTESIAN_POINT('',(0.0205686615506007,0.0563152602126744,0.0015));
#2550=CARTESIAN_POINT('',(0.0205686615506007,0.0563152602126744,0.0049));
#2551=CARTESIAN_POINT('',(0.0205686615506008,0.0598753107190132,0.0049));
#2552=CARTESIAN_POINT('',(0.0222586110442619,0.0563152602126744,0.0015));
#2553=CARTESIAN_POINT('',(0.0222586110442619,0.0563152602126744,0.00540808929720139));
#2554=CARTESIAN_POINT('',(0.0222586110442619,0.0546253107190132,0.00540808929720139));
#2555=CARTESIAN_POINT('',(0.0222586110442619,0.0546253107190132,0.0015));
#2556=CARTESIAN_POINT('',(0.0222586110442619,0.0546253107190132,0.0049));
#2557=CARTESIAN_POINT('',(0.0222586110442619,0.0563152602126744,0.0049));
#2558=CARTESIAN_POINT('',(0.0335686615506008,0.0546253107190132,0.0015));
#2559=CARTESIAN_POINT('',(0.0448787120569396,0.0546253107190132,0.00540808929720139));
#2560=CARTESIAN_POINT('',(0.0448787120569396,0.0546253107190132,0.00540808929720139));
#2561=CARTESIAN_POINT('',(0.0448787120569396,0.0546253107190132,0.0015));
#2562=CARTESIAN_POINT('',(0.0448787120569396,0.0546253107190132,0.0049));
#2563=CARTESIAN_POINT('',(0.0335686615506008,0.0546253107190132,0.0049));
#2564=CARTESIAN_POINT('',(0.0448787120569396,0.0563152602126744,0.0015));
#2565=CARTESIAN_POINT('',(0.0448787120569396,0.0563152602126744,0.00540808929720139));
#2566=CARTESIAN_POINT('',(0.0465686615506008,0.0563152602126744,0.00540808929720139));
#2567=CARTESIAN_POINT('',(0.0465686615506008,0.0563152602126744,0.0015));
#2568=CARTESIAN_POINT('',(0.0465686615506008,0.0563152602126744,0.0049));
#2569=CARTESIAN_POINT('',(0.0448787120569396,0.0563152602126744,0.0049));
#2570=CARTESIAN_POINT('',(0.0465686615506008,0.0598753107190132,0.0015));
#2571=CARTESIAN_POINT('',(0.0465686615506008,0.0598753107190132,0.00540808929720139));
#2572=CARTESIAN_POINT('',(0.0465686615506008,0.0634353612253521,0.00540808929720139));
#2573=CARTESIAN_POINT('',(0.0465686615506008,0.0634353612253521,0.0015));
#2574=CARTESIAN_POINT('',(0.0465686615506008,0.0634353612253521,0.0049));
#2575=CARTESIAN_POINT('',(0.0465686615506008,0.0598753107190132,0.0049));
#2576=CARTESIAN_POINT('',(0.0448787120569396,0.063435361225352,0.0015));
#2577=CARTESIAN_POINT('',(0.0448787120569396,0.063435361225352,0.00540808929720139));
#2578=CARTESIAN_POINT('',(0.0448787120569396,0.063435361225352,0.0049));
#2579=CARTESIAN_POINT('',(0.0200686615506008,0.0598753107190132,0.0049));
#2580=CARTESIAN_POINT('',(0.0200686615506008,0.0598753107190132,0.0035));
#2581=CARTESIAN_POINT('',(0.0200686615506008,0.0656253107190132,0.0035));
#2582=CARTESIAN_POINT('',(0.0200686615506008,0.0541253107190132,0.0035));
#2583=CARTESIAN_POINT('',(0.0200686615506008,0.0656253107190132,0.0049));
#2584=CARTESIAN_POINT('',(0.0200686615506008,0.0656253107190132,0.0049));
#2585=CARTESIAN_POINT('',(0.0200686615506008,0.0598753107190132,0.0049));
#2586=CARTESIAN_POINT('',(0.0200686615506008,0.0541253107190132,0.0049));
#2587=CARTESIAN_POINT('',(0.0200686615506008,0.0541253107190132,0.0049));
#2588=CARTESIAN_POINT('',(0.0350686615506008,0.0541253107190132,0.0049));
#2589=CARTESIAN_POINT('',(0.0150686615506008,0.0541253107190132,0.0035));
#2590=CARTESIAN_POINT('',(0.0150686615506008,0.0541253107190132,0.0035));
#2591=CARTESIAN_POINT('',(0.0175686615506007,0.0541253107190132,0.0035));
#2592=CARTESIAN_POINT('',(0.0350686615506008,0.0541253107190132,0.0049));
#2593=CARTESIAN_POINT('',(0.0500686615506008,0.0541253107190132,0.0049));
#2594=CARTESIAN_POINT('',(0.0500686615506008,0.0541253107190132,0.0049));
#2595=CARTESIAN_POINT('',(0.0500686615506008,0.0541253107190132,0.0035));
#2596=CARTESIAN_POINT('',(0.0515686615506008,0.0541253107190132,0.0035));
#2597=CARTESIAN_POINT('',(0.0530686615506008,0.0541253107190132,0.0035));
#2598=CARTESIAN_POINT('',(0.0530686615506008,0.0541253107190132,0.0035));
#2599=CARTESIAN_POINT('',(0.0500686615506008,0.0598753107190132,0.0049));
#2600=CARTESIAN_POINT('',(0.0500686615506008,0.0656253107190132,0.0049));
#2601=CARTESIAN_POINT('',(0.0500686615506008,0.0656253107190132,0.0049));
#2602=CARTESIAN_POINT('',(0.0500686615506008,0.0656253107190132,0.0035));
#2603=CARTESIAN_POINT('',(0.0500686615506008,0.0598753107190132,0.0035));
#2604=CARTESIAN_POINT('',(0.0500686615506008,0.0598753107190132,0.0049));
#2605=CARTESIAN_POINT('',(0.0350686615506008,0.0656253107190132,0.0049));
#2606=CARTESIAN_POINT('',(0.0350686615506008,0.0656253107190132,0.0035));
#2607=CARTESIAN_POINT('',(0.0350686615506008,0.0656253107190132,0.0049));
#2608=CARTESIAN_POINT('',(-0.0211824621393666,0.008343625,0.0049));
#2609=CARTESIAN_POINT('',(0.0530686615506008,0.0601253107190132,0.0035));
#2610=CARTESIAN_POINT('',(0.0530686615506008,0.0601253107190132,0.0035));
#2611=CARTESIAN_POINT('',(0.0530686615506008,0.0661253107190132,0.0035));
#2612=CARTESIAN_POINT('',(0.0530686615506008,0.0661253107190132,0.0035));
#2613=CARTESIAN_POINT('',(0.0340686615506008,0.0661253107190132,0.0035));
#2614=CARTESIAN_POINT('',(0.0340686615506008,0.0661253107190132,0.0035));
#2615=CARTESIAN_POINT('',(0.0150686615506008,0.0661253107190132,0.0035));
#2616=CARTESIAN_POINT('',(0.0150686615506008,0.0661253107190132,0.0035));
#2617=CARTESIAN_POINT('',(0.0150686615506008,0.0601253107190132,0.0035));
#2618=CARTESIAN_POINT('',(0.0150686615506008,0.0601253107190132,0.0035));
#2619=CARTESIAN_POINT('',(-0.0211824621393666,0.008343625,0.0035));
#2620=CARTESIAN_POINT('',(0.0222586110442619,0.0634353612253521,0.00540808929720139));
#2621=CARTESIAN_POINT('',(0.0222586110442619,0.0681253107190132,0.0065));
#2622=CARTESIAN_POINT('',(0.0205686615506008,0.0634353612253521,0.00540808929720139));
#2623=CARTESIAN_POINT('',(0.0205686615506008,0.0598753107190132,0.00540808929720139));
#2624=CARTESIAN_POINT('',(0.0205686615506008,0.0563152602126744,0.00540808929720139));
#2625=CARTESIAN_POINT('',(-0.000343925000000106,0.0681253107190132,0.0065));
#2626=CARTESIAN_POINT('',(0.0448787120569396,0.0681253107190132,0.0065));
#2627=CARTESIAN_POINT('',(0.0222586110442619,0.0563152602126744,0.00540808929720139));
#2628=CARTESIAN_POINT('',(0.0222586110442619,0.0546253107190132,0.00540808929720139));
#2629=CARTESIAN_POINT('',(0.0448787120569396,0.063435361225352,0.00540808929720139));
#2630=CARTESIAN_POINT('',(0.0495686615506008,0.0634353612253521,0.0065));
#2631=CARTESIAN_POINT('',(0.0335686615506008,0.0546253107190132,0.00540808929720139));
#2632=CARTESIAN_POINT('',(0.0448787120569396,0.0546253107190132,0.00540808929720139));
#2633=CARTESIAN_POINT('',(0.0495686615506008,0.008343625,0.0065));
#2634=CARTESIAN_POINT('',(0.0495686615506008,0.0563152602126744,0.0065));
#2635=CARTESIAN_POINT('',(0.0448787120569396,0.0563152602126744,0.00540808929720139));
#2636=CARTESIAN_POINT('',(-0.1841318,0.05900425,0.0015));
#2637=CARTESIAN_POINT('',(-0.1841318,0.05900425,0.00476794919243112));
#2638=CARTESIAN_POINT('',(-0.1805318,0.05900425,0.00476794919243112));
#2639=CARTESIAN_POINT('',(-0.1841318,0.05900425,0.00476794919243112));
#2640=MECHANICAL_DESIGN_GEOMETRIC_PRESENTATION_REPRESENTATION('',(#1118),
#2641);
#2641=(
GEOMETRIC_REPRESENTATION_CONTEXT(3)
GLOBAL_UNCERTAINTY_ASSIGNED_CONTEXT((#2642))
GLOBAL_UNIT_ASSIGNED_CONTEXT((#2645,#2644,#2643))
REPRESENTATION_CONTEXT('Part 7','TOP_LEVEL_ASSEMBLY_PART')
);
#2642=UNCERTAINTY_MEASURE_WITH_UNIT(LENGTH_MEASURE(2.00000000000785E-5),
#2645,'DISTANCE_ACCURACY_VALUE','Maximum Tolerance applied to model');
#2643=(
NAMED_UNIT(*)
SI_UNIT($,.STERADIAN.)
SOLID_ANGLE_UNIT()
);
#2644=(
NAMED_UNIT(*)
PLANE_ANGLE_UNIT()
SI_UNIT($,.RADIAN.)
);
#2645=(
LENGTH_UNIT()
NAMED_UNIT(*)
SI_UNIT($,.METRE.)
);
#2646=PRODUCT_DEFINITION_SHAPE('','',#2647);
#2647=PRODUCT_DEFINITION('','',#2649,#2648);
#2648=PRODUCT_DEFINITION_CONTEXT('',#2655,'design');
#2649=PRODUCT_DEFINITION_FORMATION_WITH_SPECIFIED_SOURCE('','',#2651,
 .NOT_KNOWN.);
#2650=PRODUCT_RELATED_PRODUCT_CATEGORY('','',(#2651));
#2651=PRODUCT('Part 7','Part 7','Part 7',(#2653));
#2652=PRODUCT_CATEGORY('','');
#2653=PRODUCT_CONTEXT('',#2655,'mechanical');
#2654=APPLICATION_PROTOCOL_DEFINITION('international standard',
'ap242_managed_model_based_3d_engineering',2020,#2655);
#2655=APPLICATION_CONTEXT('managed model based 3d engineering');
ENDSEC;
END-ISO-10303-21;
