ISO-10303-21;
HEADER;
/* Generated by software containing ST-Developer
 * from STEP Tools, Inc. (www.steptools.com) 
 */
/* OPTION: using custom renumber hook */

FILE_DESCRIPTION(
/* description */ ('STEP AP242 Edition 2',
'CAx-IF Rec.Pracs.---Representation and Presentation of Product Manufa
cturing Information (PMI)---4.0---2014-10-13',
'CAx-IF Rec.Pracs.---3D Tessellated Geometry---0.4---2014-09-14','2;1',
'CAx-IF Rec.Pracs.---User Defined Attributes---1.5---2016-08-15'),
/* implementation_level */ '2;1');

FILE_NAME(
/* name */ 'KEEBY 60+20',
/* time_stamp */ '2026-06-06T03:44:58Z',
/* author */ (''),
/* organization */ (''),
/* preprocessor_version */ 'ST-DEVELOPER v20',
/* originating_system */ 'ONSHAPE BY PTC INC, 1.216',
/* authorisation */ '  ');

FILE_SCHEMA (('AP242_MANAGED_MODEL_BASED_3D_ENGINEERING_MIM_LF { 1 0 10303 442 3 1 4 }'));
ENDSEC;

DATA;
#10=B_SPLINE_SURFACE_WITH_KNOTS('',3,1,((#5616,#5617),(#5618,#5619),(#5620,
#5621),(#5622,#5623),(#5624,#5625),(#5626,#5627),(#5628,#5629),(#5630,#5631),
(#5632,#5633)),.SURF_OF_LINEAR_EXTRUSION.,.F.,.F.,.F.,(4,1,1,1,1,1,4),(2,
2),(0.,0.125,0.25,0.5,0.75,0.875,1.),(0.,1.),.UNSPECIFIED.);
#11=B_SPLINE_SURFACE_WITH_KNOTS('',3,1,((#5637,#5638),(#5639,#5640),(#5641,
#5642),(#5643,#5644),(#5645,#5646),(#5647,#5648),(#5649,#5650),(#5651,#5652),
(#5653,#5654)),.SURF_OF_LINEAR_EXTRUSION.,.F.,.F.,.F.,(4,1,1,1,1,1,4),(2,
2),(0.,0.125,0.25,0.5,0.75,0.875,1.),(0.,1.),.UNSPECIFIED.);
#12=B_SPLINE_SURFACE_WITH_KNOTS('',3,1,((#5658,#5659),(#5660,#5661),(#5662,
#5663),(#5664,#5665),(#5666,#5667),(#5668,#5669),(#5670,#5671),(#5672,#5673),
(#5674,#5675)),.SURF_OF_LINEAR_EXTRUSION.,.F.,.F.,.F.,(4,1,1,1,1,1,4),(2,
2),(0.,0.125,0.25,0.5,0.75,0.875,1.),(0.,1.),.UNSPECIFIED.);
#13=B_SPLINE_SURFACE_WITH_KNOTS('',3,1,((#5715,#5716),(#5717,#5718),(#5719,
#5720),(#5721,#5722),(#5723,#5724),(#5725,#5726),(#5727,#5728),(#5729,#5730),
(#5731,#5732)),.SURF_OF_LINEAR_EXTRUSION.,.F.,.F.,.F.,(4,1,1,1,1,1,4),(2,
2),(0.,0.125,0.25,0.5,0.75,0.875,1.),(0.,1.),.UNSPECIFIED.);
#14=B_SPLINE_CURVE_WITH_KNOTS('',3,(#5241,#5242,#5243,#5244,#5245,#5246,
#5247,#5248,#5249),.UNSPECIFIED.,.F.,.F.,(4,1,1,1,1,1,4),(0.,0.125,0.25,
0.5,0.75,0.875,1.),.UNSPECIFIED.);
#15=B_SPLINE_CURVE_WITH_KNOTS('',3,(#5253,#5254,#5255,#5256,#5257,#5258,
#5259,#5260,#5261),.UNSPECIFIED.,.F.,.F.,(4,1,1,1,1,1,4),(0.,0.125,0.25,
0.5,0.75,0.875,1.),.UNSPECIFIED.);
#16=B_SPLINE_CURVE_WITH_KNOTS('',3,(#5265,#5266,#5267,#5268,#5269,#5270,
#5271,#5272,#5273),.UNSPECIFIED.,.F.,.F.,(4,1,1,1,1,1,4),(0.,0.125,0.25,
0.5,0.75,0.875,1.),.UNSPECIFIED.);
#17=B_SPLINE_CURVE_WITH_KNOTS('',3,(#5277,#5278,#5279,#5280,#5281,#5282,
#5283,#5284,#5285),.UNSPECIFIED.,.F.,.F.,(4,1,1,1,1,1,4),(0.,0.125,0.25,
0.5,0.75,0.875,1.),.UNSPECIFIED.);
#18=B_SPLINE_CURVE_WITH_KNOTS('',3,(#5406,#5407,#5408,#5409,#5410,#5411,
#5412,#5413,#5414),.UNSPECIFIED.,.F.,.F.,(4,1,1,1,1,1,4),(0.,0.125,0.25,
0.5,0.75,0.875,1.),.UNSPECIFIED.);
#19=B_SPLINE_CURVE_WITH_KNOTS('',3,(#5418,#5419,#5420,#5421,#5422,#5423,
#5424,#5425,#5426),.UNSPECIFIED.,.F.,.F.,(4,1,1,1,1,1,4),(0.,0.125,0.25,
0.5,0.75,0.875,1.),.UNSPECIFIED.);
#20=B_SPLINE_CURVE_WITH_KNOTS('',3,(#5430,#5431,#5432,#5433,#5434,#5435,
#5436,#5437,#5438),.UNSPECIFIED.,.F.,.F.,(4,1,1,1,1,1,4),(0.,0.125,0.25,
0.5,0.75,0.875,1.),.UNSPECIFIED.);
#21=B_SPLINE_CURVE_WITH_KNOTS('',3,(#5442,#5443,#5444,#5445,#5446,#5447,
#5448,#5449,#5450),.UNSPECIFIED.,.F.,.F.,(4,1,1,1,1,1,4),(0.,0.125,0.25,
0.5,0.75,0.875,1.),.UNSPECIFIED.);
#22=SHAPE_REPRESENTATION_RELATIONSHIP('','',#3393,#24);
#23=SHAPE_REPRESENTATION_RELATIONSHIP('','',#3394,#25);
#24=ADVANCED_BREP_SHAPE_REPRESENTATION('',(#3389),#5907);
#25=ADVANCED_BREP_SHAPE_REPRESENTATION('',(#3390),#5908);
#26=ELLIPSE('',#3436,0.0118458808235984,0.0118296464556282);
#27=ELLIPSE('',#3439,0.0118458808235984,0.0118296464556282);
#28=ELLIPSE('',#3441,0.0118458808235984,0.0118296464556282);
#29=ELLIPSE('',#3447,0.0118458808235984,0.0118296464556282);
#30=CYLINDRICAL_SURFACE('',#3435,0.0118296464556282);
#31=CYLINDRICAL_SURFACE('',#3438,0.0118296464556282);
#32=CYLINDRICAL_SURFACE('',#3440,0.0118296464556282);
#33=CYLINDRICAL_SURFACE('',#3446,0.0118296464556282);
#34=CYLINDRICAL_SURFACE('',#3449,0.0016);
#35=CYLINDRICAL_SURFACE('',#3452,0.0016);
#36=CYLINDRICAL_SURFACE('',#3455,0.0016);
#37=CYLINDRICAL_SURFACE('',#3458,0.0016);
#38=CYLINDRICAL_SURFACE('',#3461,0.0016);
#39=CYLINDRICAL_SURFACE('',#3464,0.0016);
#40=CYLINDRICAL_SURFACE('',#3467,0.0016);
#41=CYLINDRICAL_SURFACE('',#3470,0.0016);
#42=CYLINDRICAL_SURFACE('',#3474,0.00205);
#43=CYLINDRICAL_SURFACE('',#3477,0.00204999999999997);
#44=CYLINDRICAL_SURFACE('',#3480,0.00455558);
#45=CYLINDRICAL_SURFACE('',#3483,0.00204999999999994);
#46=CYLINDRICAL_SURFACE('',#3486,0.00205);
#47=CYLINDRICAL_SURFACE('',#3489,0.00455558);
#48=CYLINDRICAL_SURFACE('',#3492,0.00205);
#49=CYLINDRICAL_SURFACE('',#3495,0.00205);
#50=CYLINDRICAL_SURFACE('',#3498,0.00455558);
#51=CYLINDRICAL_SURFACE('',#3501,0.00205);
#52=CYLINDRICAL_SURFACE('',#3504,0.00205);
#53=CYLINDRICAL_SURFACE('',#3507,0.00455558);
#54=CYLINDRICAL_SURFACE('',#3510,0.00205000000000003);
#55=CYLINDRICAL_SURFACE('',#3513,0.00205000000000003);
#56=CYLINDRICAL_SURFACE('',#3516,0.00455558);
#57=CYLINDRICAL_SURFACE('',#3519,0.00205);
#58=CYLINDRICAL_SURFACE('',#3522,0.00205);
#59=CYLINDRICAL_SURFACE('',#3525,0.00455558);
#60=CYLINDRICAL_SURFACE('',#3528,0.00205000000000004);
#61=CYLINDRICAL_SURFACE('',#3531,0.00205);
#62=CYLINDRICAL_SURFACE('',#3534,0.00455558);
#63=CYLINDRICAL_SURFACE('',#3537,0.00205);
#64=CYLINDRICAL_SURFACE('',#3540,0.00204999999999997);
#65=CYLINDRICAL_SURFACE('',#3543,0.00455558471469886);
#66=CYLINDRICAL_SURFACE('',#3546,0.00155);
#67=CYLINDRICAL_SURFACE('',#3549,0.00155);
#68=CYLINDRICAL_SURFACE('',#3552,0.00155);
#69=CYLINDRICAL_SURFACE('',#3574,0.0013);
#70=CYLINDRICAL_SURFACE('',#3578,0.0013);
#71=CYLINDRICAL_SURFACE('',#3582,0.0013);
#72=CYLINDRICAL_SURFACE('',#3586,0.0013);
#73=CYLINDRICAL_SURFACE('',#3590,0.0013);
#74=CYLINDRICAL_SURFACE('',#3594,0.0013);
#75=CYLINDRICAL_SURFACE('',#3598,0.0013);
#76=CYLINDRICAL_SURFACE('',#3602,0.0013);
#77=CYLINDRICAL_SURFACE('',#3613,0.00205);
#78=CYLINDRICAL_SURFACE('',#3616,0.00205);
#79=CYLINDRICAL_SURFACE('',#3620,0.0013);
#80=CYLINDRICAL_SURFACE('',#3624,0.0013);
#81=CYLINDRICAL_SURFACE('',#3628,0.0013);
#82=CYLINDRICAL_SURFACE('',#3632,0.0013);
#83=CYLINDRICAL_SURFACE('',#3636,0.0013);
#84=CYLINDRICAL_SURFACE('',#3640,0.0013);
#85=CYLINDRICAL_SURFACE('',#3644,0.0013);
#86=CYLINDRICAL_SURFACE('',#3648,0.0013);
#87=CYLINDRICAL_SURFACE('',#3670,0.00627695526217003);
#88=CYLINDRICAL_SURFACE('',#3672,0.00627695526217003);
#89=CYLINDRICAL_SURFACE('',#3673,0.00627695526217004);
#90=CYLINDRICAL_SURFACE('',#3675,0.00627695526217003);
#91=CYLINDRICAL_SURFACE('',#3678,0.00219693434175953);
#92=CYLINDRICAL_SURFACE('',#3681,0.00219693434175955);
#93=CYLINDRICAL_SURFACE('',#3684,0.00219693434175953);
#94=CYLINDRICAL_SURFACE('',#3687,0.00219693434175953);
#95=CYLINDRICAL_SURFACE('',#3691,0.00219693434175953);
#96=CYLINDRICAL_SURFACE('',#3694,0.00219693434175954);
#97=CYLINDRICAL_SURFACE('',#3697,0.00219693434175953);
#98=CYLINDRICAL_SURFACE('',#3700,0.00219693434175953);
#99=CYLINDRICAL_SURFACE('',#3704,0.00205);
#100=CYLINDRICAL_SURFACE('',#3707,0.00205);
#101=CYLINDRICAL_SURFACE('',#3711,0.00205);
#102=CYLINDRICAL_SURFACE('',#3714,0.00205);
#103=CYLINDRICAL_SURFACE('',#3717,0.00205);
#104=CYLINDRICAL_SURFACE('',#3720,0.00205);
#105=CYLINDRICAL_SURFACE('',#3723,0.001535);
#106=CYLINDRICAL_SURFACE('',#3726,0.001535);
#107=CYLINDRICAL_SURFACE('',#3729,0.001535);
#108=CYLINDRICAL_SURFACE('',#3732,0.001535);
#109=CYLINDRICAL_SURFACE('',#3735,0.001535);
#110=CYLINDRICAL_SURFACE('',#3738,0.001535);
#111=CYLINDRICAL_SURFACE('',#3741,0.001535);
#112=CYLINDRICAL_SURFACE('',#3744,0.001535);
#113=CYLINDRICAL_SURFACE('',#3747,0.001535);
#114=CYLINDRICAL_SURFACE('',#3750,0.001535);
#115=CYLINDRICAL_SURFACE('',#3753,0.001535);
#116=CYLINDRICAL_SURFACE('',#3756,0.001535);
#117=CYLINDRICAL_SURFACE('',#3759,0.00155);
#118=CYLINDRICAL_SURFACE('',#3762,0.00155);
#119=CYLINDRICAL_SURFACE('',#3765,0.00155);
#120=CIRCLE('',#3397,0.0118296464556282);
#121=CIRCLE('',#3398,0.0118296464556282);
#122=CIRCLE('',#3399,0.0118296464556282);
#123=CIRCLE('',#3400,0.0118296464556282);
#124=CIRCLE('',#3401,0.0016);
#125=CIRCLE('',#3402,0.0016);
#126=CIRCLE('',#3403,0.0016);
#127=CIRCLE('',#3404,0.0016);
#128=CIRCLE('',#3405,0.0016);
#129=CIRCLE('',#3406,0.0016);
#130=CIRCLE('',#3407,0.0016);
#131=CIRCLE('',#3408,0.0016);
#132=CIRCLE('',#3409,0.00455558471469886);
#133=CIRCLE('',#3410,0.00204999999999997);
#134=CIRCLE('',#3411,0.00205);
#135=CIRCLE('',#3412,0.00455558);
#136=CIRCLE('',#3413,0.00205);
#137=CIRCLE('',#3414,0.00205000000000004);
#138=CIRCLE('',#3415,0.00455558);
#139=CIRCLE('',#3416,0.00205);
#140=CIRCLE('',#3417,0.00205);
#141=CIRCLE('',#3418,0.00455558);
#142=CIRCLE('',#3419,0.00205000000000003);
#143=CIRCLE('',#3420,0.00205000000000003);
#144=CIRCLE('',#3421,0.00455558);
#145=CIRCLE('',#3422,0.00205);
#146=CIRCLE('',#3423,0.00205);
#147=CIRCLE('',#3424,0.00455558);
#148=CIRCLE('',#3425,0.00205);
#149=CIRCLE('',#3426,0.00205);
#150=CIRCLE('',#3427,0.00455558);
#151=CIRCLE('',#3428,0.00205);
#152=CIRCLE('',#3429,0.00204999999999994);
#153=CIRCLE('',#3430,0.00455558);
#154=CIRCLE('',#3431,0.00204999999999997);
#155=CIRCLE('',#3432,0.00205);
#156=CIRCLE('',#3443,0.00155);
#157=CIRCLE('',#3444,0.00155);
#158=CIRCLE('',#3445,0.00155);
#159=CIRCLE('',#3450,0.0016);
#160=CIRCLE('',#3453,0.0016);
#161=CIRCLE('',#3456,0.0016);
#162=CIRCLE('',#3459,0.0016);
#163=CIRCLE('',#3462,0.0016);
#164=CIRCLE('',#3465,0.0016);
#165=CIRCLE('',#3468,0.0016);
#166=CIRCLE('',#3471,0.0016);
#167=CIRCLE('',#3475,0.00205);
#168=CIRCLE('',#3478,0.00204999999999997);
#169=CIRCLE('',#3481,0.00455558);
#170=CIRCLE('',#3484,0.00204999999999994);
#171=CIRCLE('',#3487,0.00205);
#172=CIRCLE('',#3490,0.00455558);
#173=CIRCLE('',#3493,0.00205);
#174=CIRCLE('',#3496,0.00205);
#175=CIRCLE('',#3499,0.00455558);
#176=CIRCLE('',#3502,0.00205);
#177=CIRCLE('',#3505,0.00205);
#178=CIRCLE('',#3508,0.00455558);
#179=CIRCLE('',#3511,0.00205000000000003);
#180=CIRCLE('',#3514,0.00205000000000003);
#181=CIRCLE('',#3517,0.00455558);
#182=CIRCLE('',#3520,0.00205);
#183=CIRCLE('',#3523,0.00205);
#184=CIRCLE('',#3526,0.00455558);
#185=CIRCLE('',#3529,0.00205000000000004);
#186=CIRCLE('',#3532,0.00205);
#187=CIRCLE('',#3535,0.00455558);
#188=CIRCLE('',#3538,0.00205);
#189=CIRCLE('',#3541,0.00204999999999997);
#190=CIRCLE('',#3544,0.00455558471469886);
#191=CIRCLE('',#3547,0.00155);
#192=CIRCLE('',#3550,0.00155);
#193=CIRCLE('',#3553,0.00155);
#194=CIRCLE('',#3557,0.001535);
#195=CIRCLE('',#3558,0.001535);
#196=CIRCLE('',#3559,0.001535);
#197=CIRCLE('',#3560,0.001535);
#198=CIRCLE('',#3561,0.001535);
#199=CIRCLE('',#3562,0.001535);
#200=CIRCLE('',#3563,0.001535);
#201=CIRCLE('',#3564,0.001535);
#202=CIRCLE('',#3565,0.001535);
#203=CIRCLE('',#3566,0.001535);
#204=CIRCLE('',#3567,0.001535);
#205=CIRCLE('',#3568,0.00627695526217003);
#206=CIRCLE('',#3569,0.00627695526217003);
#207=CIRCLE('',#3570,0.00627695526217004);
#208=CIRCLE('',#3571,0.00627695526217003);
#209=CIRCLE('',#3572,0.001535);
#210=CIRCLE('',#3575,0.0013);
#211=CIRCLE('',#3576,0.0013);
#212=CIRCLE('',#3579,0.0013);
#213=CIRCLE('',#3580,0.0013);
#214=CIRCLE('',#3583,0.0013);
#215=CIRCLE('',#3584,0.0013);
#216=CIRCLE('',#3587,0.0013);
#217=CIRCLE('',#3588,0.0013);
#218=CIRCLE('',#3591,0.0013);
#219=CIRCLE('',#3592,0.0013);
#220=CIRCLE('',#3595,0.0013);
#221=CIRCLE('',#3596,0.0013);
#222=CIRCLE('',#3599,0.0013);
#223=CIRCLE('',#3600,0.0013);
#224=CIRCLE('',#3603,0.0013);
#225=CIRCLE('',#3604,0.0013);
#226=CIRCLE('',#3606,0.00205);
#227=CIRCLE('',#3607,0.00205);
#228=CIRCLE('',#3609,0.00627695526217003);
#229=CIRCLE('',#3610,0.00627695526217003);
#230=CIRCLE('',#3611,0.00627695526217003);
#231=CIRCLE('',#3612,0.00627695526217004);
#232=CIRCLE('',#3614,0.00205);
#233=CIRCLE('',#3615,0.00205);
#234=CIRCLE('',#3617,0.00205);
#235=CIRCLE('',#3618,0.00205);
#236=CIRCLE('',#3621,0.0013);
#237=CIRCLE('',#3622,0.0013);
#238=CIRCLE('',#3625,0.0013);
#239=CIRCLE('',#3626,0.0013);
#240=CIRCLE('',#3629,0.0013);
#241=CIRCLE('',#3630,0.0013);
#242=CIRCLE('',#3633,0.0013);
#243=CIRCLE('',#3634,0.0013);
#244=CIRCLE('',#3637,0.0013);
#245=CIRCLE('',#3638,0.0013);
#246=CIRCLE('',#3641,0.0013);
#247=CIRCLE('',#3642,0.0013);
#248=CIRCLE('',#3645,0.0013);
#249=CIRCLE('',#3646,0.0013);
#250=CIRCLE('',#3649,0.0013);
#251=CIRCLE('',#3650,0.0013);
#252=CIRCLE('',#3652,0.00219693434175953);
#253=CIRCLE('',#3653,0.00219693434175953);
#254=CIRCLE('',#3654,0.00219693434175955);
#255=CIRCLE('',#3655,0.00219693434175953);
#256=CIRCLE('',#3656,0.00219693434175953);
#257=CIRCLE('',#3657,0.00219693434175953);
#258=CIRCLE('',#3658,0.00219693434175954);
#259=CIRCLE('',#3659,0.00219693434175953);
#260=CIRCLE('',#3663,0.00155);
#261=CIRCLE('',#3664,0.00155);
#262=CIRCLE('',#3665,0.00155);
#263=CIRCLE('',#3666,0.00205);
#264=CIRCLE('',#3667,0.00205);
#265=CIRCLE('',#3668,0.00205);
#266=CIRCLE('',#3669,0.00205);
#267=CIRCLE('',#3679,0.00219693434175953);
#268=CIRCLE('',#3682,0.00219693434175955);
#269=CIRCLE('',#3685,0.00219693434175953);
#270=CIRCLE('',#3688,0.00219693434175953);
#271=CIRCLE('',#3692,0.00219693434175953);
#272=CIRCLE('',#3695,0.00219693434175954);
#273=CIRCLE('',#3698,0.00219693434175953);
#274=CIRCLE('',#3701,0.00219693434175953);
#275=CIRCLE('',#3705,0.00205);
#276=CIRCLE('',#3708,0.00205);
#277=CIRCLE('',#3712,0.00205);
#278=CIRCLE('',#3715,0.00205);
#279=CIRCLE('',#3718,0.00205);
#280=CIRCLE('',#3721,0.00205);
#281=CIRCLE('',#3724,0.001535);
#282=CIRCLE('',#3727,0.001535);
#283=CIRCLE('',#3730,0.001535);
#284=CIRCLE('',#3733,0.001535);
#285=CIRCLE('',#3736,0.001535);
#286=CIRCLE('',#3739,0.001535);
#287=CIRCLE('',#3742,0.001535);
#288=CIRCLE('',#3745,0.001535);
#289=CIRCLE('',#3748,0.001535);
#290=CIRCLE('',#3751,0.001535);
#291=CIRCLE('',#3754,0.001535);
#292=CIRCLE('',#3757,0.001535);
#293=CIRCLE('',#3760,0.00155);
#294=CIRCLE('',#3763,0.00155);
#295=CIRCLE('',#3766,0.00155);
#296=ORIENTED_EDGE('',*,*,#1220,.F.);
#297=ORIENTED_EDGE('',*,*,#1221,.T.);
#298=ORIENTED_EDGE('',*,*,#1222,.T.);
#299=ORIENTED_EDGE('',*,*,#1223,.T.);
#300=ORIENTED_EDGE('',*,*,#1224,.T.);
#301=ORIENTED_EDGE('',*,*,#1225,.T.);
#302=ORIENTED_EDGE('',*,*,#1226,.F.);
#303=ORIENTED_EDGE('',*,*,#1227,.T.);
#304=ORIENTED_EDGE('',*,*,#1228,.F.);
#305=ORIENTED_EDGE('',*,*,#1229,.F.);
#306=ORIENTED_EDGE('',*,*,#1230,.F.);
#307=ORIENTED_EDGE('',*,*,#1231,.F.);
#308=ORIENTED_EDGE('',*,*,#1232,.F.);
#309=ORIENTED_EDGE('',*,*,#1233,.F.);
#310=ORIENTED_EDGE('',*,*,#1234,.F.);
#311=ORIENTED_EDGE('',*,*,#1235,.F.);
#312=ORIENTED_EDGE('',*,*,#1236,.F.);
#313=ORIENTED_EDGE('',*,*,#1237,.F.);
#314=ORIENTED_EDGE('',*,*,#1238,.T.);
#315=ORIENTED_EDGE('',*,*,#1239,.F.);
#316=ORIENTED_EDGE('',*,*,#1240,.T.);
#317=ORIENTED_EDGE('',*,*,#1241,.F.);
#318=ORIENTED_EDGE('',*,*,#1242,.F.);
#319=ORIENTED_EDGE('',*,*,#1243,.T.);
#320=ORIENTED_EDGE('',*,*,#1244,.T.);
#321=ORIENTED_EDGE('',*,*,#1245,.F.);
#322=ORIENTED_EDGE('',*,*,#1246,.T.);
#323=ORIENTED_EDGE('',*,*,#1247,.F.);
#324=ORIENTED_EDGE('',*,*,#1248,.F.);
#325=ORIENTED_EDGE('',*,*,#1249,.T.);
#326=ORIENTED_EDGE('',*,*,#1250,.T.);
#327=ORIENTED_EDGE('',*,*,#1251,.F.);
#328=ORIENTED_EDGE('',*,*,#1252,.T.);
#329=ORIENTED_EDGE('',*,*,#1253,.F.);
#330=ORIENTED_EDGE('',*,*,#1254,.F.);
#331=ORIENTED_EDGE('',*,*,#1255,.T.);
#332=ORIENTED_EDGE('',*,*,#1256,.T.);
#333=ORIENTED_EDGE('',*,*,#1257,.F.);
#334=ORIENTED_EDGE('',*,*,#1258,.T.);
#335=ORIENTED_EDGE('',*,*,#1259,.F.);
#336=ORIENTED_EDGE('',*,*,#1260,.F.);
#337=ORIENTED_EDGE('',*,*,#1261,.F.);
#338=ORIENTED_EDGE('',*,*,#1262,.T.);
#339=ORIENTED_EDGE('',*,*,#1263,.F.);
#340=ORIENTED_EDGE('',*,*,#1264,.F.);
#341=ORIENTED_EDGE('',*,*,#1265,.F.);
#342=ORIENTED_EDGE('',*,*,#1266,.F.);
#343=ORIENTED_EDGE('',*,*,#1267,.F.);
#344=ORIENTED_EDGE('',*,*,#1268,.T.);
#345=ORIENTED_EDGE('',*,*,#1269,.F.);
#346=ORIENTED_EDGE('',*,*,#1270,.F.);
#347=ORIENTED_EDGE('',*,*,#1271,.F.);
#348=ORIENTED_EDGE('',*,*,#1272,.F.);
#349=ORIENTED_EDGE('',*,*,#1273,.T.);
#350=ORIENTED_EDGE('',*,*,#1274,.T.);
#351=ORIENTED_EDGE('',*,*,#1275,.F.);
#352=ORIENTED_EDGE('',*,*,#1276,.F.);
#353=ORIENTED_EDGE('',*,*,#1277,.F.);
#354=ORIENTED_EDGE('',*,*,#1278,.F.);
#355=ORIENTED_EDGE('',*,*,#1279,.T.);
#356=ORIENTED_EDGE('',*,*,#1280,.T.);
#357=ORIENTED_EDGE('',*,*,#1281,.F.);
#358=ORIENTED_EDGE('',*,*,#1282,.F.);
#359=ORIENTED_EDGE('',*,*,#1283,.F.);
#360=ORIENTED_EDGE('',*,*,#1284,.F.);
#361=ORIENTED_EDGE('',*,*,#1285,.T.);
#362=ORIENTED_EDGE('',*,*,#1286,.T.);
#363=ORIENTED_EDGE('',*,*,#1220,.T.);
#364=ORIENTED_EDGE('',*,*,#1287,.F.);
#365=ORIENTED_EDGE('',*,*,#1288,.T.);
#366=ORIENTED_EDGE('',*,*,#1224,.F.);
#367=ORIENTED_EDGE('',*,*,#1289,.F.);
#368=ORIENTED_EDGE('',*,*,#1290,.T.);
#369=ORIENTED_EDGE('',*,*,#1221,.F.);
#370=ORIENTED_EDGE('',*,*,#1286,.F.);
#371=ORIENTED_EDGE('',*,*,#1291,.T.);
#372=ORIENTED_EDGE('',*,*,#1292,.T.);
#373=ORIENTED_EDGE('',*,*,#1290,.F.);
#374=ORIENTED_EDGE('',*,*,#1293,.T.);
#375=ORIENTED_EDGE('',*,*,#1294,.T.);
#376=ORIENTED_EDGE('',*,*,#1222,.F.);
#377=ORIENTED_EDGE('',*,*,#1294,.F.);
#378=ORIENTED_EDGE('',*,*,#1295,.T.);
#379=ORIENTED_EDGE('',*,*,#1289,.T.);
#380=ORIENTED_EDGE('',*,*,#1223,.F.);
#381=ORIENTED_EDGE('',*,*,#1288,.F.);
#382=ORIENTED_EDGE('',*,*,#1296,.T.);
#383=ORIENTED_EDGE('',*,*,#1297,.T.);
#384=ORIENTED_EDGE('',*,*,#1225,.F.);
#385=ORIENTED_EDGE('',*,*,#1298,.F.);
#386=ORIENTED_EDGE('',*,*,#1299,.F.);
#387=ORIENTED_EDGE('',*,*,#1300,.F.);
#388=ORIENTED_EDGE('',*,*,#1301,.F.);
#389=ORIENTED_EDGE('',*,*,#1302,.T.);
#390=ORIENTED_EDGE('',*,*,#1226,.T.);
#391=ORIENTED_EDGE('',*,*,#1297,.F.);
#392=ORIENTED_EDGE('',*,*,#1303,.T.);
#393=ORIENTED_EDGE('',*,*,#1304,.T.);
#394=ORIENTED_EDGE('',*,*,#1284,.T.);
#395=ORIENTED_EDGE('',*,*,#1227,.F.);
#396=ORIENTED_EDGE('',*,*,#1302,.F.);
#397=ORIENTED_EDGE('',*,*,#1292,.F.);
#398=ORIENTED_EDGE('',*,*,#1291,.F.);
#399=ORIENTED_EDGE('',*,*,#1285,.F.);
#400=ORIENTED_EDGE('',*,*,#1304,.F.);
#401=ORIENTED_EDGE('',*,*,#1303,.F.);
#402=ORIENTED_EDGE('',*,*,#1301,.T.);
#403=ORIENTED_EDGE('',*,*,#1296,.F.);
#404=ORIENTED_EDGE('',*,*,#1287,.T.);
#405=ORIENTED_EDGE('',*,*,#1295,.F.);
#406=ORIENTED_EDGE('',*,*,#1293,.F.);
#407=ORIENTED_EDGE('',*,*,#1228,.T.);
#408=ORIENTED_EDGE('',*,*,#1305,.F.);
#409=ORIENTED_EDGE('',*,*,#1305,.T.);
#410=ORIENTED_EDGE('',*,*,#1229,.T.);
#411=ORIENTED_EDGE('',*,*,#1306,.F.);
#412=ORIENTED_EDGE('',*,*,#1306,.T.);
#413=ORIENTED_EDGE('',*,*,#1230,.T.);
#414=ORIENTED_EDGE('',*,*,#1307,.F.);
#415=ORIENTED_EDGE('',*,*,#1307,.T.);
#416=ORIENTED_EDGE('',*,*,#1231,.T.);
#417=ORIENTED_EDGE('',*,*,#1308,.F.);
#418=ORIENTED_EDGE('',*,*,#1308,.T.);
#419=ORIENTED_EDGE('',*,*,#1232,.T.);
#420=ORIENTED_EDGE('',*,*,#1309,.F.);
#421=ORIENTED_EDGE('',*,*,#1309,.T.);
#422=ORIENTED_EDGE('',*,*,#1233,.T.);
#423=ORIENTED_EDGE('',*,*,#1310,.F.);
#424=ORIENTED_EDGE('',*,*,#1310,.T.);
#425=ORIENTED_EDGE('',*,*,#1234,.T.);
#426=ORIENTED_EDGE('',*,*,#1311,.F.);
#427=ORIENTED_EDGE('',*,*,#1311,.T.);
#428=ORIENTED_EDGE('',*,*,#1235,.T.);
#429=ORIENTED_EDGE('',*,*,#1312,.F.);
#430=ORIENTED_EDGE('',*,*,#1312,.T.);
#431=ORIENTED_EDGE('',*,*,#1236,.T.);
#432=ORIENTED_EDGE('',*,*,#1313,.F.);
#433=ORIENTED_EDGE('',*,*,#1314,.F.);
#434=ORIENTED_EDGE('',*,*,#1315,.T.);
#435=ORIENTED_EDGE('',*,*,#1283,.T.);
#436=ORIENTED_EDGE('',*,*,#1316,.F.);
#437=ORIENTED_EDGE('',*,*,#1317,.F.);
#438=ORIENTED_EDGE('',*,*,#1313,.T.);
#439=ORIENTED_EDGE('',*,*,#1282,.T.);
#440=ORIENTED_EDGE('',*,*,#1318,.F.);
#441=ORIENTED_EDGE('',*,*,#1319,.F.);
#442=ORIENTED_EDGE('',*,*,#1316,.T.);
#443=ORIENTED_EDGE('',*,*,#1281,.T.);
#444=ORIENTED_EDGE('',*,*,#1320,.F.);
#445=ORIENTED_EDGE('',*,*,#1321,.F.);
#446=ORIENTED_EDGE('',*,*,#1318,.T.);
#447=ORIENTED_EDGE('',*,*,#1280,.F.);
#448=ORIENTED_EDGE('',*,*,#1322,.F.);
#449=ORIENTED_EDGE('',*,*,#1323,.T.);
#450=ORIENTED_EDGE('',*,*,#1320,.T.);
#451=ORIENTED_EDGE('',*,*,#1279,.F.);
#452=ORIENTED_EDGE('',*,*,#1324,.F.);
#453=ORIENTED_EDGE('',*,*,#1325,.T.);
#454=ORIENTED_EDGE('',*,*,#1322,.T.);
#455=ORIENTED_EDGE('',*,*,#1278,.T.);
#456=ORIENTED_EDGE('',*,*,#1326,.F.);
#457=ORIENTED_EDGE('',*,*,#1327,.F.);
#458=ORIENTED_EDGE('',*,*,#1324,.T.);
#459=ORIENTED_EDGE('',*,*,#1277,.T.);
#460=ORIENTED_EDGE('',*,*,#1328,.F.);
#461=ORIENTED_EDGE('',*,*,#1329,.F.);
#462=ORIENTED_EDGE('',*,*,#1326,.T.);
#463=ORIENTED_EDGE('',*,*,#1276,.T.);
#464=ORIENTED_EDGE('',*,*,#1330,.F.);
#465=ORIENTED_EDGE('',*,*,#1331,.F.);
#466=ORIENTED_EDGE('',*,*,#1328,.T.);
#467=ORIENTED_EDGE('',*,*,#1275,.T.);
#468=ORIENTED_EDGE('',*,*,#1332,.F.);
#469=ORIENTED_EDGE('',*,*,#1333,.F.);
#470=ORIENTED_EDGE('',*,*,#1330,.T.);
#471=ORIENTED_EDGE('',*,*,#1274,.F.);
#472=ORIENTED_EDGE('',*,*,#1334,.F.);
#473=ORIENTED_EDGE('',*,*,#1335,.T.);
#474=ORIENTED_EDGE('',*,*,#1332,.T.);
#475=ORIENTED_EDGE('',*,*,#1273,.F.);
#476=ORIENTED_EDGE('',*,*,#1336,.F.);
#477=ORIENTED_EDGE('',*,*,#1337,.T.);
#478=ORIENTED_EDGE('',*,*,#1334,.T.);
#479=ORIENTED_EDGE('',*,*,#1272,.T.);
#480=ORIENTED_EDGE('',*,*,#1338,.F.);
#481=ORIENTED_EDGE('',*,*,#1339,.F.);
#482=ORIENTED_EDGE('',*,*,#1336,.T.);
#483=ORIENTED_EDGE('',*,*,#1271,.T.);
#484=ORIENTED_EDGE('',*,*,#1340,.F.);
#485=ORIENTED_EDGE('',*,*,#1341,.F.);
#486=ORIENTED_EDGE('',*,*,#1338,.T.);
#487=ORIENTED_EDGE('',*,*,#1270,.T.);
#488=ORIENTED_EDGE('',*,*,#1342,.F.);
#489=ORIENTED_EDGE('',*,*,#1343,.F.);
#490=ORIENTED_EDGE('',*,*,#1340,.T.);
#491=ORIENTED_EDGE('',*,*,#1269,.T.);
#492=ORIENTED_EDGE('',*,*,#1344,.F.);
#493=ORIENTED_EDGE('',*,*,#1345,.F.);
#494=ORIENTED_EDGE('',*,*,#1342,.T.);
#495=ORIENTED_EDGE('',*,*,#1268,.F.);
#496=ORIENTED_EDGE('',*,*,#1346,.F.);
#497=ORIENTED_EDGE('',*,*,#1347,.T.);
#498=ORIENTED_EDGE('',*,*,#1344,.T.);
#499=ORIENTED_EDGE('',*,*,#1267,.T.);
#500=ORIENTED_EDGE('',*,*,#1348,.F.);
#501=ORIENTED_EDGE('',*,*,#1349,.F.);
#502=ORIENTED_EDGE('',*,*,#1346,.T.);
#503=ORIENTED_EDGE('',*,*,#1266,.T.);
#504=ORIENTED_EDGE('',*,*,#1350,.F.);
#505=ORIENTED_EDGE('',*,*,#1351,.F.);
#506=ORIENTED_EDGE('',*,*,#1348,.T.);
#507=ORIENTED_EDGE('',*,*,#1265,.T.);
#508=ORIENTED_EDGE('',*,*,#1352,.F.);
#509=ORIENTED_EDGE('',*,*,#1353,.F.);
#510=ORIENTED_EDGE('',*,*,#1350,.T.);
#511=ORIENTED_EDGE('',*,*,#1264,.T.);
#512=ORIENTED_EDGE('',*,*,#1354,.F.);
#513=ORIENTED_EDGE('',*,*,#1355,.F.);
#514=ORIENTED_EDGE('',*,*,#1352,.T.);
#515=ORIENTED_EDGE('',*,*,#1263,.T.);
#516=ORIENTED_EDGE('',*,*,#1356,.F.);
#517=ORIENTED_EDGE('',*,*,#1357,.F.);
#518=ORIENTED_EDGE('',*,*,#1354,.T.);
#519=ORIENTED_EDGE('',*,*,#1262,.F.);
#520=ORIENTED_EDGE('',*,*,#1358,.F.);
#521=ORIENTED_EDGE('',*,*,#1359,.T.);
#522=ORIENTED_EDGE('',*,*,#1356,.T.);
#523=ORIENTED_EDGE('',*,*,#1261,.T.);
#524=ORIENTED_EDGE('',*,*,#1360,.F.);
#525=ORIENTED_EDGE('',*,*,#1361,.F.);
#526=ORIENTED_EDGE('',*,*,#1358,.T.);
#527=ORIENTED_EDGE('',*,*,#1260,.T.);
#528=ORIENTED_EDGE('',*,*,#1362,.F.);
#529=ORIENTED_EDGE('',*,*,#1363,.F.);
#530=ORIENTED_EDGE('',*,*,#1360,.T.);
#531=ORIENTED_EDGE('',*,*,#1259,.T.);
#532=ORIENTED_EDGE('',*,*,#1364,.F.);
#533=ORIENTED_EDGE('',*,*,#1365,.F.);
#534=ORIENTED_EDGE('',*,*,#1362,.T.);
#535=ORIENTED_EDGE('',*,*,#1258,.F.);
#536=ORIENTED_EDGE('',*,*,#1366,.F.);
#537=ORIENTED_EDGE('',*,*,#1367,.T.);
#538=ORIENTED_EDGE('',*,*,#1364,.T.);
#539=ORIENTED_EDGE('',*,*,#1257,.T.);
#540=ORIENTED_EDGE('',*,*,#1368,.F.);
#541=ORIENTED_EDGE('',*,*,#1369,.F.);
#542=ORIENTED_EDGE('',*,*,#1366,.T.);
#543=ORIENTED_EDGE('',*,*,#1256,.F.);
#544=ORIENTED_EDGE('',*,*,#1370,.F.);
#545=ORIENTED_EDGE('',*,*,#1371,.T.);
#546=ORIENTED_EDGE('',*,*,#1368,.T.);
#547=ORIENTED_EDGE('',*,*,#1255,.F.);
#548=ORIENTED_EDGE('',*,*,#1372,.F.);
#549=ORIENTED_EDGE('',*,*,#1373,.T.);
#550=ORIENTED_EDGE('',*,*,#1370,.T.);
#551=ORIENTED_EDGE('',*,*,#1254,.T.);
#552=ORIENTED_EDGE('',*,*,#1374,.F.);
#553=ORIENTED_EDGE('',*,*,#1375,.F.);
#554=ORIENTED_EDGE('',*,*,#1372,.T.);
#555=ORIENTED_EDGE('',*,*,#1253,.T.);
#556=ORIENTED_EDGE('',*,*,#1376,.F.);
#557=ORIENTED_EDGE('',*,*,#1377,.F.);
#558=ORIENTED_EDGE('',*,*,#1374,.T.);
#559=ORIENTED_EDGE('',*,*,#1252,.F.);
#560=ORIENTED_EDGE('',*,*,#1378,.F.);
#561=ORIENTED_EDGE('',*,*,#1379,.T.);
#562=ORIENTED_EDGE('',*,*,#1376,.T.);
#563=ORIENTED_EDGE('',*,*,#1251,.T.);
#564=ORIENTED_EDGE('',*,*,#1380,.F.);
#565=ORIENTED_EDGE('',*,*,#1381,.F.);
#566=ORIENTED_EDGE('',*,*,#1378,.T.);
#567=ORIENTED_EDGE('',*,*,#1250,.F.);
#568=ORIENTED_EDGE('',*,*,#1382,.F.);
#569=ORIENTED_EDGE('',*,*,#1383,.T.);
#570=ORIENTED_EDGE('',*,*,#1380,.T.);
#571=ORIENTED_EDGE('',*,*,#1249,.F.);
#572=ORIENTED_EDGE('',*,*,#1384,.F.);
#573=ORIENTED_EDGE('',*,*,#1385,.T.);
#574=ORIENTED_EDGE('',*,*,#1382,.T.);
#575=ORIENTED_EDGE('',*,*,#1248,.T.);
#576=ORIENTED_EDGE('',*,*,#1386,.F.);
#577=ORIENTED_EDGE('',*,*,#1387,.F.);
#578=ORIENTED_EDGE('',*,*,#1384,.T.);
#579=ORIENTED_EDGE('',*,*,#1247,.T.);
#580=ORIENTED_EDGE('',*,*,#1388,.F.);
#581=ORIENTED_EDGE('',*,*,#1389,.F.);
#582=ORIENTED_EDGE('',*,*,#1386,.T.);
#583=ORIENTED_EDGE('',*,*,#1246,.F.);
#584=ORIENTED_EDGE('',*,*,#1390,.F.);
#585=ORIENTED_EDGE('',*,*,#1391,.T.);
#586=ORIENTED_EDGE('',*,*,#1388,.T.);
#587=ORIENTED_EDGE('',*,*,#1245,.T.);
#588=ORIENTED_EDGE('',*,*,#1392,.F.);
#589=ORIENTED_EDGE('',*,*,#1393,.F.);
#590=ORIENTED_EDGE('',*,*,#1390,.T.);
#591=ORIENTED_EDGE('',*,*,#1244,.F.);
#592=ORIENTED_EDGE('',*,*,#1394,.F.);
#593=ORIENTED_EDGE('',*,*,#1395,.T.);
#594=ORIENTED_EDGE('',*,*,#1392,.T.);
#595=ORIENTED_EDGE('',*,*,#1243,.F.);
#596=ORIENTED_EDGE('',*,*,#1396,.F.);
#597=ORIENTED_EDGE('',*,*,#1397,.T.);
#598=ORIENTED_EDGE('',*,*,#1394,.T.);
#599=ORIENTED_EDGE('',*,*,#1242,.T.);
#600=ORIENTED_EDGE('',*,*,#1398,.F.);
#601=ORIENTED_EDGE('',*,*,#1399,.F.);
#602=ORIENTED_EDGE('',*,*,#1396,.T.);
#603=ORIENTED_EDGE('',*,*,#1241,.T.);
#604=ORIENTED_EDGE('',*,*,#1400,.F.);
#605=ORIENTED_EDGE('',*,*,#1401,.F.);
#606=ORIENTED_EDGE('',*,*,#1398,.T.);
#607=ORIENTED_EDGE('',*,*,#1240,.F.);
#608=ORIENTED_EDGE('',*,*,#1402,.F.);
#609=ORIENTED_EDGE('',*,*,#1403,.T.);
#610=ORIENTED_EDGE('',*,*,#1400,.T.);
#611=ORIENTED_EDGE('',*,*,#1239,.T.);
#612=ORIENTED_EDGE('',*,*,#1404,.F.);
#613=ORIENTED_EDGE('',*,*,#1405,.F.);
#614=ORIENTED_EDGE('',*,*,#1402,.T.);
#615=ORIENTED_EDGE('',*,*,#1238,.F.);
#616=ORIENTED_EDGE('',*,*,#1406,.F.);
#617=ORIENTED_EDGE('',*,*,#1407,.T.);
#618=ORIENTED_EDGE('',*,*,#1404,.T.);
#619=ORIENTED_EDGE('',*,*,#1237,.T.);
#620=ORIENTED_EDGE('',*,*,#1315,.F.);
#621=ORIENTED_EDGE('',*,*,#1408,.F.);
#622=ORIENTED_EDGE('',*,*,#1406,.T.);
#623=ORIENTED_EDGE('',*,*,#1314,.T.);
#624=ORIENTED_EDGE('',*,*,#1317,.T.);
#625=ORIENTED_EDGE('',*,*,#1319,.T.);
#626=ORIENTED_EDGE('',*,*,#1321,.T.);
#627=ORIENTED_EDGE('',*,*,#1323,.F.);
#628=ORIENTED_EDGE('',*,*,#1325,.F.);
#629=ORIENTED_EDGE('',*,*,#1327,.T.);
#630=ORIENTED_EDGE('',*,*,#1329,.T.);
#631=ORIENTED_EDGE('',*,*,#1331,.T.);
#632=ORIENTED_EDGE('',*,*,#1333,.T.);
#633=ORIENTED_EDGE('',*,*,#1335,.F.);
#634=ORIENTED_EDGE('',*,*,#1337,.F.);
#635=ORIENTED_EDGE('',*,*,#1339,.T.);
#636=ORIENTED_EDGE('',*,*,#1341,.T.);
#637=ORIENTED_EDGE('',*,*,#1343,.T.);
#638=ORIENTED_EDGE('',*,*,#1345,.T.);
#639=ORIENTED_EDGE('',*,*,#1347,.F.);
#640=ORIENTED_EDGE('',*,*,#1349,.T.);
#641=ORIENTED_EDGE('',*,*,#1351,.T.);
#642=ORIENTED_EDGE('',*,*,#1353,.T.);
#643=ORIENTED_EDGE('',*,*,#1355,.T.);
#644=ORIENTED_EDGE('',*,*,#1357,.T.);
#645=ORIENTED_EDGE('',*,*,#1359,.F.);
#646=ORIENTED_EDGE('',*,*,#1361,.T.);
#647=ORIENTED_EDGE('',*,*,#1363,.T.);
#648=ORIENTED_EDGE('',*,*,#1365,.T.);
#649=ORIENTED_EDGE('',*,*,#1367,.F.);
#650=ORIENTED_EDGE('',*,*,#1369,.T.);
#651=ORIENTED_EDGE('',*,*,#1371,.F.);
#652=ORIENTED_EDGE('',*,*,#1373,.F.);
#653=ORIENTED_EDGE('',*,*,#1375,.T.);
#654=ORIENTED_EDGE('',*,*,#1377,.T.);
#655=ORIENTED_EDGE('',*,*,#1379,.F.);
#656=ORIENTED_EDGE('',*,*,#1381,.T.);
#657=ORIENTED_EDGE('',*,*,#1383,.F.);
#658=ORIENTED_EDGE('',*,*,#1385,.F.);
#659=ORIENTED_EDGE('',*,*,#1387,.T.);
#660=ORIENTED_EDGE('',*,*,#1389,.T.);
#661=ORIENTED_EDGE('',*,*,#1391,.F.);
#662=ORIENTED_EDGE('',*,*,#1393,.T.);
#663=ORIENTED_EDGE('',*,*,#1395,.F.);
#664=ORIENTED_EDGE('',*,*,#1397,.F.);
#665=ORIENTED_EDGE('',*,*,#1399,.T.);
#666=ORIENTED_EDGE('',*,*,#1401,.T.);
#667=ORIENTED_EDGE('',*,*,#1403,.F.);
#668=ORIENTED_EDGE('',*,*,#1405,.T.);
#669=ORIENTED_EDGE('',*,*,#1407,.F.);
#670=ORIENTED_EDGE('',*,*,#1408,.T.);
#671=ORIENTED_EDGE('',*,*,#1409,.F.);
#672=ORIENTED_EDGE('',*,*,#1300,.T.);
#673=ORIENTED_EDGE('',*,*,#1409,.T.);
#674=ORIENTED_EDGE('',*,*,#1410,.F.);
#675=ORIENTED_EDGE('',*,*,#1299,.T.);
#676=ORIENTED_EDGE('',*,*,#1410,.T.);
#677=ORIENTED_EDGE('',*,*,#1411,.F.);
#678=ORIENTED_EDGE('',*,*,#1298,.T.);
#679=ORIENTED_EDGE('',*,*,#1411,.T.);
#680=ORIENTED_EDGE('',*,*,#1412,.T.);
#681=ORIENTED_EDGE('',*,*,#1413,.T.);
#682=ORIENTED_EDGE('',*,*,#1414,.T.);
#683=ORIENTED_EDGE('',*,*,#1415,.T.);
#684=ORIENTED_EDGE('',*,*,#1416,.T.);
#685=ORIENTED_EDGE('',*,*,#1417,.T.);
#686=ORIENTED_EDGE('',*,*,#1418,.T.);
#687=ORIENTED_EDGE('',*,*,#1419,.T.);
#688=ORIENTED_EDGE('',*,*,#1420,.T.);
#689=ORIENTED_EDGE('',*,*,#1421,.T.);
#690=ORIENTED_EDGE('',*,*,#1422,.T.);
#691=ORIENTED_EDGE('',*,*,#1423,.F.);
#692=ORIENTED_EDGE('',*,*,#1424,.T.);
#693=ORIENTED_EDGE('',*,*,#1425,.F.);
#694=ORIENTED_EDGE('',*,*,#1426,.T.);
#695=ORIENTED_EDGE('',*,*,#1427,.F.);
#696=ORIENTED_EDGE('',*,*,#1428,.F.);
#697=ORIENTED_EDGE('',*,*,#1429,.F.);
#698=ORIENTED_EDGE('',*,*,#1430,.F.);
#699=ORIENTED_EDGE('',*,*,#1431,.F.);
#700=ORIENTED_EDGE('',*,*,#1432,.T.);
#701=ORIENTED_EDGE('',*,*,#1433,.T.);
#702=ORIENTED_EDGE('',*,*,#1434,.T.);
#703=ORIENTED_EDGE('',*,*,#1435,.T.);
#704=ORIENTED_EDGE('',*,*,#1436,.T.);
#705=ORIENTED_EDGE('',*,*,#1437,.F.);
#706=ORIENTED_EDGE('',*,*,#1438,.T.);
#707=ORIENTED_EDGE('',*,*,#1439,.F.);
#708=ORIENTED_EDGE('',*,*,#1440,.T.);
#709=ORIENTED_EDGE('',*,*,#1441,.F.);
#710=ORIENTED_EDGE('',*,*,#1442,.F.);
#711=ORIENTED_EDGE('',*,*,#1443,.T.);
#712=ORIENTED_EDGE('',*,*,#1444,.T.);
#713=ORIENTED_EDGE('',*,*,#1445,.F.);
#714=ORIENTED_EDGE('',*,*,#1446,.F.);
#715=ORIENTED_EDGE('',*,*,#1442,.T.);
#716=ORIENTED_EDGE('',*,*,#1445,.T.);
#717=ORIENTED_EDGE('',*,*,#1447,.F.);
#718=ORIENTED_EDGE('',*,*,#1448,.F.);
#719=ORIENTED_EDGE('',*,*,#1449,.T.);
#720=ORIENTED_EDGE('',*,*,#1450,.T.);
#721=ORIENTED_EDGE('',*,*,#1451,.F.);
#722=ORIENTED_EDGE('',*,*,#1452,.F.);
#723=ORIENTED_EDGE('',*,*,#1448,.T.);
#724=ORIENTED_EDGE('',*,*,#1453,.T.);
#725=ORIENTED_EDGE('',*,*,#1454,.F.);
#726=ORIENTED_EDGE('',*,*,#1455,.F.);
#727=ORIENTED_EDGE('',*,*,#1451,.T.);
#728=ORIENTED_EDGE('',*,*,#1456,.T.);
#729=ORIENTED_EDGE('',*,*,#1457,.F.);
#730=ORIENTED_EDGE('',*,*,#1458,.F.);
#731=ORIENTED_EDGE('',*,*,#1454,.T.);
#732=ORIENTED_EDGE('',*,*,#1459,.T.);
#733=ORIENTED_EDGE('',*,*,#1460,.F.);
#734=ORIENTED_EDGE('',*,*,#1461,.F.);
#735=ORIENTED_EDGE('',*,*,#1457,.T.);
#736=ORIENTED_EDGE('',*,*,#1462,.T.);
#737=ORIENTED_EDGE('',*,*,#1440,.F.);
#738=ORIENTED_EDGE('',*,*,#1463,.F.);
#739=ORIENTED_EDGE('',*,*,#1460,.T.);
#740=ORIENTED_EDGE('',*,*,#1464,.T.);
#741=ORIENTED_EDGE('',*,*,#1465,.F.);
#742=ORIENTED_EDGE('',*,*,#1466,.F.);
#743=ORIENTED_EDGE('',*,*,#1467,.T.);
#744=ORIENTED_EDGE('',*,*,#1468,.T.);
#745=ORIENTED_EDGE('',*,*,#1469,.F.);
#746=ORIENTED_EDGE('',*,*,#1470,.F.);
#747=ORIENTED_EDGE('',*,*,#1466,.T.);
#748=ORIENTED_EDGE('',*,*,#1469,.T.);
#749=ORIENTED_EDGE('',*,*,#1471,.F.);
#750=ORIENTED_EDGE('',*,*,#1472,.F.);
#751=ORIENTED_EDGE('',*,*,#1473,.T.);
#752=ORIENTED_EDGE('',*,*,#1474,.T.);
#753=ORIENTED_EDGE('',*,*,#1475,.F.);
#754=ORIENTED_EDGE('',*,*,#1476,.F.);
#755=ORIENTED_EDGE('',*,*,#1472,.T.);
#756=ORIENTED_EDGE('',*,*,#1477,.T.);
#757=ORIENTED_EDGE('',*,*,#1478,.F.);
#758=ORIENTED_EDGE('',*,*,#1479,.F.);
#759=ORIENTED_EDGE('',*,*,#1475,.T.);
#760=ORIENTED_EDGE('',*,*,#1480,.T.);
#761=ORIENTED_EDGE('',*,*,#1481,.F.);
#762=ORIENTED_EDGE('',*,*,#1482,.F.);
#763=ORIENTED_EDGE('',*,*,#1478,.T.);
#764=ORIENTED_EDGE('',*,*,#1483,.T.);
#765=ORIENTED_EDGE('',*,*,#1484,.F.);
#766=ORIENTED_EDGE('',*,*,#1485,.F.);
#767=ORIENTED_EDGE('',*,*,#1481,.T.);
#768=ORIENTED_EDGE('',*,*,#1486,.T.);
#769=ORIENTED_EDGE('',*,*,#1464,.F.);
#770=ORIENTED_EDGE('',*,*,#1487,.F.);
#771=ORIENTED_EDGE('',*,*,#1484,.T.);
#772=ORIENTED_EDGE('',*,*,#1485,.T.);
#773=ORIENTED_EDGE('',*,*,#1487,.T.);
#774=ORIENTED_EDGE('',*,*,#1467,.F.);
#775=ORIENTED_EDGE('',*,*,#1470,.T.);
#776=ORIENTED_EDGE('',*,*,#1473,.F.);
#777=ORIENTED_EDGE('',*,*,#1476,.T.);
#778=ORIENTED_EDGE('',*,*,#1479,.T.);
#779=ORIENTED_EDGE('',*,*,#1482,.T.);
#780=ORIENTED_EDGE('',*,*,#1461,.T.);
#781=ORIENTED_EDGE('',*,*,#1463,.T.);
#782=ORIENTED_EDGE('',*,*,#1443,.F.);
#783=ORIENTED_EDGE('',*,*,#1446,.T.);
#784=ORIENTED_EDGE('',*,*,#1449,.F.);
#785=ORIENTED_EDGE('',*,*,#1452,.T.);
#786=ORIENTED_EDGE('',*,*,#1455,.T.);
#787=ORIENTED_EDGE('',*,*,#1458,.T.);
#788=ORIENTED_EDGE('',*,*,#1488,.T.);
#789=ORIENTED_EDGE('',*,*,#1489,.T.);
#790=ORIENTED_EDGE('',*,*,#1490,.T.);
#791=ORIENTED_EDGE('',*,*,#1491,.F.);
#792=ORIENTED_EDGE('',*,*,#1426,.F.);
#793=ORIENTED_EDGE('',*,*,#1492,.T.);
#794=ORIENTED_EDGE('',*,*,#1493,.T.);
#795=ORIENTED_EDGE('',*,*,#1494,.T.);
#796=ORIENTED_EDGE('',*,*,#1495,.F.);
#797=ORIENTED_EDGE('',*,*,#1496,.T.);
#798=ORIENTED_EDGE('',*,*,#1497,.T.);
#799=ORIENTED_EDGE('',*,*,#1498,.F.);
#800=ORIENTED_EDGE('',*,*,#1499,.F.);
#801=ORIENTED_EDGE('',*,*,#1500,.F.);
#802=ORIENTED_EDGE('',*,*,#1501,.F.);
#803=ORIENTED_EDGE('',*,*,#1502,.F.);
#804=ORIENTED_EDGE('',*,*,#1503,.T.);
#805=ORIENTED_EDGE('',*,*,#1504,.F.);
#806=ORIENTED_EDGE('',*,*,#1505,.T.);
#807=ORIENTED_EDGE('',*,*,#1506,.F.);
#808=ORIENTED_EDGE('',*,*,#1507,.F.);
#809=ORIENTED_EDGE('',*,*,#1508,.T.);
#810=ORIENTED_EDGE('',*,*,#1493,.F.);
#811=ORIENTED_EDGE('',*,*,#1509,.T.);
#812=ORIENTED_EDGE('',*,*,#1510,.F.);
#813=ORIENTED_EDGE('',*,*,#1511,.T.);
#814=ORIENTED_EDGE('',*,*,#1512,.T.);
#815=ORIENTED_EDGE('',*,*,#1513,.T.);
#816=ORIENTED_EDGE('',*,*,#1514,.T.);
#817=ORIENTED_EDGE('',*,*,#1515,.T.);
#818=ORIENTED_EDGE('',*,*,#1490,.F.);
#819=ORIENTED_EDGE('',*,*,#1516,.F.);
#820=ORIENTED_EDGE('',*,*,#1517,.F.);
#821=ORIENTED_EDGE('',*,*,#1518,.T.);
#822=ORIENTED_EDGE('',*,*,#1519,.T.);
#823=ORIENTED_EDGE('',*,*,#1496,.F.);
#824=ORIENTED_EDGE('',*,*,#1520,.F.);
#825=ORIENTED_EDGE('',*,*,#1506,.T.);
#826=ORIENTED_EDGE('',*,*,#1521,.T.);
#827=ORIENTED_EDGE('',*,*,#1522,.F.);
#828=ORIENTED_EDGE('',*,*,#1523,.T.);
#829=ORIENTED_EDGE('',*,*,#1524,.F.);
#830=ORIENTED_EDGE('',*,*,#1525,.F.);
#831=ORIENTED_EDGE('',*,*,#1526,.T.);
#832=ORIENTED_EDGE('',*,*,#1527,.T.);
#833=ORIENTED_EDGE('',*,*,#1528,.F.);
#834=ORIENTED_EDGE('',*,*,#1529,.F.);
#835=ORIENTED_EDGE('',*,*,#1525,.T.);
#836=ORIENTED_EDGE('',*,*,#1528,.T.);
#837=ORIENTED_EDGE('',*,*,#1530,.F.);
#838=ORIENTED_EDGE('',*,*,#1531,.F.);
#839=ORIENTED_EDGE('',*,*,#1532,.T.);
#840=ORIENTED_EDGE('',*,*,#1533,.T.);
#841=ORIENTED_EDGE('',*,*,#1534,.F.);
#842=ORIENTED_EDGE('',*,*,#1535,.F.);
#843=ORIENTED_EDGE('',*,*,#1531,.T.);
#844=ORIENTED_EDGE('',*,*,#1536,.T.);
#845=ORIENTED_EDGE('',*,*,#1537,.F.);
#846=ORIENTED_EDGE('',*,*,#1538,.F.);
#847=ORIENTED_EDGE('',*,*,#1534,.T.);
#848=ORIENTED_EDGE('',*,*,#1539,.T.);
#849=ORIENTED_EDGE('',*,*,#1540,.F.);
#850=ORIENTED_EDGE('',*,*,#1541,.F.);
#851=ORIENTED_EDGE('',*,*,#1537,.T.);
#852=ORIENTED_EDGE('',*,*,#1542,.T.);
#853=ORIENTED_EDGE('',*,*,#1543,.F.);
#854=ORIENTED_EDGE('',*,*,#1544,.F.);
#855=ORIENTED_EDGE('',*,*,#1540,.T.);
#856=ORIENTED_EDGE('',*,*,#1545,.T.);
#857=ORIENTED_EDGE('',*,*,#1523,.F.);
#858=ORIENTED_EDGE('',*,*,#1546,.F.);
#859=ORIENTED_EDGE('',*,*,#1543,.T.);
#860=ORIENTED_EDGE('',*,*,#1547,.T.);
#861=ORIENTED_EDGE('',*,*,#1548,.F.);
#862=ORIENTED_EDGE('',*,*,#1549,.F.);
#863=ORIENTED_EDGE('',*,*,#1550,.T.);
#864=ORIENTED_EDGE('',*,*,#1551,.T.);
#865=ORIENTED_EDGE('',*,*,#1552,.F.);
#866=ORIENTED_EDGE('',*,*,#1553,.F.);
#867=ORIENTED_EDGE('',*,*,#1549,.T.);
#868=ORIENTED_EDGE('',*,*,#1552,.T.);
#869=ORIENTED_EDGE('',*,*,#1554,.F.);
#870=ORIENTED_EDGE('',*,*,#1555,.F.);
#871=ORIENTED_EDGE('',*,*,#1556,.T.);
#872=ORIENTED_EDGE('',*,*,#1557,.T.);
#873=ORIENTED_EDGE('',*,*,#1558,.F.);
#874=ORIENTED_EDGE('',*,*,#1559,.F.);
#875=ORIENTED_EDGE('',*,*,#1555,.T.);
#876=ORIENTED_EDGE('',*,*,#1560,.T.);
#877=ORIENTED_EDGE('',*,*,#1561,.F.);
#878=ORIENTED_EDGE('',*,*,#1562,.F.);
#879=ORIENTED_EDGE('',*,*,#1558,.T.);
#880=ORIENTED_EDGE('',*,*,#1563,.T.);
#881=ORIENTED_EDGE('',*,*,#1564,.F.);
#882=ORIENTED_EDGE('',*,*,#1565,.F.);
#883=ORIENTED_EDGE('',*,*,#1561,.T.);
#884=ORIENTED_EDGE('',*,*,#1566,.T.);
#885=ORIENTED_EDGE('',*,*,#1567,.F.);
#886=ORIENTED_EDGE('',*,*,#1568,.F.);
#887=ORIENTED_EDGE('',*,*,#1564,.T.);
#888=ORIENTED_EDGE('',*,*,#1569,.T.);
#889=ORIENTED_EDGE('',*,*,#1547,.F.);
#890=ORIENTED_EDGE('',*,*,#1570,.F.);
#891=ORIENTED_EDGE('',*,*,#1567,.T.);
#892=ORIENTED_EDGE('',*,*,#1571,.F.);
#893=ORIENTED_EDGE('',*,*,#1572,.F.);
#894=ORIENTED_EDGE('',*,*,#1573,.F.);
#895=ORIENTED_EDGE('',*,*,#1574,.F.);
#896=ORIENTED_EDGE('',*,*,#1575,.T.);
#897=ORIENTED_EDGE('',*,*,#1576,.F.);
#898=ORIENTED_EDGE('',*,*,#1577,.T.);
#899=ORIENTED_EDGE('',*,*,#1578,.F.);
#900=ORIENTED_EDGE('',*,*,#1579,.F.);
#901=ORIENTED_EDGE('',*,*,#1580,.F.);
#902=ORIENTED_EDGE('',*,*,#1581,.F.);
#903=ORIENTED_EDGE('',*,*,#1582,.F.);
#904=ORIENTED_EDGE('',*,*,#1583,.T.);
#905=ORIENTED_EDGE('',*,*,#1584,.F.);
#906=ORIENTED_EDGE('',*,*,#1585,.T.);
#907=ORIENTED_EDGE('',*,*,#1586,.F.);
#908=ORIENTED_EDGE('',*,*,#1503,.F.);
#909=ORIENTED_EDGE('',*,*,#1587,.F.);
#910=ORIENTED_EDGE('',*,*,#1431,.T.);
#911=ORIENTED_EDGE('',*,*,#1588,.T.);
#912=ORIENTED_EDGE('',*,*,#1502,.T.);
#913=ORIENTED_EDGE('',*,*,#1589,.F.);
#914=ORIENTED_EDGE('',*,*,#1432,.F.);
#915=ORIENTED_EDGE('',*,*,#1587,.T.);
#916=ORIENTED_EDGE('',*,*,#1501,.T.);
#917=ORIENTED_EDGE('',*,*,#1590,.F.);
#918=ORIENTED_EDGE('',*,*,#1433,.F.);
#919=ORIENTED_EDGE('',*,*,#1589,.T.);
#920=ORIENTED_EDGE('',*,*,#1500,.T.);
#921=ORIENTED_EDGE('',*,*,#1591,.F.);
#922=ORIENTED_EDGE('',*,*,#1434,.F.);
#923=ORIENTED_EDGE('',*,*,#1590,.T.);
#924=ORIENTED_EDGE('',*,*,#1499,.T.);
#925=ORIENTED_EDGE('',*,*,#1592,.F.);
#926=ORIENTED_EDGE('',*,*,#1435,.F.);
#927=ORIENTED_EDGE('',*,*,#1591,.T.);
#928=ORIENTED_EDGE('',*,*,#1498,.T.);
#929=ORIENTED_EDGE('',*,*,#1593,.F.);
#930=ORIENTED_EDGE('',*,*,#1436,.F.);
#931=ORIENTED_EDGE('',*,*,#1592,.T.);
#932=ORIENTED_EDGE('',*,*,#1594,.F.);
#933=ORIENTED_EDGE('',*,*,#1595,.F.);
#934=ORIENTED_EDGE('',*,*,#1596,.F.);
#935=ORIENTED_EDGE('',*,*,#1597,.F.);
#936=ORIENTED_EDGE('',*,*,#1598,.F.);
#937=ORIENTED_EDGE('',*,*,#1599,.F.);
#938=ORIENTED_EDGE('',*,*,#1600,.F.);
#939=ORIENTED_EDGE('',*,*,#1601,.T.);
#940=ORIENTED_EDGE('',*,*,#1602,.F.);
#941=ORIENTED_EDGE('',*,*,#1603,.T.);
#942=ORIENTED_EDGE('',*,*,#1604,.F.);
#943=ORIENTED_EDGE('',*,*,#1519,.F.);
#944=ORIENTED_EDGE('',*,*,#1605,.F.);
#945=ORIENTED_EDGE('',*,*,#1521,.F.);
#946=ORIENTED_EDGE('',*,*,#1505,.F.);
#947=ORIENTED_EDGE('',*,*,#1606,.F.);
#948=ORIENTED_EDGE('',*,*,#1437,.T.);
#949=ORIENTED_EDGE('',*,*,#1593,.T.);
#950=ORIENTED_EDGE('',*,*,#1497,.F.);
#951=ORIENTED_EDGE('',*,*,#1511,.F.);
#952=ORIENTED_EDGE('',*,*,#1607,.F.);
#953=ORIENTED_EDGE('',*,*,#1423,.T.);
#954=ORIENTED_EDGE('',*,*,#1608,.T.);
#955=ORIENTED_EDGE('',*,*,#1568,.T.);
#956=ORIENTED_EDGE('',*,*,#1570,.T.);
#957=ORIENTED_EDGE('',*,*,#1550,.F.);
#958=ORIENTED_EDGE('',*,*,#1553,.T.);
#959=ORIENTED_EDGE('',*,*,#1556,.F.);
#960=ORIENTED_EDGE('',*,*,#1559,.T.);
#961=ORIENTED_EDGE('',*,*,#1562,.T.);
#962=ORIENTED_EDGE('',*,*,#1565,.T.);
#963=ORIENTED_EDGE('',*,*,#1544,.T.);
#964=ORIENTED_EDGE('',*,*,#1546,.T.);
#965=ORIENTED_EDGE('',*,*,#1526,.F.);
#966=ORIENTED_EDGE('',*,*,#1529,.T.);
#967=ORIENTED_EDGE('',*,*,#1532,.F.);
#968=ORIENTED_EDGE('',*,*,#1535,.T.);
#969=ORIENTED_EDGE('',*,*,#1538,.T.);
#970=ORIENTED_EDGE('',*,*,#1541,.T.);
#971=ORIENTED_EDGE('',*,*,#1510,.T.);
#972=ORIENTED_EDGE('',*,*,#1609,.F.);
#973=ORIENTED_EDGE('',*,*,#1424,.F.);
#974=ORIENTED_EDGE('',*,*,#1607,.T.);
#975=ORIENTED_EDGE('',*,*,#1509,.F.);
#976=ORIENTED_EDGE('',*,*,#1492,.F.);
#977=ORIENTED_EDGE('',*,*,#1425,.T.);
#978=ORIENTED_EDGE('',*,*,#1609,.T.);
#979=ORIENTED_EDGE('',*,*,#1515,.F.);
#980=ORIENTED_EDGE('',*,*,#1610,.F.);
#981=ORIENTED_EDGE('',*,*,#1427,.T.);
#982=ORIENTED_EDGE('',*,*,#1491,.T.);
#983=ORIENTED_EDGE('',*,*,#1514,.F.);
#984=ORIENTED_EDGE('',*,*,#1611,.F.);
#985=ORIENTED_EDGE('',*,*,#1428,.T.);
#986=ORIENTED_EDGE('',*,*,#1610,.T.);
#987=ORIENTED_EDGE('',*,*,#1513,.F.);
#988=ORIENTED_EDGE('',*,*,#1612,.F.);
#989=ORIENTED_EDGE('',*,*,#1429,.T.);
#990=ORIENTED_EDGE('',*,*,#1611,.T.);
#991=ORIENTED_EDGE('',*,*,#1512,.F.);
#992=ORIENTED_EDGE('',*,*,#1608,.F.);
#993=ORIENTED_EDGE('',*,*,#1430,.T.);
#994=ORIENTED_EDGE('',*,*,#1612,.T.);
#995=ORIENTED_EDGE('',*,*,#1504,.T.);
#996=ORIENTED_EDGE('',*,*,#1588,.F.);
#997=ORIENTED_EDGE('',*,*,#1438,.F.);
#998=ORIENTED_EDGE('',*,*,#1606,.T.);
#999=ORIENTED_EDGE('',*,*,#1571,.T.);
#1000=ORIENTED_EDGE('',*,*,#1613,.F.);
#1001=ORIENTED_EDGE('',*,*,#1614,.F.);
#1002=ORIENTED_EDGE('',*,*,#1615,.T.);
#1003=ORIENTED_EDGE('',*,*,#1578,.T.);
#1004=ORIENTED_EDGE('',*,*,#1616,.F.);
#1005=ORIENTED_EDGE('',*,*,#1617,.F.);
#1006=ORIENTED_EDGE('',*,*,#1613,.T.);
#1007=ORIENTED_EDGE('',*,*,#1577,.F.);
#1008=ORIENTED_EDGE('',*,*,#1618,.F.);
#1009=ORIENTED_EDGE('',*,*,#1619,.T.);
#1010=ORIENTED_EDGE('',*,*,#1616,.T.);
#1011=ORIENTED_EDGE('',*,*,#1576,.T.);
#1012=ORIENTED_EDGE('',*,*,#1620,.F.);
#1013=ORIENTED_EDGE('',*,*,#1621,.F.);
#1014=ORIENTED_EDGE('',*,*,#1618,.T.);
#1015=ORIENTED_EDGE('',*,*,#1575,.F.);
#1016=ORIENTED_EDGE('',*,*,#1622,.F.);
#1017=ORIENTED_EDGE('',*,*,#1623,.T.);
#1018=ORIENTED_EDGE('',*,*,#1620,.T.);
#1019=ORIENTED_EDGE('',*,*,#1574,.T.);
#1020=ORIENTED_EDGE('',*,*,#1624,.F.);
#1021=ORIENTED_EDGE('',*,*,#1625,.F.);
#1022=ORIENTED_EDGE('',*,*,#1622,.T.);
#1023=ORIENTED_EDGE('',*,*,#1573,.T.);
#1024=ORIENTED_EDGE('',*,*,#1626,.F.);
#1025=ORIENTED_EDGE('',*,*,#1627,.F.);
#1026=ORIENTED_EDGE('',*,*,#1624,.T.);
#1027=ORIENTED_EDGE('',*,*,#1572,.T.);
#1028=ORIENTED_EDGE('',*,*,#1615,.F.);
#1029=ORIENTED_EDGE('',*,*,#1628,.F.);
#1030=ORIENTED_EDGE('',*,*,#1626,.T.);
#1031=ORIENTED_EDGE('',*,*,#1551,.F.);
#1032=ORIENTED_EDGE('',*,*,#1548,.T.);
#1033=ORIENTED_EDGE('',*,*,#1569,.F.);
#1034=ORIENTED_EDGE('',*,*,#1566,.F.);
#1035=ORIENTED_EDGE('',*,*,#1563,.F.);
#1036=ORIENTED_EDGE('',*,*,#1560,.F.);
#1037=ORIENTED_EDGE('',*,*,#1557,.F.);
#1038=ORIENTED_EDGE('',*,*,#1554,.T.);
#1039=ORIENTED_EDGE('',*,*,#1614,.T.);
#1040=ORIENTED_EDGE('',*,*,#1617,.T.);
#1041=ORIENTED_EDGE('',*,*,#1619,.F.);
#1042=ORIENTED_EDGE('',*,*,#1621,.T.);
#1043=ORIENTED_EDGE('',*,*,#1623,.F.);
#1044=ORIENTED_EDGE('',*,*,#1625,.T.);
#1045=ORIENTED_EDGE('',*,*,#1627,.T.);
#1046=ORIENTED_EDGE('',*,*,#1628,.T.);
#1047=ORIENTED_EDGE('',*,*,#1579,.T.);
#1048=ORIENTED_EDGE('',*,*,#1629,.F.);
#1049=ORIENTED_EDGE('',*,*,#1630,.F.);
#1050=ORIENTED_EDGE('',*,*,#1631,.T.);
#1051=ORIENTED_EDGE('',*,*,#1586,.T.);
#1052=ORIENTED_EDGE('',*,*,#1632,.F.);
#1053=ORIENTED_EDGE('',*,*,#1633,.F.);
#1054=ORIENTED_EDGE('',*,*,#1629,.T.);
#1055=ORIENTED_EDGE('',*,*,#1585,.F.);
#1056=ORIENTED_EDGE('',*,*,#1634,.F.);
#1057=ORIENTED_EDGE('',*,*,#1635,.T.);
#1058=ORIENTED_EDGE('',*,*,#1632,.T.);
#1059=ORIENTED_EDGE('',*,*,#1584,.T.);
#1060=ORIENTED_EDGE('',*,*,#1636,.F.);
#1061=ORIENTED_EDGE('',*,*,#1637,.F.);
#1062=ORIENTED_EDGE('',*,*,#1634,.T.);
#1063=ORIENTED_EDGE('',*,*,#1583,.F.);
#1064=ORIENTED_EDGE('',*,*,#1638,.F.);
#1065=ORIENTED_EDGE('',*,*,#1639,.T.);
#1066=ORIENTED_EDGE('',*,*,#1636,.T.);
#1067=ORIENTED_EDGE('',*,*,#1582,.T.);
#1068=ORIENTED_EDGE('',*,*,#1640,.F.);
#1069=ORIENTED_EDGE('',*,*,#1641,.F.);
#1070=ORIENTED_EDGE('',*,*,#1638,.T.);
#1071=ORIENTED_EDGE('',*,*,#1581,.T.);
#1072=ORIENTED_EDGE('',*,*,#1642,.F.);
#1073=ORIENTED_EDGE('',*,*,#1643,.F.);
#1074=ORIENTED_EDGE('',*,*,#1640,.T.);
#1075=ORIENTED_EDGE('',*,*,#1580,.T.);
#1076=ORIENTED_EDGE('',*,*,#1631,.F.);
#1077=ORIENTED_EDGE('',*,*,#1644,.F.);
#1078=ORIENTED_EDGE('',*,*,#1642,.T.);
#1079=ORIENTED_EDGE('',*,*,#1527,.F.);
#1080=ORIENTED_EDGE('',*,*,#1524,.T.);
#1081=ORIENTED_EDGE('',*,*,#1545,.F.);
#1082=ORIENTED_EDGE('',*,*,#1542,.F.);
#1083=ORIENTED_EDGE('',*,*,#1539,.F.);
#1084=ORIENTED_EDGE('',*,*,#1536,.F.);
#1085=ORIENTED_EDGE('',*,*,#1533,.F.);
#1086=ORIENTED_EDGE('',*,*,#1530,.T.);
#1087=ORIENTED_EDGE('',*,*,#1630,.T.);
#1088=ORIENTED_EDGE('',*,*,#1633,.T.);
#1089=ORIENTED_EDGE('',*,*,#1635,.F.);
#1090=ORIENTED_EDGE('',*,*,#1637,.T.);
#1091=ORIENTED_EDGE('',*,*,#1639,.F.);
#1092=ORIENTED_EDGE('',*,*,#1641,.T.);
#1093=ORIENTED_EDGE('',*,*,#1643,.T.);
#1094=ORIENTED_EDGE('',*,*,#1644,.T.);
#1095=ORIENTED_EDGE('',*,*,#1605,.T.);
#1096=ORIENTED_EDGE('',*,*,#1518,.F.);
#1097=ORIENTED_EDGE('',*,*,#1645,.T.);
#1098=ORIENTED_EDGE('',*,*,#1646,.T.);
#1099=ORIENTED_EDGE('',*,*,#1488,.F.);
#1100=ORIENTED_EDGE('',*,*,#1647,.F.);
#1101=ORIENTED_EDGE('',*,*,#1648,.T.);
#1102=ORIENTED_EDGE('',*,*,#1522,.T.);
#1103=ORIENTED_EDGE('',*,*,#1494,.F.);
#1104=ORIENTED_EDGE('',*,*,#1508,.F.);
#1105=ORIENTED_EDGE('',*,*,#1649,.T.);
#1106=ORIENTED_EDGE('',*,*,#1647,.T.);
#1107=ORIENTED_EDGE('',*,*,#1507,.T.);
#1108=ORIENTED_EDGE('',*,*,#1520,.T.);
#1109=ORIENTED_EDGE('',*,*,#1648,.F.);
#1110=ORIENTED_EDGE('',*,*,#1649,.F.);
#1111=ORIENTED_EDGE('',*,*,#1489,.F.);
#1112=ORIENTED_EDGE('',*,*,#1646,.F.);
#1113=ORIENTED_EDGE('',*,*,#1650,.T.);
#1114=ORIENTED_EDGE('',*,*,#1516,.T.);
#1115=ORIENTED_EDGE('',*,*,#1517,.T.);
#1116=ORIENTED_EDGE('',*,*,#1495,.T.);
#1117=ORIENTED_EDGE('',*,*,#1650,.F.);
#1118=ORIENTED_EDGE('',*,*,#1645,.F.);
#1119=ORIENTED_EDGE('',*,*,#1597,.T.);
#1120=ORIENTED_EDGE('',*,*,#1651,.F.);
#1121=ORIENTED_EDGE('',*,*,#1652,.F.);
#1122=ORIENTED_EDGE('',*,*,#1653,.T.);
#1123=ORIENTED_EDGE('',*,*,#1604,.T.);
#1124=ORIENTED_EDGE('',*,*,#1654,.F.);
#1125=ORIENTED_EDGE('',*,*,#1655,.F.);
#1126=ORIENTED_EDGE('',*,*,#1651,.T.);
#1127=ORIENTED_EDGE('',*,*,#1603,.F.);
#1128=ORIENTED_EDGE('',*,*,#1656,.F.);
#1129=ORIENTED_EDGE('',*,*,#1657,.T.);
#1130=ORIENTED_EDGE('',*,*,#1654,.T.);
#1131=ORIENTED_EDGE('',*,*,#1602,.T.);
#1132=ORIENTED_EDGE('',*,*,#1658,.F.);
#1133=ORIENTED_EDGE('',*,*,#1659,.F.);
#1134=ORIENTED_EDGE('',*,*,#1656,.T.);
#1135=ORIENTED_EDGE('',*,*,#1601,.F.);
#1136=ORIENTED_EDGE('',*,*,#1660,.F.);
#1137=ORIENTED_EDGE('',*,*,#1661,.T.);
#1138=ORIENTED_EDGE('',*,*,#1658,.T.);
#1139=ORIENTED_EDGE('',*,*,#1600,.T.);
#1140=ORIENTED_EDGE('',*,*,#1662,.F.);
#1141=ORIENTED_EDGE('',*,*,#1663,.F.);
#1142=ORIENTED_EDGE('',*,*,#1660,.T.);
#1143=ORIENTED_EDGE('',*,*,#1599,.T.);
#1144=ORIENTED_EDGE('',*,*,#1664,.F.);
#1145=ORIENTED_EDGE('',*,*,#1665,.F.);
#1146=ORIENTED_EDGE('',*,*,#1662,.T.);
#1147=ORIENTED_EDGE('',*,*,#1598,.T.);
#1148=ORIENTED_EDGE('',*,*,#1653,.F.);
#1149=ORIENTED_EDGE('',*,*,#1666,.F.);
#1150=ORIENTED_EDGE('',*,*,#1664,.T.);
#1151=ORIENTED_EDGE('',*,*,#1468,.F.);
#1152=ORIENTED_EDGE('',*,*,#1465,.T.);
#1153=ORIENTED_EDGE('',*,*,#1486,.F.);
#1154=ORIENTED_EDGE('',*,*,#1483,.F.);
#1155=ORIENTED_EDGE('',*,*,#1480,.F.);
#1156=ORIENTED_EDGE('',*,*,#1477,.F.);
#1157=ORIENTED_EDGE('',*,*,#1474,.F.);
#1158=ORIENTED_EDGE('',*,*,#1471,.T.);
#1159=ORIENTED_EDGE('',*,*,#1444,.F.);
#1160=ORIENTED_EDGE('',*,*,#1441,.T.);
#1161=ORIENTED_EDGE('',*,*,#1462,.F.);
#1162=ORIENTED_EDGE('',*,*,#1459,.F.);
#1163=ORIENTED_EDGE('',*,*,#1456,.F.);
#1164=ORIENTED_EDGE('',*,*,#1453,.F.);
#1165=ORIENTED_EDGE('',*,*,#1450,.F.);
#1166=ORIENTED_EDGE('',*,*,#1447,.T.);
#1167=ORIENTED_EDGE('',*,*,#1652,.T.);
#1168=ORIENTED_EDGE('',*,*,#1655,.T.);
#1169=ORIENTED_EDGE('',*,*,#1657,.F.);
#1170=ORIENTED_EDGE('',*,*,#1659,.T.);
#1171=ORIENTED_EDGE('',*,*,#1661,.F.);
#1172=ORIENTED_EDGE('',*,*,#1663,.T.);
#1173=ORIENTED_EDGE('',*,*,#1665,.T.);
#1174=ORIENTED_EDGE('',*,*,#1666,.T.);
#1175=ORIENTED_EDGE('',*,*,#1422,.F.);
#1176=ORIENTED_EDGE('',*,*,#1667,.F.);
#1177=ORIENTED_EDGE('',*,*,#1667,.T.);
#1178=ORIENTED_EDGE('',*,*,#1421,.F.);
#1179=ORIENTED_EDGE('',*,*,#1668,.F.);
#1180=ORIENTED_EDGE('',*,*,#1668,.T.);
#1181=ORIENTED_EDGE('',*,*,#1420,.F.);
#1182=ORIENTED_EDGE('',*,*,#1669,.F.);
#1183=ORIENTED_EDGE('',*,*,#1669,.T.);
#1184=ORIENTED_EDGE('',*,*,#1419,.F.);
#1185=ORIENTED_EDGE('',*,*,#1670,.F.);
#1186=ORIENTED_EDGE('',*,*,#1670,.T.);
#1187=ORIENTED_EDGE('',*,*,#1418,.F.);
#1188=ORIENTED_EDGE('',*,*,#1671,.F.);
#1189=ORIENTED_EDGE('',*,*,#1671,.T.);
#1190=ORIENTED_EDGE('',*,*,#1417,.F.);
#1191=ORIENTED_EDGE('',*,*,#1672,.F.);
#1192=ORIENTED_EDGE('',*,*,#1672,.T.);
#1193=ORIENTED_EDGE('',*,*,#1416,.F.);
#1194=ORIENTED_EDGE('',*,*,#1673,.F.);
#1195=ORIENTED_EDGE('',*,*,#1673,.T.);
#1196=ORIENTED_EDGE('',*,*,#1439,.T.);
#1197=ORIENTED_EDGE('',*,*,#1674,.T.);
#1198=ORIENTED_EDGE('',*,*,#1674,.F.);
#1199=ORIENTED_EDGE('',*,*,#1415,.F.);
#1200=ORIENTED_EDGE('',*,*,#1675,.F.);
#1201=ORIENTED_EDGE('',*,*,#1675,.T.);
#1202=ORIENTED_EDGE('',*,*,#1414,.F.);
#1203=ORIENTED_EDGE('',*,*,#1676,.F.);
#1204=ORIENTED_EDGE('',*,*,#1676,.T.);
#1205=ORIENTED_EDGE('',*,*,#1413,.F.);
#1206=ORIENTED_EDGE('',*,*,#1677,.F.);
#1207=ORIENTED_EDGE('',*,*,#1677,.T.);
#1208=ORIENTED_EDGE('',*,*,#1412,.F.);
#1209=ORIENTED_EDGE('',*,*,#1678,.F.);
#1210=ORIENTED_EDGE('',*,*,#1678,.T.);
#1211=ORIENTED_EDGE('',*,*,#1679,.F.);
#1212=ORIENTED_EDGE('',*,*,#1596,.T.);
#1213=ORIENTED_EDGE('',*,*,#1679,.T.);
#1214=ORIENTED_EDGE('',*,*,#1680,.F.);
#1215=ORIENTED_EDGE('',*,*,#1595,.T.);
#1216=ORIENTED_EDGE('',*,*,#1680,.T.);
#1217=ORIENTED_EDGE('',*,*,#1681,.F.);
#1218=ORIENTED_EDGE('',*,*,#1594,.T.);
#1219=ORIENTED_EDGE('',*,*,#1681,.T.);
#1220=EDGE_CURVE('',#1682,#1683,#2008,.T.);
#1221=EDGE_CURVE('',#1682,#1684,#120,.T.);
#1222=EDGE_CURVE('',#1684,#1685,#2009,.T.);
#1223=EDGE_CURVE('',#1685,#1686,#121,.T.);
#1224=EDGE_CURVE('',#1686,#1687,#2010,.T.);
#1225=EDGE_CURVE('',#1687,#1688,#122,.T.);
#1226=EDGE_CURVE('',#1689,#1688,#2011,.T.);
#1227=EDGE_CURVE('',#1689,#1683,#123,.T.);
#1228=EDGE_CURVE('',#1690,#1690,#124,.T.);
#1229=EDGE_CURVE('',#1691,#1691,#125,.T.);
#1230=EDGE_CURVE('',#1692,#1692,#126,.T.);
#1231=EDGE_CURVE('',#1693,#1693,#127,.T.);
#1232=EDGE_CURVE('',#1694,#1694,#128,.T.);
#1233=EDGE_CURVE('',#1695,#1695,#129,.T.);
#1234=EDGE_CURVE('',#1696,#1696,#130,.T.);
#1235=EDGE_CURVE('',#1697,#1697,#131,.T.);
#1236=EDGE_CURVE('',#1698,#1699,#2012,.T.);
#1237=EDGE_CURVE('',#1700,#1698,#132,.T.);
#1238=EDGE_CURVE('',#1700,#1701,#2013,.T.);
#1239=EDGE_CURVE('',#1702,#1701,#133,.T.);
#1240=EDGE_CURVE('',#1702,#1703,#2014,.T.);
#1241=EDGE_CURVE('',#1704,#1703,#134,.T.);
#1242=EDGE_CURVE('',#1705,#1704,#2015,.T.);
#1243=EDGE_CURVE('',#1705,#1706,#135,.T.);
#1244=EDGE_CURVE('',#1706,#1707,#2016,.T.);
#1245=EDGE_CURVE('',#1708,#1707,#136,.T.);
#1246=EDGE_CURVE('',#1708,#1709,#2017,.T.);
#1247=EDGE_CURVE('',#1710,#1709,#137,.T.);
#1248=EDGE_CURVE('',#1711,#1710,#2018,.T.);
#1249=EDGE_CURVE('',#1711,#1712,#138,.T.);
#1250=EDGE_CURVE('',#1712,#1713,#2019,.T.);
#1251=EDGE_CURVE('',#1714,#1713,#139,.T.);
#1252=EDGE_CURVE('',#1714,#1715,#2020,.T.);
#1253=EDGE_CURVE('',#1716,#1715,#140,.T.);
#1254=EDGE_CURVE('',#1717,#1716,#2021,.T.);
#1255=EDGE_CURVE('',#1717,#1718,#141,.T.);
#1256=EDGE_CURVE('',#1718,#1719,#2022,.T.);
#1257=EDGE_CURVE('',#1720,#1719,#142,.T.);
#1258=EDGE_CURVE('',#1720,#1721,#2023,.T.);
#1259=EDGE_CURVE('',#1722,#1721,#143,.T.);
#1260=EDGE_CURVE('',#1723,#1722,#2024,.T.);
#1261=EDGE_CURVE('',#1724,#1723,#144,.T.);
#1262=EDGE_CURVE('',#1724,#1725,#2025,.T.);
#1263=EDGE_CURVE('',#1726,#1725,#145,.T.);
#1264=EDGE_CURVE('',#1727,#1726,#2026,.T.);
#1265=EDGE_CURVE('',#1728,#1727,#146,.T.);
#1266=EDGE_CURVE('',#1729,#1728,#2027,.T.);
#1267=EDGE_CURVE('',#1730,#1729,#147,.T.);
#1268=EDGE_CURVE('',#1730,#1731,#2028,.T.);
#1269=EDGE_CURVE('',#1732,#1731,#148,.T.);
#1270=EDGE_CURVE('',#1733,#1732,#2029,.T.);
#1271=EDGE_CURVE('',#1734,#1733,#149,.T.);
#1272=EDGE_CURVE('',#1735,#1734,#2030,.T.);
#1273=EDGE_CURVE('',#1735,#1736,#150,.T.);
#1274=EDGE_CURVE('',#1736,#1737,#2031,.T.);
#1275=EDGE_CURVE('',#1738,#1737,#151,.T.);
#1276=EDGE_CURVE('',#1739,#1738,#2032,.T.);
#1277=EDGE_CURVE('',#1740,#1739,#152,.T.);
#1278=EDGE_CURVE('',#1741,#1740,#2033,.T.);
#1279=EDGE_CURVE('',#1741,#1742,#153,.T.);
#1280=EDGE_CURVE('',#1742,#1743,#2034,.T.);
#1281=EDGE_CURVE('',#1744,#1743,#154,.T.);
#1282=EDGE_CURVE('',#1745,#1744,#2035,.T.);
#1283=EDGE_CURVE('',#1699,#1745,#155,.T.);
#1284=EDGE_CURVE('',#1746,#1683,#2036,.T.);
#1285=EDGE_CURVE('',#1746,#1747,#2037,.T.);
#1286=EDGE_CURVE('',#1747,#1682,#2038,.T.);
#1287=EDGE_CURVE('',#1748,#1749,#2039,.T.);
#1288=EDGE_CURVE('',#1748,#1687,#2040,.T.);
#1289=EDGE_CURVE('',#1749,#1686,#2041,.T.);
#1290=EDGE_CURVE('',#1750,#1684,#2042,.T.);
#1291=EDGE_CURVE('',#1747,#1751,#2043,.T.);
#1292=EDGE_CURVE('',#1751,#1750,#26,.F.);
#1293=EDGE_CURVE('',#1750,#1752,#2044,.T.);
#1294=EDGE_CURVE('',#1752,#1685,#2045,.T.);
#1295=EDGE_CURVE('',#1752,#1749,#27,.F.);
#1296=EDGE_CURVE('',#1748,#1753,#28,.F.);
#1297=EDGE_CURVE('',#1753,#1688,#2046,.T.);
#1298=EDGE_CURVE('',#1754,#1754,#156,.T.);
#1299=EDGE_CURVE('',#1755,#1755,#157,.T.);
#1300=EDGE_CURVE('',#1756,#1756,#158,.T.);
#1301=EDGE_CURVE('',#1757,#1753,#2047,.T.);
#1302=EDGE_CURVE('',#1757,#1689,#2048,.T.);
#1303=EDGE_CURVE('',#1757,#1758,#29,.F.);
#1304=EDGE_CURVE('',#1758,#1746,#2049,.T.);
#1305=EDGE_CURVE('',#1759,#1759,#159,.T.);
#1306=EDGE_CURVE('',#1760,#1760,#160,.T.);
#1307=EDGE_CURVE('',#1761,#1761,#161,.T.);
#1308=EDGE_CURVE('',#1762,#1762,#162,.T.);
#1309=EDGE_CURVE('',#1763,#1763,#163,.T.);
#1310=EDGE_CURVE('',#1764,#1764,#164,.T.);
#1311=EDGE_CURVE('',#1765,#1765,#165,.T.);
#1312=EDGE_CURVE('',#1766,#1766,#166,.T.);
#1313=EDGE_CURVE('',#1767,#1699,#2050,.T.);
#1314=EDGE_CURVE('',#1768,#1767,#2051,.T.);
#1315=EDGE_CURVE('',#1768,#1698,#2052,.T.);
#1316=EDGE_CURVE('',#1769,#1745,#2053,.T.);
#1317=EDGE_CURVE('',#1767,#1769,#167,.T.);
#1318=EDGE_CURVE('',#1770,#1744,#2054,.T.);
#1319=EDGE_CURVE('',#1769,#1770,#2055,.T.);
#1320=EDGE_CURVE('',#1771,#1743,#2056,.T.);
#1321=EDGE_CURVE('',#1770,#1771,#168,.T.);
#1322=EDGE_CURVE('',#1772,#1742,#2057,.T.);
#1323=EDGE_CURVE('',#1772,#1771,#2058,.T.);
#1324=EDGE_CURVE('',#1773,#1741,#2059,.T.);
#1325=EDGE_CURVE('',#1773,#1772,#169,.T.);
#1326=EDGE_CURVE('',#1774,#1740,#2060,.T.);
#1327=EDGE_CURVE('',#1773,#1774,#2061,.T.);
#1328=EDGE_CURVE('',#1775,#1739,#2062,.T.);
#1329=EDGE_CURVE('',#1774,#1775,#170,.T.);
#1330=EDGE_CURVE('',#1776,#1738,#2063,.T.);
#1331=EDGE_CURVE('',#1775,#1776,#2064,.T.);
#1332=EDGE_CURVE('',#1777,#1737,#2065,.T.);
#1333=EDGE_CURVE('',#1776,#1777,#171,.T.);
#1334=EDGE_CURVE('',#1778,#1736,#2066,.T.);
#1335=EDGE_CURVE('',#1778,#1777,#2067,.T.);
#1336=EDGE_CURVE('',#1779,#1735,#2068,.T.);
#1337=EDGE_CURVE('',#1779,#1778,#172,.T.);
#1338=EDGE_CURVE('',#1780,#1734,#2069,.T.);
#1339=EDGE_CURVE('',#1779,#1780,#2070,.T.);
#1340=EDGE_CURVE('',#1781,#1733,#2071,.T.);
#1341=EDGE_CURVE('',#1780,#1781,#173,.T.);
#1342=EDGE_CURVE('',#1782,#1732,#2072,.T.);
#1343=EDGE_CURVE('',#1781,#1782,#2073,.T.);
#1344=EDGE_CURVE('',#1783,#1731,#2074,.T.);
#1345=EDGE_CURVE('',#1782,#1783,#174,.T.);
#1346=EDGE_CURVE('',#1784,#1730,#2075,.T.);
#1347=EDGE_CURVE('',#1784,#1783,#2076,.T.);
#1348=EDGE_CURVE('',#1785,#1729,#2077,.T.);
#1349=EDGE_CURVE('',#1784,#1785,#175,.T.);
#1350=EDGE_CURVE('',#1786,#1728,#2078,.T.);
#1351=EDGE_CURVE('',#1785,#1786,#2079,.T.);
#1352=EDGE_CURVE('',#1787,#1727,#2080,.T.);
#1353=EDGE_CURVE('',#1786,#1787,#176,.T.);
#1354=EDGE_CURVE('',#1788,#1726,#2081,.T.);
#1355=EDGE_CURVE('',#1787,#1788,#2082,.T.);
#1356=EDGE_CURVE('',#1789,#1725,#2083,.T.);
#1357=EDGE_CURVE('',#1788,#1789,#177,.T.);
#1358=EDGE_CURVE('',#1790,#1724,#2084,.T.);
#1359=EDGE_CURVE('',#1790,#1789,#2085,.T.);
#1360=EDGE_CURVE('',#1791,#1723,#2086,.T.);
#1361=EDGE_CURVE('',#1790,#1791,#178,.T.);
#1362=EDGE_CURVE('',#1792,#1722,#2087,.T.);
#1363=EDGE_CURVE('',#1791,#1792,#2088,.T.);
#1364=EDGE_CURVE('',#1793,#1721,#2089,.T.);
#1365=EDGE_CURVE('',#1792,#1793,#179,.T.);
#1366=EDGE_CURVE('',#1794,#1720,#2090,.T.);
#1367=EDGE_CURVE('',#1794,#1793,#2091,.T.);
#1368=EDGE_CURVE('',#1795,#1719,#2092,.T.);
#1369=EDGE_CURVE('',#1794,#1795,#180,.T.);
#1370=EDGE_CURVE('',#1796,#1718,#2093,.T.);
#1371=EDGE_CURVE('',#1796,#1795,#2094,.T.);
#1372=EDGE_CURVE('',#1797,#1717,#2095,.T.);
#1373=EDGE_CURVE('',#1797,#1796,#181,.T.);
#1374=EDGE_CURVE('',#1798,#1716,#2096,.T.);
#1375=EDGE_CURVE('',#1797,#1798,#2097,.T.);
#1376=EDGE_CURVE('',#1799,#1715,#2098,.T.);
#1377=EDGE_CURVE('',#1798,#1799,#182,.T.);
#1378=EDGE_CURVE('',#1800,#1714,#2099,.T.);
#1379=EDGE_CURVE('',#1800,#1799,#2100,.T.);
#1380=EDGE_CURVE('',#1801,#1713,#2101,.T.);
#1381=EDGE_CURVE('',#1800,#1801,#183,.T.);
#1382=EDGE_CURVE('',#1802,#1712,#2102,.T.);
#1383=EDGE_CURVE('',#1802,#1801,#2103,.T.);
#1384=EDGE_CURVE('',#1803,#1711,#2104,.T.);
#1385=EDGE_CURVE('',#1803,#1802,#184,.T.);
#1386=EDGE_CURVE('',#1804,#1710,#2105,.T.);
#1387=EDGE_CURVE('',#1803,#1804,#2106,.T.);
#1388=EDGE_CURVE('',#1805,#1709,#2107,.T.);
#1389=EDGE_CURVE('',#1804,#1805,#185,.T.);
#1390=EDGE_CURVE('',#1806,#1708,#2108,.T.);
#1391=EDGE_CURVE('',#1806,#1805,#2109,.T.);
#1392=EDGE_CURVE('',#1807,#1707,#2110,.T.);
#1393=EDGE_CURVE('',#1806,#1807,#186,.T.);
#1394=EDGE_CURVE('',#1808,#1706,#2111,.T.);
#1395=EDGE_CURVE('',#1808,#1807,#2112,.T.);
#1396=EDGE_CURVE('',#1809,#1705,#2113,.T.);
#1397=EDGE_CURVE('',#1809,#1808,#187,.T.);
#1398=EDGE_CURVE('',#1810,#1704,#2114,.T.);
#1399=EDGE_CURVE('',#1809,#1810,#2115,.T.);
#1400=EDGE_CURVE('',#1811,#1703,#2116,.T.);
#1401=EDGE_CURVE('',#1810,#1811,#188,.T.);
#1402=EDGE_CURVE('',#1812,#1702,#2117,.T.);
#1403=EDGE_CURVE('',#1812,#1811,#2118,.T.);
#1404=EDGE_CURVE('',#1813,#1701,#2119,.T.);
#1405=EDGE_CURVE('',#1812,#1813,#189,.T.);
#1406=EDGE_CURVE('',#1814,#1700,#2120,.T.);
#1407=EDGE_CURVE('',#1814,#1813,#2121,.T.);
#1408=EDGE_CURVE('',#1814,#1768,#190,.T.);
#1409=EDGE_CURVE('',#1815,#1815,#191,.T.);
#1410=EDGE_CURVE('',#1816,#1816,#192,.T.);
#1411=EDGE_CURVE('',#1817,#1817,#193,.T.);
#1412=EDGE_CURVE('',#1818,#1818,#194,.F.);
#1413=EDGE_CURVE('',#1819,#1819,#195,.F.);
#1414=EDGE_CURVE('',#1820,#1820,#196,.F.);
#1415=EDGE_CURVE('',#1821,#1821,#197,.F.);
#1416=EDGE_CURVE('',#1822,#1822,#198,.F.);
#1417=EDGE_CURVE('',#1823,#1823,#199,.F.);
#1418=EDGE_CURVE('',#1824,#1824,#200,.F.);
#1419=EDGE_CURVE('',#1825,#1825,#201,.F.);
#1420=EDGE_CURVE('',#1826,#1826,#202,.F.);
#1421=EDGE_CURVE('',#1827,#1827,#203,.F.);
#1422=EDGE_CURVE('',#1828,#1828,#204,.F.);
#1423=EDGE_CURVE('',#1829,#1830,#205,.T.);
#1424=EDGE_CURVE('',#1829,#1831,#2122,.T.);
#1425=EDGE_CURVE('',#1832,#1831,#206,.T.);
#1426=EDGE_CURVE('',#1832,#1833,#2123,.T.);
#1427=EDGE_CURVE('',#1834,#1833,#207,.T.);
#1428=EDGE_CURVE('',#1835,#1834,#2124,.T.);
#1429=EDGE_CURVE('',#1836,#1835,#208,.T.);
#1430=EDGE_CURVE('',#1830,#1836,#2125,.T.);
#1431=EDGE_CURVE('',#1837,#1838,#2126,.T.);
#1432=EDGE_CURVE('',#1837,#1839,#14,.T.);
#1433=EDGE_CURVE('',#1839,#1840,#2127,.T.);
#1434=EDGE_CURVE('',#1840,#1841,#15,.T.);
#1435=EDGE_CURVE('',#1841,#1842,#2128,.T.);
#1436=EDGE_CURVE('',#1842,#1843,#16,.T.);
#1437=EDGE_CURVE('',#1844,#1843,#2129,.T.);
#1438=EDGE_CURVE('',#1844,#1838,#17,.T.);
#1439=EDGE_CURVE('',#1845,#1845,#209,.T.);
#1440=EDGE_CURVE('',#1846,#1847,#2130,.T.);
#1441=EDGE_CURVE('',#1848,#1847,#2131,.T.);
#1442=EDGE_CURVE('',#1849,#1848,#2132,.T.);
#1443=EDGE_CURVE('',#1849,#1846,#2133,.T.);
#1444=EDGE_CURVE('',#1848,#1850,#210,.T.);
#1445=EDGE_CURVE('',#1851,#1850,#2134,.T.);
#1446=EDGE_CURVE('',#1849,#1851,#211,.T.);
#1447=EDGE_CURVE('',#1852,#1850,#2135,.T.);
#1448=EDGE_CURVE('',#1853,#1852,#2136,.T.);
#1449=EDGE_CURVE('',#1853,#1851,#2137,.T.);
#1450=EDGE_CURVE('',#1852,#1854,#212,.T.);
#1451=EDGE_CURVE('',#1855,#1854,#2138,.T.);
#1452=EDGE_CURVE('',#1853,#1855,#213,.T.);
#1453=EDGE_CURVE('',#1854,#1856,#2139,.T.);
#1454=EDGE_CURVE('',#1857,#1856,#2140,.T.);
#1455=EDGE_CURVE('',#1855,#1857,#2141,.T.);
#1456=EDGE_CURVE('',#1856,#1858,#214,.T.);
#1457=EDGE_CURVE('',#1859,#1858,#2142,.T.);
#1458=EDGE_CURVE('',#1857,#1859,#215,.T.);
#1459=EDGE_CURVE('',#1858,#1860,#2143,.T.);
#1460=EDGE_CURVE('',#1861,#1860,#2144,.T.);
#1461=EDGE_CURVE('',#1859,#1861,#2145,.T.);
#1462=EDGE_CURVE('',#1860,#1847,#216,.T.);
#1463=EDGE_CURVE('',#1861,#1846,#217,.T.);
#1464=EDGE_CURVE('',#1862,#1863,#2146,.T.);
#1465=EDGE_CURVE('',#1864,#1863,#2147,.T.);
#1466=EDGE_CURVE('',#1865,#1864,#2148,.T.);
#1467=EDGE_CURVE('',#1865,#1862,#2149,.T.);
#1468=EDGE_CURVE('',#1864,#1866,#218,.T.);
#1469=EDGE_CURVE('',#1867,#1866,#2150,.T.);
#1470=EDGE_CURVE('',#1865,#1867,#219,.T.);
#1471=EDGE_CURVE('',#1868,#1866,#2151,.T.);
#1472=EDGE_CURVE('',#1869,#1868,#2152,.T.);
#1473=EDGE_CURVE('',#1869,#1867,#2153,.T.);
#1474=EDGE_CURVE('',#1868,#1870,#220,.T.);
#1475=EDGE_CURVE('',#1871,#1870,#2154,.T.);
#1476=EDGE_CURVE('',#1869,#1871,#221,.T.);
#1477=EDGE_CURVE('',#1870,#1872,#2155,.T.);
#1478=EDGE_CURVE('',#1873,#1872,#2156,.T.);
#1479=EDGE_CURVE('',#1871,#1873,#2157,.T.);
#1480=EDGE_CURVE('',#1872,#1874,#222,.T.);
#1481=EDGE_CURVE('',#1875,#1874,#2158,.T.);
#1482=EDGE_CURVE('',#1873,#1875,#223,.T.);
#1483=EDGE_CURVE('',#1874,#1876,#2159,.T.);
#1484=EDGE_CURVE('',#1877,#1876,#2160,.T.);
#1485=EDGE_CURVE('',#1875,#1877,#2161,.T.);
#1486=EDGE_CURVE('',#1876,#1863,#224,.T.);
#1487=EDGE_CURVE('',#1877,#1862,#225,.T.);
#1488=EDGE_CURVE('',#1878,#1879,#2162,.T.);
#1489=EDGE_CURVE('',#1879,#1880,#226,.T.);
#1490=EDGE_CURVE('',#1880,#1881,#2163,.T.);
#1491=EDGE_CURVE('',#1833,#1881,#2164,.T.);
#1492=EDGE_CURVE('',#1832,#1882,#2165,.T.);
#1493=EDGE_CURVE('',#1882,#1883,#2166,.T.);
#1494=EDGE_CURVE('',#1883,#1878,#227,.T.);
#1495=EDGE_CURVE('',#1884,#1885,#2167,.T.);
#1496=EDGE_CURVE('',#1884,#1886,#2168,.T.);
#1497=EDGE_CURVE('',#1886,#1887,#2169,.T.);
#1498=EDGE_CURVE('',#1888,#1887,#18,.T.);
#1499=EDGE_CURVE('',#1889,#1888,#2170,.T.);
#1500=EDGE_CURVE('',#1890,#1889,#19,.T.);
#1501=EDGE_CURVE('',#1891,#1890,#2171,.T.);
#1502=EDGE_CURVE('',#1892,#1891,#20,.T.);
#1503=EDGE_CURVE('',#1892,#1893,#2172,.T.);
#1504=EDGE_CURVE('',#1894,#1893,#21,.T.);
#1505=EDGE_CURVE('',#1894,#1895,#2173,.T.);
#1506=EDGE_CURVE('',#1896,#1895,#2174,.T.);
#1507=EDGE_CURVE('',#1897,#1896,#2175,.T.);
#1508=EDGE_CURVE('',#1897,#1883,#2176,.T.);
#1509=EDGE_CURVE('',#1882,#1898,#228,.T.);
#1510=EDGE_CURVE('',#1899,#1898,#2177,.T.);
#1511=EDGE_CURVE('',#1899,#1900,#229,.T.);
#1512=EDGE_CURVE('',#1900,#1901,#2178,.T.);
#1513=EDGE_CURVE('',#1901,#1902,#230,.T.);
#1514=EDGE_CURVE('',#1902,#1903,#2179,.T.);
#1515=EDGE_CURVE('',#1903,#1881,#231,.T.);
#1516=EDGE_CURVE('',#1885,#1880,#2180,.T.);
#1517=EDGE_CURVE('',#1904,#1884,#232,.T.);
#1518=EDGE_CURVE('',#1904,#1905,#2181,.T.);
#1519=EDGE_CURVE('',#1905,#1886,#233,.T.);
#1520=EDGE_CURVE('',#1896,#1906,#234,.T.);
#1521=EDGE_CURVE('',#1895,#1907,#235,.T.);
#1522=EDGE_CURVE('',#1906,#1907,#2182,.T.);
#1523=EDGE_CURVE('',#1908,#1909,#2183,.T.);
#1524=EDGE_CURVE('',#1910,#1909,#2184,.T.);
#1525=EDGE_CURVE('',#1911,#1910,#2185,.T.);
#1526=EDGE_CURVE('',#1911,#1908,#2186,.T.);
#1527=EDGE_CURVE('',#1910,#1912,#236,.T.);
#1528=EDGE_CURVE('',#1913,#1912,#2187,.T.);
#1529=EDGE_CURVE('',#1911,#1913,#237,.T.);
#1530=EDGE_CURVE('',#1914,#1912,#2188,.T.);
#1531=EDGE_CURVE('',#1915,#1914,#2189,.T.);
#1532=EDGE_CURVE('',#1915,#1913,#2190,.T.);
#1533=EDGE_CURVE('',#1914,#1916,#238,.T.);
#1534=EDGE_CURVE('',#1917,#1916,#2191,.T.);
#1535=EDGE_CURVE('',#1915,#1917,#239,.T.);
#1536=EDGE_CURVE('',#1916,#1918,#2192,.T.);
#1537=EDGE_CURVE('',#1919,#1918,#2193,.T.);
#1538=EDGE_CURVE('',#1917,#1919,#2194,.T.);
#1539=EDGE_CURVE('',#1918,#1920,#240,.T.);
#1540=EDGE_CURVE('',#1921,#1920,#2195,.T.);
#1541=EDGE_CURVE('',#1919,#1921,#241,.T.);
#1542=EDGE_CURVE('',#1920,#1922,#2196,.T.);
#1543=EDGE_CURVE('',#1923,#1922,#2197,.T.);
#1544=EDGE_CURVE('',#1921,#1923,#2198,.T.);
#1545=EDGE_CURVE('',#1922,#1909,#242,.T.);
#1546=EDGE_CURVE('',#1923,#1908,#243,.T.);
#1547=EDGE_CURVE('',#1924,#1925,#2199,.T.);
#1548=EDGE_CURVE('',#1926,#1925,#2200,.T.);
#1549=EDGE_CURVE('',#1927,#1926,#2201,.T.);
#1550=EDGE_CURVE('',#1927,#1924,#2202,.T.);
#1551=EDGE_CURVE('',#1926,#1928,#244,.T.);
#1552=EDGE_CURVE('',#1929,#1928,#2203,.T.);
#1553=EDGE_CURVE('',#1927,#1929,#245,.T.);
#1554=EDGE_CURVE('',#1930,#1928,#2204,.T.);
#1555=EDGE_CURVE('',#1931,#1930,#2205,.T.);
#1556=EDGE_CURVE('',#1931,#1929,#2206,.T.);
#1557=EDGE_CURVE('',#1930,#1932,#246,.T.);
#1558=EDGE_CURVE('',#1933,#1932,#2207,.T.);
#1559=EDGE_CURVE('',#1931,#1933,#247,.T.);
#1560=EDGE_CURVE('',#1932,#1934,#2208,.T.);
#1561=EDGE_CURVE('',#1935,#1934,#2209,.T.);
#1562=EDGE_CURVE('',#1933,#1935,#2210,.T.);
#1563=EDGE_CURVE('',#1934,#1936,#248,.T.);
#1564=EDGE_CURVE('',#1937,#1936,#2211,.T.);
#1565=EDGE_CURVE('',#1935,#1937,#249,.T.);
#1566=EDGE_CURVE('',#1936,#1938,#2212,.T.);
#1567=EDGE_CURVE('',#1939,#1938,#2213,.T.);
#1568=EDGE_CURVE('',#1937,#1939,#2214,.T.);
#1569=EDGE_CURVE('',#1938,#1925,#250,.T.);
#1570=EDGE_CURVE('',#1939,#1924,#251,.T.);
#1571=EDGE_CURVE('',#1940,#1941,#2215,.T.);
#1572=EDGE_CURVE('',#1942,#1940,#252,.T.);
#1573=EDGE_CURVE('',#1943,#1942,#2216,.T.);
#1574=EDGE_CURVE('',#1944,#1943,#253,.T.);
#1575=EDGE_CURVE('',#1944,#1945,#2217,.T.);
#1576=EDGE_CURVE('',#1946,#1945,#254,.T.);
#1577=EDGE_CURVE('',#1946,#1947,#2218,.T.);
#1578=EDGE_CURVE('',#1941,#1947,#255,.T.);
#1579=EDGE_CURVE('',#1948,#1949,#2219,.T.);
#1580=EDGE_CURVE('',#1950,#1948,#256,.T.);
#1581=EDGE_CURVE('',#1951,#1950,#2220,.T.);
#1582=EDGE_CURVE('',#1952,#1951,#257,.T.);
#1583=EDGE_CURVE('',#1952,#1953,#2221,.T.);
#1584=EDGE_CURVE('',#1954,#1953,#258,.T.);
#1585=EDGE_CURVE('',#1954,#1955,#2222,.T.);
#1586=EDGE_CURVE('',#1949,#1955,#259,.T.);
#1587=EDGE_CURVE('',#1837,#1892,#2223,.T.);
#1588=EDGE_CURVE('',#1838,#1893,#2224,.T.);
#1589=EDGE_CURVE('',#1839,#1891,#2225,.T.);
#1590=EDGE_CURVE('',#1840,#1890,#2226,.T.);
#1591=EDGE_CURVE('',#1841,#1889,#2227,.T.);
#1592=EDGE_CURVE('',#1842,#1888,#2228,.T.);
#1593=EDGE_CURVE('',#1843,#1887,#2229,.T.);
#1594=EDGE_CURVE('',#1956,#1956,#260,.T.);
#1595=EDGE_CURVE('',#1957,#1957,#261,.T.);
#1596=EDGE_CURVE('',#1958,#1958,#262,.T.);
#1597=EDGE_CURVE('',#1959,#1960,#2230,.T.);
#1598=EDGE_CURVE('',#1961,#1959,#263,.T.);
#1599=EDGE_CURVE('',#1962,#1961,#2231,.T.);
#1600=EDGE_CURVE('',#1963,#1962,#264,.T.);
#1601=EDGE_CURVE('',#1963,#1964,#2232,.T.);
#1602=EDGE_CURVE('',#1965,#1964,#265,.T.);
#1603=EDGE_CURVE('',#1965,#1966,#2233,.T.);
#1604=EDGE_CURVE('',#1960,#1966,#266,.T.);
#1605=EDGE_CURVE('',#1907,#1905,#2234,.T.);
#1606=EDGE_CURVE('',#1844,#1894,#2235,.T.);
#1607=EDGE_CURVE('',#1829,#1899,#2236,.T.);
#1608=EDGE_CURVE('',#1830,#1900,#2237,.T.);
#1609=EDGE_CURVE('',#1831,#1898,#2238,.T.);
#1610=EDGE_CURVE('',#1834,#1903,#2239,.T.);
#1611=EDGE_CURVE('',#1835,#1902,#2240,.T.);
#1612=EDGE_CURVE('',#1836,#1901,#2241,.T.);
#1613=EDGE_CURVE('',#1967,#1941,#2242,.T.);
#1614=EDGE_CURVE('',#1968,#1967,#2243,.T.);
#1615=EDGE_CURVE('',#1968,#1940,#2244,.T.);
#1616=EDGE_CURVE('',#1969,#1947,#2245,.T.);
#1617=EDGE_CURVE('',#1967,#1969,#267,.T.);
#1618=EDGE_CURVE('',#1970,#1946,#2246,.T.);
#1619=EDGE_CURVE('',#1970,#1969,#2247,.T.);
#1620=EDGE_CURVE('',#1971,#1945,#2248,.T.);
#1621=EDGE_CURVE('',#1970,#1971,#268,.T.);
#1622=EDGE_CURVE('',#1972,#1944,#2249,.T.);
#1623=EDGE_CURVE('',#1972,#1971,#2250,.T.);
#1624=EDGE_CURVE('',#1973,#1943,#2251,.T.);
#1625=EDGE_CURVE('',#1972,#1973,#269,.T.);
#1626=EDGE_CURVE('',#1974,#1942,#2252,.T.);
#1627=EDGE_CURVE('',#1973,#1974,#2253,.T.);
#1628=EDGE_CURVE('',#1974,#1968,#270,.T.);
#1629=EDGE_CURVE('',#1975,#1949,#2254,.T.);
#1630=EDGE_CURVE('',#1976,#1975,#2255,.T.);
#1631=EDGE_CURVE('',#1976,#1948,#2256,.T.);
#1632=EDGE_CURVE('',#1977,#1955,#2257,.T.);
#1633=EDGE_CURVE('',#1975,#1977,#271,.T.);
#1634=EDGE_CURVE('',#1978,#1954,#2258,.T.);
#1635=EDGE_CURVE('',#1978,#1977,#2259,.T.);
#1636=EDGE_CURVE('',#1979,#1953,#2260,.T.);
#1637=EDGE_CURVE('',#1978,#1979,#272,.T.);
#1638=EDGE_CURVE('',#1980,#1952,#2261,.T.);
#1639=EDGE_CURVE('',#1980,#1979,#2262,.T.);
#1640=EDGE_CURVE('',#1981,#1951,#2263,.T.);
#1641=EDGE_CURVE('',#1980,#1981,#273,.T.);
#1642=EDGE_CURVE('',#1982,#1950,#2264,.T.);
#1643=EDGE_CURVE('',#1981,#1982,#2265,.T.);
#1644=EDGE_CURVE('',#1982,#1976,#274,.T.);
#1645=EDGE_CURVE('',#1904,#1983,#2266,.T.);
#1646=EDGE_CURVE('',#1983,#1879,#2267,.T.);
#1647=EDGE_CURVE('',#1984,#1878,#2268,.T.);
#1648=EDGE_CURVE('',#1984,#1906,#2269,.T.);
#1649=EDGE_CURVE('',#1897,#1984,#275,.T.);
#1650=EDGE_CURVE('',#1983,#1885,#276,.T.);
#1651=EDGE_CURVE('',#1985,#1960,#2270,.T.);
#1652=EDGE_CURVE('',#1986,#1985,#2271,.T.);
#1653=EDGE_CURVE('',#1986,#1959,#2272,.T.);
#1654=EDGE_CURVE('',#1987,#1966,#2273,.T.);
#1655=EDGE_CURVE('',#1985,#1987,#277,.T.);
#1656=EDGE_CURVE('',#1988,#1965,#2274,.T.);
#1657=EDGE_CURVE('',#1988,#1987,#2275,.T.);
#1658=EDGE_CURVE('',#1989,#1964,#2276,.T.);
#1659=EDGE_CURVE('',#1988,#1989,#278,.T.);
#1660=EDGE_CURVE('',#1990,#1963,#2277,.T.);
#1661=EDGE_CURVE('',#1990,#1989,#2278,.T.);
#1662=EDGE_CURVE('',#1991,#1962,#2279,.T.);
#1663=EDGE_CURVE('',#1990,#1991,#279,.T.);
#1664=EDGE_CURVE('',#1992,#1961,#2280,.T.);
#1665=EDGE_CURVE('',#1991,#1992,#2281,.T.);
#1666=EDGE_CURVE('',#1992,#1986,#280,.T.);
#1667=EDGE_CURVE('',#1993,#1993,#281,.T.);
#1668=EDGE_CURVE('',#1994,#1994,#282,.T.);
#1669=EDGE_CURVE('',#1995,#1995,#283,.T.);
#1670=EDGE_CURVE('',#1996,#1996,#284,.T.);
#1671=EDGE_CURVE('',#1997,#1997,#285,.T.);
#1672=EDGE_CURVE('',#1998,#1998,#286,.T.);
#1673=EDGE_CURVE('',#1999,#1999,#287,.T.);
#1674=EDGE_CURVE('',#2000,#2000,#288,.T.);
#1675=EDGE_CURVE('',#2001,#2001,#289,.T.);
#1676=EDGE_CURVE('',#2002,#2002,#290,.T.);
#1677=EDGE_CURVE('',#2003,#2003,#291,.T.);
#1678=EDGE_CURVE('',#2004,#2004,#292,.T.);
#1679=EDGE_CURVE('',#2005,#2005,#293,.T.);
#1680=EDGE_CURVE('',#2006,#2006,#294,.T.);
#1681=EDGE_CURVE('',#2007,#2007,#295,.T.);
#1682=VERTEX_POINT('',#4791);
#1683=VERTEX_POINT('',#4792);
#1684=VERTEX_POINT('',#4794);
#1685=VERTEX_POINT('',#4796);
#1686=VERTEX_POINT('',#4798);
#1687=VERTEX_POINT('',#4800);
#1688=VERTEX_POINT('',#4802);
#1689=VERTEX_POINT('',#4804);
#1690=VERTEX_POINT('',#4807);
#1691=VERTEX_POINT('',#4809);
#1692=VERTEX_POINT('',#4811);
#1693=VERTEX_POINT('',#4813);
#1694=VERTEX_POINT('',#4815);
#1695=VERTEX_POINT('',#4817);
#1696=VERTEX_POINT('',#4819);
#1697=VERTEX_POINT('',#4821);
#1698=VERTEX_POINT('',#4823);
#1699=VERTEX_POINT('',#4824);
#1700=VERTEX_POINT('',#4826);
#1701=VERTEX_POINT('',#4828);
#1702=VERTEX_POINT('',#4830);
#1703=VERTEX_POINT('',#4832);
#1704=VERTEX_POINT('',#4834);
#1705=VERTEX_POINT('',#4836);
#1706=VERTEX_POINT('',#4838);
#1707=VERTEX_POINT('',#4840);
#1708=VERTEX_POINT('',#4842);
#1709=VERTEX_POINT('',#4844);
#1710=VERTEX_POINT('',#4846);
#1711=VERTEX_POINT('',#4848);
#1712=VERTEX_POINT('',#4850);
#1713=VERTEX_POINT('',#4852);
#1714=VERTEX_POINT('',#4854);
#1715=VERTEX_POINT('',#4856);
#1716=VERTEX_POINT('',#4858);
#1717=VERTEX_POINT('',#4860);
#1718=VERTEX_POINT('',#4862);
#1719=VERTEX_POINT('',#4864);
#1720=VERTEX_POINT('',#4866);
#1721=VERTEX_POINT('',#4868);
#1722=VERTEX_POINT('',#4870);
#1723=VERTEX_POINT('',#4872);
#1724=VERTEX_POINT('',#4874);
#1725=VERTEX_POINT('',#4876);
#1726=VERTEX_POINT('',#4878);
#1727=VERTEX_POINT('',#4880);
#1728=VERTEX_POINT('',#4882);
#1729=VERTEX_POINT('',#4884);
#1730=VERTEX_POINT('',#4886);
#1731=VERTEX_POINT('',#4888);
#1732=VERTEX_POINT('',#4890);
#1733=VERTEX_POINT('',#4892);
#1734=VERTEX_POINT('',#4894);
#1735=VERTEX_POINT('',#4896);
#1736=VERTEX_POINT('',#4898);
#1737=VERTEX_POINT('',#4900);
#1738=VERTEX_POINT('',#4902);
#1739=VERTEX_POINT('',#4904);
#1740=VERTEX_POINT('',#4906);
#1741=VERTEX_POINT('',#4908);
#1742=VERTEX_POINT('',#4910);
#1743=VERTEX_POINT('',#4912);
#1744=VERTEX_POINT('',#4914);
#1745=VERTEX_POINT('',#4916);
#1746=VERTEX_POINT('',#4920);
#1747=VERTEX_POINT('',#4922);
#1748=VERTEX_POINT('',#4926);
#1749=VERTEX_POINT('',#4927);
#1750=VERTEX_POINT('',#4932);
#1751=VERTEX_POINT('',#4934);
#1752=VERTEX_POINT('',#4938);
#1753=VERTEX_POINT('',#4944);
#1754=VERTEX_POINT('',#4948);
#1755=VERTEX_POINT('',#4950);
#1756=VERTEX_POINT('',#4952);
#1757=VERTEX_POINT('',#4954);
#1758=VERTEX_POINT('',#4958);
#1759=VERTEX_POINT('',#4963);
#1760=VERTEX_POINT('',#4967);
#1761=VERTEX_POINT('',#4971);
#1762=VERTEX_POINT('',#4975);
#1763=VERTEX_POINT('',#4979);
#1764=VERTEX_POINT('',#4983);
#1765=VERTEX_POINT('',#4987);
#1766=VERTEX_POINT('',#4991);
#1767=VERTEX_POINT('',#4995);
#1768=VERTEX_POINT('',#4997);
#1769=VERTEX_POINT('',#5001);
#1770=VERTEX_POINT('',#5005);
#1771=VERTEX_POINT('',#5009);
#1772=VERTEX_POINT('',#5013);
#1773=VERTEX_POINT('',#5017);
#1774=VERTEX_POINT('',#5021);
#1775=VERTEX_POINT('',#5025);
#1776=VERTEX_POINT('',#5029);
#1777=VERTEX_POINT('',#5033);
#1778=VERTEX_POINT('',#5037);
#1779=VERTEX_POINT('',#5041);
#1780=VERTEX_POINT('',#5045);
#1781=VERTEX_POINT('',#5049);
#1782=VERTEX_POINT('',#5053);
#1783=VERTEX_POINT('',#5057);
#1784=VERTEX_POINT('',#5061);
#1785=VERTEX_POINT('',#5065);
#1786=VERTEX_POINT('',#5069);
#1787=VERTEX_POINT('',#5073);
#1788=VERTEX_POINT('',#5077);
#1789=VERTEX_POINT('',#5081);
#1790=VERTEX_POINT('',#5085);
#1791=VERTEX_POINT('',#5089);
#1792=VERTEX_POINT('',#5093);
#1793=VERTEX_POINT('',#5097);
#1794=VERTEX_POINT('',#5101);
#1795=VERTEX_POINT('',#5105);
#1796=VERTEX_POINT('',#5109);
#1797=VERTEX_POINT('',#5113);
#1798=VERTEX_POINT('',#5117);
#1799=VERTEX_POINT('',#5121);
#1800=VERTEX_POINT('',#5125);
#1801=VERTEX_POINT('',#5129);
#1802=VERTEX_POINT('',#5133);
#1803=VERTEX_POINT('',#5137);
#1804=VERTEX_POINT('',#5141);
#1805=VERTEX_POINT('',#5145);
#1806=VERTEX_POINT('',#5149);
#1807=VERTEX_POINT('',#5153);
#1808=VERTEX_POINT('',#5157);
#1809=VERTEX_POINT('',#5161);
#1810=VERTEX_POINT('',#5165);
#1811=VERTEX_POINT('',#5169);
#1812=VERTEX_POINT('',#5173);
#1813=VERTEX_POINT('',#5177);
#1814=VERTEX_POINT('',#5181);
#1815=VERTEX_POINT('',#5188);
#1816=VERTEX_POINT('',#5192);
#1817=VERTEX_POINT('',#5196);
#1818=VERTEX_POINT('',#5201);
#1819=VERTEX_POINT('',#5203);
#1820=VERTEX_POINT('',#5205);
#1821=VERTEX_POINT('',#5207);
#1822=VERTEX_POINT('',#5209);
#1823=VERTEX_POINT('',#5211);
#1824=VERTEX_POINT('',#5213);
#1825=VERTEX_POINT('',#5215);
#1826=VERTEX_POINT('',#5217);
#1827=VERTEX_POINT('',#5219);
#1828=VERTEX_POINT('',#5221);
#1829=VERTEX_POINT('',#5223);
#1830=VERTEX_POINT('',#5224);
#1831=VERTEX_POINT('',#5226);
#1832=VERTEX_POINT('',#5228);
#1833=VERTEX_POINT('',#5230);
#1834=VERTEX_POINT('',#5232);
#1835=VERTEX_POINT('',#5234);
#1836=VERTEX_POINT('',#5236);
#1837=VERTEX_POINT('',#5239);
#1838=VERTEX_POINT('',#5240);
#1839=VERTEX_POINT('',#5250);
#1840=VERTEX_POINT('',#5252);
#1841=VERTEX_POINT('',#5262);
#1842=VERTEX_POINT('',#5264);
#1843=VERTEX_POINT('',#5274);
#1844=VERTEX_POINT('',#5276);
#1845=VERTEX_POINT('',#5287);
#1846=VERTEX_POINT('',#5290);
#1847=VERTEX_POINT('',#5291);
#1848=VERTEX_POINT('',#5293);
#1849=VERTEX_POINT('',#5295);
#1850=VERTEX_POINT('',#5299);
#1851=VERTEX_POINT('',#5301);
#1852=VERTEX_POINT('',#5305);
#1853=VERTEX_POINT('',#5307);
#1854=VERTEX_POINT('',#5311);
#1855=VERTEX_POINT('',#5313);
#1856=VERTEX_POINT('',#5317);
#1857=VERTEX_POINT('',#5319);
#1858=VERTEX_POINT('',#5323);
#1859=VERTEX_POINT('',#5325);
#1860=VERTEX_POINT('',#5329);
#1861=VERTEX_POINT('',#5331);
#1862=VERTEX_POINT('',#5338);
#1863=VERTEX_POINT('',#5339);
#1864=VERTEX_POINT('',#5341);
#1865=VERTEX_POINT('',#5343);
#1866=VERTEX_POINT('',#5347);
#1867=VERTEX_POINT('',#5349);
#1868=VERTEX_POINT('',#5353);
#1869=VERTEX_POINT('',#5355);
#1870=VERTEX_POINT('',#5359);
#1871=VERTEX_POINT('',#5361);
#1872=VERTEX_POINT('',#5365);
#1873=VERTEX_POINT('',#5367);
#1874=VERTEX_POINT('',#5371);
#1875=VERTEX_POINT('',#5373);
#1876=VERTEX_POINT('',#5377);
#1877=VERTEX_POINT('',#5379);
#1878=VERTEX_POINT('',#5386);
#1879=VERTEX_POINT('',#5387);
#1880=VERTEX_POINT('',#5389);
#1881=VERTEX_POINT('',#5391);
#1882=VERTEX_POINT('',#5394);
#1883=VERTEX_POINT('',#5396);
#1884=VERTEX_POINT('',#5400);
#1885=VERTEX_POINT('',#5401);
#1886=VERTEX_POINT('',#5403);
#1887=VERTEX_POINT('',#5405);
#1888=VERTEX_POINT('',#5415);
#1889=VERTEX_POINT('',#5417);
#1890=VERTEX_POINT('',#5427);
#1891=VERTEX_POINT('',#5429);
#1892=VERTEX_POINT('',#5439);
#1893=VERTEX_POINT('',#5441);
#1894=VERTEX_POINT('',#5451);
#1895=VERTEX_POINT('',#5453);
#1896=VERTEX_POINT('',#5455);
#1897=VERTEX_POINT('',#5457);
#1898=VERTEX_POINT('',#5460);
#1899=VERTEX_POINT('',#5462);
#1900=VERTEX_POINT('',#5464);
#1901=VERTEX_POINT('',#5466);
#1902=VERTEX_POINT('',#5468);
#1903=VERTEX_POINT('',#5470);
#1904=VERTEX_POINT('',#5475);
#1905=VERTEX_POINT('',#5477);
#1906=VERTEX_POINT('',#5481);
#1907=VERTEX_POINT('',#5483);
#1908=VERTEX_POINT('',#5487);
#1909=VERTEX_POINT('',#5488);
#1910=VERTEX_POINT('',#5490);
#1911=VERTEX_POINT('',#5492);
#1912=VERTEX_POINT('',#5496);
#1913=VERTEX_POINT('',#5498);
#1914=VERTEX_POINT('',#5502);
#1915=VERTEX_POINT('',#5504);
#1916=VERTEX_POINT('',#5508);
#1917=VERTEX_POINT('',#5510);
#1918=VERTEX_POINT('',#5514);
#1919=VERTEX_POINT('',#5516);
#1920=VERTEX_POINT('',#5520);
#1921=VERTEX_POINT('',#5522);
#1922=VERTEX_POINT('',#5526);
#1923=VERTEX_POINT('',#5528);
#1924=VERTEX_POINT('',#5535);
#1925=VERTEX_POINT('',#5536);
#1926=VERTEX_POINT('',#5538);
#1927=VERTEX_POINT('',#5540);
#1928=VERTEX_POINT('',#5544);
#1929=VERTEX_POINT('',#5546);
#1930=VERTEX_POINT('',#5550);
#1931=VERTEX_POINT('',#5552);
#1932=VERTEX_POINT('',#5556);
#1933=VERTEX_POINT('',#5558);
#1934=VERTEX_POINT('',#5562);
#1935=VERTEX_POINT('',#5564);
#1936=VERTEX_POINT('',#5568);
#1937=VERTEX_POINT('',#5570);
#1938=VERTEX_POINT('',#5574);
#1939=VERTEX_POINT('',#5576);
#1940=VERTEX_POINT('',#5583);
#1941=VERTEX_POINT('',#5584);
#1942=VERTEX_POINT('',#5586);
#1943=VERTEX_POINT('',#5588);
#1944=VERTEX_POINT('',#5590);
#1945=VERTEX_POINT('',#5592);
#1946=VERTEX_POINT('',#5594);
#1947=VERTEX_POINT('',#5596);
#1948=VERTEX_POINT('',#5599);
#1949=VERTEX_POINT('',#5600);
#1950=VERTEX_POINT('',#5602);
#1951=VERTEX_POINT('',#5604);
#1952=VERTEX_POINT('',#5606);
#1953=VERTEX_POINT('',#5608);
#1954=VERTEX_POINT('',#5610);
#1955=VERTEX_POINT('',#5612);
#1956=VERTEX_POINT('',#5679);
#1957=VERTEX_POINT('',#5681);
#1958=VERTEX_POINT('',#5683);
#1959=VERTEX_POINT('',#5685);
#1960=VERTEX_POINT('',#5686);
#1961=VERTEX_POINT('',#5688);
#1962=VERTEX_POINT('',#5690);
#1963=VERTEX_POINT('',#5692);
#1964=VERTEX_POINT('',#5694);
#1965=VERTEX_POINT('',#5696);
#1966=VERTEX_POINT('',#5698);
#1967=VERTEX_POINT('',#5735);
#1968=VERTEX_POINT('',#5737);
#1969=VERTEX_POINT('',#5741);
#1970=VERTEX_POINT('',#5745);
#1971=VERTEX_POINT('',#5749);
#1972=VERTEX_POINT('',#5753);
#1973=VERTEX_POINT('',#5757);
#1974=VERTEX_POINT('',#5761);
#1975=VERTEX_POINT('',#5768);
#1976=VERTEX_POINT('',#5770);
#1977=VERTEX_POINT('',#5774);
#1978=VERTEX_POINT('',#5778);
#1979=VERTEX_POINT('',#5782);
#1980=VERTEX_POINT('',#5786);
#1981=VERTEX_POINT('',#5790);
#1982=VERTEX_POINT('',#5794);
#1983=VERTEX_POINT('',#5801);
#1984=VERTEX_POINT('',#5804);
#1985=VERTEX_POINT('',#5814);
#1986=VERTEX_POINT('',#5816);
#1987=VERTEX_POINT('',#5820);
#1988=VERTEX_POINT('',#5824);
#1989=VERTEX_POINT('',#5828);
#1990=VERTEX_POINT('',#5832);
#1991=VERTEX_POINT('',#5836);
#1992=VERTEX_POINT('',#5840);
#1993=VERTEX_POINT('',#5847);
#1994=VERTEX_POINT('',#5851);
#1995=VERTEX_POINT('',#5855);
#1996=VERTEX_POINT('',#5859);
#1997=VERTEX_POINT('',#5863);
#1998=VERTEX_POINT('',#5867);
#1999=VERTEX_POINT('',#5871);
#2000=VERTEX_POINT('',#5875);
#2001=VERTEX_POINT('',#5879);
#2002=VERTEX_POINT('',#5883);
#2003=VERTEX_POINT('',#5887);
#2004=VERTEX_POINT('',#5891);
#2005=VERTEX_POINT('',#5895);
#2006=VERTEX_POINT('',#5899);
#2007=VERTEX_POINT('',#5903);
#2008=LINE('',#4790,#2282);
#2009=LINE('',#4795,#2283);
#2010=LINE('',#4799,#2284);
#2011=LINE('',#4803,#2285);
#2012=LINE('',#4822,#2286);
#2013=LINE('',#4827,#2287);
#2014=LINE('',#4831,#2288);
#2015=LINE('',#4835,#2289);
#2016=LINE('',#4839,#2290);
#2017=LINE('',#4843,#2291);
#2018=LINE('',#4847,#2292);
#2019=LINE('',#4851,#2293);
#2020=LINE('',#4855,#2294);
#2021=LINE('',#4859,#2295);
#2022=LINE('',#4863,#2296);
#2023=LINE('',#4867,#2297);
#2024=LINE('',#4871,#2298);
#2025=LINE('',#4875,#2299);
#2026=LINE('',#4879,#2300);
#2027=LINE('',#4883,#2301);
#2028=LINE('',#4887,#2302);
#2029=LINE('',#4891,#2303);
#2030=LINE('',#4895,#2304);
#2031=LINE('',#4899,#2305);
#2032=LINE('',#4903,#2306);
#2033=LINE('',#4907,#2307);
#2034=LINE('',#4911,#2308);
#2035=LINE('',#4915,#2309);
#2036=LINE('',#4919,#2310);
#2037=LINE('',#4921,#2311);
#2038=LINE('',#4923,#2312);
#2039=LINE('',#4925,#2313);
#2040=LINE('',#4928,#2314);
#2041=LINE('',#4929,#2315);
#2042=LINE('',#4931,#2316);
#2043=LINE('',#4933,#2317);
#2044=LINE('',#4937,#2318);
#2045=LINE('',#4939,#2319);
#2046=LINE('',#4945,#2320);
#2047=LINE('',#4953,#2321);
#2048=LINE('',#4955,#2322);
#2049=LINE('',#4959,#2323);
#2050=LINE('',#4994,#2324);
#2051=LINE('',#4996,#2325);
#2052=LINE('',#4998,#2326);
#2053=LINE('',#5000,#2327);
#2054=LINE('',#5004,#2328);
#2055=LINE('',#5006,#2329);
#2056=LINE('',#5008,#2330);
#2057=LINE('',#5012,#2331);
#2058=LINE('',#5014,#2332);
#2059=LINE('',#5016,#2333);
#2060=LINE('',#5020,#2334);
#2061=LINE('',#5022,#2335);
#2062=LINE('',#5024,#2336);
#2063=LINE('',#5028,#2337);
#2064=LINE('',#5030,#2338);
#2065=LINE('',#5032,#2339);
#2066=LINE('',#5036,#2340);
#2067=LINE('',#5038,#2341);
#2068=LINE('',#5040,#2342);
#2069=LINE('',#5044,#2343);
#2070=LINE('',#5046,#2344);
#2071=LINE('',#5048,#2345);
#2072=LINE('',#5052,#2346);
#2073=LINE('',#5054,#2347);
#2074=LINE('',#5056,#2348);
#2075=LINE('',#5060,#2349);
#2076=LINE('',#5062,#2350);
#2077=LINE('',#5064,#2351);
#2078=LINE('',#5068,#2352);
#2079=LINE('',#5070,#2353);
#2080=LINE('',#5072,#2354);
#2081=LINE('',#5076,#2355);
#2082=LINE('',#5078,#2356);
#2083=LINE('',#5080,#2357);
#2084=LINE('',#5084,#2358);
#2085=LINE('',#5086,#2359);
#2086=LINE('',#5088,#2360);
#2087=LINE('',#5092,#2361);
#2088=LINE('',#5094,#2362);
#2089=LINE('',#5096,#2363);
#2090=LINE('',#5100,#2364);
#2091=LINE('',#5102,#2365);
#2092=LINE('',#5104,#2366);
#2093=LINE('',#5108,#2367);
#2094=LINE('',#5110,#2368);
#2095=LINE('',#5112,#2369);
#2096=LINE('',#5116,#2370);
#2097=LINE('',#5118,#2371);
#2098=LINE('',#5120,#2372);
#2099=LINE('',#5124,#2373);
#2100=LINE('',#5126,#2374);
#2101=LINE('',#5128,#2375);
#2102=LINE('',#5132,#2376);
#2103=LINE('',#5134,#2377);
#2104=LINE('',#5136,#2378);
#2105=LINE('',#5140,#2379);
#2106=LINE('',#5142,#2380);
#2107=LINE('',#5144,#2381);
#2108=LINE('',#5148,#2382);
#2109=LINE('',#5150,#2383);
#2110=LINE('',#5152,#2384);
#2111=LINE('',#5156,#2385);
#2112=LINE('',#5158,#2386);
#2113=LINE('',#5160,#2387);
#2114=LINE('',#5164,#2388);
#2115=LINE('',#5166,#2389);
#2116=LINE('',#5168,#2390);
#2117=LINE('',#5172,#2391);
#2118=LINE('',#5174,#2392);
#2119=LINE('',#5176,#2393);
#2120=LINE('',#5180,#2394);
#2121=LINE('',#5182,#2395);
#2122=LINE('',#5225,#2396);
#2123=LINE('',#5229,#2397);
#2124=LINE('',#5233,#2398);
#2125=LINE('',#5237,#2399);
#2126=LINE('',#5238,#2400);
#2127=LINE('',#5251,#2401);
#2128=LINE('',#5263,#2402);
#2129=LINE('',#5275,#2403);
#2130=LINE('',#5289,#2404);
#2131=LINE('',#5292,#2405);
#2132=LINE('',#5294,#2406);
#2133=LINE('',#5296,#2407);
#2134=LINE('',#5300,#2408);
#2135=LINE('',#5304,#2409);
#2136=LINE('',#5306,#2410);
#2137=LINE('',#5308,#2411);
#2138=LINE('',#5312,#2412);
#2139=LINE('',#5316,#2413);
#2140=LINE('',#5318,#2414);
#2141=LINE('',#5320,#2415);
#2142=LINE('',#5324,#2416);
#2143=LINE('',#5328,#2417);
#2144=LINE('',#5330,#2418);
#2145=LINE('',#5332,#2419);
#2146=LINE('',#5337,#2420);
#2147=LINE('',#5340,#2421);
#2148=LINE('',#5342,#2422);
#2149=LINE('',#5344,#2423);
#2150=LINE('',#5348,#2424);
#2151=LINE('',#5352,#2425);
#2152=LINE('',#5354,#2426);
#2153=LINE('',#5356,#2427);
#2154=LINE('',#5360,#2428);
#2155=LINE('',#5364,#2429);
#2156=LINE('',#5366,#2430);
#2157=LINE('',#5368,#2431);
#2158=LINE('',#5372,#2432);
#2159=LINE('',#5376,#2433);
#2160=LINE('',#5378,#2434);
#2161=LINE('',#5380,#2435);
#2162=LINE('',#5385,#2436);
#2163=LINE('',#5390,#2437);
#2164=LINE('',#5392,#2438);
#2165=LINE('',#5393,#2439);
#2166=LINE('',#5395,#2440);
#2167=LINE('',#5399,#2441);
#2168=LINE('',#5402,#2442);
#2169=LINE('',#5404,#2443);
#2170=LINE('',#5416,#2444);
#2171=LINE('',#5428,#2445);
#2172=LINE('',#5440,#2446);
#2173=LINE('',#5452,#2447);
#2174=LINE('',#5454,#2448);
#2175=LINE('',#5456,#2449);
#2176=LINE('',#5458,#2450);
#2177=LINE('',#5461,#2451);
#2178=LINE('',#5465,#2452);
#2179=LINE('',#5469,#2453);
#2180=LINE('',#5472,#2454);
#2181=LINE('',#5476,#2455);
#2182=LINE('',#5484,#2456);
#2183=LINE('',#5486,#2457);
#2184=LINE('',#5489,#2458);
#2185=LINE('',#5491,#2459);
#2186=LINE('',#5493,#2460);
#2187=LINE('',#5497,#2461);
#2188=LINE('',#5501,#2462);
#2189=LINE('',#5503,#2463);
#2190=LINE('',#5505,#2464);
#2191=LINE('',#5509,#2465);
#2192=LINE('',#5513,#2466);
#2193=LINE('',#5515,#2467);
#2194=LINE('',#5517,#2468);
#2195=LINE('',#5521,#2469);
#2196=LINE('',#5525,#2470);
#2197=LINE('',#5527,#2471);
#2198=LINE('',#5529,#2472);
#2199=LINE('',#5534,#2473);
#2200=LINE('',#5537,#2474);
#2201=LINE('',#5539,#2475);
#2202=LINE('',#5541,#2476);
#2203=LINE('',#5545,#2477);
#2204=LINE('',#5549,#2478);
#2205=LINE('',#5551,#2479);
#2206=LINE('',#5553,#2480);
#2207=LINE('',#5557,#2481);
#2208=LINE('',#5561,#2482);
#2209=LINE('',#5563,#2483);
#2210=LINE('',#5565,#2484);
#2211=LINE('',#5569,#2485);
#2212=LINE('',#5573,#2486);
#2213=LINE('',#5575,#2487);
#2214=LINE('',#5577,#2488);
#2215=LINE('',#5582,#2489);
#2216=LINE('',#5587,#2490);
#2217=LINE('',#5591,#2491);
#2218=LINE('',#5595,#2492);
#2219=LINE('',#5598,#2493);
#2220=LINE('',#5603,#2494);
#2221=LINE('',#5607,#2495);
#2222=LINE('',#5611,#2496);
#2223=LINE('',#5614,#2497);
#2224=LINE('',#5615,#2498);
#2225=LINE('',#5634,#2499);
#2226=LINE('',#5636,#2500);
#2227=LINE('',#5655,#2501);
#2228=LINE('',#5657,#2502);
#2229=LINE('',#5676,#2503);
#2230=LINE('',#5684,#2504);
#2231=LINE('',#5689,#2505);
#2232=LINE('',#5693,#2506);
#2233=LINE('',#5697,#2507);
#2234=LINE('',#5700,#2508);
#2235=LINE('',#5701,#2509);
#2236=LINE('',#5703,#2510);
#2237=LINE('',#5704,#2511);
#2238=LINE('',#5706,#2512);
#2239=LINE('',#5709,#2513);
#2240=LINE('',#5711,#2514);
#2241=LINE('',#5713,#2515);
#2242=LINE('',#5734,#2516);
#2243=LINE('',#5736,#2517);
#2244=LINE('',#5738,#2518);
#2245=LINE('',#5740,#2519);
#2246=LINE('',#5744,#2520);
#2247=LINE('',#5746,#2521);
#2248=LINE('',#5748,#2522);
#2249=LINE('',#5752,#2523);
#2250=LINE('',#5754,#2524);
#2251=LINE('',#5756,#2525);
#2252=LINE('',#5760,#2526);
#2253=LINE('',#5762,#2527);
#2254=LINE('',#5767,#2528);
#2255=LINE('',#5769,#2529);
#2256=LINE('',#5771,#2530);
#2257=LINE('',#5773,#2531);
#2258=LINE('',#5777,#2532);
#2259=LINE('',#5779,#2533);
#2260=LINE('',#5781,#2534);
#2261=LINE('',#5785,#2535);
#2262=LINE('',#5787,#2536);
#2263=LINE('',#5789,#2537);
#2264=LINE('',#5793,#2538);
#2265=LINE('',#5795,#2539);
#2266=LINE('',#5800,#2540);
#2267=LINE('',#5802,#2541);
#2268=LINE('',#5803,#2542);
#2269=LINE('',#5805,#2543);
#2270=LINE('',#5813,#2544);
#2271=LINE('',#5815,#2545);
#2272=LINE('',#5817,#2546);
#2273=LINE('',#5819,#2547);
#2274=LINE('',#5823,#2548);
#2275=LINE('',#5825,#2549);
#2276=LINE('',#5827,#2550);
#2277=LINE('',#5831,#2551);
#2278=LINE('',#5833,#2552);
#2279=LINE('',#5835,#2553);
#2280=LINE('',#5839,#2554);
#2281=LINE('',#5841,#2555);
#2282=VECTOR('',#3772,1.);
#2283=VECTOR('',#3775,1.);
#2284=VECTOR('',#3778,1.);
#2285=VECTOR('',#3781,1.);
#2286=VECTOR('',#3800,1.);
#2287=VECTOR('',#3803,1.);
#2288=VECTOR('',#3806,1.);
#2289=VECTOR('',#3809,1.);
#2290=VECTOR('',#3812,1.);
#2291=VECTOR('',#3815,1.);
#2292=VECTOR('',#3818,1.);
#2293=VECTOR('',#3821,1.);
#2294=VECTOR('',#3824,1.);
#2295=VECTOR('',#3827,1.);
#2296=VECTOR('',#3830,1.);
#2297=VECTOR('',#3833,1.);
#2298=VECTOR('',#3836,1.);
#2299=VECTOR('',#3839,1.);
#2300=VECTOR('',#3842,1.);
#2301=VECTOR('',#3845,1.);
#2302=VECTOR('',#3848,1.);
#2303=VECTOR('',#3851,1.);
#2304=VECTOR('',#3854,1.);
#2305=VECTOR('',#3857,1.);
#2306=VECTOR('',#3860,1.);
#2307=VECTOR('',#3863,1.);
#2308=VECTOR('',#3866,1.);
#2309=VECTOR('',#3869,1.);
#2310=VECTOR('',#3874,1.);
#2311=VECTOR('',#3875,1.);
#2312=VECTOR('',#3876,1.);
#2313=VECTOR('',#3879,1.);
#2314=VECTOR('',#3880,1.);
#2315=VECTOR('',#3881,1.);
#2316=VECTOR('',#3884,1.);
#2317=VECTOR('',#3885,1.);
#2318=VECTOR('',#3890,1.);
#2319=VECTOR('',#3891,1.);
#2320=VECTOR('',#3900,1.);
#2321=VECTOR('',#3909,1.);
#2322=VECTOR('',#3910,1.);
#2323=VECTOR('',#3915,1.);
#2324=VECTOR('',#3968,1.);
#2325=VECTOR('',#3969,1.);
#2326=VECTOR('',#3970,1.);
#2327=VECTOR('',#3973,1.);
#2328=VECTOR('',#3978,1.);
#2329=VECTOR('',#3979,1.);
#2330=VECTOR('',#3982,1.);
#2331=VECTOR('',#3987,1.);
#2332=VECTOR('',#3988,1.);
#2333=VECTOR('',#3991,1.);
#2334=VECTOR('',#3996,1.);
#2335=VECTOR('',#3997,1.);
#2336=VECTOR('',#4000,1.);
#2337=VECTOR('',#4005,1.);
#2338=VECTOR('',#4006,1.);
#2339=VECTOR('',#4009,1.);
#2340=VECTOR('',#4014,1.);
#2341=VECTOR('',#4015,1.);
#2342=VECTOR('',#4018,1.);
#2343=VECTOR('',#4023,1.);
#2344=VECTOR('',#4024,1.);
#2345=VECTOR('',#4027,1.);
#2346=VECTOR('',#4032,1.);
#2347=VECTOR('',#4033,1.);
#2348=VECTOR('',#4036,1.);
#2349=VECTOR('',#4041,1.);
#2350=VECTOR('',#4042,1.);
#2351=VECTOR('',#4045,1.);
#2352=VECTOR('',#4050,1.);
#2353=VECTOR('',#4051,1.);
#2354=VECTOR('',#4054,1.);
#2355=VECTOR('',#4059,1.);
#2356=VECTOR('',#4060,1.);
#2357=VECTOR('',#4063,1.);
#2358=VECTOR('',#4068,1.);
#2359=VECTOR('',#4069,1.);
#2360=VECTOR('',#4072,1.);
#2361=VECTOR('',#4077,1.);
#2362=VECTOR('',#4078,1.);
#2363=VECTOR('',#4081,1.);
#2364=VECTOR('',#4086,1.);
#2365=VECTOR('',#4087,1.);
#2366=VECTOR('',#4090,1.);
#2367=VECTOR('',#4095,1.);
#2368=VECTOR('',#4096,1.);
#2369=VECTOR('',#4099,1.);
#2370=VECTOR('',#4104,1.);
#2371=VECTOR('',#4105,1.);
#2372=VECTOR('',#4108,1.);
#2373=VECTOR('',#4113,1.);
#2374=VECTOR('',#4114,1.);
#2375=VECTOR('',#4117,1.);
#2376=VECTOR('',#4122,1.);
#2377=VECTOR('',#4123,1.);
#2378=VECTOR('',#4126,1.);
#2379=VECTOR('',#4131,1.);
#2380=VECTOR('',#4132,1.);
#2381=VECTOR('',#4135,1.);
#2382=VECTOR('',#4140,1.);
#2383=VECTOR('',#4141,1.);
#2384=VECTOR('',#4144,1.);
#2385=VECTOR('',#4149,1.);
#2386=VECTOR('',#4150,1.);
#2387=VECTOR('',#4153,1.);
#2388=VECTOR('',#4158,1.);
#2389=VECTOR('',#4159,1.);
#2390=VECTOR('',#4162,1.);
#2391=VECTOR('',#4167,1.);
#2392=VECTOR('',#4168,1.);
#2393=VECTOR('',#4171,1.);
#2394=VECTOR('',#4176,1.);
#2395=VECTOR('',#4177,1.);
#2396=VECTOR('',#4230,1.);
#2397=VECTOR('',#4233,1.);
#2398=VECTOR('',#4236,1.);
#2399=VECTOR('',#4239,1.);
#2400=VECTOR('',#4240,1.);
#2401=VECTOR('',#4241,1.);
#2402=VECTOR('',#4242,1.);
#2403=VECTOR('',#4243,1.);
#2404=VECTOR('',#4248,1.);
#2405=VECTOR('',#4249,1.);
#2406=VECTOR('',#4250,1.);
#2407=VECTOR('',#4251,1.);
#2408=VECTOR('',#4256,1.);
#2409=VECTOR('',#4261,1.);
#2410=VECTOR('',#4262,1.);
#2411=VECTOR('',#4263,1.);
#2412=VECTOR('',#4268,1.);
#2413=VECTOR('',#4273,1.);
#2414=VECTOR('',#4274,1.);
#2415=VECTOR('',#4275,1.);
#2416=VECTOR('',#4280,1.);
#2417=VECTOR('',#4285,1.);
#2418=VECTOR('',#4286,1.);
#2419=VECTOR('',#4287,1.);
#2420=VECTOR('',#4296,1.);
#2421=VECTOR('',#4297,1.);
#2422=VECTOR('',#4298,1.);
#2423=VECTOR('',#4299,1.);
#2424=VECTOR('',#4304,1.);
#2425=VECTOR('',#4309,1.);
#2426=VECTOR('',#4310,1.);
#2427=VECTOR('',#4311,1.);
#2428=VECTOR('',#4316,1.);
#2429=VECTOR('',#4321,1.);
#2430=VECTOR('',#4322,1.);
#2431=VECTOR('',#4323,1.);
#2432=VECTOR('',#4328,1.);
#2433=VECTOR('',#4333,1.);
#2434=VECTOR('',#4334,1.);
#2435=VECTOR('',#4335,1.);
#2436=VECTOR('',#4344,1.);
#2437=VECTOR('',#4347,1.);
#2438=VECTOR('',#4348,1.);
#2439=VECTOR('',#4349,1.);
#2440=VECTOR('',#4350,1.);
#2441=VECTOR('',#4355,1.);
#2442=VECTOR('',#4356,1.);
#2443=VECTOR('',#4357,1.);
#2444=VECTOR('',#4358,1.);
#2445=VECTOR('',#4359,1.);
#2446=VECTOR('',#4360,1.);
#2447=VECTOR('',#4361,1.);
#2448=VECTOR('',#4362,1.);
#2449=VECTOR('',#4363,1.);
#2450=VECTOR('',#4364,1.);
#2451=VECTOR('',#4367,1.);
#2452=VECTOR('',#4370,1.);
#2453=VECTOR('',#4373,1.);
#2454=VECTOR('',#4376,1.);
#2455=VECTOR('',#4381,1.);
#2456=VECTOR('',#4390,1.);
#2457=VECTOR('',#4393,1.);
#2458=VECTOR('',#4394,1.);
#2459=VECTOR('',#4395,1.);
#2460=VECTOR('',#4396,1.);
#2461=VECTOR('',#4401,1.);
#2462=VECTOR('',#4406,1.);
#2463=VECTOR('',#4407,1.);
#2464=VECTOR('',#4408,1.);
#2465=VECTOR('',#4413,1.);
#2466=VECTOR('',#4418,1.);
#2467=VECTOR('',#4419,1.);
#2468=VECTOR('',#4420,1.);
#2469=VECTOR('',#4425,1.);
#2470=VECTOR('',#4430,1.);
#2471=VECTOR('',#4431,1.);
#2472=VECTOR('',#4432,1.);
#2473=VECTOR('',#4441,1.);
#2474=VECTOR('',#4442,1.);
#2475=VECTOR('',#4443,1.);
#2476=VECTOR('',#4444,1.);
#2477=VECTOR('',#4449,1.);
#2478=VECTOR('',#4454,1.);
#2479=VECTOR('',#4455,1.);
#2480=VECTOR('',#4456,1.);
#2481=VECTOR('',#4461,1.);
#2482=VECTOR('',#4466,1.);
#2483=VECTOR('',#4467,1.);
#2484=VECTOR('',#4468,1.);
#2485=VECTOR('',#4473,1.);
#2486=VECTOR('',#4478,1.);
#2487=VECTOR('',#4479,1.);
#2488=VECTOR('',#4480,1.);
#2489=VECTOR('',#4489,1.);
#2490=VECTOR('',#4492,1.);
#2491=VECTOR('',#4495,1.);
#2492=VECTOR('',#4498,1.);
#2493=VECTOR('',#4501,1.);
#2494=VECTOR('',#4504,1.);
#2495=VECTOR('',#4507,1.);
#2496=VECTOR('',#4510,1.);
#2497=VECTOR('',#4513,1.);
#2498=VECTOR('',#4514,1.);
#2499=VECTOR('',#4515,1.);
#2500=VECTOR('',#4518,1.);
#2501=VECTOR('',#4519,1.);
#2502=VECTOR('',#4522,1.);
#2503=VECTOR('',#4523,1.);
#2504=VECTOR('',#4532,1.);
#2505=VECTOR('',#4535,1.);
#2506=VECTOR('',#4538,1.);
#2507=VECTOR('',#4541,1.);
#2508=VECTOR('',#4544,1.);
#2509=VECTOR('',#4545,1.);
#2510=VECTOR('',#4548,1.);
#2511=VECTOR('',#4549,1.);
#2512=VECTOR('',#4552,1.);
#2513=VECTOR('',#4557,1.);
#2514=VECTOR('',#4560,1.);
#2515=VECTOR('',#4563,1.);
#2516=VECTOR('',#4568,1.);
#2517=VECTOR('',#4569,1.);
#2518=VECTOR('',#4570,1.);
#2519=VECTOR('',#4573,1.);
#2520=VECTOR('',#4578,1.);
#2521=VECTOR('',#4579,1.);
#2522=VECTOR('',#4582,1.);
#2523=VECTOR('',#4587,1.);
#2524=VECTOR('',#4588,1.);
#2525=VECTOR('',#4591,1.);
#2526=VECTOR('',#4596,1.);
#2527=VECTOR('',#4597,1.);
#2528=VECTOR('',#4606,1.);
#2529=VECTOR('',#4607,1.);
#2530=VECTOR('',#4608,1.);
#2531=VECTOR('',#4611,1.);
#2532=VECTOR('',#4616,1.);
#2533=VECTOR('',#4617,1.);
#2534=VECTOR('',#4620,1.);
#2535=VECTOR('',#4625,1.);
#2536=VECTOR('',#4626,1.);
#2537=VECTOR('',#4629,1.);
#2538=VECTOR('',#4634,1.);
#2539=VECTOR('',#4635,1.);
#2540=VECTOR('',#4644,1.);
#2541=VECTOR('',#4645,1.);
#2542=VECTOR('',#4646,1.);
#2543=VECTOR('',#4647,1.);
#2544=VECTOR('',#4662,1.);
#2545=VECTOR('',#4663,1.);
#2546=VECTOR('',#4664,1.);
#2547=VECTOR('',#4667,1.);
#2548=VECTOR('',#4672,1.);
#2549=VECTOR('',#4673,1.);
#2550=VECTOR('',#4676,1.);
#2551=VECTOR('',#4681,1.);
#2552=VECTOR('',#4682,1.);
#2553=VECTOR('',#4685,1.);
#2554=VECTOR('',#4690,1.);
#2555=VECTOR('',#4691,1.);
#2556=EDGE_LOOP('',(#296,#297,#298,#299,#300,#301,#302,#303));
#2557=EDGE_LOOP('',(#304));
#2558=EDGE_LOOP('',(#305));
#2559=EDGE_LOOP('',(#306));
#2560=EDGE_LOOP('',(#307));
#2561=EDGE_LOOP('',(#308));
#2562=EDGE_LOOP('',(#309));
#2563=EDGE_LOOP('',(#310));
#2564=EDGE_LOOP('',(#311));
#2565=EDGE_LOOP('',(#312,#313,#314,#315,#316,#317,#318,#319,#320,#321,#322,
#323,#324,#325,#326,#327,#328,#329,#330,#331,#332,#333,#334,#335,#336,#337,
#338,#339,#340,#341,#342,#343,#344,#345,#346,#347,#348,#349,#350,#351,#352,
#353,#354,#355,#356,#357,#358,#359));
#2566=EDGE_LOOP('',(#360,#361,#362,#363));
#2567=EDGE_LOOP('',(#364,#365,#366,#367));
#2568=EDGE_LOOP('',(#368,#369,#370,#371,#372));
#2569=EDGE_LOOP('',(#373,#374,#375,#376));
#2570=EDGE_LOOP('',(#377,#378,#379,#380));
#2571=EDGE_LOOP('',(#381,#382,#383,#384));
#2572=EDGE_LOOP('',(#385));
#2573=EDGE_LOOP('',(#386));
#2574=EDGE_LOOP('',(#387));
#2575=EDGE_LOOP('',(#388,#389,#390,#391));
#2576=EDGE_LOOP('',(#392,#393,#394,#395,#396));
#2577=EDGE_LOOP('',(#397,#398,#399,#400,#401,#402,#403,#404,#405,#406));
#2578=EDGE_LOOP('',(#407));
#2579=EDGE_LOOP('',(#408));
#2580=EDGE_LOOP('',(#409));
#2581=EDGE_LOOP('',(#410));
#2582=EDGE_LOOP('',(#411));
#2583=EDGE_LOOP('',(#412));
#2584=EDGE_LOOP('',(#413));
#2585=EDGE_LOOP('',(#414));
#2586=EDGE_LOOP('',(#415));
#2587=EDGE_LOOP('',(#416));
#2588=EDGE_LOOP('',(#417));
#2589=EDGE_LOOP('',(#418));
#2590=EDGE_LOOP('',(#419));
#2591=EDGE_LOOP('',(#420));
#2592=EDGE_LOOP('',(#421));
#2593=EDGE_LOOP('',(#422));
#2594=EDGE_LOOP('',(#423));
#2595=EDGE_LOOP('',(#424));
#2596=EDGE_LOOP('',(#425));
#2597=EDGE_LOOP('',(#426));
#2598=EDGE_LOOP('',(#427));
#2599=EDGE_LOOP('',(#428));
#2600=EDGE_LOOP('',(#429));
#2601=EDGE_LOOP('',(#430));
#2602=EDGE_LOOP('',(#431,#432,#433,#434));
#2603=EDGE_LOOP('',(#435,#436,#437,#438));
#2604=EDGE_LOOP('',(#439,#440,#441,#442));
#2605=EDGE_LOOP('',(#443,#444,#445,#446));
#2606=EDGE_LOOP('',(#447,#448,#449,#450));
#2607=EDGE_LOOP('',(#451,#452,#453,#454));
#2608=EDGE_LOOP('',(#455,#456,#457,#458));
#2609=EDGE_LOOP('',(#459,#460,#461,#462));
#2610=EDGE_LOOP('',(#463,#464,#465,#466));
#2611=EDGE_LOOP('',(#467,#468,#469,#470));
#2612=EDGE_LOOP('',(#471,#472,#473,#474));
#2613=EDGE_LOOP('',(#475,#476,#477,#478));
#2614=EDGE_LOOP('',(#479,#480,#481,#482));
#2615=EDGE_LOOP('',(#483,#484,#485,#486));
#2616=EDGE_LOOP('',(#487,#488,#489,#490));
#2617=EDGE_LOOP('',(#491,#492,#493,#494));
#2618=EDGE_LOOP('',(#495,#496,#497,#498));
#2619=EDGE_LOOP('',(#499,#500,#501,#502));
#2620=EDGE_LOOP('',(#503,#504,#505,#506));
#2621=EDGE_LOOP('',(#507,#508,#509,#510));
#2622=EDGE_LOOP('',(#511,#512,#513,#514));
#2623=EDGE_LOOP('',(#515,#516,#517,#518));
#2624=EDGE_LOOP('',(#519,#520,#521,#522));
#2625=EDGE_LOOP('',(#523,#524,#525,#526));
#2626=EDGE_LOOP('',(#527,#528,#529,#530));
#2627=EDGE_LOOP('',(#531,#532,#533,#534));
#2628=EDGE_LOOP('',(#535,#536,#537,#538));
#2629=EDGE_LOOP('',(#539,#540,#541,#542));
#2630=EDGE_LOOP('',(#543,#544,#545,#546));
#2631=EDGE_LOOP('',(#547,#548,#549,#550));
#2632=EDGE_LOOP('',(#551,#552,#553,#554));
#2633=EDGE_LOOP('',(#555,#556,#557,#558));
#2634=EDGE_LOOP('',(#559,#560,#561,#562));
#2635=EDGE_LOOP('',(#563,#564,#565,#566));
#2636=EDGE_LOOP('',(#567,#568,#569,#570));
#2637=EDGE_LOOP('',(#571,#572,#573,#574));
#2638=EDGE_LOOP('',(#575,#576,#577,#578));
#2639=EDGE_LOOP('',(#579,#580,#581,#582));
#2640=EDGE_LOOP('',(#583,#584,#585,#586));
#2641=EDGE_LOOP('',(#587,#588,#589,#590));
#2642=EDGE_LOOP('',(#591,#592,#593,#594));
#2643=EDGE_LOOP('',(#595,#596,#597,#598));
#2644=EDGE_LOOP('',(#599,#600,#601,#602));
#2645=EDGE_LOOP('',(#603,#604,#605,#606));
#2646=EDGE_LOOP('',(#607,#608,#609,#610));
#2647=EDGE_LOOP('',(#611,#612,#613,#614));
#2648=EDGE_LOOP('',(#615,#616,#617,#618));
#2649=EDGE_LOOP('',(#619,#620,#621,#622));
#2650=EDGE_LOOP('',(#623,#624,#625,#626,#627,#628,#629,#630,#631,#632,#633,
#634,#635,#636,#637,#638,#639,#640,#641,#642,#643,#644,#645,#646,#647,#648,
#649,#650,#651,#652,#653,#654,#655,#656,#657,#658,#659,#660,#661,#662,#663,
#664,#665,#666,#667,#668,#669,#670));
#2651=EDGE_LOOP('',(#671));
#2652=EDGE_LOOP('',(#672));
#2653=EDGE_LOOP('',(#673));
#2654=EDGE_LOOP('',(#674));
#2655=EDGE_LOOP('',(#675));
#2656=EDGE_LOOP('',(#676));
#2657=EDGE_LOOP('',(#677));
#2658=EDGE_LOOP('',(#678));
#2659=EDGE_LOOP('',(#679));
#2660=EDGE_LOOP('',(#680));
#2661=EDGE_LOOP('',(#681));
#2662=EDGE_LOOP('',(#682));
#2663=EDGE_LOOP('',(#683));
#2664=EDGE_LOOP('',(#684));
#2665=EDGE_LOOP('',(#685));
#2666=EDGE_LOOP('',(#686));
#2667=EDGE_LOOP('',(#687));
#2668=EDGE_LOOP('',(#688));
#2669=EDGE_LOOP('',(#689));
#2670=EDGE_LOOP('',(#690));
#2671=EDGE_LOOP('',(#691,#692,#693,#694,#695,#696,#697,#698));
#2672=EDGE_LOOP('',(#699,#700,#701,#702,#703,#704,#705,#706));
#2673=EDGE_LOOP('',(#707));
#2674=EDGE_LOOP('',(#708,#709,#710,#711));
#2675=EDGE_LOOP('',(#712,#713,#714,#715));
#2676=EDGE_LOOP('',(#716,#717,#718,#719));
#2677=EDGE_LOOP('',(#720,#721,#722,#723));
#2678=EDGE_LOOP('',(#724,#725,#726,#727));
#2679=EDGE_LOOP('',(#728,#729,#730,#731));
#2680=EDGE_LOOP('',(#732,#733,#734,#735));
#2681=EDGE_LOOP('',(#736,#737,#738,#739));
#2682=EDGE_LOOP('',(#740,#741,#742,#743));
#2683=EDGE_LOOP('',(#744,#745,#746,#747));
#2684=EDGE_LOOP('',(#748,#749,#750,#751));
#2685=EDGE_LOOP('',(#752,#753,#754,#755));
#2686=EDGE_LOOP('',(#756,#757,#758,#759));
#2687=EDGE_LOOP('',(#760,#761,#762,#763));
#2688=EDGE_LOOP('',(#764,#765,#766,#767));
#2689=EDGE_LOOP('',(#768,#769,#770,#771));
#2690=EDGE_LOOP('',(#772,#773,#774,#775,#776,#777,#778,#779));
#2691=EDGE_LOOP('',(#780,#781,#782,#783,#784,#785,#786,#787));
#2692=EDGE_LOOP('',(#788,#789,#790,#791,#792,#793,#794,#795));
#2693=EDGE_LOOP('',(#796,#797,#798,#799,#800,#801,#802,#803,#804,#805,#806,
#807,#808,#809,#810,#811,#812,#813,#814,#815,#816,#817,#818,#819));
#2694=EDGE_LOOP('',(#820,#821,#822,#823));
#2695=EDGE_LOOP('',(#824,#825,#826,#827));
#2696=EDGE_LOOP('',(#828,#829,#830,#831));
#2697=EDGE_LOOP('',(#832,#833,#834,#835));
#2698=EDGE_LOOP('',(#836,#837,#838,#839));
#2699=EDGE_LOOP('',(#840,#841,#842,#843));
#2700=EDGE_LOOP('',(#844,#845,#846,#847));
#2701=EDGE_LOOP('',(#848,#849,#850,#851));
#2702=EDGE_LOOP('',(#852,#853,#854,#855));
#2703=EDGE_LOOP('',(#856,#857,#858,#859));
#2704=EDGE_LOOP('',(#860,#861,#862,#863));
#2705=EDGE_LOOP('',(#864,#865,#866,#867));
#2706=EDGE_LOOP('',(#868,#869,#870,#871));
#2707=EDGE_LOOP('',(#872,#873,#874,#875));
#2708=EDGE_LOOP('',(#876,#877,#878,#879));
#2709=EDGE_LOOP('',(#880,#881,#882,#883));
#2710=EDGE_LOOP('',(#884,#885,#886,#887));
#2711=EDGE_LOOP('',(#888,#889,#890,#891));
#2712=EDGE_LOOP('',(#892,#893,#894,#895,#896,#897,#898,#899));
#2713=EDGE_LOOP('',(#900,#901,#902,#903,#904,#905,#906,#907));
#2714=EDGE_LOOP('',(#908,#909,#910,#911));
#2715=EDGE_LOOP('',(#912,#913,#914,#915));
#2716=EDGE_LOOP('',(#916,#917,#918,#919));
#2717=EDGE_LOOP('',(#920,#921,#922,#923));
#2718=EDGE_LOOP('',(#924,#925,#926,#927));
#2719=EDGE_LOOP('',(#928,#929,#930,#931));
#2720=EDGE_LOOP('',(#932));
#2721=EDGE_LOOP('',(#933));
#2722=EDGE_LOOP('',(#934));
#2723=EDGE_LOOP('',(#935,#936,#937,#938,#939,#940,#941,#942));
#2724=EDGE_LOOP('',(#943,#944,#945,#946,#947,#948,#949,#950));
#2725=EDGE_LOOP('',(#951,#952,#953,#954));
#2726=EDGE_LOOP('',(#955,#956,#957,#958,#959,#960,#961,#962));
#2727=EDGE_LOOP('',(#963,#964,#965,#966,#967,#968,#969,#970));
#2728=EDGE_LOOP('',(#971,#972,#973,#974));
#2729=EDGE_LOOP('',(#975,#976,#977,#978));
#2730=EDGE_LOOP('',(#979,#980,#981,#982));
#2731=EDGE_LOOP('',(#983,#984,#985,#986));
#2732=EDGE_LOOP('',(#987,#988,#989,#990));
#2733=EDGE_LOOP('',(#991,#992,#993,#994));
#2734=EDGE_LOOP('',(#995,#996,#997,#998));
#2735=EDGE_LOOP('',(#999,#1000,#1001,#1002));
#2736=EDGE_LOOP('',(#1003,#1004,#1005,#1006));
#2737=EDGE_LOOP('',(#1007,#1008,#1009,#1010));
#2738=EDGE_LOOP('',(#1011,#1012,#1013,#1014));
#2739=EDGE_LOOP('',(#1015,#1016,#1017,#1018));
#2740=EDGE_LOOP('',(#1019,#1020,#1021,#1022));
#2741=EDGE_LOOP('',(#1023,#1024,#1025,#1026));
#2742=EDGE_LOOP('',(#1027,#1028,#1029,#1030));
#2743=EDGE_LOOP('',(#1031,#1032,#1033,#1034,#1035,#1036,#1037,#1038));
#2744=EDGE_LOOP('',(#1039,#1040,#1041,#1042,#1043,#1044,#1045,#1046));
#2745=EDGE_LOOP('',(#1047,#1048,#1049,#1050));
#2746=EDGE_LOOP('',(#1051,#1052,#1053,#1054));
#2747=EDGE_LOOP('',(#1055,#1056,#1057,#1058));
#2748=EDGE_LOOP('',(#1059,#1060,#1061,#1062));
#2749=EDGE_LOOP('',(#1063,#1064,#1065,#1066));
#2750=EDGE_LOOP('',(#1067,#1068,#1069,#1070));
#2751=EDGE_LOOP('',(#1071,#1072,#1073,#1074));
#2752=EDGE_LOOP('',(#1075,#1076,#1077,#1078));
#2753=EDGE_LOOP('',(#1079,#1080,#1081,#1082,#1083,#1084,#1085,#1086));
#2754=EDGE_LOOP('',(#1087,#1088,#1089,#1090,#1091,#1092,#1093,#1094));
#2755=EDGE_LOOP('',(#1095,#1096,#1097,#1098,#1099,#1100,#1101,#1102));
#2756=EDGE_LOOP('',(#1103,#1104,#1105,#1106));
#2757=EDGE_LOOP('',(#1107,#1108,#1109,#1110));
#2758=EDGE_LOOP('',(#1111,#1112,#1113,#1114));
#2759=EDGE_LOOP('',(#1115,#1116,#1117,#1118));
#2760=EDGE_LOOP('',(#1119,#1120,#1121,#1122));
#2761=EDGE_LOOP('',(#1123,#1124,#1125,#1126));
#2762=EDGE_LOOP('',(#1127,#1128,#1129,#1130));
#2763=EDGE_LOOP('',(#1131,#1132,#1133,#1134));
#2764=EDGE_LOOP('',(#1135,#1136,#1137,#1138));
#2765=EDGE_LOOP('',(#1139,#1140,#1141,#1142));
#2766=EDGE_LOOP('',(#1143,#1144,#1145,#1146));
#2767=EDGE_LOOP('',(#1147,#1148,#1149,#1150));
#2768=EDGE_LOOP('',(#1151,#1152,#1153,#1154,#1155,#1156,#1157,#1158));
#2769=EDGE_LOOP('',(#1159,#1160,#1161,#1162,#1163,#1164,#1165,#1166));
#2770=EDGE_LOOP('',(#1167,#1168,#1169,#1170,#1171,#1172,#1173,#1174));
#2771=EDGE_LOOP('',(#1175));
#2772=EDGE_LOOP('',(#1176));
#2773=EDGE_LOOP('',(#1177));
#2774=EDGE_LOOP('',(#1178));
#2775=EDGE_LOOP('',(#1179));
#2776=EDGE_LOOP('',(#1180));
#2777=EDGE_LOOP('',(#1181));
#2778=EDGE_LOOP('',(#1182));
#2779=EDGE_LOOP('',(#1183));
#2780=EDGE_LOOP('',(#1184));
#2781=EDGE_LOOP('',(#1185));
#2782=EDGE_LOOP('',(#1186));
#2783=EDGE_LOOP('',(#1187));
#2784=EDGE_LOOP('',(#1188));
#2785=EDGE_LOOP('',(#1189));
#2786=EDGE_LOOP('',(#1190));
#2787=EDGE_LOOP('',(#1191));
#2788=EDGE_LOOP('',(#1192));
#2789=EDGE_LOOP('',(#1193));
#2790=EDGE_LOOP('',(#1194));
#2791=EDGE_LOOP('',(#1195));
#2792=EDGE_LOOP('',(#1196));
#2793=EDGE_LOOP('',(#1197));
#2794=EDGE_LOOP('',(#1198));
#2795=EDGE_LOOP('',(#1199));
#2796=EDGE_LOOP('',(#1200));
#2797=EDGE_LOOP('',(#1201));
#2798=EDGE_LOOP('',(#1202));
#2799=EDGE_LOOP('',(#1203));
#2800=EDGE_LOOP('',(#1204));
#2801=EDGE_LOOP('',(#1205));
#2802=EDGE_LOOP('',(#1206));
#2803=EDGE_LOOP('',(#1207));
#2804=EDGE_LOOP('',(#1208));
#2805=EDGE_LOOP('',(#1209));
#2806=EDGE_LOOP('',(#1210));
#2807=EDGE_LOOP('',(#1211));
#2808=EDGE_LOOP('',(#1212));
#2809=EDGE_LOOP('',(#1213));
#2810=EDGE_LOOP('',(#1214));
#2811=EDGE_LOOP('',(#1215));
#2812=EDGE_LOOP('',(#1216));
#2813=EDGE_LOOP('',(#1217));
#2814=EDGE_LOOP('',(#1218));
#2815=EDGE_LOOP('',(#1219));
#2816=FACE_BOUND('',#2556,.T.);
#2817=FACE_BOUND('',#2557,.T.);
#2818=FACE_BOUND('',#2558,.T.);
#2819=FACE_BOUND('',#2559,.T.);
#2820=FACE_BOUND('',#2560,.T.);
#2821=FACE_BOUND('',#2561,.T.);
#2822=FACE_BOUND('',#2562,.T.);
#2823=FACE_BOUND('',#2563,.T.);
#2824=FACE_BOUND('',#2564,.T.);
#2825=FACE_BOUND('',#2565,.T.);
#2826=FACE_BOUND('',#2566,.T.);
#2827=FACE_BOUND('',#2567,.T.);
#2828=FACE_BOUND('',#2568,.T.);
#2829=FACE_BOUND('',#2569,.T.);
#2830=FACE_BOUND('',#2570,.T.);
#2831=FACE_BOUND('',#2571,.T.);
#2832=FACE_BOUND('',#2572,.T.);
#2833=FACE_BOUND('',#2573,.T.);
#2834=FACE_BOUND('',#2574,.T.);
#2835=FACE_BOUND('',#2575,.T.);
#2836=FACE_BOUND('',#2576,.T.);
#2837=FACE_BOUND('',#2577,.T.);
#2838=FACE_BOUND('',#2578,.T.);
#2839=FACE_BOUND('',#2579,.T.);
#2840=FACE_BOUND('',#2580,.T.);
#2841=FACE_BOUND('',#2581,.T.);
#2842=FACE_BOUND('',#2582,.T.);
#2843=FACE_BOUND('',#2583,.T.);
#2844=FACE_BOUND('',#2584,.T.);
#2845=FACE_BOUND('',#2585,.T.);
#2846=FACE_BOUND('',#2586,.T.);
#2847=FACE_BOUND('',#2587,.T.);
#2848=FACE_BOUND('',#2588,.T.);
#2849=FACE_BOUND('',#2589,.T.);
#2850=FACE_BOUND('',#2590,.T.);
#2851=FACE_BOUND('',#2591,.T.);
#2852=FACE_BOUND('',#2592,.T.);
#2853=FACE_BOUND('',#2593,.T.);
#2854=FACE_BOUND('',#2594,.T.);
#2855=FACE_BOUND('',#2595,.T.);
#2856=FACE_BOUND('',#2596,.T.);
#2857=FACE_BOUND('',#2597,.T.);
#2858=FACE_BOUND('',#2598,.T.);
#2859=FACE_BOUND('',#2599,.T.);
#2860=FACE_BOUND('',#2600,.T.);
#2861=FACE_BOUND('',#2601,.T.);
#2862=FACE_BOUND('',#2602,.T.);
#2863=FACE_BOUND('',#2603,.T.);
#2864=FACE_BOUND('',#2604,.T.);
#2865=FACE_BOUND('',#2605,.T.);
#2866=FACE_BOUND('',#2606,.T.);
#2867=FACE_BOUND('',#2607,.T.);
#2868=FACE_BOUND('',#2608,.T.);
#2869=FACE_BOUND('',#2609,.T.);
#2870=FACE_BOUND('',#2610,.T.);
#2871=FACE_BOUND('',#2611,.T.);
#2872=FACE_BOUND('',#2612,.T.);
#2873=FACE_BOUND('',#2613,.T.);
#2874=FACE_BOUND('',#2614,.T.);
#2875=FACE_BOUND('',#2615,.T.);
#2876=FACE_BOUND('',#2616,.T.);
#2877=FACE_BOUND('',#2617,.T.);
#2878=FACE_BOUND('',#2618,.T.);
#2879=FACE_BOUND('',#2619,.T.);
#2880=FACE_BOUND('',#2620,.T.);
#2881=FACE_BOUND('',#2621,.T.);
#2882=FACE_BOUND('',#2622,.T.);
#2883=FACE_BOUND('',#2623,.T.);
#2884=FACE_BOUND('',#2624,.T.);
#2885=FACE_BOUND('',#2625,.T.);
#2886=FACE_BOUND('',#2626,.T.);
#2887=FACE_BOUND('',#2627,.T.);
#2888=FACE_BOUND('',#2628,.T.);
#2889=FACE_BOUND('',#2629,.T.);
#2890=FACE_BOUND('',#2630,.T.);
#2891=FACE_BOUND('',#2631,.T.);
#2892=FACE_BOUND('',#2632,.T.);
#2893=FACE_BOUND('',#2633,.T.);
#2894=FACE_BOUND('',#2634,.T.);
#2895=FACE_BOUND('',#2635,.T.);
#2896=FACE_BOUND('',#2636,.T.);
#2897=FACE_BOUND('',#2637,.T.);
#2898=FACE_BOUND('',#2638,.T.);
#2899=FACE_BOUND('',#2639,.T.);
#2900=FACE_BOUND('',#2640,.T.);
#2901=FACE_BOUND('',#2641,.T.);
#2902=FACE_BOUND('',#2642,.T.);
#2903=FACE_BOUND('',#2643,.T.);
#2904=FACE_BOUND('',#2644,.T.);
#2905=FACE_BOUND('',#2645,.T.);
#2906=FACE_BOUND('',#2646,.T.);
#2907=FACE_BOUND('',#2647,.T.);
#2908=FACE_BOUND('',#2648,.T.);
#2909=FACE_BOUND('',#2649,.T.);
#2910=FACE_BOUND('',#2650,.T.);
#2911=FACE_BOUND('',#2651,.T.);
#2912=FACE_BOUND('',#2652,.T.);
#2913=FACE_BOUND('',#2653,.T.);
#2914=FACE_BOUND('',#2654,.T.);
#2915=FACE_BOUND('',#2655,.T.);
#2916=FACE_BOUND('',#2656,.T.);
#2917=FACE_BOUND('',#2657,.T.);
#2918=FACE_BOUND('',#2658,.T.);
#2919=FACE_BOUND('',#2659,.T.);
#2920=FACE_BOUND('',#2660,.T.);
#2921=FACE_BOUND('',#2661,.T.);
#2922=FACE_BOUND('',#2662,.T.);
#2923=FACE_BOUND('',#2663,.T.);
#2924=FACE_BOUND('',#2664,.T.);
#2925=FACE_BOUND('',#2665,.T.);
#2926=FACE_BOUND('',#2666,.T.);
#2927=FACE_BOUND('',#2667,.T.);
#2928=FACE_BOUND('',#2668,.T.);
#2929=FACE_BOUND('',#2669,.T.);
#2930=FACE_BOUND('',#2670,.T.);
#2931=FACE_BOUND('',#2671,.T.);
#2932=FACE_BOUND('',#2672,.T.);
#2933=FACE_BOUND('',#2673,.T.);
#2934=FACE_BOUND('',#2674,.T.);
#2935=FACE_BOUND('',#2675,.T.);
#2936=FACE_BOUND('',#2676,.T.);
#2937=FACE_BOUND('',#2677,.T.);
#2938=FACE_BOUND('',#2678,.T.);
#2939=FACE_BOUND('',#2679,.T.);
#2940=FACE_BOUND('',#2680,.T.);
#2941=FACE_BOUND('',#2681,.T.);
#2942=FACE_BOUND('',#2682,.T.);
#2943=FACE_BOUND('',#2683,.T.);
#2944=FACE_BOUND('',#2684,.T.);
#2945=FACE_BOUND('',#2685,.T.);
#2946=FACE_BOUND('',#2686,.T.);
#2947=FACE_BOUND('',#2687,.T.);
#2948=FACE_BOUND('',#2688,.T.);
#2949=FACE_BOUND('',#2689,.T.);
#2950=FACE_BOUND('',#2690,.T.);
#2951=FACE_BOUND('',#2691,.T.);
#2952=FACE_BOUND('',#2692,.T.);
#2953=FACE_BOUND('',#2693,.T.);
#2954=FACE_BOUND('',#2694,.T.);
#2955=FACE_BOUND('',#2695,.T.);
#2956=FACE_BOUND('',#2696,.T.);
#2957=FACE_BOUND('',#2697,.T.);
#2958=FACE_BOUND('',#2698,.T.);
#2959=FACE_BOUND('',#2699,.T.);
#2960=FACE_BOUND('',#2700,.T.);
#2961=FACE_BOUND('',#2701,.T.);
#2962=FACE_BOUND('',#2702,.T.);
#2963=FACE_BOUND('',#2703,.T.);
#2964=FACE_BOUND('',#2704,.T.);
#2965=FACE_BOUND('',#2705,.T.);
#2966=FACE_BOUND('',#2706,.T.);
#2967=FACE_BOUND('',#2707,.T.);
#2968=FACE_BOUND('',#2708,.T.);
#2969=FACE_BOUND('',#2709,.T.);
#2970=FACE_BOUND('',#2710,.T.);
#2971=FACE_BOUND('',#2711,.T.);
#2972=FACE_BOUND('',#2712,.T.);
#2973=FACE_BOUND('',#2713,.T.);
#2974=FACE_BOUND('',#2714,.T.);
#2975=FACE_BOUND('',#2715,.T.);
#2976=FACE_BOUND('',#2716,.T.);
#2977=FACE_BOUND('',#2717,.T.);
#2978=FACE_BOUND('',#2718,.T.);
#2979=FACE_BOUND('',#2719,.T.);
#2980=FACE_BOUND('',#2720,.T.);
#2981=FACE_BOUND('',#2721,.T.);
#2982=FACE_BOUND('',#2722,.T.);
#2983=FACE_BOUND('',#2723,.T.);
#2984=FACE_BOUND('',#2724,.T.);
#2985=FACE_BOUND('',#2725,.T.);
#2986=FACE_BOUND('',#2726,.T.);
#2987=FACE_BOUND('',#2727,.T.);
#2988=FACE_BOUND('',#2728,.T.);
#2989=FACE_BOUND('',#2729,.T.);
#2990=FACE_BOUND('',#2730,.T.);
#2991=FACE_BOUND('',#2731,.T.);
#2992=FACE_BOUND('',#2732,.T.);
#2993=FACE_BOUND('',#2733,.T.);
#2994=FACE_BOUND('',#2734,.T.);
#2995=FACE_BOUND('',#2735,.T.);
#2996=FACE_BOUND('',#2736,.T.);
#2997=FACE_BOUND('',#2737,.T.);
#2998=FACE_BOUND('',#2738,.T.);
#2999=FACE_BOUND('',#2739,.T.);
#3000=FACE_BOUND('',#2740,.T.);
#3001=FACE_BOUND('',#2741,.T.);
#3002=FACE_BOUND('',#2742,.T.);
#3003=FACE_BOUND('',#2743,.T.);
#3004=FACE_BOUND('',#2744,.T.);
#3005=FACE_BOUND('',#2745,.T.);
#3006=FACE_BOUND('',#2746,.T.);
#3007=FACE_BOUND('',#2747,.T.);
#3008=FACE_BOUND('',#2748,.T.);
#3009=FACE_BOUND('',#2749,.T.);
#3010=FACE_BOUND('',#2750,.T.);
#3011=FACE_BOUND('',#2751,.T.);
#3012=FACE_BOUND('',#2752,.T.);
#3013=FACE_BOUND('',#2753,.T.);
#3014=FACE_BOUND('',#2754,.T.);
#3015=FACE_BOUND('',#2755,.T.);
#3016=FACE_BOUND('',#2756,.T.);
#3017=FACE_BOUND('',#2757,.T.);
#3018=FACE_BOUND('',#2758,.T.);
#3019=FACE_BOUND('',#2759,.T.);
#3020=FACE_BOUND('',#2760,.T.);
#3021=FACE_BOUND('',#2761,.T.);
#3022=FACE_BOUND('',#2762,.T.);
#3023=FACE_BOUND('',#2763,.T.);
#3024=FACE_BOUND('',#2764,.T.);
#3025=FACE_BOUND('',#2765,.T.);
#3026=FACE_BOUND('',#2766,.T.);
#3027=FACE_BOUND('',#2767,.T.);
#3028=FACE_BOUND('',#2768,.T.);
#3029=FACE_BOUND('',#2769,.T.);
#3030=FACE_BOUND('',#2770,.T.);
#3031=FACE_BOUND('',#2771,.T.);
#3032=FACE_BOUND('',#2772,.T.);
#3033=FACE_BOUND('',#2773,.T.);
#3034=FACE_BOUND('',#2774,.T.);
#3035=FACE_BOUND('',#2775,.T.);
#3036=FACE_BOUND('',#2776,.T.);
#3037=FACE_BOUND('',#2777,.T.);
#3038=FACE_BOUND('',#2778,.T.);
#3039=FACE_BOUND('',#2779,.T.);
#3040=FACE_BOUND('',#2780,.T.);
#3041=FACE_BOUND('',#2781,.T.);
#3042=FACE_BOUND('',#2782,.T.);
#3043=FACE_BOUND('',#2783,.T.);
#3044=FACE_BOUND('',#2784,.T.);
#3045=FACE_BOUND('',#2785,.T.);
#3046=FACE_BOUND('',#2786,.T.);
#3047=FACE_BOUND('',#2787,.T.);
#3048=FACE_BOUND('',#2788,.T.);
#3049=FACE_BOUND('',#2789,.T.);
#3050=FACE_BOUND('',#2790,.T.);
#3051=FACE_BOUND('',#2791,.T.);
#3052=FACE_BOUND('',#2792,.T.);
#3053=FACE_BOUND('',#2793,.T.);
#3054=FACE_BOUND('',#2794,.T.);
#3055=FACE_BOUND('',#2795,.T.);
#3056=FACE_BOUND('',#2796,.T.);
#3057=FACE_BOUND('',#2797,.T.);
#3058=FACE_BOUND('',#2798,.T.);
#3059=FACE_BOUND('',#2799,.T.);
#3060=FACE_BOUND('',#2800,.T.);
#3061=FACE_BOUND('',#2801,.T.);
#3062=FACE_BOUND('',#2802,.T.);
#3063=FACE_BOUND('',#2803,.T.);
#3064=FACE_BOUND('',#2804,.T.);
#3065=FACE_BOUND('',#2805,.T.);
#3066=FACE_BOUND('',#2806,.T.);
#3067=FACE_BOUND('',#2807,.T.);
#3068=FACE_BOUND('',#2808,.T.);
#3069=FACE_BOUND('',#2809,.T.);
#3070=FACE_BOUND('',#2810,.T.);
#3071=FACE_BOUND('',#2811,.T.);
#3072=FACE_BOUND('',#2812,.T.);
#3073=FACE_BOUND('',#2813,.T.);
#3074=FACE_BOUND('',#2814,.T.);
#3075=FACE_BOUND('',#2815,.T.);
#3076=PLANE('',#3396);
#3077=PLANE('',#3433);
#3078=PLANE('',#3434);
#3079=PLANE('',#3437);
#3080=PLANE('',#3442);
#3081=PLANE('',#3448);
#3082=PLANE('',#3451);
#3083=PLANE('',#3454);
#3084=PLANE('',#3457);
#3085=PLANE('',#3460);
#3086=PLANE('',#3463);
#3087=PLANE('',#3466);
#3088=PLANE('',#3469);
#3089=PLANE('',#3472);
#3090=PLANE('',#3473);
#3091=PLANE('',#3476);
#3092=PLANE('',#3479);
#3093=PLANE('',#3482);
#3094=PLANE('',#3485);
#3095=PLANE('',#3488);
#3096=PLANE('',#3491);
#3097=PLANE('',#3494);
#3098=PLANE('',#3497);
#3099=PLANE('',#3500);
#3100=PLANE('',#3503);
#3101=PLANE('',#3506);
#3102=PLANE('',#3509);
#3103=PLANE('',#3512);
#3104=PLANE('',#3515);
#3105=PLANE('',#3518);
#3106=PLANE('',#3521);
#3107=PLANE('',#3524);
#3108=PLANE('',#3527);
#3109=PLANE('',#3530);
#3110=PLANE('',#3533);
#3111=PLANE('',#3536);
#3112=PLANE('',#3539);
#3113=PLANE('',#3542);
#3114=PLANE('',#3545);
#3115=PLANE('',#3548);
#3116=PLANE('',#3551);
#3117=PLANE('',#3554);
#3118=PLANE('',#3556);
#3119=PLANE('',#3573);
#3120=PLANE('',#3577);
#3121=PLANE('',#3581);
#3122=PLANE('',#3585);
#3123=PLANE('',#3589);
#3124=PLANE('',#3593);
#3125=PLANE('',#3597);
#3126=PLANE('',#3601);
#3127=PLANE('',#3605);
#3128=PLANE('',#3608);
#3129=PLANE('',#3619);
#3130=PLANE('',#3623);
#3131=PLANE('',#3627);
#3132=PLANE('',#3631);
#3133=PLANE('',#3635);
#3134=PLANE('',#3639);
#3135=PLANE('',#3643);
#3136=PLANE('',#3647);
#3137=PLANE('',#3651);
#3138=PLANE('',#3660);
#3139=PLANE('',#3661);
#3140=PLANE('',#3662);
#3141=PLANE('',#3671);
#3142=PLANE('',#3674);
#3143=PLANE('',#3676);
#3144=PLANE('',#3677);
#3145=PLANE('',#3680);
#3146=PLANE('',#3683);
#3147=PLANE('',#3686);
#3148=PLANE('',#3689);
#3149=PLANE('',#3690);
#3150=PLANE('',#3693);
#3151=PLANE('',#3696);
#3152=PLANE('',#3699);
#3153=PLANE('',#3702);
#3154=PLANE('',#3703);
#3155=PLANE('',#3706);
#3156=PLANE('',#3709);
#3157=PLANE('',#3710);
#3158=PLANE('',#3713);
#3159=PLANE('',#3716);
#3160=PLANE('',#3719);
#3161=PLANE('',#3722);
#3162=PLANE('',#3725);
#3163=PLANE('',#3728);
#3164=PLANE('',#3731);
#3165=PLANE('',#3734);
#3166=PLANE('',#3737);
#3167=PLANE('',#3740);
#3168=PLANE('',#3743);
#3169=PLANE('',#3746);
#3170=PLANE('',#3749);
#3171=PLANE('',#3752);
#3172=PLANE('',#3755);
#3173=PLANE('',#3758);
#3174=PLANE('',#3761);
#3175=PLANE('',#3764);
#3176=PLANE('',#3767);
#3177=ADVANCED_FACE('',(#2816,#2817,#2818,#2819,#2820,#2821,#2822,#2823,
#2824,#2825),#3076,.T.);
#3178=ADVANCED_FACE('',(#2826),#3077,.F.);
#3179=ADVANCED_FACE('',(#2827),#3078,.T.);
#3180=ADVANCED_FACE('',(#2828),#30,.T.);
#3181=ADVANCED_FACE('',(#2829),#3079,.T.);
#3182=ADVANCED_FACE('',(#2830),#31,.T.);
#3183=ADVANCED_FACE('',(#2831),#32,.T.);
#3184=ADVANCED_FACE('',(#2832,#2833,#2834,#2835),#3080,.F.);
#3185=ADVANCED_FACE('',(#2836),#33,.T.);
#3186=ADVANCED_FACE('',(#2837),#3081,.T.);
#3187=ADVANCED_FACE('',(#2838,#2839),#34,.F.);
#3188=ADVANCED_FACE('',(#2840),#3082,.T.);
#3189=ADVANCED_FACE('',(#2841,#2842),#35,.F.);
#3190=ADVANCED_FACE('',(#2843),#3083,.T.);
#3191=ADVANCED_FACE('',(#2844,#2845),#36,.F.);
#3192=ADVANCED_FACE('',(#2846),#3084,.T.);
#3193=ADVANCED_FACE('',(#2847,#2848),#37,.F.);
#3194=ADVANCED_FACE('',(#2849),#3085,.T.);
#3195=ADVANCED_FACE('',(#2850,#2851),#38,.F.);
#3196=ADVANCED_FACE('',(#2852),#3086,.T.);
#3197=ADVANCED_FACE('',(#2853,#2854),#39,.F.);
#3198=ADVANCED_FACE('',(#2855),#3087,.T.);
#3199=ADVANCED_FACE('',(#2856,#2857),#40,.F.);
#3200=ADVANCED_FACE('',(#2858),#3088,.T.);
#3201=ADVANCED_FACE('',(#2859,#2860),#41,.F.);
#3202=ADVANCED_FACE('',(#2861),#3089,.T.);
#3203=ADVANCED_FACE('',(#2862),#3090,.F.);
#3204=ADVANCED_FACE('',(#2863),#42,.F.);
#3205=ADVANCED_FACE('',(#2864),#3091,.F.);
#3206=ADVANCED_FACE('',(#2865),#43,.F.);
#3207=ADVANCED_FACE('',(#2866),#3092,.T.);
#3208=ADVANCED_FACE('',(#2867),#44,.T.);
#3209=ADVANCED_FACE('',(#2868),#3093,.F.);
#3210=ADVANCED_FACE('',(#2869),#45,.F.);
#3211=ADVANCED_FACE('',(#2870),#3094,.F.);
#3212=ADVANCED_FACE('',(#2871),#46,.F.);
#3213=ADVANCED_FACE('',(#2872),#3095,.T.);
#3214=ADVANCED_FACE('',(#2873),#47,.T.);
#3215=ADVANCED_FACE('',(#2874),#3096,.F.);
#3216=ADVANCED_FACE('',(#2875),#48,.F.);
#3217=ADVANCED_FACE('',(#2876),#3097,.F.);
#3218=ADVANCED_FACE('',(#2877),#49,.F.);
#3219=ADVANCED_FACE('',(#2878),#3098,.T.);
#3220=ADVANCED_FACE('',(#2879),#50,.T.);
#3221=ADVANCED_FACE('',(#2880),#3099,.F.);
#3222=ADVANCED_FACE('',(#2881),#51,.F.);
#3223=ADVANCED_FACE('',(#2882),#3100,.F.);
#3224=ADVANCED_FACE('',(#2883),#52,.F.);
#3225=ADVANCED_FACE('',(#2884),#3101,.T.);
#3226=ADVANCED_FACE('',(#2885),#53,.T.);
#3227=ADVANCED_FACE('',(#2886),#3102,.F.);
#3228=ADVANCED_FACE('',(#2887),#54,.F.);
#3229=ADVANCED_FACE('',(#2888),#3103,.T.);
#3230=ADVANCED_FACE('',(#2889),#55,.F.);
#3231=ADVANCED_FACE('',(#2890),#3104,.T.);
#3232=ADVANCED_FACE('',(#2891),#56,.T.);
#3233=ADVANCED_FACE('',(#2892),#3105,.F.);
#3234=ADVANCED_FACE('',(#2893),#57,.F.);
#3235=ADVANCED_FACE('',(#2894),#3106,.T.);
#3236=ADVANCED_FACE('',(#2895),#58,.F.);
#3237=ADVANCED_FACE('',(#2896),#3107,.T.);
#3238=ADVANCED_FACE('',(#2897),#59,.T.);
#3239=ADVANCED_FACE('',(#2898),#3108,.F.);
#3240=ADVANCED_FACE('',(#2899),#60,.F.);
#3241=ADVANCED_FACE('',(#2900),#3109,.T.);
#3242=ADVANCED_FACE('',(#2901),#61,.F.);
#3243=ADVANCED_FACE('',(#2902),#3110,.T.);
#3244=ADVANCED_FACE('',(#2903),#62,.T.);
#3245=ADVANCED_FACE('',(#2904),#3111,.F.);
#3246=ADVANCED_FACE('',(#2905),#63,.F.);
#3247=ADVANCED_FACE('',(#2906),#3112,.T.);
#3248=ADVANCED_FACE('',(#2907),#64,.F.);
#3249=ADVANCED_FACE('',(#2908),#3113,.T.);
#3250=ADVANCED_FACE('',(#2909),#65,.T.);
#3251=ADVANCED_FACE('',(#2910),#3114,.T.);
#3252=ADVANCED_FACE('',(#2911,#2912),#66,.F.);
#3253=ADVANCED_FACE('',(#2913),#3115,.T.);
#3254=ADVANCED_FACE('',(#2914,#2915),#67,.F.);
#3255=ADVANCED_FACE('',(#2916),#3116,.T.);
#3256=ADVANCED_FACE('',(#2917,#2918),#68,.F.);
#3257=ADVANCED_FACE('',(#2919),#3117,.T.);
#3258=ADVANCED_FACE('',(#2920,#2921,#2922,#2923,#2924,#2925,#2926,#2927,
#2928,#2929,#2930,#2931,#2932,#2933),#3118,.T.);
#3259=ADVANCED_FACE('',(#2934),#3119,.T.);
#3260=ADVANCED_FACE('',(#2935),#69,.F.);
#3261=ADVANCED_FACE('',(#2936),#3120,.T.);
#3262=ADVANCED_FACE('',(#2937),#70,.F.);
#3263=ADVANCED_FACE('',(#2938),#3121,.F.);
#3264=ADVANCED_FACE('',(#2939),#71,.F.);
#3265=ADVANCED_FACE('',(#2940),#3122,.F.);
#3266=ADVANCED_FACE('',(#2941),#72,.F.);
#3267=ADVANCED_FACE('',(#2942),#3123,.T.);
#3268=ADVANCED_FACE('',(#2943),#73,.F.);
#3269=ADVANCED_FACE('',(#2944),#3124,.T.);
#3270=ADVANCED_FACE('',(#2945),#74,.F.);
#3271=ADVANCED_FACE('',(#2946),#3125,.F.);
#3272=ADVANCED_FACE('',(#2947),#75,.F.);
#3273=ADVANCED_FACE('',(#2948),#3126,.F.);
#3274=ADVANCED_FACE('',(#2949),#76,.F.);
#3275=ADVANCED_FACE('',(#2950,#2951,#2952),#3127,.F.);
#3276=ADVANCED_FACE('',(#2953),#3128,.F.);
#3277=ADVANCED_FACE('',(#2954),#77,.F.);
#3278=ADVANCED_FACE('',(#2955),#78,.F.);
#3279=ADVANCED_FACE('',(#2956),#3129,.T.);
#3280=ADVANCED_FACE('',(#2957),#79,.F.);
#3281=ADVANCED_FACE('',(#2958),#3130,.T.);
#3282=ADVANCED_FACE('',(#2959),#80,.F.);
#3283=ADVANCED_FACE('',(#2960),#3131,.F.);
#3284=ADVANCED_FACE('',(#2961),#81,.F.);
#3285=ADVANCED_FACE('',(#2962),#3132,.F.);
#3286=ADVANCED_FACE('',(#2963),#82,.F.);
#3287=ADVANCED_FACE('',(#2964),#3133,.T.);
#3288=ADVANCED_FACE('',(#2965),#83,.F.);
#3289=ADVANCED_FACE('',(#2966),#3134,.T.);
#3290=ADVANCED_FACE('',(#2967),#84,.F.);
#3291=ADVANCED_FACE('',(#2968),#3135,.F.);
#3292=ADVANCED_FACE('',(#2969),#85,.F.);
#3293=ADVANCED_FACE('',(#2970),#3136,.F.);
#3294=ADVANCED_FACE('',(#2971),#86,.F.);
#3295=ADVANCED_FACE('',(#2972,#2973,#2974),#3137,.T.);
#3296=ADVANCED_FACE('',(#2975),#10,.F.);
#3297=ADVANCED_FACE('',(#2976),#3138,.F.);
#3298=ADVANCED_FACE('',(#2977),#11,.F.);
#3299=ADVANCED_FACE('',(#2978),#3139,.F.);
#3300=ADVANCED_FACE('',(#2979),#12,.F.);
#3301=ADVANCED_FACE('',(#2980,#2981,#2982,#2983,#2984),#3140,.T.);
#3302=ADVANCED_FACE('',(#2985),#87,.F.);
#3303=ADVANCED_FACE('',(#2986,#2987,#2988),#3141,.F.);
#3304=ADVANCED_FACE('',(#2989),#88,.F.);
#3305=ADVANCED_FACE('',(#2990),#89,.F.);
#3306=ADVANCED_FACE('',(#2991),#3142,.T.);
#3307=ADVANCED_FACE('',(#2992),#90,.F.);
#3308=ADVANCED_FACE('',(#2993),#3143,.T.);
#3309=ADVANCED_FACE('',(#2994),#13,.F.);
#3310=ADVANCED_FACE('',(#2995),#3144,.F.);
#3311=ADVANCED_FACE('',(#2996),#91,.F.);
#3312=ADVANCED_FACE('',(#2997),#3145,.T.);
#3313=ADVANCED_FACE('',(#2998),#92,.F.);
#3314=ADVANCED_FACE('',(#2999),#3146,.T.);
#3315=ADVANCED_FACE('',(#3000),#93,.F.);
#3316=ADVANCED_FACE('',(#3001),#3147,.F.);
#3317=ADVANCED_FACE('',(#3002),#94,.F.);
#3318=ADVANCED_FACE('',(#3003,#3004),#3148,.T.);
#3319=ADVANCED_FACE('',(#3005),#3149,.F.);
#3320=ADVANCED_FACE('',(#3006),#95,.F.);
#3321=ADVANCED_FACE('',(#3007),#3150,.T.);
#3322=ADVANCED_FACE('',(#3008),#96,.F.);
#3323=ADVANCED_FACE('',(#3009),#3151,.T.);
#3324=ADVANCED_FACE('',(#3010),#97,.F.);
#3325=ADVANCED_FACE('',(#3011),#3152,.F.);
#3326=ADVANCED_FACE('',(#3012),#98,.F.);
#3327=ADVANCED_FACE('',(#3013,#3014),#3153,.T.);
#3328=ADVANCED_FACE('',(#3015),#3154,.F.);
#3329=ADVANCED_FACE('',(#3016),#99,.F.);
#3330=ADVANCED_FACE('',(#3017),#3155,.F.);
#3331=ADVANCED_FACE('',(#3018),#100,.F.);
#3332=ADVANCED_FACE('',(#3019),#3156,.F.);
#3333=ADVANCED_FACE('',(#3020),#3157,.F.);
#3334=ADVANCED_FACE('',(#3021),#101,.F.);
#3335=ADVANCED_FACE('',(#3022),#3158,.T.);
#3336=ADVANCED_FACE('',(#3023),#102,.F.);
#3337=ADVANCED_FACE('',(#3024),#3159,.T.);
#3338=ADVANCED_FACE('',(#3025),#103,.F.);
#3339=ADVANCED_FACE('',(#3026),#3160,.F.);
#3340=ADVANCED_FACE('',(#3027),#104,.F.);
#3341=ADVANCED_FACE('',(#3028,#3029,#3030),#3161,.T.);
#3342=ADVANCED_FACE('',(#3031,#3032),#105,.F.);
#3343=ADVANCED_FACE('',(#3033),#3162,.T.);
#3344=ADVANCED_FACE('',(#3034,#3035),#106,.F.);
#3345=ADVANCED_FACE('',(#3036),#3163,.T.);
#3346=ADVANCED_FACE('',(#3037,#3038),#107,.F.);
#3347=ADVANCED_FACE('',(#3039),#3164,.T.);
#3348=ADVANCED_FACE('',(#3040,#3041),#108,.F.);
#3349=ADVANCED_FACE('',(#3042),#3165,.T.);
#3350=ADVANCED_FACE('',(#3043,#3044),#109,.F.);
#3351=ADVANCED_FACE('',(#3045),#3166,.T.);
#3352=ADVANCED_FACE('',(#3046,#3047),#110,.F.);
#3353=ADVANCED_FACE('',(#3048),#3167,.T.);
#3354=ADVANCED_FACE('',(#3049,#3050),#111,.F.);
#3355=ADVANCED_FACE('',(#3051),#3168,.T.);
#3356=ADVANCED_FACE('',(#3052,#3053),#112,.F.);
#3357=ADVANCED_FACE('',(#3054),#3169,.T.);
#3358=ADVANCED_FACE('',(#3055,#3056),#113,.F.);
#3359=ADVANCED_FACE('',(#3057),#3170,.T.);
#3360=ADVANCED_FACE('',(#3058,#3059),#114,.F.);
#3361=ADVANCED_FACE('',(#3060),#3171,.T.);
#3362=ADVANCED_FACE('',(#3061,#3062),#115,.F.);
#3363=ADVANCED_FACE('',(#3063),#3172,.T.);
#3364=ADVANCED_FACE('',(#3064,#3065),#116,.F.);
#3365=ADVANCED_FACE('',(#3066),#3173,.T.);
#3366=ADVANCED_FACE('',(#3067,#3068),#117,.F.);
#3367=ADVANCED_FACE('',(#3069),#3174,.T.);
#3368=ADVANCED_FACE('',(#3070,#3071),#118,.F.);
#3369=ADVANCED_FACE('',(#3072),#3175,.T.);
#3370=ADVANCED_FACE('',(#3073,#3074),#119,.F.);
#3371=ADVANCED_FACE('',(#3075),#3176,.T.);
#3372=CLOSED_SHELL('',(#3177,#3178,#3179,#3180,#3181,#3182,#3183,#3184,
#3185,#3186,#3187,#3188,#3189,#3190,#3191,#3192,#3193,#3194,#3195,#3196,
#3197,#3198,#3199,#3200,#3201,#3202,#3203,#3204,#3205,#3206,#3207,#3208,
#3209,#3210,#3211,#3212,#3213,#3214,#3215,#3216,#3217,#3218,#3219,#3220,
#3221,#3222,#3223,#3224,#3225,#3226,#3227,#3228,#3229,#3230,#3231,#3232,
#3233,#3234,#3235,#3236,#3237,#3238,#3239,#3240,#3241,#3242,#3243,#3244,
#3245,#3246,#3247,#3248,#3249,#3250,#3251,#3252,#3253,#3254,#3255,#3256,
#3257));
#3373=CLOSED_SHELL('',(#3258,#3259,#3260,#3261,#3262,#3263,#3264,#3265,
#3266,#3267,#3268,#3269,#3270,#3271,#3272,#3273,#3274,#3275,#3276,#3277,
#3278,#3279,#3280,#3281,#3282,#3283,#3284,#3285,#3286,#3287,#3288,#3289,
#3290,#3291,#3292,#3293,#3294,#3295,#3296,#3297,#3298,#3299,#3300,#3301,
#3302,#3303,#3304,#3305,#3306,#3307,#3308,#3309,#3310,#3311,#3312,#3313,
#3314,#3315,#3316,#3317,#3318,#3319,#3320,#3321,#3322,#3323,#3324,#3325,
#3326,#3327,#3328,#3329,#3330,#3331,#3332,#3333,#3334,#3335,#3336,#3337,
#3338,#3339,#3340,#3341,#3342,#3343,#3344,#3345,#3346,#3347,#3348,#3349,
#3350,#3351,#3352,#3353,#3354,#3355,#3356,#3357,#3358,#3359,#3360,#3361,
#3362,#3363,#3364,#3365,#3366,#3367,#3368,#3369,#3370,#3371));
#3374=STYLED_ITEM('',(#3376),#3389);
#3375=STYLED_ITEM('',(#3377),#3390);
#3376=PRESENTATION_STYLE_ASSIGNMENT((#3378));
#3377=PRESENTATION_STYLE_ASSIGNMENT((#3379));
#3378=SURFACE_STYLE_USAGE(.BOTH.,#3380);
#3379=SURFACE_STYLE_USAGE(.BOTH.,#3381);
#3380=SURFACE_SIDE_STYLE('',(#3382));
#3381=SURFACE_SIDE_STYLE('',(#3383));
#3382=SURFACE_STYLE_FILL_AREA(#3384);
#3383=SURFACE_STYLE_FILL_AREA(#3385);
#3384=FILL_AREA_STYLE('',(#3386));
#3385=FILL_AREA_STYLE('',(#3387));
#3386=FILL_AREA_STYLE_COLOUR('',#3388);
#3387=FILL_AREA_STYLE_COLOUR('',#3388);
#3388=COLOUR_RGB('',0.231372549019608,0.380392156862745,0.705882352941177);
#3389=MANIFOLD_SOLID_BREP('Part 3',#3372);
#3390=MANIFOLD_SOLID_BREP('Part 5',#3373);
#3391=SHAPE_DEFINITION_REPRESENTATION(#5917,#3393);
#3392=SHAPE_DEFINITION_REPRESENTATION(#5918,#3394);
#3393=SHAPE_REPRESENTATION('Part 3',(#3395),#5907);
#3394=SHAPE_REPRESENTATION('Part 5',(#3555),#5908);
#3395=AXIS2_PLACEMENT_3D('',#4788,#3768,#3769);
#3396=AXIS2_PLACEMENT_3D('',#4789,#3770,#3771);
#3397=AXIS2_PLACEMENT_3D('',#4793,#3773,#3774);
#3398=AXIS2_PLACEMENT_3D('',#4797,#3776,#3777);
#3399=AXIS2_PLACEMENT_3D('',#4801,#3779,#3780);
#3400=AXIS2_PLACEMENT_3D('',#4805,#3782,#3783);
#3401=AXIS2_PLACEMENT_3D('',#4806,#3784,#3785);
#3402=AXIS2_PLACEMENT_3D('',#4808,#3786,#3787);
#3403=AXIS2_PLACEMENT_3D('',#4810,#3788,#3789);
#3404=AXIS2_PLACEMENT_3D('',#4812,#3790,#3791);
#3405=AXIS2_PLACEMENT_3D('',#4814,#3792,#3793);
#3406=AXIS2_PLACEMENT_3D('',#4816,#3794,#3795);
#3407=AXIS2_PLACEMENT_3D('',#4818,#3796,#3797);
#3408=AXIS2_PLACEMENT_3D('',#4820,#3798,#3799);
#3409=AXIS2_PLACEMENT_3D('',#4825,#3801,#3802);
#3410=AXIS2_PLACEMENT_3D('',#4829,#3804,#3805);
#3411=AXIS2_PLACEMENT_3D('',#4833,#3807,#3808);
#3412=AXIS2_PLACEMENT_3D('',#4837,#3810,#3811);
#3413=AXIS2_PLACEMENT_3D('',#4841,#3813,#3814);
#3414=AXIS2_PLACEMENT_3D('',#4845,#3816,#3817);
#3415=AXIS2_PLACEMENT_3D('',#4849,#3819,#3820);
#3416=AXIS2_PLACEMENT_3D('',#4853,#3822,#3823);
#3417=AXIS2_PLACEMENT_3D('',#4857,#3825,#3826);
#3418=AXIS2_PLACEMENT_3D('',#4861,#3828,#3829);
#3419=AXIS2_PLACEMENT_3D('',#4865,#3831,#3832);
#3420=AXIS2_PLACEMENT_3D('',#4869,#3834,#3835);
#3421=AXIS2_PLACEMENT_3D('',#4873,#3837,#3838);
#3422=AXIS2_PLACEMENT_3D('',#4877,#3840,#3841);
#3423=AXIS2_PLACEMENT_3D('',#4881,#3843,#3844);
#3424=AXIS2_PLACEMENT_3D('',#4885,#3846,#3847);
#3425=AXIS2_PLACEMENT_3D('',#4889,#3849,#3850);
#3426=AXIS2_PLACEMENT_3D('',#4893,#3852,#3853);
#3427=AXIS2_PLACEMENT_3D('',#4897,#3855,#3856);
#3428=AXIS2_PLACEMENT_3D('',#4901,#3858,#3859);
#3429=AXIS2_PLACEMENT_3D('',#4905,#3861,#3862);
#3430=AXIS2_PLACEMENT_3D('',#4909,#3864,#3865);
#3431=AXIS2_PLACEMENT_3D('',#4913,#3867,#3868);
#3432=AXIS2_PLACEMENT_3D('',#4917,#3870,#3871);
#3433=AXIS2_PLACEMENT_3D('',#4918,#3872,#3873);
#3434=AXIS2_PLACEMENT_3D('',#4924,#3877,#3878);
#3435=AXIS2_PLACEMENT_3D('',#4930,#3882,#3883);
#3436=AXIS2_PLACEMENT_3D('',#4935,#3886,#3887);
#3437=AXIS2_PLACEMENT_3D('',#4936,#3888,#3889);
#3438=AXIS2_PLACEMENT_3D('',#4940,#3892,#3893);
#3439=AXIS2_PLACEMENT_3D('',#4941,#3894,#3895);
#3440=AXIS2_PLACEMENT_3D('',#4942,#3896,#3897);
#3441=AXIS2_PLACEMENT_3D('',#4943,#3898,#3899);
#3442=AXIS2_PLACEMENT_3D('',#4946,#3901,#3902);
#3443=AXIS2_PLACEMENT_3D('',#4947,#3903,#3904);
#3444=AXIS2_PLACEMENT_3D('',#4949,#3905,#3906);
#3445=AXIS2_PLACEMENT_3D('',#4951,#3907,#3908);
#3446=AXIS2_PLACEMENT_3D('',#4956,#3911,#3912);
#3447=AXIS2_PLACEMENT_3D('',#4957,#3913,#3914);
#3448=AXIS2_PLACEMENT_3D('',#4960,#3916,#3917);
#3449=AXIS2_PLACEMENT_3D('',#4961,#3918,#3919);
#3450=AXIS2_PLACEMENT_3D('',#4962,#3920,#3921);
#3451=AXIS2_PLACEMENT_3D('',#4964,#3922,#3923);
#3452=AXIS2_PLACEMENT_3D('',#4965,#3924,#3925);
#3453=AXIS2_PLACEMENT_3D('',#4966,#3926,#3927);
#3454=AXIS2_PLACEMENT_3D('',#4968,#3928,#3929);
#3455=AXIS2_PLACEMENT_3D('',#4969,#3930,#3931);
#3456=AXIS2_PLACEMENT_3D('',#4970,#3932,#3933);
#3457=AXIS2_PLACEMENT_3D('',#4972,#3934,#3935);
#3458=AXIS2_PLACEMENT_3D('',#4973,#3936,#3937);
#3459=AXIS2_PLACEMENT_3D('',#4974,#3938,#3939);
#3460=AXIS2_PLACEMENT_3D('',#4976,#3940,#3941);
#3461=AXIS2_PLACEMENT_3D('',#4977,#3942,#3943);
#3462=AXIS2_PLACEMENT_3D('',#4978,#3944,#3945);
#3463=AXIS2_PLACEMENT_3D('',#4980,#3946,#3947);
#3464=AXIS2_PLACEMENT_3D('',#4981,#3948,#3949);
#3465=AXIS2_PLACEMENT_3D('',#4982,#3950,#3951);
#3466=AXIS2_PLACEMENT_3D('',#4984,#3952,#3953);
#3467=AXIS2_PLACEMENT_3D('',#4985,#3954,#3955);
#3468=AXIS2_PLACEMENT_3D('',#4986,#3956,#3957);
#3469=AXIS2_PLACEMENT_3D('',#4988,#3958,#3959);
#3470=AXIS2_PLACEMENT_3D('',#4989,#3960,#3961);
#3471=AXIS2_PLACEMENT_3D('',#4990,#3962,#3963);
#3472=AXIS2_PLACEMENT_3D('',#4992,#3964,#3965);
#3473=AXIS2_PLACEMENT_3D('',#4993,#3966,#3967);
#3474=AXIS2_PLACEMENT_3D('',#4999,#3971,#3972);
#3475=AXIS2_PLACEMENT_3D('',#5002,#3974,#3975);
#3476=AXIS2_PLACEMENT_3D('',#5003,#3976,#3977);
#3477=AXIS2_PLACEMENT_3D('',#5007,#3980,#3981);
#3478=AXIS2_PLACEMENT_3D('',#5010,#3983,#3984);
#3479=AXIS2_PLACEMENT_3D('',#5011,#3985,#3986);
#3480=AXIS2_PLACEMENT_3D('',#5015,#3989,#3990);
#3481=AXIS2_PLACEMENT_3D('',#5018,#3992,#3993);
#3482=AXIS2_PLACEMENT_3D('',#5019,#3994,#3995);
#3483=AXIS2_PLACEMENT_3D('',#5023,#3998,#3999);
#3484=AXIS2_PLACEMENT_3D('',#5026,#4001,#4002);
#3485=AXIS2_PLACEMENT_3D('',#5027,#4003,#4004);
#3486=AXIS2_PLACEMENT_3D('',#5031,#4007,#4008);
#3487=AXIS2_PLACEMENT_3D('',#5034,#4010,#4011);
#3488=AXIS2_PLACEMENT_3D('',#5035,#4012,#4013);
#3489=AXIS2_PLACEMENT_3D('',#5039,#4016,#4017);
#3490=AXIS2_PLACEMENT_3D('',#5042,#4019,#4020);
#3491=AXIS2_PLACEMENT_3D('',#5043,#4021,#4022);
#3492=AXIS2_PLACEMENT_3D('',#5047,#4025,#4026);
#3493=AXIS2_PLACEMENT_3D('',#5050,#4028,#4029);
#3494=AXIS2_PLACEMENT_3D('',#5051,#4030,#4031);
#3495=AXIS2_PLACEMENT_3D('',#5055,#4034,#4035);
#3496=AXIS2_PLACEMENT_3D('',#5058,#4037,#4038);
#3497=AXIS2_PLACEMENT_3D('',#5059,#4039,#4040);
#3498=AXIS2_PLACEMENT_3D('',#5063,#4043,#4044);
#3499=AXIS2_PLACEMENT_3D('',#5066,#4046,#4047);
#3500=AXIS2_PLACEMENT_3D('',#5067,#4048,#4049);
#3501=AXIS2_PLACEMENT_3D('',#5071,#4052,#4053);
#3502=AXIS2_PLACEMENT_3D('',#5074,#4055,#4056);
#3503=AXIS2_PLACEMENT_3D('',#5075,#4057,#4058);
#3504=AXIS2_PLACEMENT_3D('',#5079,#4061,#4062);
#3505=AXIS2_PLACEMENT_3D('',#5082,#4064,#4065);
#3506=AXIS2_PLACEMENT_3D('',#5083,#4066,#4067);
#3507=AXIS2_PLACEMENT_3D('',#5087,#4070,#4071);
#3508=AXIS2_PLACEMENT_3D('',#5090,#4073,#4074);
#3509=AXIS2_PLACEMENT_3D('',#5091,#4075,#4076);
#3510=AXIS2_PLACEMENT_3D('',#5095,#4079,#4080);
#3511=AXIS2_PLACEMENT_3D('',#5098,#4082,#4083);
#3512=AXIS2_PLACEMENT_3D('',#5099,#4084,#4085);
#3513=AXIS2_PLACEMENT_3D('',#5103,#4088,#4089);
#3514=AXIS2_PLACEMENT_3D('',#5106,#4091,#4092);
#3515=AXIS2_PLACEMENT_3D('',#5107,#4093,#4094);
#3516=AXIS2_PLACEMENT_3D('',#5111,#4097,#4098);
#3517=AXIS2_PLACEMENT_3D('',#5114,#4100,#4101);
#3518=AXIS2_PLACEMENT_3D('',#5115,#4102,#4103);
#3519=AXIS2_PLACEMENT_3D('',#5119,#4106,#4107);
#3520=AXIS2_PLACEMENT_3D('',#5122,#4109,#4110);
#3521=AXIS2_PLACEMENT_3D('',#5123,#4111,#4112);
#3522=AXIS2_PLACEMENT_3D('',#5127,#4115,#4116);
#3523=AXIS2_PLACEMENT_3D('',#5130,#4118,#4119);
#3524=AXIS2_PLACEMENT_3D('',#5131,#4120,#4121);
#3525=AXIS2_PLACEMENT_3D('',#5135,#4124,#4125);
#3526=AXIS2_PLACEMENT_3D('',#5138,#4127,#4128);
#3527=AXIS2_PLACEMENT_3D('',#5139,#4129,#4130);
#3528=AXIS2_PLACEMENT_3D('',#5143,#4133,#4134);
#3529=AXIS2_PLACEMENT_3D('',#5146,#4136,#4137);
#3530=AXIS2_PLACEMENT_3D('',#5147,#4138,#4139);
#3531=AXIS2_PLACEMENT_3D('',#5151,#4142,#4143);
#3532=AXIS2_PLACEMENT_3D('',#5154,#4145,#4146);
#3533=AXIS2_PLACEMENT_3D('',#5155,#4147,#4148);
#3534=AXIS2_PLACEMENT_3D('',#5159,#4151,#4152);
#3535=AXIS2_PLACEMENT_3D('',#5162,#4154,#4155);
#3536=AXIS2_PLACEMENT_3D('',#5163,#4156,#4157);
#3537=AXIS2_PLACEMENT_3D('',#5167,#4160,#4161);
#3538=AXIS2_PLACEMENT_3D('',#5170,#4163,#4164);
#3539=AXIS2_PLACEMENT_3D('',#5171,#4165,#4166);
#3540=AXIS2_PLACEMENT_3D('',#5175,#4169,#4170);
#3541=AXIS2_PLACEMENT_3D('',#5178,#4172,#4173);
#3542=AXIS2_PLACEMENT_3D('',#5179,#4174,#4175);
#3543=AXIS2_PLACEMENT_3D('',#5183,#4178,#4179);
#3544=AXIS2_PLACEMENT_3D('',#5184,#4180,#4181);
#3545=AXIS2_PLACEMENT_3D('',#5185,#4182,#4183);
#3546=AXIS2_PLACEMENT_3D('',#5186,#4184,#4185);
#3547=AXIS2_PLACEMENT_3D('',#5187,#4186,#4187);
#3548=AXIS2_PLACEMENT_3D('',#5189,#4188,#4189);
#3549=AXIS2_PLACEMENT_3D('',#5190,#4190,#4191);
#3550=AXIS2_PLACEMENT_3D('',#5191,#4192,#4193);
#3551=AXIS2_PLACEMENT_3D('',#5193,#4194,#4195);
#3552=AXIS2_PLACEMENT_3D('',#5194,#4196,#4197);
#3553=AXIS2_PLACEMENT_3D('',#5195,#4198,#4199);
#3554=AXIS2_PLACEMENT_3D('',#5197,#4200,#4201);
#3555=AXIS2_PLACEMENT_3D('',#5198,#4202,#4203);
#3556=AXIS2_PLACEMENT_3D('',#5199,#4204,#4205);
#3557=AXIS2_PLACEMENT_3D('',#5200,#4206,#4207);
#3558=AXIS2_PLACEMENT_3D('',#5202,#4208,#4209);
#3559=AXIS2_PLACEMENT_3D('',#5204,#4210,#4211);
#3560=AXIS2_PLACEMENT_3D('',#5206,#4212,#4213);
#3561=AXIS2_PLACEMENT_3D('',#5208,#4214,#4215);
#3562=AXIS2_PLACEMENT_3D('',#5210,#4216,#4217);
#3563=AXIS2_PLACEMENT_3D('',#5212,#4218,#4219);
#3564=AXIS2_PLACEMENT_3D('',#5214,#4220,#4221);
#3565=AXIS2_PLACEMENT_3D('',#5216,#4222,#4223);
#3566=AXIS2_PLACEMENT_3D('',#5218,#4224,#4225);
#3567=AXIS2_PLACEMENT_3D('',#5220,#4226,#4227);
#3568=AXIS2_PLACEMENT_3D('',#5222,#4228,#4229);
#3569=AXIS2_PLACEMENT_3D('',#5227,#4231,#4232);
#3570=AXIS2_PLACEMENT_3D('',#5231,#4234,#4235);
#3571=AXIS2_PLACEMENT_3D('',#5235,#4237,#4238);
#3572=AXIS2_PLACEMENT_3D('',#5286,#4244,#4245);
#3573=AXIS2_PLACEMENT_3D('',#5288,#4246,#4247);
#3574=AXIS2_PLACEMENT_3D('',#5297,#4252,#4253);
#3575=AXIS2_PLACEMENT_3D('',#5298,#4254,#4255);
#3576=AXIS2_PLACEMENT_3D('',#5302,#4257,#4258);
#3577=AXIS2_PLACEMENT_3D('',#5303,#4259,#4260);
#3578=AXIS2_PLACEMENT_3D('',#5309,#4264,#4265);
#3579=AXIS2_PLACEMENT_3D('',#5310,#4266,#4267);
#3580=AXIS2_PLACEMENT_3D('',#5314,#4269,#4270);
#3581=AXIS2_PLACEMENT_3D('',#5315,#4271,#4272);
#3582=AXIS2_PLACEMENT_3D('',#5321,#4276,#4277);
#3583=AXIS2_PLACEMENT_3D('',#5322,#4278,#4279);
#3584=AXIS2_PLACEMENT_3D('',#5326,#4281,#4282);
#3585=AXIS2_PLACEMENT_3D('',#5327,#4283,#4284);
#3586=AXIS2_PLACEMENT_3D('',#5333,#4288,#4289);
#3587=AXIS2_PLACEMENT_3D('',#5334,#4290,#4291);
#3588=AXIS2_PLACEMENT_3D('',#5335,#4292,#4293);
#3589=AXIS2_PLACEMENT_3D('',#5336,#4294,#4295);
#3590=AXIS2_PLACEMENT_3D('',#5345,#4300,#4301);
#3591=AXIS2_PLACEMENT_3D('',#5346,#4302,#4303);
#3592=AXIS2_PLACEMENT_3D('',#5350,#4305,#4306);
#3593=AXIS2_PLACEMENT_3D('',#5351,#4307,#4308);
#3594=AXIS2_PLACEMENT_3D('',#5357,#4312,#4313);
#3595=AXIS2_PLACEMENT_3D('',#5358,#4314,#4315);
#3596=AXIS2_PLACEMENT_3D('',#5362,#4317,#4318);
#3597=AXIS2_PLACEMENT_3D('',#5363,#4319,#4320);
#3598=AXIS2_PLACEMENT_3D('',#5369,#4324,#4325);
#3599=AXIS2_PLACEMENT_3D('',#5370,#4326,#4327);
#3600=AXIS2_PLACEMENT_3D('',#5374,#4329,#4330);
#3601=AXIS2_PLACEMENT_3D('',#5375,#4331,#4332);
#3602=AXIS2_PLACEMENT_3D('',#5381,#4336,#4337);
#3603=AXIS2_PLACEMENT_3D('',#5382,#4338,#4339);
#3604=AXIS2_PLACEMENT_3D('',#5383,#4340,#4341);
#3605=AXIS2_PLACEMENT_3D('',#5384,#4342,#4343);
#3606=AXIS2_PLACEMENT_3D('',#5388,#4345,#4346);
#3607=AXIS2_PLACEMENT_3D('',#5397,#4351,#4352);
#3608=AXIS2_PLACEMENT_3D('',#5398,#4353,#4354);
#3609=AXIS2_PLACEMENT_3D('',#5459,#4365,#4366);
#3610=AXIS2_PLACEMENT_3D('',#5463,#4368,#4369);
#3611=AXIS2_PLACEMENT_3D('',#5467,#4371,#4372);
#3612=AXIS2_PLACEMENT_3D('',#5471,#4374,#4375);
#3613=AXIS2_PLACEMENT_3D('',#5473,#4377,#4378);
#3614=AXIS2_PLACEMENT_3D('',#5474,#4379,#4380);
#3615=AXIS2_PLACEMENT_3D('',#5478,#4382,#4383);
#3616=AXIS2_PLACEMENT_3D('',#5479,#4384,#4385);
#3617=AXIS2_PLACEMENT_3D('',#5480,#4386,#4387);
#3618=AXIS2_PLACEMENT_3D('',#5482,#4388,#4389);
#3619=AXIS2_PLACEMENT_3D('',#5485,#4391,#4392);
#3620=AXIS2_PLACEMENT_3D('',#5494,#4397,#4398);
#3621=AXIS2_PLACEMENT_3D('',#5495,#4399,#4400);
#3622=AXIS2_PLACEMENT_3D('',#5499,#4402,#4403);
#3623=AXIS2_PLACEMENT_3D('',#5500,#4404,#4405);
#3624=AXIS2_PLACEMENT_3D('',#5506,#4409,#4410);
#3625=AXIS2_PLACEMENT_3D('',#5507,#4411,#4412);
#3626=AXIS2_PLACEMENT_3D('',#5511,#4414,#4415);
#3627=AXIS2_PLACEMENT_3D('',#5512,#4416,#4417);
#3628=AXIS2_PLACEMENT_3D('',#5518,#4421,#4422);
#3629=AXIS2_PLACEMENT_3D('',#5519,#4423,#4424);
#3630=AXIS2_PLACEMENT_3D('',#5523,#4426,#4427);
#3631=AXIS2_PLACEMENT_3D('',#5524,#4428,#4429);
#3632=AXIS2_PLACEMENT_3D('',#5530,#4433,#4434);
#3633=AXIS2_PLACEMENT_3D('',#5531,#4435,#4436);
#3634=AXIS2_PLACEMENT_3D('',#5532,#4437,#4438);
#3635=AXIS2_PLACEMENT_3D('',#5533,#4439,#4440);
#3636=AXIS2_PLACEMENT_3D('',#5542,#4445,#4446);
#3637=AXIS2_PLACEMENT_3D('',#5543,#4447,#4448);
#3638=AXIS2_PLACEMENT_3D('',#5547,#4450,#4451);
#3639=AXIS2_PLACEMENT_3D('',#5548,#4452,#4453);
#3640=AXIS2_PLACEMENT_3D('',#5554,#4457,#4458);
#3641=AXIS2_PLACEMENT_3D('',#5555,#4459,#4460);
#3642=AXIS2_PLACEMENT_3D('',#5559,#4462,#4463);
#3643=AXIS2_PLACEMENT_3D('',#5560,#4464,#4465);
#3644=AXIS2_PLACEMENT_3D('',#5566,#4469,#4470);
#3645=AXIS2_PLACEMENT_3D('',#5567,#4471,#4472);
#3646=AXIS2_PLACEMENT_3D('',#5571,#4474,#4475);
#3647=AXIS2_PLACEMENT_3D('',#5572,#4476,#4477);
#3648=AXIS2_PLACEMENT_3D('',#5578,#4481,#4482);
#3649=AXIS2_PLACEMENT_3D('',#5579,#4483,#4484);
#3650=AXIS2_PLACEMENT_3D('',#5580,#4485,#4486);
#3651=AXIS2_PLACEMENT_3D('',#5581,#4487,#4488);
#3652=AXIS2_PLACEMENT_3D('',#5585,#4490,#4491);
#3653=AXIS2_PLACEMENT_3D('',#5589,#4493,#4494);
#3654=AXIS2_PLACEMENT_3D('',#5593,#4496,#4497);
#3655=AXIS2_PLACEMENT_3D('',#5597,#4499,#4500);
#3656=AXIS2_PLACEMENT_3D('',#5601,#4502,#4503);
#3657=AXIS2_PLACEMENT_3D('',#5605,#4505,#4506);
#3658=AXIS2_PLACEMENT_3D('',#5609,#4508,#4509);
#3659=AXIS2_PLACEMENT_3D('',#5613,#4511,#4512);
#3660=AXIS2_PLACEMENT_3D('',#5635,#4516,#4517);
#3661=AXIS2_PLACEMENT_3D('',#5656,#4520,#4521);
#3662=AXIS2_PLACEMENT_3D('',#5677,#4524,#4525);
#3663=AXIS2_PLACEMENT_3D('',#5678,#4526,#4527);
#3664=AXIS2_PLACEMENT_3D('',#5680,#4528,#4529);
#3665=AXIS2_PLACEMENT_3D('',#5682,#4530,#4531);
#3666=AXIS2_PLACEMENT_3D('',#5687,#4533,#4534);
#3667=AXIS2_PLACEMENT_3D('',#5691,#4536,#4537);
#3668=AXIS2_PLACEMENT_3D('',#5695,#4539,#4540);
#3669=AXIS2_PLACEMENT_3D('',#5699,#4542,#4543);
#3670=AXIS2_PLACEMENT_3D('',#5702,#4546,#4547);
#3671=AXIS2_PLACEMENT_3D('',#5705,#4550,#4551);
#3672=AXIS2_PLACEMENT_3D('',#5707,#4553,#4554);
#3673=AXIS2_PLACEMENT_3D('',#5708,#4555,#4556);
#3674=AXIS2_PLACEMENT_3D('',#5710,#4558,#4559);
#3675=AXIS2_PLACEMENT_3D('',#5712,#4561,#4562);
#3676=AXIS2_PLACEMENT_3D('',#5714,#4564,#4565);
#3677=AXIS2_PLACEMENT_3D('',#5733,#4566,#4567);
#3678=AXIS2_PLACEMENT_3D('',#5739,#4571,#4572);
#3679=AXIS2_PLACEMENT_3D('',#5742,#4574,#4575);
#3680=AXIS2_PLACEMENT_3D('',#5743,#4576,#4577);
#3681=AXIS2_PLACEMENT_3D('',#5747,#4580,#4581);
#3682=AXIS2_PLACEMENT_3D('',#5750,#4583,#4584);
#3683=AXIS2_PLACEMENT_3D('',#5751,#4585,#4586);
#3684=AXIS2_PLACEMENT_3D('',#5755,#4589,#4590);
#3685=AXIS2_PLACEMENT_3D('',#5758,#4592,#4593);
#3686=AXIS2_PLACEMENT_3D('',#5759,#4594,#4595);
#3687=AXIS2_PLACEMENT_3D('',#5763,#4598,#4599);
#3688=AXIS2_PLACEMENT_3D('',#5764,#4600,#4601);
#3689=AXIS2_PLACEMENT_3D('',#5765,#4602,#4603);
#3690=AXIS2_PLACEMENT_3D('',#5766,#4604,#4605);
#3691=AXIS2_PLACEMENT_3D('',#5772,#4609,#4610);
#3692=AXIS2_PLACEMENT_3D('',#5775,#4612,#4613);
#3693=AXIS2_PLACEMENT_3D('',#5776,#4614,#4615);
#3694=AXIS2_PLACEMENT_3D('',#5780,#4618,#4619);
#3695=AXIS2_PLACEMENT_3D('',#5783,#4621,#4622);
#3696=AXIS2_PLACEMENT_3D('',#5784,#4623,#4624);
#3697=AXIS2_PLACEMENT_3D('',#5788,#4627,#4628);
#3698=AXIS2_PLACEMENT_3D('',#5791,#4630,#4631);
#3699=AXIS2_PLACEMENT_3D('',#5792,#4632,#4633);
#3700=AXIS2_PLACEMENT_3D('',#5796,#4636,#4637);
#3701=AXIS2_PLACEMENT_3D('',#5797,#4638,#4639);
#3702=AXIS2_PLACEMENT_3D('',#5798,#4640,#4641);
#3703=AXIS2_PLACEMENT_3D('',#5799,#4642,#4643);
#3704=AXIS2_PLACEMENT_3D('',#5806,#4648,#4649);
#3705=AXIS2_PLACEMENT_3D('',#5807,#4650,#4651);
#3706=AXIS2_PLACEMENT_3D('',#5808,#4652,#4653);
#3707=AXIS2_PLACEMENT_3D('',#5809,#4654,#4655);
#3708=AXIS2_PLACEMENT_3D('',#5810,#4656,#4657);
#3709=AXIS2_PLACEMENT_3D('',#5811,#4658,#4659);
#3710=AXIS2_PLACEMENT_3D('',#5812,#4660,#4661);
#3711=AXIS2_PLACEMENT_3D('',#5818,#4665,#4666);
#3712=AXIS2_PLACEMENT_3D('',#5821,#4668,#4669);
#3713=AXIS2_PLACEMENT_3D('',#5822,#4670,#4671);
#3714=AXIS2_PLACEMENT_3D('',#5826,#4674,#4675);
#3715=AXIS2_PLACEMENT_3D('',#5829,#4677,#4678);
#3716=AXIS2_PLACEMENT_3D('',#5830,#4679,#4680);
#3717=AXIS2_PLACEMENT_3D('',#5834,#4683,#4684);
#3718=AXIS2_PLACEMENT_3D('',#5837,#4686,#4687);
#3719=AXIS2_PLACEMENT_3D('',#5838,#4688,#4689);
#3720=AXIS2_PLACEMENT_3D('',#5842,#4692,#4693);
#3721=AXIS2_PLACEMENT_3D('',#5843,#4694,#4695);
#3722=AXIS2_PLACEMENT_3D('',#5844,#4696,#4697);
#3723=AXIS2_PLACEMENT_3D('',#5845,#4698,#4699);
#3724=AXIS2_PLACEMENT_3D('',#5846,#4700,#4701);
#3725=AXIS2_PLACEMENT_3D('',#5848,#4702,#4703);
#3726=AXIS2_PLACEMENT_3D('',#5849,#4704,#4705);
#3727=AXIS2_PLACEMENT_3D('',#5850,#4706,#4707);
#3728=AXIS2_PLACEMENT_3D('',#5852,#4708,#4709);
#3729=AXIS2_PLACEMENT_3D('',#5853,#4710,#4711);
#3730=AXIS2_PLACEMENT_3D('',#5854,#4712,#4713);
#3731=AXIS2_PLACEMENT_3D('',#5856,#4714,#4715);
#3732=AXIS2_PLACEMENT_3D('',#5857,#4716,#4717);
#3733=AXIS2_PLACEMENT_3D('',#5858,#4718,#4719);
#3734=AXIS2_PLACEMENT_3D('',#5860,#4720,#4721);
#3735=AXIS2_PLACEMENT_3D('',#5861,#4722,#4723);
#3736=AXIS2_PLACEMENT_3D('',#5862,#4724,#4725);
#3737=AXIS2_PLACEMENT_3D('',#5864,#4726,#4727);
#3738=AXIS2_PLACEMENT_3D('',#5865,#4728,#4729);
#3739=AXIS2_PLACEMENT_3D('',#5866,#4730,#4731);
#3740=AXIS2_PLACEMENT_3D('',#5868,#4732,#4733);
#3741=AXIS2_PLACEMENT_3D('',#5869,#4734,#4735);
#3742=AXIS2_PLACEMENT_3D('',#5870,#4736,#4737);
#3743=AXIS2_PLACEMENT_3D('',#5872,#4738,#4739);
#3744=AXIS2_PLACEMENT_3D('',#5873,#4740,#4741);
#3745=AXIS2_PLACEMENT_3D('',#5874,#4742,#4743);
#3746=AXIS2_PLACEMENT_3D('',#5876,#4744,#4745);
#3747=AXIS2_PLACEMENT_3D('',#5877,#4746,#4747);
#3748=AXIS2_PLACEMENT_3D('',#5878,#4748,#4749);
#3749=AXIS2_PLACEMENT_3D('',#5880,#4750,#4751);
#3750=AXIS2_PLACEMENT_3D('',#5881,#4752,#4753);
#3751=AXIS2_PLACEMENT_3D('',#5882,#4754,#4755);
#3752=AXIS2_PLACEMENT_3D('',#5884,#4756,#4757);
#3753=AXIS2_PLACEMENT_3D('',#5885,#4758,#4759);
#3754=AXIS2_PLACEMENT_3D('',#5886,#4760,#4761);
#3755=AXIS2_PLACEMENT_3D('',#5888,#4762,#4763);
#3756=AXIS2_PLACEMENT_3D('',#5889,#4764,#4765);
#3757=AXIS2_PLACEMENT_3D('',#5890,#4766,#4767);
#3758=AXIS2_PLACEMENT_3D('',#5892,#4768,#4769);
#3759=AXIS2_PLACEMENT_3D('',#5893,#4770,#4771);
#3760=AXIS2_PLACEMENT_3D('',#5894,#4772,#4773);
#3761=AXIS2_PLACEMENT_3D('',#5896,#4774,#4775);
#3762=AXIS2_PLACEMENT_3D('',#5897,#4776,#4777);
#3763=AXIS2_PLACEMENT_3D('',#5898,#4778,#4779);
#3764=AXIS2_PLACEMENT_3D('',#5900,#4780,#4781);
#3765=AXIS2_PLACEMENT_3D('',#5901,#4782,#4783);
#3766=AXIS2_PLACEMENT_3D('',#5902,#4784,#4785);
#3767=AXIS2_PLACEMENT_3D('',#5904,#4786,#4787);
#3768=DIRECTION('',(0.,0.,1.));
#3769=DIRECTION('',(1.,0.,0.));
#3770=DIRECTION('',(0.,0.,1.));
#3771=DIRECTION('',(1.,0.,0.));
#3772=DIRECTION('',(1.,0.,0.));
#3773=DIRECTION('',(0.,0.,1.));
#3774=DIRECTION('',(1.,0.,0.));
#3775=DIRECTION('',(0.,-1.,0.));
#3776=DIRECTION('',(0.,0.,1.));
#3777=DIRECTION('',(1.,0.,0.));
#3778=DIRECTION('',(1.,1.72927318854518E-16,0.));
#3779=DIRECTION('',(0.,0.,1.));
#3780=DIRECTION('',(1.,0.,0.));
#3781=DIRECTION('',(0.,-1.,0.));
#3782=DIRECTION('',(0.,0.,1.));
#3783=DIRECTION('',(1.,0.,0.));
#3784=DIRECTION('',(0.,0.,1.));
#3785=DIRECTION('',(1.,0.,0.));
#3786=DIRECTION('',(0.,0.,1.));
#3787=DIRECTION('',(1.,0.,0.));
#3788=DIRECTION('',(0.,0.,1.));
#3789=DIRECTION('',(1.,0.,0.));
#3790=DIRECTION('',(0.,0.,1.));
#3791=DIRECTION('',(1.,0.,0.));
#3792=DIRECTION('',(0.,0.,1.));
#3793=DIRECTION('',(1.,0.,0.));
#3794=DIRECTION('',(0.,0.,1.));
#3795=DIRECTION('',(1.,0.,0.));
#3796=DIRECTION('',(0.,0.,1.));
#3797=DIRECTION('',(1.,0.,0.));
#3798=DIRECTION('',(0.,0.,1.));
#3799=DIRECTION('',(1.,0.,0.));
#3800=DIRECTION('',(-1.,0.,0.));
#3801=DIRECTION('',(0.,0.,-1.));
#3802=DIRECTION('',(1.,0.,0.));
#3803=DIRECTION('',(0.,1.,0.));
#3804=DIRECTION('',(0.,0.,1.));
#3805=DIRECTION('',(1.,0.,0.));
#3806=DIRECTION('',(1.,0.,0.));
#3807=DIRECTION('',(0.,0.,1.));
#3808=DIRECTION('',(1.,0.,0.));
#3809=DIRECTION('',(-0.465677354342378,0.884954576039179,0.));
#3810=DIRECTION('',(0.,0.,1.));
#3811=DIRECTION('',(1.,0.,0.));
#3812=DIRECTION('',(0.491046145606047,0.871133562024472,0.));
#3813=DIRECTION('',(0.,0.,1.));
#3814=DIRECTION('',(1.,0.,0.));
#3815=DIRECTION('',(1.,0.,0.));
#3816=DIRECTION('',(0.,0.,1.));
#3817=DIRECTION('',(1.,0.,0.));
#3818=DIRECTION('',(-0.465677354342381,0.884954576039178,0.));
#3819=DIRECTION('',(0.,0.,1.));
#3820=DIRECTION('',(1.,0.,0.));
#3821=DIRECTION('',(0.491046145606047,0.871133562024472,0.));
#3822=DIRECTION('',(0.,0.,1.));
#3823=DIRECTION('',(1.,0.,0.));
#3824=DIRECTION('',(1.,0.,0.));
#3825=DIRECTION('',(0.,0.,1.));
#3826=DIRECTION('',(1.,0.,0.));
#3827=DIRECTION('',(0.,1.,0.));
#3828=DIRECTION('',(0.,0.,1.));
#3829=DIRECTION('',(1.,0.,0.));
#3830=DIRECTION('',(1.,0.,0.));
#3831=DIRECTION('',(0.,0.,1.));
#3832=DIRECTION('',(1.,0.,0.));
#3833=DIRECTION('',(0.,-1.,0.));
#3834=DIRECTION('',(0.,0.,1.));
#3835=DIRECTION('',(1.,0.,0.));
#3836=DIRECTION('',(1.,0.,0.));
#3837=DIRECTION('',(0.,0.,-1.));
#3838=DIRECTION('',(1.,0.,0.));
#3839=DIRECTION('',(0.,-1.,0.));
#3840=DIRECTION('',(0.,0.,1.));
#3841=DIRECTION('',(1.,0.,0.));
#3842=DIRECTION('',(1.,0.,0.));
#3843=DIRECTION('',(0.,0.,1.));
#3844=DIRECTION('',(1.,0.,0.));
#3845=DIRECTION('',(0.49104614560605,-0.87113356202447,0.));
#3846=DIRECTION('',(0.,0.,-1.));
#3847=DIRECTION('',(1.,0.,0.));
#3848=DIRECTION('',(-0.465677354342381,-0.884954576039178,0.));
#3849=DIRECTION('',(0.,0.,1.));
#3850=DIRECTION('',(1.,0.,0.));
#3851=DIRECTION('',(1.,0.,0.));
#3852=DIRECTION('',(0.,0.,1.));
#3853=DIRECTION('',(1.,0.,0.));
#3854=DIRECTION('',(0.491046145606048,-0.871133562024472,0.));
#3855=DIRECTION('',(0.,0.,1.));
#3856=DIRECTION('',(1.,0.,0.));
#3857=DIRECTION('',(-0.465677354342378,-0.884954576039179,0.));
#3858=DIRECTION('',(0.,0.,1.));
#3859=DIRECTION('',(1.,0.,0.));
#3860=DIRECTION('',(1.,0.,0.));
#3861=DIRECTION('',(0.,0.,1.));
#3862=DIRECTION('',(1.,0.,0.));
#3863=DIRECTION('',(0.,-1.,0.));
#3864=DIRECTION('',(0.,0.,1.));
#3865=DIRECTION('',(1.,0.,0.));
#3866=DIRECTION('',(-1.,0.,0.));
#3867=DIRECTION('',(0.,0.,1.));
#3868=DIRECTION('',(1.,0.,0.));
#3869=DIRECTION('',(0.,-1.,0.));
#3870=DIRECTION('',(0.,0.,1.));
#3871=DIRECTION('',(1.,0.,0.));
#3872=DIRECTION('',(0.,-1.,0.));
#3873=DIRECTION('',(0.,0.,-1.));
#3874=DIRECTION('',(0.,0.,1.));
#3875=DIRECTION('',(-1.,0.,0.));
#3876=DIRECTION('',(0.,0.,1.));
#3877=DIRECTION('',(1.72927318854518E-16,-1.,0.));
#3878=DIRECTION('',(1.,1.72927318854518E-16,0.));
#3879=DIRECTION('',(-1.,-1.72927318854518E-16,9.06273675853573E-18));
#3880=DIRECTION('',(0.,0.,1.));
#3881=DIRECTION('',(0.,0.,1.));
#3882=DIRECTION('',(0.,0.,1.));
#3883=DIRECTION('',(1.,0.,0.));
#3884=DIRECTION('',(0.,0.,1.));
#3885=DIRECTION('',(-1.,0.,0.));
#3886=DIRECTION('',(0.,-0.0523359562429442,-0.998629534754574));
#3887=DIRECTION('',(0.,-0.998629534754574,0.0523359562429442));
#3888=DIRECTION('',(-1.,0.,0.));
#3889=DIRECTION('',(0.,0.,1.));
#3890=DIRECTION('',(0.,-0.998629534754574,0.0523359562429442));
#3891=DIRECTION('',(0.,0.,1.));
#3892=DIRECTION('',(0.,0.,1.));
#3893=DIRECTION('',(1.,0.,0.));
#3894=DIRECTION('',(0.,-0.0523359562429442,-0.998629534754574));
#3895=DIRECTION('',(0.,-0.998629534754574,0.0523359562429442));
#3896=DIRECTION('',(0.,0.,1.));
#3897=DIRECTION('',(1.,0.,0.));
#3898=DIRECTION('',(0.,-0.0523359562429442,-0.998629534754574));
#3899=DIRECTION('',(0.,-0.998629534754574,0.0523359562429442));
#3900=DIRECTION('',(0.,0.,1.));
#3901=DIRECTION('',(-1.,0.,0.));
#3902=DIRECTION('',(0.,0.,1.));
#3903=DIRECTION('',(1.,0.,0.));
#3904=DIRECTION('',(0.,0.,-1.));
#3905=DIRECTION('',(1.,0.,0.));
#3906=DIRECTION('',(0.,0.,-1.));
#3907=DIRECTION('',(1.,0.,0.));
#3908=DIRECTION('',(0.,0.,-1.));
#3909=DIRECTION('',(0.,-0.998629534754574,0.0523359562429442));
#3910=DIRECTION('',(0.,0.,1.));
#3911=DIRECTION('',(0.,0.,1.));
#3912=DIRECTION('',(1.,0.,0.));
#3913=DIRECTION('',(0.,-0.0523359562429442,-0.998629534754574));
#3914=DIRECTION('',(0.,-0.998629534754574,0.0523359562429442));
#3915=DIRECTION('',(-1.,0.,0.));
#3916=DIRECTION('',(0.,-0.0523359562429442,-0.998629534754574));
#3917=DIRECTION('',(0.,0.998629534754574,-0.0523359562429442));
#3918=DIRECTION('',(0.,0.,1.));
#3919=DIRECTION('',(1.,0.,0.));
#3920=DIRECTION('',(0.,0.,1.));
#3921=DIRECTION('',(1.,0.,0.));
#3922=DIRECTION('',(0.,0.,1.));
#3923=DIRECTION('',(1.,0.,0.));
#3924=DIRECTION('',(0.,0.,1.));
#3925=DIRECTION('',(1.,0.,0.));
#3926=DIRECTION('',(0.,0.,1.));
#3927=DIRECTION('',(1.,0.,0.));
#3928=DIRECTION('',(0.,0.,1.));
#3929=DIRECTION('',(1.,0.,0.));
#3930=DIRECTION('',(0.,0.,1.));
#3931=DIRECTION('',(1.,0.,0.));
#3932=DIRECTION('',(0.,0.,1.));
#3933=DIRECTION('',(1.,0.,0.));
#3934=DIRECTION('',(0.,0.,1.));
#3935=DIRECTION('',(1.,0.,0.));
#3936=DIRECTION('',(0.,0.,1.));
#3937=DIRECTION('',(1.,0.,0.));
#3938=DIRECTION('',(0.,0.,1.));
#3939=DIRECTION('',(1.,0.,0.));
#3940=DIRECTION('',(0.,0.,1.));
#3941=DIRECTION('',(1.,0.,0.));
#3942=DIRECTION('',(0.,0.,1.));
#3943=DIRECTION('',(1.,0.,0.));
#3944=DIRECTION('',(0.,0.,1.));
#3945=DIRECTION('',(1.,0.,0.));
#3946=DIRECTION('',(0.,0.,1.));
#3947=DIRECTION('',(1.,0.,0.));
#3948=DIRECTION('',(0.,0.,1.));
#3949=DIRECTION('',(1.,0.,0.));
#3950=DIRECTION('',(0.,0.,1.));
#3951=DIRECTION('',(1.,0.,0.));
#3952=DIRECTION('',(0.,0.,1.));
#3953=DIRECTION('',(1.,0.,0.));
#3954=DIRECTION('',(0.,0.,1.));
#3955=DIRECTION('',(1.,0.,0.));
#3956=DIRECTION('',(0.,0.,1.));
#3957=DIRECTION('',(1.,0.,0.));
#3958=DIRECTION('',(0.,0.,1.));
#3959=DIRECTION('',(1.,0.,0.));
#3960=DIRECTION('',(0.,0.,1.));
#3961=DIRECTION('',(1.,0.,0.));
#3962=DIRECTION('',(0.,0.,1.));
#3963=DIRECTION('',(1.,0.,0.));
#3964=DIRECTION('',(0.,0.,1.));
#3965=DIRECTION('',(1.,0.,0.));
#3966=DIRECTION('',(0.,1.,0.));
#3967=DIRECTION('',(0.,0.,1.));
#3968=DIRECTION('',(0.,0.,1.));
#3969=DIRECTION('',(-1.,0.,0.));
#3970=DIRECTION('',(0.,0.,1.));
#3971=DIRECTION('',(0.,0.,1.));
#3972=DIRECTION('',(1.,0.,0.));
#3973=DIRECTION('',(0.,0.,1.));
#3974=DIRECTION('',(0.,0.,1.));
#3975=DIRECTION('',(1.,0.,0.));
#3976=DIRECTION('',(-1.,0.,0.));
#3977=DIRECTION('',(0.,0.,1.));
#3978=DIRECTION('',(0.,0.,1.));
#3979=DIRECTION('',(0.,-1.,0.));
#3980=DIRECTION('',(0.,0.,1.));
#3981=DIRECTION('',(1.,0.,0.));
#3982=DIRECTION('',(0.,0.,1.));
#3983=DIRECTION('',(0.,0.,1.));
#3984=DIRECTION('',(1.,0.,0.));
#3985=DIRECTION('',(0.,1.,0.));
#3986=DIRECTION('',(0.,0.,1.));
#3987=DIRECTION('',(0.,0.,1.));
#3988=DIRECTION('',(-1.,0.,0.));
#3989=DIRECTION('',(0.,0.,1.));
#3990=DIRECTION('',(1.,0.,0.));
#3991=DIRECTION('',(0.,0.,1.));
#3992=DIRECTION('',(0.,0.,1.));
#3993=DIRECTION('',(1.,0.,0.));
#3994=DIRECTION('',(-1.,0.,0.));
#3995=DIRECTION('',(0.,0.,1.));
#3996=DIRECTION('',(0.,0.,1.));
#3997=DIRECTION('',(0.,-1.,0.));
#3998=DIRECTION('',(0.,0.,1.));
#3999=DIRECTION('',(1.,0.,0.));
#4000=DIRECTION('',(0.,0.,1.));
#4001=DIRECTION('',(0.,0.,1.));
#4002=DIRECTION('',(1.,0.,0.));
#4003=DIRECTION('',(0.,-1.,0.));
#4004=DIRECTION('',(0.,0.,-1.));
#4005=DIRECTION('',(0.,0.,1.));
#4006=DIRECTION('',(1.,0.,0.));
#4007=DIRECTION('',(0.,0.,1.));
#4008=DIRECTION('',(1.,0.,0.));
#4009=DIRECTION('',(0.,0.,1.));
#4010=DIRECTION('',(0.,0.,1.));
#4011=DIRECTION('',(1.,0.,0.));
#4012=DIRECTION('',(-0.884954576039179,0.465677354342378,0.));
#4013=DIRECTION('',(-0.465677354342378,-0.884954576039179,0.));
#4014=DIRECTION('',(0.,0.,1.));
#4015=DIRECTION('',(-0.465677354342378,-0.884954576039179,0.));
#4016=DIRECTION('',(0.,0.,1.));
#4017=DIRECTION('',(1.,0.,0.));
#4018=DIRECTION('',(0.,0.,1.));
#4019=DIRECTION('',(0.,0.,1.));
#4020=DIRECTION('',(1.,0.,0.));
#4021=DIRECTION('',(-0.871133562024472,-0.491046145606048,0.));
#4022=DIRECTION('',(0.491046145606048,-0.871133562024472,0.));
#4023=DIRECTION('',(0.,0.,1.));
#4024=DIRECTION('',(0.491046145606048,-0.871133562024472,0.));
#4025=DIRECTION('',(0.,0.,1.));
#4026=DIRECTION('',(1.,0.,0.));
#4027=DIRECTION('',(0.,0.,1.));
#4028=DIRECTION('',(0.,0.,1.));
#4029=DIRECTION('',(1.,0.,0.));
#4030=DIRECTION('',(0.,-1.,0.));
#4031=DIRECTION('',(0.,0.,-1.));
#4032=DIRECTION('',(0.,0.,1.));
#4033=DIRECTION('',(1.,0.,0.));
#4034=DIRECTION('',(0.,0.,1.));
#4035=DIRECTION('',(1.,0.,0.));
#4036=DIRECTION('',(0.,0.,1.));
#4037=DIRECTION('',(0.,0.,1.));
#4038=DIRECTION('',(1.,0.,0.));
#4039=DIRECTION('',(-0.884954576039178,0.465677354342381,0.));
#4040=DIRECTION('',(-0.465677354342381,-0.884954576039178,0.));
#4041=DIRECTION('',(0.,0.,1.));
#4042=DIRECTION('',(-0.465677354342381,-0.884954576039178,0.));
#4043=DIRECTION('',(0.,0.,1.));
#4044=DIRECTION('',(1.,0.,0.));
#4045=DIRECTION('',(0.,0.,1.));
#4046=DIRECTION('',(0.,0.,-1.));
#4047=DIRECTION('',(1.,0.,0.));
#4048=DIRECTION('',(-0.87113356202447,-0.49104614560605,0.));
#4049=DIRECTION('',(0.49104614560605,-0.87113356202447,0.));
#4050=DIRECTION('',(0.,0.,1.));
#4051=DIRECTION('',(0.49104614560605,-0.87113356202447,0.));
#4052=DIRECTION('',(0.,0.,1.));
#4053=DIRECTION('',(1.,0.,0.));
#4054=DIRECTION('',(0.,0.,1.));
#4055=DIRECTION('',(0.,0.,1.));
#4056=DIRECTION('',(1.,0.,0.));
#4057=DIRECTION('',(0.,-1.,0.));
#4058=DIRECTION('',(0.,0.,-1.));
#4059=DIRECTION('',(0.,0.,1.));
#4060=DIRECTION('',(1.,0.,0.));
#4061=DIRECTION('',(0.,0.,1.));
#4062=DIRECTION('',(1.,0.,0.));
#4063=DIRECTION('',(0.,0.,1.));
#4064=DIRECTION('',(0.,0.,1.));
#4065=DIRECTION('',(1.,0.,0.));
#4066=DIRECTION('',(-1.,0.,0.));
#4067=DIRECTION('',(0.,0.,1.));
#4068=DIRECTION('',(0.,0.,1.));
#4069=DIRECTION('',(0.,-1.,0.));
#4070=DIRECTION('',(0.,0.,1.));
#4071=DIRECTION('',(1.,0.,0.));
#4072=DIRECTION('',(0.,0.,1.));
#4073=DIRECTION('',(0.,0.,-1.));
#4074=DIRECTION('',(1.,0.,0.));
#4075=DIRECTION('',(0.,-1.,0.));
#4076=DIRECTION('',(0.,0.,-1.));
#4077=DIRECTION('',(0.,0.,1.));
#4078=DIRECTION('',(1.,0.,0.));
#4079=DIRECTION('',(0.,0.,1.));
#4080=DIRECTION('',(1.,0.,0.));
#4081=DIRECTION('',(0.,0.,1.));
#4082=DIRECTION('',(0.,0.,1.));
#4083=DIRECTION('',(1.,0.,0.));
#4084=DIRECTION('',(-1.,0.,0.));
#4085=DIRECTION('',(0.,0.,1.));
#4086=DIRECTION('',(0.,0.,1.));
#4087=DIRECTION('',(0.,-1.,0.));
#4088=DIRECTION('',(0.,0.,1.));
#4089=DIRECTION('',(1.,0.,0.));
#4090=DIRECTION('',(0.,0.,1.));
#4091=DIRECTION('',(0.,0.,1.));
#4092=DIRECTION('',(1.,0.,0.));
#4093=DIRECTION('',(0.,-1.,0.));
#4094=DIRECTION('',(0.,0.,-1.));
#4095=DIRECTION('',(0.,0.,1.));
#4096=DIRECTION('',(1.,0.,0.));
#4097=DIRECTION('',(0.,0.,1.));
#4098=DIRECTION('',(1.,0.,0.));
#4099=DIRECTION('',(0.,0.,1.));
#4100=DIRECTION('',(0.,0.,1.));
#4101=DIRECTION('',(1.,0.,0.));
#4102=DIRECTION('',(1.,0.,0.));
#4103=DIRECTION('',(0.,0.,-1.));
#4104=DIRECTION('',(0.,0.,1.));
#4105=DIRECTION('',(0.,1.,0.));
#4106=DIRECTION('',(0.,0.,1.));
#4107=DIRECTION('',(1.,0.,0.));
#4108=DIRECTION('',(0.,0.,1.));
#4109=DIRECTION('',(0.,0.,1.));
#4110=DIRECTION('',(1.,0.,0.));
#4111=DIRECTION('',(0.,-1.,0.));
#4112=DIRECTION('',(0.,0.,-1.));
#4113=DIRECTION('',(0.,0.,1.));
#4114=DIRECTION('',(1.,0.,0.));
#4115=DIRECTION('',(0.,0.,1.));
#4116=DIRECTION('',(1.,0.,0.));
#4117=DIRECTION('',(0.,0.,1.));
#4118=DIRECTION('',(0.,0.,1.));
#4119=DIRECTION('',(1.,0.,0.));
#4120=DIRECTION('',(0.871133562024472,-0.491046145606047,0.));
#4121=DIRECTION('',(0.491046145606047,0.871133562024472,0.));
#4122=DIRECTION('',(0.,0.,1.));
#4123=DIRECTION('',(0.491046145606047,0.871133562024472,0.));
#4124=DIRECTION('',(0.,0.,1.));
#4125=DIRECTION('',(1.,0.,0.));
#4126=DIRECTION('',(0.,0.,1.));
#4127=DIRECTION('',(0.,0.,1.));
#4128=DIRECTION('',(1.,0.,0.));
#4129=DIRECTION('',(0.884954576039178,0.465677354342381,0.));
#4130=DIRECTION('',(-0.465677354342381,0.884954576039178,0.));
#4131=DIRECTION('',(0.,0.,1.));
#4132=DIRECTION('',(-0.465677354342381,0.884954576039178,0.));
#4133=DIRECTION('',(0.,0.,1.));
#4134=DIRECTION('',(1.,0.,0.));
#4135=DIRECTION('',(0.,0.,1.));
#4136=DIRECTION('',(0.,0.,1.));
#4137=DIRECTION('',(1.,0.,0.));
#4138=DIRECTION('',(0.,-1.,0.));
#4139=DIRECTION('',(0.,0.,-1.));
#4140=DIRECTION('',(0.,0.,1.));
#4141=DIRECTION('',(1.,0.,0.));
#4142=DIRECTION('',(0.,0.,1.));
#4143=DIRECTION('',(1.,0.,0.));
#4144=DIRECTION('',(0.,0.,1.));
#4145=DIRECTION('',(0.,0.,1.));
#4146=DIRECTION('',(1.,0.,0.));
#4147=DIRECTION('',(0.871133562024472,-0.491046145606047,0.));
#4148=DIRECTION('',(0.491046145606047,0.871133562024472,0.));
#4149=DIRECTION('',(0.,0.,1.));
#4150=DIRECTION('',(0.491046145606047,0.871133562024472,0.));
#4151=DIRECTION('',(0.,0.,1.));
#4152=DIRECTION('',(1.,0.,0.));
#4153=DIRECTION('',(0.,0.,1.));
#4154=DIRECTION('',(0.,0.,1.));
#4155=DIRECTION('',(1.,0.,0.));
#4156=DIRECTION('',(0.88495457603918,0.465677354342378,0.));
#4157=DIRECTION('',(-0.465677354342378,0.884954576039179,0.));
#4158=DIRECTION('',(0.,0.,1.));
#4159=DIRECTION('',(-0.465677354342378,0.884954576039179,0.));
#4160=DIRECTION('',(0.,0.,1.));
#4161=DIRECTION('',(1.,0.,0.));
#4162=DIRECTION('',(0.,0.,1.));
#4163=DIRECTION('',(0.,0.,1.));
#4164=DIRECTION('',(1.,0.,0.));
#4165=DIRECTION('',(0.,-1.,0.));
#4166=DIRECTION('',(0.,0.,-1.));
#4167=DIRECTION('',(0.,0.,1.));
#4168=DIRECTION('',(1.,0.,0.));
#4169=DIRECTION('',(0.,0.,1.));
#4170=DIRECTION('',(1.,0.,0.));
#4171=DIRECTION('',(0.,0.,1.));
#4172=DIRECTION('',(0.,0.,1.));
#4173=DIRECTION('',(1.,0.,0.));
#4174=DIRECTION('',(1.,0.,0.));
#4175=DIRECTION('',(0.,0.,-1.));
#4176=DIRECTION('',(0.,0.,1.));
#4177=DIRECTION('',(0.,1.,0.));
#4178=DIRECTION('',(0.,0.,1.));
#4179=DIRECTION('',(1.,0.,0.));
#4180=DIRECTION('',(0.,0.,-1.));
#4181=DIRECTION('',(1.,0.,0.));
#4182=DIRECTION('',(0.,0.,1.));
#4183=DIRECTION('',(1.,0.,0.));
#4184=DIRECTION('',(1.,0.,0.));
#4185=DIRECTION('',(0.,0.,-1.));
#4186=DIRECTION('',(1.,0.,0.));
#4187=DIRECTION('',(0.,0.,-1.));
#4188=DIRECTION('',(1.,0.,0.));
#4189=DIRECTION('',(0.,1.,0.));
#4190=DIRECTION('',(1.,0.,0.));
#4191=DIRECTION('',(0.,0.,-1.));
#4192=DIRECTION('',(1.,0.,0.));
#4193=DIRECTION('',(0.,0.,-1.));
#4194=DIRECTION('',(1.,0.,0.));
#4195=DIRECTION('',(0.,1.,0.));
#4196=DIRECTION('',(1.,0.,0.));
#4197=DIRECTION('',(0.,0.,-1.));
#4198=DIRECTION('',(1.,0.,0.));
#4199=DIRECTION('',(0.,0.,-1.));
#4200=DIRECTION('',(1.,0.,0.));
#4201=DIRECTION('',(0.,1.,0.));
#4202=DIRECTION('',(0.,0.,1.));
#4203=DIRECTION('',(1.,0.,0.));
#4204=DIRECTION('',(0.,0.,1.));
#4205=DIRECTION('',(1.,0.,0.));
#4206=DIRECTION('',(0.,0.,1.));
#4207=DIRECTION('',(1.,0.,0.));
#4208=DIRECTION('',(0.,0.,1.));
#4209=DIRECTION('',(1.,0.,0.));
#4210=DIRECTION('',(0.,0.,1.));
#4211=DIRECTION('',(1.,0.,0.));
#4212=DIRECTION('',(0.,0.,1.));
#4213=DIRECTION('',(1.,0.,0.));
#4214=DIRECTION('',(0.,0.,1.));
#4215=DIRECTION('',(1.,0.,0.));
#4216=DIRECTION('',(0.,0.,1.));
#4217=DIRECTION('',(1.,0.,0.));
#4218=DIRECTION('',(0.,0.,1.));
#4219=DIRECTION('',(1.,0.,0.));
#4220=DIRECTION('',(0.,0.,1.));
#4221=DIRECTION('',(1.,0.,0.));
#4222=DIRECTION('',(0.,0.,1.));
#4223=DIRECTION('',(1.,0.,0.));
#4224=DIRECTION('',(0.,0.,1.));
#4225=DIRECTION('',(1.,0.,0.));
#4226=DIRECTION('',(0.,0.,1.));
#4227=DIRECTION('',(1.,0.,0.));
#4228=DIRECTION('',(0.,0.,1.));
#4229=DIRECTION('',(1.,0.,0.));
#4230=DIRECTION('',(1.,0.,0.));
#4231=DIRECTION('',(0.,0.,1.));
#4232=DIRECTION('',(1.,0.,0.));
#4233=DIRECTION('',(0.,-1.,0.));
#4234=DIRECTION('',(0.,0.,1.));
#4235=DIRECTION('',(1.,0.,0.));
#4236=DIRECTION('',(1.,0.,0.));
#4237=DIRECTION('',(0.,0.,1.));
#4238=DIRECTION('',(1.,0.,0.));
#4239=DIRECTION('',(0.,-1.,0.));
#4240=DIRECTION('',(1.,0.,0.));
#4241=DIRECTION('',(0.,-1.,0.));
#4242=DIRECTION('',(1.,1.72927318854518E-16,0.));
#4243=DIRECTION('',(0.,-1.,0.));
#4244=DIRECTION('',(0.,0.,1.));
#4245=DIRECTION('',(1.,0.,0.));
#4246=DIRECTION('',(0.,0.,-1.));
#4247=DIRECTION('',(-1.,0.,0.));
#4248=DIRECTION('',(1.,0.,0.));
#4249=DIRECTION('',(0.,1.,0.));
#4250=DIRECTION('',(1.,0.,0.));
#4251=DIRECTION('',(0.,1.,0.));
#4252=DIRECTION('',(1.,0.,0.));
#4253=DIRECTION('',(0.,0.,-1.));
#4254=DIRECTION('',(1.,0.,0.));
#4255=DIRECTION('',(0.,0.,-1.));
#4256=DIRECTION('',(1.,0.,0.));
#4257=DIRECTION('',(1.,0.,0.));
#4258=DIRECTION('',(0.,0.,-1.));
#4259=DIRECTION('',(0.,1.,0.));
#4260=DIRECTION('',(0.,0.,1.));
#4261=DIRECTION('',(0.,0.,1.));
#4262=DIRECTION('',(1.,0.,0.));
#4263=DIRECTION('',(0.,0.,1.));
#4264=DIRECTION('',(1.,0.,0.));
#4265=DIRECTION('',(0.,0.,-1.));
#4266=DIRECTION('',(1.,0.,0.));
#4267=DIRECTION('',(0.,0.,-1.));
#4268=DIRECTION('',(1.,0.,0.));
#4269=DIRECTION('',(1.,0.,0.));
#4270=DIRECTION('',(0.,0.,-1.));
#4271=DIRECTION('',(0.,0.,-1.));
#4272=DIRECTION('',(-1.,0.,0.));
#4273=DIRECTION('',(0.,1.,0.));
#4274=DIRECTION('',(1.,0.,0.));
#4275=DIRECTION('',(0.,1.,0.));
#4276=DIRECTION('',(1.,0.,0.));
#4277=DIRECTION('',(0.,0.,-1.));
#4278=DIRECTION('',(1.,0.,0.));
#4279=DIRECTION('',(0.,0.,-1.));
#4280=DIRECTION('',(1.,0.,0.));
#4281=DIRECTION('',(1.,0.,0.));
#4282=DIRECTION('',(0.,0.,-1.));
#4283=DIRECTION('',(0.,1.,0.));
#4284=DIRECTION('',(0.,0.,1.));
#4285=DIRECTION('',(0.,0.,1.));
#4286=DIRECTION('',(1.,0.,0.));
#4287=DIRECTION('',(0.,0.,1.));
#4288=DIRECTION('',(1.,0.,0.));
#4289=DIRECTION('',(0.,0.,-1.));
#4290=DIRECTION('',(1.,0.,0.));
#4291=DIRECTION('',(0.,0.,-1.));
#4292=DIRECTION('',(1.,0.,0.));
#4293=DIRECTION('',(0.,0.,-1.));
#4294=DIRECTION('',(0.,0.,-1.));
#4295=DIRECTION('',(-1.,0.,0.));
#4296=DIRECTION('',(1.,0.,0.));
#4297=DIRECTION('',(0.,1.,0.));
#4298=DIRECTION('',(1.,0.,0.));
#4299=DIRECTION('',(0.,1.,0.));
#4300=DIRECTION('',(1.,0.,0.));
#4301=DIRECTION('',(0.,0.,-1.));
#4302=DIRECTION('',(1.,0.,0.));
#4303=DIRECTION('',(0.,0.,-1.));
#4304=DIRECTION('',(1.,0.,0.));
#4305=DIRECTION('',(1.,0.,0.));
#4306=DIRECTION('',(0.,0.,-1.));
#4307=DIRECTION('',(0.,1.,0.));
#4308=DIRECTION('',(0.,0.,1.));
#4309=DIRECTION('',(0.,0.,1.));
#4310=DIRECTION('',(1.,0.,0.));
#4311=DIRECTION('',(0.,0.,1.));
#4312=DIRECTION('',(1.,0.,0.));
#4313=DIRECTION('',(0.,0.,-1.));
#4314=DIRECTION('',(1.,0.,0.));
#4315=DIRECTION('',(0.,0.,-1.));
#4316=DIRECTION('',(1.,0.,0.));
#4317=DIRECTION('',(1.,0.,0.));
#4318=DIRECTION('',(0.,0.,-1.));
#4319=DIRECTION('',(0.,0.,-1.));
#4320=DIRECTION('',(-1.,0.,0.));
#4321=DIRECTION('',(0.,1.,0.));
#4322=DIRECTION('',(1.,0.,0.));
#4323=DIRECTION('',(0.,1.,0.));
#4324=DIRECTION('',(1.,0.,0.));
#4325=DIRECTION('',(0.,0.,-1.));
#4326=DIRECTION('',(1.,0.,0.));
#4327=DIRECTION('',(0.,0.,-1.));
#4328=DIRECTION('',(1.,0.,0.));
#4329=DIRECTION('',(1.,0.,0.));
#4330=DIRECTION('',(0.,0.,-1.));
#4331=DIRECTION('',(0.,1.,0.));
#4332=DIRECTION('',(0.,0.,1.));
#4333=DIRECTION('',(0.,0.,1.));
#4334=DIRECTION('',(1.,0.,0.));
#4335=DIRECTION('',(0.,0.,1.));
#4336=DIRECTION('',(1.,0.,0.));
#4337=DIRECTION('',(0.,0.,-1.));
#4338=DIRECTION('',(1.,0.,0.));
#4339=DIRECTION('',(0.,0.,-1.));
#4340=DIRECTION('',(1.,0.,0.));
#4341=DIRECTION('',(0.,0.,-1.));
#4342=DIRECTION('',(1.,0.,0.));
#4343=DIRECTION('',(0.,0.,-1.));
#4344=DIRECTION('',(0.,-1.,0.));
#4345=DIRECTION('',(1.,0.,0.));
#4346=DIRECTION('',(0.,0.,-1.));
#4347=DIRECTION('',(0.,-1.,0.));
#4348=DIRECTION('',(0.,0.,-1.));
#4349=DIRECTION('',(0.,0.,-1.));
#4350=DIRECTION('',(0.,-1.,0.));
#4351=DIRECTION('',(1.,0.,0.));
#4352=DIRECTION('',(0.,0.,-1.));
#4353=DIRECTION('',(0.,0.,1.));
#4354=DIRECTION('',(1.,0.,0.));
#4355=DIRECTION('',(0.,-1.,0.));
#4356=DIRECTION('',(1.,0.,0.));
#4357=DIRECTION('',(0.,-1.,0.));
#4358=DIRECTION('',(1.,1.72927318854518E-16,0.));
#4359=DIRECTION('',(0.,-1.,0.));
#4360=DIRECTION('',(1.,0.,0.));
#4361=DIRECTION('',(0.,-1.,0.));
#4362=DIRECTION('',(1.,0.,0.));
#4363=DIRECTION('',(0.,-1.,0.));
#4364=DIRECTION('',(-1.,0.,0.));
#4365=DIRECTION('',(0.,0.,1.));
#4366=DIRECTION('',(1.,0.,0.));
#4367=DIRECTION('',(1.,0.,0.));
#4368=DIRECTION('',(0.,0.,1.));
#4369=DIRECTION('',(1.,0.,0.));
#4370=DIRECTION('',(0.,-1.,0.));
#4371=DIRECTION('',(0.,0.,1.));
#4372=DIRECTION('',(1.,0.,0.));
#4373=DIRECTION('',(1.,0.,0.));
#4374=DIRECTION('',(0.,0.,1.));
#4375=DIRECTION('',(1.,0.,0.));
#4376=DIRECTION('',(-1.,0.,0.));
#4377=DIRECTION('',(1.,0.,0.));
#4378=DIRECTION('',(0.,0.,-1.));
#4379=DIRECTION('',(1.,0.,0.));
#4380=DIRECTION('',(0.,0.,-1.));
#4381=DIRECTION('',(1.,0.,0.));
#4382=DIRECTION('',(1.,0.,0.));
#4383=DIRECTION('',(0.,0.,-1.));
#4384=DIRECTION('',(1.,0.,0.));
#4385=DIRECTION('',(0.,0.,-1.));
#4386=DIRECTION('',(1.,0.,0.));
#4387=DIRECTION('',(0.,0.,-1.));
#4388=DIRECTION('',(1.,0.,0.));
#4389=DIRECTION('',(0.,0.,-1.));
#4390=DIRECTION('',(1.,0.,0.));
#4391=DIRECTION('',(-2.23225808756583E-16,0.,-1.));
#4392=DIRECTION('',(-1.,0.,2.23225808756583E-16));
#4393=DIRECTION('',(0.,1.,0.));
#4394=DIRECTION('',(-1.,0.,2.23225808756583E-16));
#4395=DIRECTION('',(0.,1.,0.));
#4396=DIRECTION('',(-1.,0.,2.23225808756583E-16));
#4397=DIRECTION('',(0.,1.,0.));
#4398=DIRECTION('',(0.,0.,1.));
#4399=DIRECTION('',(0.,1.,0.));
#4400=DIRECTION('',(0.,0.,1.));
#4401=DIRECTION('',(0.,1.,0.));
#4402=DIRECTION('',(0.,1.,0.));
#4403=DIRECTION('',(0.,0.,1.));
#4404=DIRECTION('',(-1.,0.,0.));
#4405=DIRECTION('',(0.,0.,1.));
#4406=DIRECTION('',(0.,0.,1.));
#4407=DIRECTION('',(0.,1.,0.));
#4408=DIRECTION('',(0.,0.,1.));
#4409=DIRECTION('',(0.,1.,0.));
#4410=DIRECTION('',(0.,0.,1.));
#4411=DIRECTION('',(0.,1.,0.));
#4412=DIRECTION('',(0.,0.,1.));
#4413=DIRECTION('',(0.,1.,0.));
#4414=DIRECTION('',(0.,1.,0.));
#4415=DIRECTION('',(0.,0.,1.));
#4416=DIRECTION('',(0.,0.,-1.));
#4417=DIRECTION('',(-1.,0.,0.));
#4418=DIRECTION('',(-1.,0.,0.));
#4419=DIRECTION('',(0.,1.,0.));
#4420=DIRECTION('',(-1.,0.,0.));
#4421=DIRECTION('',(0.,1.,0.));
#4422=DIRECTION('',(0.,0.,1.));
#4423=DIRECTION('',(0.,1.,0.));
#4424=DIRECTION('',(0.,0.,1.));
#4425=DIRECTION('',(0.,1.,0.));
#4426=DIRECTION('',(0.,1.,0.));
#4427=DIRECTION('',(0.,0.,1.));
#4428=DIRECTION('',(-1.,0.,0.));
#4429=DIRECTION('',(0.,0.,1.));
#4430=DIRECTION('',(0.,0.,1.));
#4431=DIRECTION('',(0.,1.,0.));
#4432=DIRECTION('',(0.,0.,1.));
#4433=DIRECTION('',(0.,1.,0.));
#4434=DIRECTION('',(0.,0.,1.));
#4435=DIRECTION('',(0.,1.,0.));
#4436=DIRECTION('',(0.,0.,1.));
#4437=DIRECTION('',(0.,1.,0.));
#4438=DIRECTION('',(0.,0.,1.));
#4439=DIRECTION('',(0.,0.,-1.));
#4440=DIRECTION('',(-1.,0.,0.));
#4441=DIRECTION('',(0.,1.,0.));
#4442=DIRECTION('',(-1.,0.,0.));
#4443=DIRECTION('',(0.,1.,0.));
#4444=DIRECTION('',(-1.,0.,0.));
#4445=DIRECTION('',(0.,1.,0.));
#4446=DIRECTION('',(0.,0.,1.));
#4447=DIRECTION('',(0.,1.,0.));
#4448=DIRECTION('',(0.,0.,1.));
#4449=DIRECTION('',(0.,1.,0.));
#4450=DIRECTION('',(0.,1.,0.));
#4451=DIRECTION('',(0.,0.,1.));
#4452=DIRECTION('',(-1.,0.,0.));
#4453=DIRECTION('',(0.,0.,1.));
#4454=DIRECTION('',(0.,0.,1.));
#4455=DIRECTION('',(0.,1.,0.));
#4456=DIRECTION('',(0.,0.,1.));
#4457=DIRECTION('',(0.,1.,0.));
#4458=DIRECTION('',(0.,0.,1.));
#4459=DIRECTION('',(0.,1.,0.));
#4460=DIRECTION('',(0.,0.,1.));
#4461=DIRECTION('',(0.,1.,0.));
#4462=DIRECTION('',(0.,1.,0.));
#4463=DIRECTION('',(0.,0.,1.));
#4464=DIRECTION('',(0.,0.,-1.));
#4465=DIRECTION('',(-1.,0.,0.));
#4466=DIRECTION('',(-1.,0.,0.));
#4467=DIRECTION('',(0.,1.,0.));
#4468=DIRECTION('',(-1.,0.,0.));
#4469=DIRECTION('',(0.,1.,0.));
#4470=DIRECTION('',(0.,0.,1.));
#4471=DIRECTION('',(0.,1.,0.));
#4472=DIRECTION('',(0.,0.,1.));
#4473=DIRECTION('',(0.,1.,0.));
#4474=DIRECTION('',(0.,1.,0.));
#4475=DIRECTION('',(0.,0.,1.));
#4476=DIRECTION('',(-1.,0.,0.));
#4477=DIRECTION('',(0.,0.,1.));
#4478=DIRECTION('',(0.,0.,1.));
#4479=DIRECTION('',(0.,1.,0.));
#4480=DIRECTION('',(0.,0.,1.));
#4481=DIRECTION('',(0.,1.,0.));
#4482=DIRECTION('',(0.,0.,1.));
#4483=DIRECTION('',(0.,1.,0.));
#4484=DIRECTION('',(0.,0.,1.));
#4485=DIRECTION('',(0.,1.,0.));
#4486=DIRECTION('',(0.,0.,1.));
#4487=DIRECTION('',(0.,1.,0.));
#4488=DIRECTION('',(0.,0.,1.));
#4489=DIRECTION('',(1.,0.,0.));
#4490=DIRECTION('',(0.,1.,0.));
#4491=DIRECTION('',(0.,0.,1.));
#4492=DIRECTION('',(0.,0.,1.));
#4493=DIRECTION('',(0.,1.,0.));
#4494=DIRECTION('',(0.,0.,1.));
#4495=DIRECTION('',(1.,0.,0.));
#4496=DIRECTION('',(0.,1.,0.));
#4497=DIRECTION('',(0.,0.,1.));
#4498=DIRECTION('',(0.,0.,1.));
#4499=DIRECTION('',(0.,1.,0.));
#4500=DIRECTION('',(0.,0.,1.));
#4501=DIRECTION('',(1.,0.,0.));
#4502=DIRECTION('',(0.,1.,0.));
#4503=DIRECTION('',(0.,0.,1.));
#4504=DIRECTION('',(0.,0.,1.));
#4505=DIRECTION('',(0.,1.,0.));
#4506=DIRECTION('',(0.,0.,1.));
#4507=DIRECTION('',(1.,0.,0.));
#4508=DIRECTION('',(0.,1.,0.));
#4509=DIRECTION('',(0.,0.,1.));
#4510=DIRECTION('',(0.,0.,1.));
#4511=DIRECTION('',(0.,1.,0.));
#4512=DIRECTION('',(0.,0.,1.));
#4513=DIRECTION('',(0.,0.,-1.));
#4514=DIRECTION('',(0.,0.,-1.));
#4515=DIRECTION('',(0.,0.,-1.));
#4516=DIRECTION('',(1.,0.,0.));
#4517=DIRECTION('',(0.,0.,-1.));
#4518=DIRECTION('',(0.,0.,-1.));
#4519=DIRECTION('',(0.,0.,-1.));
#4520=DIRECTION('',(-1.72927318854518E-16,1.,0.));
#4521=DIRECTION('',(-1.,-1.72927318854518E-16,0.));
#4522=DIRECTION('',(0.,0.,-1.));
#4523=DIRECTION('',(0.,0.,-1.));
#4524=DIRECTION('',(1.,0.,0.));
#4525=DIRECTION('',(0.,0.,-1.));
#4526=DIRECTION('',(1.,0.,0.));
#4527=DIRECTION('',(0.,0.,-1.));
#4528=DIRECTION('',(1.,0.,0.));
#4529=DIRECTION('',(0.,0.,-1.));
#4530=DIRECTION('',(1.,0.,0.));
#4531=DIRECTION('',(0.,0.,-1.));
#4532=DIRECTION('',(0.,-1.,-2.1793008492171E-16));
#4533=DIRECTION('',(1.,0.,0.));
#4534=DIRECTION('',(0.,0.,-1.));
#4535=DIRECTION('',(0.,0.,1.));
#4536=DIRECTION('',(1.,0.,0.));
#4537=DIRECTION('',(0.,0.,-1.));
#4538=DIRECTION('',(0.,-1.,-3.48688135874735E-16));
#4539=DIRECTION('',(1.,0.,0.));
#4540=DIRECTION('',(0.,0.,-1.));
#4541=DIRECTION('',(0.,0.,1.));
#4542=DIRECTION('',(1.,0.,0.));
#4543=DIRECTION('',(0.,0.,-1.));
#4544=DIRECTION('',(0.,-1.,0.));
#4545=DIRECTION('',(0.,0.,-1.));
#4546=DIRECTION('',(0.,0.,-1.));
#4547=DIRECTION('',(-1.,0.,0.));
#4548=DIRECTION('',(0.,0.,-1.));
#4549=DIRECTION('',(0.,0.,-1.));
#4550=DIRECTION('',(0.,1.,0.));
#4551=DIRECTION('',(0.,0.,1.));
#4552=DIRECTION('',(0.,0.,-1.));
#4553=DIRECTION('',(0.,0.,-1.));
#4554=DIRECTION('',(-1.,0.,0.));
#4555=DIRECTION('',(0.,0.,-1.));
#4556=DIRECTION('',(-1.,0.,0.));
#4557=DIRECTION('',(0.,0.,-1.));
#4558=DIRECTION('',(0.,1.,0.));
#4559=DIRECTION('',(0.,0.,1.));
#4560=DIRECTION('',(0.,0.,-1.));
#4561=DIRECTION('',(0.,0.,-1.));
#4562=DIRECTION('',(-1.,0.,0.));
#4563=DIRECTION('',(0.,0.,-1.));
#4564=DIRECTION('',(1.,0.,0.));
#4565=DIRECTION('',(0.,0.,-1.));
#4566=DIRECTION('',(0.,0.,1.));
#4567=DIRECTION('',(1.,0.,0.));
#4568=DIRECTION('',(0.,1.,0.));
#4569=DIRECTION('',(1.,0.,0.));
#4570=DIRECTION('',(0.,1.,0.));
#4571=DIRECTION('',(0.,1.,0.));
#4572=DIRECTION('',(0.,0.,1.));
#4573=DIRECTION('',(0.,1.,0.));
#4574=DIRECTION('',(0.,1.,0.));
#4575=DIRECTION('',(0.,0.,1.));
#4576=DIRECTION('',(-1.,0.,0.));
#4577=DIRECTION('',(0.,0.,1.));
#4578=DIRECTION('',(0.,1.,0.));
#4579=DIRECTION('',(0.,0.,1.));
#4580=DIRECTION('',(0.,1.,0.));
#4581=DIRECTION('',(0.,0.,1.));
#4582=DIRECTION('',(0.,1.,0.));
#4583=DIRECTION('',(0.,1.,0.));
#4584=DIRECTION('',(0.,0.,1.));
#4585=DIRECTION('',(0.,0.,1.));
#4586=DIRECTION('',(1.,0.,0.));
#4587=DIRECTION('',(0.,1.,0.));
#4588=DIRECTION('',(1.,0.,0.));
#4589=DIRECTION('',(0.,1.,0.));
#4590=DIRECTION('',(0.,0.,1.));
#4591=DIRECTION('',(0.,1.,0.));
#4592=DIRECTION('',(0.,1.,0.));
#4593=DIRECTION('',(0.,0.,1.));
#4594=DIRECTION('',(-1.,0.,0.));
#4595=DIRECTION('',(0.,0.,1.));
#4596=DIRECTION('',(0.,1.,0.));
#4597=DIRECTION('',(0.,0.,1.));
#4598=DIRECTION('',(0.,1.,0.));
#4599=DIRECTION('',(0.,0.,1.));
#4600=DIRECTION('',(0.,1.,0.));
#4601=DIRECTION('',(0.,0.,1.));
#4602=DIRECTION('',(0.,1.,0.));
#4603=DIRECTION('',(-1.,0.,0.));
#4604=DIRECTION('',(0.,0.,1.));
#4605=DIRECTION('',(1.,0.,0.));
#4606=DIRECTION('',(0.,1.,0.));
#4607=DIRECTION('',(1.,0.,0.));
#4608=DIRECTION('',(0.,1.,0.));
#4609=DIRECTION('',(0.,1.,0.));
#4610=DIRECTION('',(0.,0.,1.));
#4611=DIRECTION('',(0.,1.,0.));
#4612=DIRECTION('',(0.,1.,0.));
#4613=DIRECTION('',(0.,0.,1.));
#4614=DIRECTION('',(-1.,0.,0.));
#4615=DIRECTION('',(0.,0.,1.));
#4616=DIRECTION('',(0.,1.,0.));
#4617=DIRECTION('',(0.,0.,1.));
#4618=DIRECTION('',(0.,1.,0.));
#4619=DIRECTION('',(0.,0.,1.));
#4620=DIRECTION('',(0.,1.,0.));
#4621=DIRECTION('',(0.,1.,0.));
#4622=DIRECTION('',(0.,0.,1.));
#4623=DIRECTION('',(0.,0.,1.));
#4624=DIRECTION('',(1.,0.,0.));
#4625=DIRECTION('',(0.,1.,0.));
#4626=DIRECTION('',(1.,0.,0.));
#4627=DIRECTION('',(0.,1.,0.));
#4628=DIRECTION('',(0.,0.,1.));
#4629=DIRECTION('',(0.,1.,0.));
#4630=DIRECTION('',(0.,1.,0.));
#4631=DIRECTION('',(0.,0.,1.));
#4632=DIRECTION('',(-1.,0.,0.));
#4633=DIRECTION('',(0.,0.,1.));
#4634=DIRECTION('',(0.,1.,0.));
#4635=DIRECTION('',(0.,0.,1.));
#4636=DIRECTION('',(0.,1.,0.));
#4637=DIRECTION('',(0.,0.,1.));
#4638=DIRECTION('',(0.,1.,0.));
#4639=DIRECTION('',(0.,0.,1.));
#4640=DIRECTION('',(0.,1.,0.));
#4641=DIRECTION('',(-1.,0.,0.));
#4642=DIRECTION('',(0.,0.,1.));
#4643=DIRECTION('',(1.,0.,0.));
#4644=DIRECTION('',(0.,-1.,0.));
#4645=DIRECTION('',(-1.,0.,0.));
#4646=DIRECTION('',(-1.,0.,0.));
#4647=DIRECTION('',(0.,-1.,0.));
#4648=DIRECTION('',(-1.,0.,0.));
#4649=DIRECTION('',(0.,0.,1.));
#4650=DIRECTION('',(1.,0.,0.));
#4651=DIRECTION('',(0.,0.,-1.));
#4652=DIRECTION('',(1.,0.,0.));
#4653=DIRECTION('',(0.,1.,0.));
#4654=DIRECTION('',(-1.,0.,0.));
#4655=DIRECTION('',(0.,0.,1.));
#4656=DIRECTION('',(1.,0.,0.));
#4657=DIRECTION('',(0.,0.,-1.));
#4658=DIRECTION('',(1.,0.,0.));
#4659=DIRECTION('',(0.,1.,0.));
#4660=DIRECTION('',(0.,-2.1793008492171E-16,1.));
#4661=DIRECTION('',(0.,-1.,-2.1793008492171E-16));
#4662=DIRECTION('',(1.,0.,0.));
#4663=DIRECTION('',(0.,-1.,-2.1793008492171E-16));
#4664=DIRECTION('',(1.,0.,0.));
#4665=DIRECTION('',(1.,0.,0.));
#4666=DIRECTION('',(0.,0.,-1.));
#4667=DIRECTION('',(1.,0.,0.));
#4668=DIRECTION('',(1.,0.,0.));
#4669=DIRECTION('',(0.,0.,-1.));
#4670=DIRECTION('',(0.,1.,0.));
#4671=DIRECTION('',(0.,0.,1.));
#4672=DIRECTION('',(1.,0.,0.));
#4673=DIRECTION('',(0.,0.,1.));
#4674=DIRECTION('',(1.,0.,0.));
#4675=DIRECTION('',(0.,0.,-1.));
#4676=DIRECTION('',(1.,0.,0.));
#4677=DIRECTION('',(1.,0.,0.));
#4678=DIRECTION('',(0.,0.,-1.));
#4679=DIRECTION('',(0.,-3.48688135874735E-16,1.));
#4680=DIRECTION('',(0.,-1.,-3.48688135874735E-16));
#4681=DIRECTION('',(1.,0.,0.));
#4682=DIRECTION('',(0.,-1.,-3.48688135874735E-16));
#4683=DIRECTION('',(1.,0.,0.));
#4684=DIRECTION('',(0.,0.,-1.));
#4685=DIRECTION('',(1.,0.,0.));
#4686=DIRECTION('',(1.,0.,0.));
#4687=DIRECTION('',(0.,0.,-1.));
#4688=DIRECTION('',(0.,1.,0.));
#4689=DIRECTION('',(0.,0.,1.));
#4690=DIRECTION('',(1.,0.,0.));
#4691=DIRECTION('',(0.,0.,1.));
#4692=DIRECTION('',(1.,0.,0.));
#4693=DIRECTION('',(0.,0.,-1.));
#4694=DIRECTION('',(1.,0.,0.));
#4695=DIRECTION('',(0.,0.,-1.));
#4696=DIRECTION('',(1.,0.,0.));
#4697=DIRECTION('',(0.,1.,0.));
#4698=DIRECTION('',(0.,0.,-1.));
#4699=DIRECTION('',(-1.,0.,0.));
#4700=DIRECTION('',(0.,0.,1.));
#4701=DIRECTION('',(1.,0.,0.));
#4702=DIRECTION('',(0.,0.,1.));
#4703=DIRECTION('',(1.,0.,0.));
#4704=DIRECTION('',(0.,0.,-1.));
#4705=DIRECTION('',(-1.,0.,0.));
#4706=DIRECTION('',(0.,0.,1.));
#4707=DIRECTION('',(1.,0.,0.));
#4708=DIRECTION('',(0.,0.,1.));
#4709=DIRECTION('',(1.,0.,0.));
#4710=DIRECTION('',(0.,0.,-1.));
#4711=DIRECTION('',(-1.,0.,0.));
#4712=DIRECTION('',(0.,0.,1.));
#4713=DIRECTION('',(1.,0.,0.));
#4714=DIRECTION('',(0.,0.,1.));
#4715=DIRECTION('',(1.,0.,0.));
#4716=DIRECTION('',(0.,0.,-1.));
#4717=DIRECTION('',(-1.,0.,0.));
#4718=DIRECTION('',(0.,0.,1.));
#4719=DIRECTION('',(1.,0.,0.));
#4720=DIRECTION('',(0.,0.,1.));
#4721=DIRECTION('',(1.,0.,0.));
#4722=DIRECTION('',(0.,0.,-1.));
#4723=DIRECTION('',(-1.,0.,0.));
#4724=DIRECTION('',(0.,0.,1.));
#4725=DIRECTION('',(1.,0.,0.));
#4726=DIRECTION('',(0.,0.,1.));
#4727=DIRECTION('',(1.,0.,0.));
#4728=DIRECTION('',(0.,0.,-1.));
#4729=DIRECTION('',(-1.,0.,0.));
#4730=DIRECTION('',(0.,0.,1.));
#4731=DIRECTION('',(1.,0.,0.));
#4732=DIRECTION('',(0.,0.,1.));
#4733=DIRECTION('',(1.,0.,0.));
#4734=DIRECTION('',(0.,0.,-1.));
#4735=DIRECTION('',(-1.,0.,0.));
#4736=DIRECTION('',(0.,0.,1.));
#4737=DIRECTION('',(1.,0.,0.));
#4738=DIRECTION('',(0.,0.,1.));
#4739=DIRECTION('',(1.,0.,0.));
#4740=DIRECTION('',(0.,0.,-1.));
#4741=DIRECTION('',(-1.,0.,0.));
#4742=DIRECTION('',(0.,0.,-1.));
#4743=DIRECTION('',(1.,0.,0.));
#4744=DIRECTION('',(0.,0.,1.));
#4745=DIRECTION('',(1.,0.,0.));
#4746=DIRECTION('',(0.,0.,-1.));
#4747=DIRECTION('',(-1.,0.,0.));
#4748=DIRECTION('',(0.,0.,1.));
#4749=DIRECTION('',(1.,0.,0.));
#4750=DIRECTION('',(0.,0.,1.));
#4751=DIRECTION('',(1.,0.,0.));
#4752=DIRECTION('',(0.,0.,-1.));
#4753=DIRECTION('',(-1.,0.,0.));
#4754=DIRECTION('',(0.,0.,1.));
#4755=DIRECTION('',(1.,0.,0.));
#4756=DIRECTION('',(0.,0.,1.));
#4757=DIRECTION('',(1.,0.,0.));
#4758=DIRECTION('',(0.,0.,-1.));
#4759=DIRECTION('',(-1.,0.,0.));
#4760=DIRECTION('',(0.,0.,1.));
#4761=DIRECTION('',(1.,0.,0.));
#4762=DIRECTION('',(0.,0.,1.));
#4763=DIRECTION('',(1.,0.,0.));
#4764=DIRECTION('',(0.,0.,-1.));
#4765=DIRECTION('',(-1.,0.,0.));
#4766=DIRECTION('',(0.,0.,1.));
#4767=DIRECTION('',(1.,0.,0.));
#4768=DIRECTION('',(0.,0.,1.));
#4769=DIRECTION('',(1.,0.,0.));
#4770=DIRECTION('',(1.,0.,0.));
#4771=DIRECTION('',(0.,0.,-1.));
#4772=DIRECTION('',(1.,0.,0.));
#4773=DIRECTION('',(0.,0.,-1.));
#4774=DIRECTION('',(1.,0.,0.));
#4775=DIRECTION('',(0.,1.,0.));
#4776=DIRECTION('',(1.,0.,0.));
#4777=DIRECTION('',(0.,0.,-1.));
#4778=DIRECTION('',(1.,0.,0.));
#4779=DIRECTION('',(0.,0.,-1.));
#4780=DIRECTION('',(1.,0.,0.));
#4781=DIRECTION('',(0.,1.,0.));
#4782=DIRECTION('',(1.,0.,0.));
#4783=DIRECTION('',(0.,0.,-1.));
#4784=DIRECTION('',(1.,0.,0.));
#4785=DIRECTION('',(0.,0.,-1.));
#4786=DIRECTION('',(1.,0.,0.));
#4787=DIRECTION('',(0.,1.,0.));
#4788=CARTESIAN_POINT('',(0.,0.,0.));
#4789=CARTESIAN_POINT('',(-0.00034142500000009,0.008343625,-0.01));
#4790=CARTESIAN_POINT('',(-0.0532799044430256,0.07368425,-0.01));
#4791=CARTESIAN_POINT('',(-0.193721153544372,0.07368425,-0.01));
#4792=CARTESIAN_POINT('',(0.0871613446583207,0.07368425,-0.01));
#4793=CARTESIAN_POINT('',(-0.193721153544372,0.0618546035443718,-0.01));
#4794=CARTESIAN_POINT('',(-0.2055508,0.0618546035443718,-0.01));
#4795=CARTESIAN_POINT('',(-0.2055508,0.008343625,-0.01));
#4796=CARTESIAN_POINT('',(-0.2055508,-0.0451673535443719,-0.01));
#4797=CARTESIAN_POINT('',(-0.193721153544372,-0.0451673535443719,-0.01));
#4798=CARTESIAN_POINT('',(-0.193721153544372,-0.056997,-0.01));
#4799=CARTESIAN_POINT('',(-0.0532799044430256,-0.056997,-0.01));
#4800=CARTESIAN_POINT('',(0.0871613446583206,-0.056997,-0.01));
#4801=CARTESIAN_POINT('',(0.0871613446583206,-0.0451673535443718,-0.01));
#4802=CARTESIAN_POINT('',(0.0989909911139488,-0.0451673535443718,-0.01));
#4803=CARTESIAN_POINT('',(0.0989909911139488,0.008343625,-0.01));
#4804=CARTESIAN_POINT('',(0.0989909911139488,0.0618546035443718,-0.01));
#4805=CARTESIAN_POINT('',(0.0871613446583206,0.0618546035443718,-0.01));
#4806=CARTESIAN_POINT('',(0.0872279911139488,0.06192125,-0.01));
#4807=CARTESIAN_POINT('',(0.0888279911139488,0.06192125,-0.01));
#4808=CARTESIAN_POINT('',(-0.00642700888605118,-0.045234,-0.01));
#4809=CARTESIAN_POINT('',(-0.00482700888605118,-0.045234,-0.01));
#4810=CARTESIAN_POINT('',(-0.1001228,-0.045234,-0.01));
#4811=CARTESIAN_POINT('',(-0.0985228,-0.045234,-0.01));
#4812=CARTESIAN_POINT('',(-0.1937878,-0.045234,-0.01));
#4813=CARTESIAN_POINT('',(-0.1921878,-0.045234,-0.01));
#4814=CARTESIAN_POINT('',(0.0872279911139488,-0.045234,-0.01));
#4815=CARTESIAN_POINT('',(0.0888279911139488,-0.045234,-0.01));
#4816=CARTESIAN_POINT('',(-0.00642700888605118,0.06192125,-0.01));
#4817=CARTESIAN_POINT('',(-0.00482700888605118,0.06192125,-0.01));
#4818=CARTESIAN_POINT('',(-0.1001228,0.06192125,-0.01));
#4819=CARTESIAN_POINT('',(-0.0985228,0.06192125,-0.01));
#4820=CARTESIAN_POINT('',(-0.1937878,0.06192125,-0.01));
#4821=CARTESIAN_POINT('',(-0.1921878,0.06192125,-0.01));
#4822=CARTESIAN_POINT('',(-0.1956443,0.0573656652853011,-0.01));
#4823=CARTESIAN_POINT('',(-0.1937878,0.0573656652853011,-0.01));
#4824=CARTESIAN_POINT('',(-0.1975008,0.0573656652853011,-0.01));
#4825=CARTESIAN_POINT('',(-0.1937878,0.06192125,-0.01));
#4826=CARTESIAN_POINT('',(-0.189232215285301,0.06192125,-0.01));
#4827=CARTESIAN_POINT('',(-0.189232215285301,0.06377775,-0.01));
#4828=CARTESIAN_POINT('',(-0.189232215285301,0.06563425,-0.01));
#4829=CARTESIAN_POINT('',(-0.187182215285301,0.06563425,-0.01));
#4830=CARTESIAN_POINT('',(-0.187182215285301,0.06768425,-0.01));
#4831=CARTESIAN_POINT('',(-0.0532799044430256,0.06768425,-0.01));
#4832=CARTESIAN_POINT('',(-0.109540955736283,0.06768425,-0.01));
#4833=CARTESIAN_POINT('',(-0.109540955736283,0.06563425,-0.01));
#4834=CARTESIAN_POINT('',(-0.107726798855403,0.0665888885764019,-0.01));
#4835=CARTESIAN_POINT('',(-0.105940540111458,0.0631943540672534,-0.01));
#4836=CARTESIAN_POINT('',(-0.104154281367513,0.059799819558105,-0.01));
#4837=CARTESIAN_POINT('',(-0.1001228,0.06192125,-0.01));
#4838=CARTESIAN_POINT('',(-0.0961542813675126,0.05968425,-0.01));
#4839=CARTESIAN_POINT('',(-0.0941935983762029,0.0631625722992462,-0.01));
#4840=CARTESIAN_POINT('',(-0.0922329153848932,0.0666408945984924,-0.01));
#4841=CARTESIAN_POINT('',(-0.0904470915827431,0.06563425,-0.01));
#4842=CARTESIAN_POINT('',(-0.0904470915827431,0.06768425,-0.01));
#4843=CARTESIAN_POINT('',(-0.0532799044430256,0.06768425,-0.01));
#4844=CARTESIAN_POINT('',(-0.0158451646223342,0.06768425,-0.01));
#4845=CARTESIAN_POINT('',(-0.0158451646223342,0.06563425,-0.01));
#4846=CARTESIAN_POINT('',(-0.0140310077414538,0.0665888885764019,-0.01));
#4847=CARTESIAN_POINT('',(-0.0122447489975088,0.0631943540672534,-0.01));
#4848=CARTESIAN_POINT('',(-0.0104584902535637,0.0597998195581049,-0.01));
#4849=CARTESIAN_POINT('',(-0.00642700888605118,0.06192125,-0.01));
#4850=CARTESIAN_POINT('',(-0.00245849025356373,0.05968425,-0.01));
#4851=CARTESIAN_POINT('',(-0.00049780726225404,0.0631625722992462,-0.01));
#4852=CARTESIAN_POINT('',(0.00146287572905565,0.0666408945984924,-0.01));
#4853=CARTESIAN_POINT('',(0.00324869953120583,0.06563425,-0.01));
#4854=CARTESIAN_POINT('',(0.00324869953120583,0.06768425,-0.01));
#4855=CARTESIAN_POINT('',(-0.0532799044430256,0.06768425,-0.01));
#4856=CARTESIAN_POINT('',(0.0806224111139488,0.06768425,-0.01));
#4857=CARTESIAN_POINT('',(0.0806224111139488,0.06563425,-0.01));
#4858=CARTESIAN_POINT('',(0.0826724111139488,0.06563425,-0.01));
#4859=CARTESIAN_POINT('',(0.0826724111139488,0.06377775,-0.01));
#4860=CARTESIAN_POINT('',(0.0826724111139488,0.06192125,-0.01));
#4861=CARTESIAN_POINT('',(0.0872279911139488,0.06192125,-0.01));
#4862=CARTESIAN_POINT('',(0.0872279911139488,0.05736567,-0.01));
#4863=CARTESIAN_POINT('',(0.0890844911139488,0.05736567,-0.01));
#4864=CARTESIAN_POINT('',(0.0909409911139488,0.05736567,-0.01));
#4865=CARTESIAN_POINT('',(0.0909409911139488,0.05531567,-0.01));
#4866=CARTESIAN_POINT('',(0.0929909911139488,0.05531567,-0.01));
#4867=CARTESIAN_POINT('',(0.0929909911139488,0.008343625,-0.01));
#4868=CARTESIAN_POINT('',(0.0929909911139488,-0.03862842,-0.01));
#4869=CARTESIAN_POINT('',(0.0909409911139488,-0.03862842,-0.01));
#4870=CARTESIAN_POINT('',(0.0909409911139488,-0.04067842,-0.01));
#4871=CARTESIAN_POINT('',(0.0890844911139488,-0.04067842,-0.01));
#4872=CARTESIAN_POINT('',(0.0872279911139488,-0.04067842,-0.01));
#4873=CARTESIAN_POINT('',(0.0872279911139488,-0.045234,-0.01));
#4874=CARTESIAN_POINT('',(0.0826724111139488,-0.045234,-0.01));
#4875=CARTESIAN_POINT('',(0.0826724111139488,-0.0470905,-0.01));
#4876=CARTESIAN_POINT('',(0.0826724111139488,-0.048947,-0.01));
#4877=CARTESIAN_POINT('',(0.0806224111139488,-0.048947,-0.01));
#4878=CARTESIAN_POINT('',(0.0806224111139488,-0.050997,-0.01));
#4879=CARTESIAN_POINT('',(-0.0532799044430256,-0.050997,-0.01));
#4880=CARTESIAN_POINT('',(0.00324869953120585,-0.050997,-0.01));
#4881=CARTESIAN_POINT('',(0.00324869953120585,-0.048947,-0.01));
#4882=CARTESIAN_POINT('',(0.00146287572905568,-0.0499536445984924,-0.01));
#4883=CARTESIAN_POINT('',(-0.000497807262254028,-0.0464753222992462,-0.01));
#4884=CARTESIAN_POINT('',(-0.00245849025356374,-0.042997,-0.01));
#4885=CARTESIAN_POINT('',(-0.00642700888605117,-0.045234,-0.01));
#4886=CARTESIAN_POINT('',(-0.0104584902535637,-0.043112569558105,-0.01));
#4887=CARTESIAN_POINT('',(-0.0122447489975088,-0.0465071040672534,-0.01));
#4888=CARTESIAN_POINT('',(-0.0140310077414538,-0.0499016385764019,-0.01));
#4889=CARTESIAN_POINT('',(-0.0158451646223342,-0.048947,-0.01));
#4890=CARTESIAN_POINT('',(-0.0158451646223342,-0.050997,-0.01));
#4891=CARTESIAN_POINT('',(-0.0532799044430256,-0.050997,-0.01));
#4892=CARTESIAN_POINT('',(-0.0904470915827431,-0.050997,-0.01));
#4893=CARTESIAN_POINT('',(-0.0904470915827431,-0.048947,-0.01));
#4894=CARTESIAN_POINT('',(-0.0922329153848932,-0.0499536445984924,-0.01));
#4895=CARTESIAN_POINT('',(-0.0941935983762029,-0.0464753222992462,-0.01));
#4896=CARTESIAN_POINT('',(-0.0961542813675126,-0.042997,-0.01));
#4897=CARTESIAN_POINT('',(-0.1001228,-0.045234,-0.01));
#4898=CARTESIAN_POINT('',(-0.104154281367513,-0.043112569558105,-0.01));
#4899=CARTESIAN_POINT('',(-0.105940540111458,-0.0465071040672534,-0.01));
#4900=CARTESIAN_POINT('',(-0.107726798855403,-0.0499016385764019,-0.01));
#4901=CARTESIAN_POINT('',(-0.109540955736283,-0.048947,-0.01));
#4902=CARTESIAN_POINT('',(-0.109540955736283,-0.050997,-0.01));
#4903=CARTESIAN_POINT('',(-0.0532799044430256,-0.050997,-0.01));
#4904=CARTESIAN_POINT('',(-0.18718222,-0.050997,-0.01));
#4905=CARTESIAN_POINT('',(-0.18718222,-0.048947,-0.01));
#4906=CARTESIAN_POINT('',(-0.18923222,-0.048947,-0.01));
#4907=CARTESIAN_POINT('',(-0.18923222,-0.0470905,-0.01));
#4908=CARTESIAN_POINT('',(-0.18923222,-0.045234,-0.01));
#4909=CARTESIAN_POINT('',(-0.1937878,-0.045234,-0.01));
#4910=CARTESIAN_POINT('',(-0.1937878,-0.04067842,-0.01));
#4911=CARTESIAN_POINT('',(-0.1956443,-0.04067842,-0.01));
#4912=CARTESIAN_POINT('',(-0.1975008,-0.04067842,-0.01));
#4913=CARTESIAN_POINT('',(-0.1975008,-0.03862842,-0.01));
#4914=CARTESIAN_POINT('',(-0.1995508,-0.03862842,-0.01));
#4915=CARTESIAN_POINT('',(-0.1995508,0.008343625,-0.01));
#4916=CARTESIAN_POINT('',(-0.1995508,0.0553156652853011,-0.01));
#4917=CARTESIAN_POINT('',(-0.1975008,0.0553156652853011,-0.01));
#4918=CARTESIAN_POINT('',(-0.0532799044430256,0.07368425,-0.03));
#4919=CARTESIAN_POINT('',(0.0871613446583207,0.07368425,-0.03));
#4920=CARTESIAN_POINT('',(0.0871613446583206,0.0736821622256626,-0.0229998776007127));
#4921=CARTESIAN_POINT('',(0.3654492,0.07368425,-0.0230000417241378));
#4922=CARTESIAN_POINT('',(-0.193721153544372,0.0736824668289119,-0.0229998855825027));
#4923=CARTESIAN_POINT('',(-0.193721153544372,0.07368425,-0.03));
#4924=CARTESIAN_POINT('',(-0.0532799044430256,-0.056997,-0.03));
#4925=CARTESIAN_POINT('',(0.3654492,-0.056997,-0.0161513276177057));
#4926=CARTESIAN_POINT('',(0.0871613446583207,-0.0569991728358172,-0.0161511402945483));
#4927=CARTESIAN_POINT('',(-0.193721153544372,-0.0569991728358172,-0.0161511402945483));
#4928=CARTESIAN_POINT('',(0.0871613446583206,-0.056997,-0.03));
#4929=CARTESIAN_POINT('',(-0.193721153544372,-0.056997,-0.03));
#4930=CARTESIAN_POINT('',(-0.193721153544372,0.0618546035443718,-0.03));
#4931=CARTESIAN_POINT('',(-0.2055508,0.0618546035443718,-0.03));
#4932=CARTESIAN_POINT('',(-0.2055508,0.0618546035443719,-0.0223800762236948));
#4933=CARTESIAN_POINT('',(0.3654492,0.0736800744513252,-0.0229998228929044));
#4934=CARTESIAN_POINT('',(-0.194035435414605,0.0736800744513252,-0.0229998228929044));
#4935=CARTESIAN_POINT('',(-0.193721153544372,0.0618546035443718,-0.0223800762236948));
#4936=CARTESIAN_POINT('',(-0.2055508,0.008343625,-0.03));
#4937=CARTESIAN_POINT('',(-0.2055508,0.00833904930479868,-0.0195754448688975));
#4938=CARTESIAN_POINT('',(-0.2055508,-0.0451673535443719,-0.0167712931181487));
#4939=CARTESIAN_POINT('',(-0.2055508,-0.0451673535443719,-0.03));
#4940=CARTESIAN_POINT('',(-0.193721153544372,-0.0451673535443719,-0.03));
#4941=CARTESIAN_POINT('',(-0.193721153544372,-0.0451673535443719,-0.0167712931181487));
#4942=CARTESIAN_POINT('',(0.0871613446583206,-0.0451673535443718,-0.03));
#4943=CARTESIAN_POINT('',(0.0871613446583206,-0.0451673535443718,-0.0167712931181487));
#4944=CARTESIAN_POINT('',(0.0989909911139488,-0.0451673535443718,-0.0167712931181487));
#4945=CARTESIAN_POINT('',(0.0989909911139488,-0.0451673535443718,-0.03));
#4946=CARTESIAN_POINT('',(0.0989909911139488,0.008343625,-0.03));
#4947=CARTESIAN_POINT('',(0.0989909911139488,-0.0421673535443718,-0.0129230270720062));
#4948=CARTESIAN_POINT('',(0.0989909911139488,-0.0421673535443718,-0.0144730270720062));
#4949=CARTESIAN_POINT('',(0.0989909911139488,0.01,-0.01565700222234));
#4950=CARTESIAN_POINT('',(0.0989909911139488,0.01,-0.01720700222234));
#4951=CARTESIAN_POINT('',(0.0989909911139488,0.0588546035443718,-0.018217363501854));
#4952=CARTESIAN_POINT('',(0.0989909911139488,0.0588546035443718,-0.019767363501854));
#4953=CARTESIAN_POINT('',(0.0989909911139488,0.00888844383098302,-0.0196042374159651));
#4954=CARTESIAN_POINT('',(0.0989909911139488,0.0618546035443718,-0.0223800762236948));
#4955=CARTESIAN_POINT('',(0.0989909911139488,0.0618546035443718,-0.03));
#4956=CARTESIAN_POINT('',(0.0871613446583206,0.0618546035443718,-0.03));
#4957=CARTESIAN_POINT('',(0.0871613446583206,0.0618546035443718,-0.0223800762236948));
#4958=CARTESIAN_POINT('',(0.0874756265285525,0.0736800744513252,-0.0229998228929044));
#4959=CARTESIAN_POINT('',(0.3654492,0.0736800744513252,-0.0229998228929044));
#4960=CARTESIAN_POINT('',(0.3654492,0.00833904930479868,-0.0195754448688975));
#4961=CARTESIAN_POINT('',(0.0872279911139488,0.06192125,-0.0135));
#4962=CARTESIAN_POINT('',(0.0872279911139488,0.06192125,-0.0135));
#4963=CARTESIAN_POINT('',(0.0888279911139488,0.06192125,-0.0135));
#4964=CARTESIAN_POINT('',(-0.00034142500000009,0.008343625,-0.0135));
#4965=CARTESIAN_POINT('',(-0.00642700888605118,-0.045234,-0.0135));
#4966=CARTESIAN_POINT('',(-0.00642700888605118,-0.045234,-0.0135));
#4967=CARTESIAN_POINT('',(-0.00482700888605118,-0.045234,-0.0135));
#4968=CARTESIAN_POINT('',(-0.00034142500000009,0.008343625,-0.0135));
#4969=CARTESIAN_POINT('',(-0.1001228,-0.045234,-0.0135));
#4970=CARTESIAN_POINT('',(-0.1001228,-0.045234,-0.0135));
#4971=CARTESIAN_POINT('',(-0.0985228,-0.045234,-0.0135));
#4972=CARTESIAN_POINT('',(-0.00034142500000009,0.008343625,-0.0135));
#4973=CARTESIAN_POINT('',(-0.1937878,-0.045234,-0.0135));
#4974=CARTESIAN_POINT('',(-0.1937878,-0.045234,-0.0135));
#4975=CARTESIAN_POINT('',(-0.1921878,-0.045234,-0.0135));
#4976=CARTESIAN_POINT('',(-0.00034142500000009,0.008343625,-0.0135));
#4977=CARTESIAN_POINT('',(0.0872279911139488,-0.045234,-0.0135));
#4978=CARTESIAN_POINT('',(0.0872279911139488,-0.045234,-0.0135));
#4979=CARTESIAN_POINT('',(0.0888279911139488,-0.045234,-0.0135));
#4980=CARTESIAN_POINT('',(-0.00034142500000009,0.008343625,-0.0135));
#4981=CARTESIAN_POINT('',(-0.00642700888605118,0.06192125,-0.0135));
#4982=CARTESIAN_POINT('',(-0.00642700888605118,0.06192125,-0.0135));
#4983=CARTESIAN_POINT('',(-0.00482700888605118,0.06192125,-0.0135));
#4984=CARTESIAN_POINT('',(-0.00034142500000009,0.008343625,-0.0135));
#4985=CARTESIAN_POINT('',(-0.1001228,0.06192125,-0.0135));
#4986=CARTESIAN_POINT('',(-0.1001228,0.06192125,-0.0135));
#4987=CARTESIAN_POINT('',(-0.0985228,0.06192125,-0.0135));
#4988=CARTESIAN_POINT('',(-0.00034142500000009,0.008343625,-0.0135));
#4989=CARTESIAN_POINT('',(-0.1937878,0.06192125,-0.0135));
#4990=CARTESIAN_POINT('',(-0.1937878,0.06192125,-0.0135));
#4991=CARTESIAN_POINT('',(-0.1921878,0.06192125,-0.0135));
#4992=CARTESIAN_POINT('',(-0.00034142500000009,0.008343625,-0.0135));
#4993=CARTESIAN_POINT('',(-0.1956443,0.0573656652853011,-0.012));
#4994=CARTESIAN_POINT('',(-0.1975008,0.0573656652853011,-0.012));
#4995=CARTESIAN_POINT('',(-0.1975008,0.0573656652853011,-0.012));
#4996=CARTESIAN_POINT('',(-0.1956443,0.0573656652853011,-0.012));
#4997=CARTESIAN_POINT('',(-0.1937878,0.0573656652853011,-0.012));
#4998=CARTESIAN_POINT('',(-0.1937878,0.0573656652853011,-0.012));
#4999=CARTESIAN_POINT('',(-0.1975008,0.0553156652853011,-0.012));
#5000=CARTESIAN_POINT('',(-0.1995508,0.0553156652853011,-0.012));
#5001=CARTESIAN_POINT('',(-0.1995508,0.0553156652853011,-0.012));
#5002=CARTESIAN_POINT('',(-0.1975008,0.0553156652853011,-0.012));
#5003=CARTESIAN_POINT('',(-0.1995508,0.008343625,-0.012));
#5004=CARTESIAN_POINT('',(-0.1995508,-0.03862842,-0.012));
#5005=CARTESIAN_POINT('',(-0.1995508,-0.03862842,-0.012));
#5006=CARTESIAN_POINT('',(-0.1995508,0.008343625,-0.012));
#5007=CARTESIAN_POINT('',(-0.1975008,-0.03862842,-0.012));
#5008=CARTESIAN_POINT('',(-0.1975008,-0.04067842,-0.012));
#5009=CARTESIAN_POINT('',(-0.1975008,-0.04067842,-0.012));
#5010=CARTESIAN_POINT('',(-0.1975008,-0.03862842,-0.012));
#5011=CARTESIAN_POINT('',(-0.1956443,-0.04067842,-0.012));
#5012=CARTESIAN_POINT('',(-0.1937878,-0.04067842,-0.012));
#5013=CARTESIAN_POINT('',(-0.1937878,-0.04067842,-0.012));
#5014=CARTESIAN_POINT('',(-0.1956443,-0.04067842,-0.012));
#5015=CARTESIAN_POINT('',(-0.1937878,-0.045234,-0.012));
#5016=CARTESIAN_POINT('',(-0.18923222,-0.045234,-0.012));
#5017=CARTESIAN_POINT('',(-0.18923222,-0.045234,-0.012));
#5018=CARTESIAN_POINT('',(-0.1937878,-0.045234,-0.012));
#5019=CARTESIAN_POINT('',(-0.18923222,-0.0470905,-0.012));
#5020=CARTESIAN_POINT('',(-0.18923222,-0.048947,-0.012));
#5021=CARTESIAN_POINT('',(-0.18923222,-0.048947,-0.012));
#5022=CARTESIAN_POINT('',(-0.18923222,-0.0470905,-0.012));
#5023=CARTESIAN_POINT('',(-0.18718222,-0.048947,-0.012));
#5024=CARTESIAN_POINT('',(-0.18718222,-0.050997,-0.012));
#5025=CARTESIAN_POINT('',(-0.18718222,-0.050997,-0.012));
#5026=CARTESIAN_POINT('',(-0.18718222,-0.048947,-0.012));
#5027=CARTESIAN_POINT('',(-0.0532799044430256,-0.050997,-0.012));
#5028=CARTESIAN_POINT('',(-0.109540955736283,-0.050997,-0.012));
#5029=CARTESIAN_POINT('',(-0.109540955736283,-0.050997,-0.012));
#5030=CARTESIAN_POINT('',(-0.0532799044430256,-0.050997,-0.012));
#5031=CARTESIAN_POINT('',(-0.109540955736283,-0.048947,-0.012));
#5032=CARTESIAN_POINT('',(-0.107726798855403,-0.0499016385764019,-0.012));
#5033=CARTESIAN_POINT('',(-0.107726798855403,-0.0499016385764019,-0.012));
#5034=CARTESIAN_POINT('',(-0.109540955736283,-0.048947,-0.012));
#5035=CARTESIAN_POINT('',(-0.105940540111458,-0.0465071040672534,-0.012));
#5036=CARTESIAN_POINT('',(-0.104154281367513,-0.043112569558105,-0.012));
#5037=CARTESIAN_POINT('',(-0.104154281367513,-0.043112569558105,-0.012));
#5038=CARTESIAN_POINT('',(-0.105940540111458,-0.0465071040672534,-0.012));
#5039=CARTESIAN_POINT('',(-0.1001228,-0.045234,-0.012));
#5040=CARTESIAN_POINT('',(-0.0961542813675126,-0.042997,-0.012));
#5041=CARTESIAN_POINT('',(-0.0961542813675126,-0.042997,-0.012));
#5042=CARTESIAN_POINT('',(-0.1001228,-0.045234,-0.012));
#5043=CARTESIAN_POINT('',(-0.0941935983762029,-0.0464753222992462,-0.012));
#5044=CARTESIAN_POINT('',(-0.0922329153848932,-0.0499536445984924,-0.012));
#5045=CARTESIAN_POINT('',(-0.0922329153848932,-0.0499536445984924,-0.012));
#5046=CARTESIAN_POINT('',(-0.0941935983762029,-0.0464753222992462,-0.012));
#5047=CARTESIAN_POINT('',(-0.0904470915827431,-0.048947,-0.012));
#5048=CARTESIAN_POINT('',(-0.0904470915827431,-0.050997,-0.012));
#5049=CARTESIAN_POINT('',(-0.0904470915827431,-0.050997,-0.012));
#5050=CARTESIAN_POINT('',(-0.0904470915827431,-0.048947,-0.012));
#5051=CARTESIAN_POINT('',(-0.0532799044430256,-0.050997,-0.012));
#5052=CARTESIAN_POINT('',(-0.0158451646223342,-0.050997,-0.012));
#5053=CARTESIAN_POINT('',(-0.0158451646223342,-0.050997,-0.012));
#5054=CARTESIAN_POINT('',(-0.0532799044430256,-0.050997,-0.012));
#5055=CARTESIAN_POINT('',(-0.0158451646223342,-0.048947,-0.012));
#5056=CARTESIAN_POINT('',(-0.0140310077414538,-0.0499016385764019,-0.012));
#5057=CARTESIAN_POINT('',(-0.0140310077414538,-0.0499016385764019,-0.012));
#5058=CARTESIAN_POINT('',(-0.0158451646223342,-0.048947,-0.012));
#5059=CARTESIAN_POINT('',(-0.0122447489975088,-0.0465071040672534,-0.012));
#5060=CARTESIAN_POINT('',(-0.0104584902535637,-0.043112569558105,-0.012));
#5061=CARTESIAN_POINT('',(-0.0104584902535637,-0.043112569558105,-0.012));
#5062=CARTESIAN_POINT('',(-0.0122447489975088,-0.0465071040672534,-0.012));
#5063=CARTESIAN_POINT('',(-0.00642700888605117,-0.045234,-0.012));
#5064=CARTESIAN_POINT('',(-0.00245849025356374,-0.042997,-0.012));
#5065=CARTESIAN_POINT('',(-0.00245849025356374,-0.042997,-0.012));
#5066=CARTESIAN_POINT('',(-0.00642700888605117,-0.045234,-0.012));
#5067=CARTESIAN_POINT('',(-0.000497807262254028,-0.0464753222992462,-0.012));
#5068=CARTESIAN_POINT('',(0.00146287572905568,-0.0499536445984924,-0.012));
#5069=CARTESIAN_POINT('',(0.00146287572905568,-0.0499536445984924,-0.012));
#5070=CARTESIAN_POINT('',(-0.000497807262254028,-0.0464753222992462,-0.012));
#5071=CARTESIAN_POINT('',(0.00324869953120585,-0.048947,-0.012));
#5072=CARTESIAN_POINT('',(0.00324869953120585,-0.050997,-0.012));
#5073=CARTESIAN_POINT('',(0.00324869953120585,-0.050997,-0.012));
#5074=CARTESIAN_POINT('',(0.00324869953120585,-0.048947,-0.012));
#5075=CARTESIAN_POINT('',(-0.0532799044430256,-0.050997,-0.012));
#5076=CARTESIAN_POINT('',(0.0806224111139488,-0.050997,-0.012));
#5077=CARTESIAN_POINT('',(0.0806224111139488,-0.050997,-0.012));
#5078=CARTESIAN_POINT('',(-0.0532799044430256,-0.050997,-0.012));
#5079=CARTESIAN_POINT('',(0.0806224111139488,-0.048947,-0.012));
#5080=CARTESIAN_POINT('',(0.0826724111139488,-0.048947,-0.012));
#5081=CARTESIAN_POINT('',(0.0826724111139488,-0.048947,-0.012));
#5082=CARTESIAN_POINT('',(0.0806224111139488,-0.048947,-0.012));
#5083=CARTESIAN_POINT('',(0.0826724111139488,-0.0470905,-0.012));
#5084=CARTESIAN_POINT('',(0.0826724111139488,-0.045234,-0.012));
#5085=CARTESIAN_POINT('',(0.0826724111139488,-0.045234,-0.012));
#5086=CARTESIAN_POINT('',(0.0826724111139488,-0.0470905,-0.012));
#5087=CARTESIAN_POINT('',(0.0872279911139488,-0.045234,-0.012));
#5088=CARTESIAN_POINT('',(0.0872279911139488,-0.04067842,-0.012));
#5089=CARTESIAN_POINT('',(0.0872279911139488,-0.04067842,-0.012));
#5090=CARTESIAN_POINT('',(0.0872279911139488,-0.045234,-0.012));
#5091=CARTESIAN_POINT('',(0.0890844911139488,-0.04067842,-0.012));
#5092=CARTESIAN_POINT('',(0.0909409911139488,-0.04067842,-0.012));
#5093=CARTESIAN_POINT('',(0.0909409911139488,-0.04067842,-0.012));
#5094=CARTESIAN_POINT('',(0.0890844911139488,-0.04067842,-0.012));
#5095=CARTESIAN_POINT('',(0.0909409911139488,-0.03862842,-0.012));
#5096=CARTESIAN_POINT('',(0.0929909911139488,-0.03862842,-0.012));
#5097=CARTESIAN_POINT('',(0.0929909911139488,-0.03862842,-0.012));
#5098=CARTESIAN_POINT('',(0.0909409911139488,-0.03862842,-0.012));
#5099=CARTESIAN_POINT('',(0.0929909911139488,0.008343625,-0.012));
#5100=CARTESIAN_POINT('',(0.0929909911139488,0.05531567,-0.012));
#5101=CARTESIAN_POINT('',(0.0929909911139488,0.05531567,-0.012));
#5102=CARTESIAN_POINT('',(0.0929909911139488,0.008343625,-0.012));
#5103=CARTESIAN_POINT('',(0.0909409911139488,0.05531567,-0.012));
#5104=CARTESIAN_POINT('',(0.0909409911139488,0.05736567,-0.012));
#5105=CARTESIAN_POINT('',(0.0909409911139488,0.05736567,-0.012));
#5106=CARTESIAN_POINT('',(0.0909409911139488,0.05531567,-0.012));
#5107=CARTESIAN_POINT('',(0.0890844911139488,0.05736567,-0.012));
#5108=CARTESIAN_POINT('',(0.0872279911139488,0.05736567,-0.012));
#5109=CARTESIAN_POINT('',(0.0872279911139488,0.05736567,-0.012));
#5110=CARTESIAN_POINT('',(0.0890844911139488,0.05736567,-0.012));
#5111=CARTESIAN_POINT('',(0.0872279911139488,0.06192125,-0.012));
#5112=CARTESIAN_POINT('',(0.0826724111139488,0.06192125,-0.012));
#5113=CARTESIAN_POINT('',(0.0826724111139488,0.06192125,-0.012));
#5114=CARTESIAN_POINT('',(0.0872279911139488,0.06192125,-0.012));
#5115=CARTESIAN_POINT('',(0.0826724111139488,0.06377775,-0.012));
#5116=CARTESIAN_POINT('',(0.0826724111139488,0.06563425,-0.012));
#5117=CARTESIAN_POINT('',(0.0826724111139488,0.06563425,-0.012));
#5118=CARTESIAN_POINT('',(0.0826724111139488,0.06377775,-0.012));
#5119=CARTESIAN_POINT('',(0.0806224111139488,0.06563425,-0.012));
#5120=CARTESIAN_POINT('',(0.0806224111139488,0.06768425,-0.012));
#5121=CARTESIAN_POINT('',(0.0806224111139488,0.06768425,-0.012));
#5122=CARTESIAN_POINT('',(0.0806224111139488,0.06563425,-0.012));
#5123=CARTESIAN_POINT('',(-0.0532799044430256,0.06768425,-0.012));
#5124=CARTESIAN_POINT('',(0.00324869953120583,0.06768425,-0.012));
#5125=CARTESIAN_POINT('',(0.00324869953120583,0.06768425,-0.012));
#5126=CARTESIAN_POINT('',(-0.0532799044430256,0.06768425,-0.012));
#5127=CARTESIAN_POINT('',(0.00324869953120583,0.06563425,-0.012));
#5128=CARTESIAN_POINT('',(0.00146287572905565,0.0666408945984924,-0.012));
#5129=CARTESIAN_POINT('',(0.00146287572905565,0.0666408945984924,-0.012));
#5130=CARTESIAN_POINT('',(0.00324869953120583,0.06563425,-0.012));
#5131=CARTESIAN_POINT('',(-0.00049780726225404,0.0631625722992462,-0.012));
#5132=CARTESIAN_POINT('',(-0.00245849025356373,0.05968425,-0.012));
#5133=CARTESIAN_POINT('',(-0.00245849025356373,0.05968425,-0.012));
#5134=CARTESIAN_POINT('',(-0.00049780726225404,0.0631625722992462,-0.012));
#5135=CARTESIAN_POINT('',(-0.00642700888605118,0.06192125,-0.012));
#5136=CARTESIAN_POINT('',(-0.0104584902535637,0.0597998195581049,-0.012));
#5137=CARTESIAN_POINT('',(-0.0104584902535637,0.0597998195581049,-0.012));
#5138=CARTESIAN_POINT('',(-0.00642700888605118,0.06192125,-0.012));
#5139=CARTESIAN_POINT('',(-0.0122447489975088,0.0631943540672534,-0.012));
#5140=CARTESIAN_POINT('',(-0.0140310077414538,0.0665888885764019,-0.012));
#5141=CARTESIAN_POINT('',(-0.0140310077414538,0.0665888885764019,-0.012));
#5142=CARTESIAN_POINT('',(-0.0122447489975088,0.0631943540672534,-0.012));
#5143=CARTESIAN_POINT('',(-0.0158451646223342,0.06563425,-0.012));
#5144=CARTESIAN_POINT('',(-0.0158451646223342,0.06768425,-0.012));
#5145=CARTESIAN_POINT('',(-0.0158451646223342,0.06768425,-0.012));
#5146=CARTESIAN_POINT('',(-0.0158451646223342,0.06563425,-0.012));
#5147=CARTESIAN_POINT('',(-0.0532799044430256,0.06768425,-0.012));
#5148=CARTESIAN_POINT('',(-0.0904470915827431,0.06768425,-0.012));
#5149=CARTESIAN_POINT('',(-0.0904470915827431,0.06768425,-0.012));
#5150=CARTESIAN_POINT('',(-0.0532799044430256,0.06768425,-0.012));
#5151=CARTESIAN_POINT('',(-0.0904470915827431,0.06563425,-0.012));
#5152=CARTESIAN_POINT('',(-0.0922329153848932,0.0666408945984924,-0.012));
#5153=CARTESIAN_POINT('',(-0.0922329153848932,0.0666408945984924,-0.012));
#5154=CARTESIAN_POINT('',(-0.0904470915827431,0.06563425,-0.012));
#5155=CARTESIAN_POINT('',(-0.0941935983762029,0.0631625722992462,-0.012));
#5156=CARTESIAN_POINT('',(-0.0961542813675126,0.05968425,-0.012));
#5157=CARTESIAN_POINT('',(-0.0961542813675126,0.05968425,-0.012));
#5158=CARTESIAN_POINT('',(-0.0941935983762029,0.0631625722992462,-0.012));
#5159=CARTESIAN_POINT('',(-0.1001228,0.06192125,-0.012));
#5160=CARTESIAN_POINT('',(-0.104154281367513,0.059799819558105,-0.012));
#5161=CARTESIAN_POINT('',(-0.104154281367513,0.059799819558105,-0.012));
#5162=CARTESIAN_POINT('',(-0.1001228,0.06192125,-0.012));
#5163=CARTESIAN_POINT('',(-0.105940540111458,0.0631943540672534,-0.012));
#5164=CARTESIAN_POINT('',(-0.107726798855403,0.0665888885764019,-0.012));
#5165=CARTESIAN_POINT('',(-0.107726798855403,0.0665888885764019,-0.012));
#5166=CARTESIAN_POINT('',(-0.105940540111458,0.0631943540672534,-0.012));
#5167=CARTESIAN_POINT('',(-0.109540955736283,0.06563425,-0.012));
#5168=CARTESIAN_POINT('',(-0.109540955736283,0.06768425,-0.012));
#5169=CARTESIAN_POINT('',(-0.109540955736283,0.06768425,-0.012));
#5170=CARTESIAN_POINT('',(-0.109540955736283,0.06563425,-0.012));
#5171=CARTESIAN_POINT('',(-0.0532799044430256,0.06768425,-0.012));
#5172=CARTESIAN_POINT('',(-0.187182215285301,0.06768425,-0.012));
#5173=CARTESIAN_POINT('',(-0.187182215285301,0.06768425,-0.012));
#5174=CARTESIAN_POINT('',(-0.0532799044430256,0.06768425,-0.012));
#5175=CARTESIAN_POINT('',(-0.187182215285301,0.06563425,-0.012));
#5176=CARTESIAN_POINT('',(-0.189232215285301,0.06563425,-0.012));
#5177=CARTESIAN_POINT('',(-0.189232215285301,0.06563425,-0.012));
#5178=CARTESIAN_POINT('',(-0.187182215285301,0.06563425,-0.012));
#5179=CARTESIAN_POINT('',(-0.189232215285301,0.06377775,-0.012));
#5180=CARTESIAN_POINT('',(-0.189232215285301,0.06192125,-0.012));
#5181=CARTESIAN_POINT('',(-0.189232215285301,0.06192125,-0.012));
#5182=CARTESIAN_POINT('',(-0.189232215285301,0.06377775,-0.012));
#5183=CARTESIAN_POINT('',(-0.1937878,0.06192125,-0.012));
#5184=CARTESIAN_POINT('',(-0.1937878,0.06192125,-0.012));
#5185=CARTESIAN_POINT('',(-0.00034142500000009,0.008343625,-0.012));
#5186=CARTESIAN_POINT('',(0.0958909911139488,0.0588546035443718,-0.018217363501854));
#5187=CARTESIAN_POINT('',(0.0958909911139488,0.0588546035443718,-0.018217363501854));
#5188=CARTESIAN_POINT('',(0.0958909911139488,0.0588546035443718,-0.019767363501854));
#5189=CARTESIAN_POINT('',(0.0958909911139488,0.008343625,-0.00913118175092697));
#5190=CARTESIAN_POINT('',(0.0958909911139488,0.01,-0.01565700222234));
#5191=CARTESIAN_POINT('',(0.0958909911139488,0.01,-0.01565700222234));
#5192=CARTESIAN_POINT('',(0.0958909911139488,0.01,-0.01720700222234));
#5193=CARTESIAN_POINT('',(0.0958909911139488,0.008343625,-0.00913118175092697));
#5194=CARTESIAN_POINT('',(0.0958909911139488,-0.0421673535443718,-0.0129230270720062));
#5195=CARTESIAN_POINT('',(0.0958909911139488,-0.0421673535443718,-0.0129230270720062));
#5196=CARTESIAN_POINT('',(0.0958909911139488,-0.0421673535443718,-0.0144730270720062));
#5197=CARTESIAN_POINT('',(0.0958909911139488,0.008343625,-0.00913118175092697));
#5198=CARTESIAN_POINT('',(0.,0.,0.));
#5199=CARTESIAN_POINT('',(-0.000366425000000087,0.008343625,0.0015));
#5200=CARTESIAN_POINT('',(0.0959909911139488,0.035,0.0015));
#5201=CARTESIAN_POINT('',(0.0975259911139488,0.035,0.0015));
#5202=CARTESIAN_POINT('',(0.0617140358517788,-0.053997,0.0015));
#5203=CARTESIAN_POINT('',(0.0632490358517788,-0.053997,0.0015));
#5204=CARTESIAN_POINT('',(-0.0149492941482212,-0.053997,0.0015));
#5205=CARTESIAN_POINT('',(-0.0134142941482212,-0.053997,0.0015));
#5206=CARTESIAN_POINT('',(-0.08964375,-0.053997,0.0015));
#5207=CARTESIAN_POINT('',(-0.08810875,-0.053997,0.0015));
#5208=CARTESIAN_POINT('',(-0.09160751173783,0.07068425,0.0015));
#5209=CARTESIAN_POINT('',(-0.09007251173783,0.07068425,0.0015));
#5210=CARTESIAN_POINT('',(-0.0149492941482212,0.0710620656609535,0.0015));
#5211=CARTESIAN_POINT('',(-0.0134142941482212,0.0710620656609535,0.0015));
#5212=CARTESIAN_POINT('',(-0.168225,-0.053997,0.0015));
#5213=CARTESIAN_POINT('',(-0.16669,-0.053997,0.0015));
#5214=CARTESIAN_POINT('',(-0.2025508,-0.02,0.0015));
#5215=CARTESIAN_POINT('',(-0.2010158,-0.02,0.0015));
#5216=CARTESIAN_POINT('',(-0.2025508,0.035,0.0015));
#5217=CARTESIAN_POINT('',(-0.2010158,0.035,0.0015));
#5218=CARTESIAN_POINT('',(0.0959909911139488,-0.02,0.0015));
#5219=CARTESIAN_POINT('',(0.0975259911139488,-0.02,0.0015));
#5220=CARTESIAN_POINT('',(-0.16827384473783,0.07068425,0.0015));
#5221=CARTESIAN_POINT('',(-0.16673884473783,0.07068425,0.0015));
#5222=CARTESIAN_POINT('',(-0.19327384473783,0.06140729473783,0.0015));
#5223=CARTESIAN_POINT('',(-0.19327384473783,0.06768425,0.0015));
#5224=CARTESIAN_POINT('',(-0.1995508,0.06140729473783,0.0015));
#5225=CARTESIAN_POINT('',(-0.0532799044430256,0.06768425,0.0015));
#5226=CARTESIAN_POINT('',(0.0867140358517788,0.06768425,0.0015));
#5227=CARTESIAN_POINT('',(0.0867140358517788,0.06140729473783,0.0015));
#5228=CARTESIAN_POINT('',(0.0929909911139488,0.06140729473783,0.0015));
#5229=CARTESIAN_POINT('',(0.0929909911139488,0.008343625,0.0015));
#5230=CARTESIAN_POINT('',(0.0929909911139488,-0.04472004473783,0.0015));
#5231=CARTESIAN_POINT('',(0.0867140358517788,-0.04472004473783,0.0015));
#5232=CARTESIAN_POINT('',(0.0867140358517788,-0.050997,0.0015));
#5233=CARTESIAN_POINT('',(-0.0532799044430256,-0.050997,0.0015));
#5234=CARTESIAN_POINT('',(-0.19327384473783,-0.050997,0.0015));
#5235=CARTESIAN_POINT('',(-0.19327384473783,-0.04472004473783,0.0015));
#5236=CARTESIAN_POINT('',(-0.1995508,-0.04472004473783,0.0015));
#5237=CARTESIAN_POINT('',(-0.1995508,0.008343625,0.0015));
#5238=CARTESIAN_POINT('',(-0.0532799044430256,0.07368425,0.0015));
#5239=CARTESIAN_POINT('',(-0.193721153544372,0.07368425,0.0015));
#5240=CARTESIAN_POINT('',(0.0871613446583207,0.07368425,0.0015));
#5241=CARTESIAN_POINT('',(-0.193721153544372,0.07368425,0.0015));
#5242=CARTESIAN_POINT('',(-0.194505416899802,0.07368425,0.0015));
#5243=CARTESIAN_POINT('',(-0.19603984436227,0.0735355475795293,0.0015));
#5244=CARTESIAN_POINT('',(-0.199024352427792,0.0726268056654961,0.0015));
#5245=CARTESIAN_POINT('',(-0.202304055143682,0.0704375878364593,0.0015));
#5246=CARTESIAN_POINT('',(-0.204493366002094,0.067157564686056,0.0015));
#5247=CARTESIAN_POINT('',(-0.20540209551221,0.0641737057588389,0.0015));
#5248=CARTESIAN_POINT('',(-0.2055508,0.0626390488239127,0.0015));
#5249=CARTESIAN_POINT('',(-0.2055508,0.0618546035443719,0.0015));
#5250=CARTESIAN_POINT('',(-0.2055508,0.0618546035443718,0.0015));
#5251=CARTESIAN_POINT('',(-0.2055508,0.008343625,0.0015));
#5252=CARTESIAN_POINT('',(-0.2055508,-0.0451673535443719,0.0015));
#5253=CARTESIAN_POINT('',(-0.2055508,-0.0451673535443718,0.0015));
#5254=CARTESIAN_POINT('',(-0.2055508,-0.0459516168998474,0.0015));
#5255=CARTESIAN_POINT('',(-0.205402097579529,-0.047486044362373,0.0015));
#5256=CARTESIAN_POINT('',(-0.204493355665498,-0.0504705524277322,0.0015));
#5257=CARTESIAN_POINT('',(-0.20230413783645,-0.0537502551437022,0.0015));
#5258=CARTESIAN_POINT('',(-0.199024114686083,-0.0559395660020908,0.0015));
#5259=CARTESIAN_POINT('',(-0.196040255758792,-0.0568482955122104,0.0015));
#5260=CARTESIAN_POINT('',(-0.194505598823892,-0.056997,0.0015));
#5261=CARTESIAN_POINT('',(-0.193721153544372,-0.056997,0.0015));
#5262=CARTESIAN_POINT('',(-0.193721153544372,-0.056997,0.0015));
#5263=CARTESIAN_POINT('',(-0.0532799044430256,-0.056997,0.0015));
#5264=CARTESIAN_POINT('',(0.0871613446583207,-0.056997,0.0015));
#5265=CARTESIAN_POINT('',(0.0871613446583206,-0.056997,0.0015));
#5266=CARTESIAN_POINT('',(0.0879456080137962,-0.056997,0.0015));
#5267=CARTESIAN_POINT('',(0.0894800354763218,-0.0568482975795292,0.0015));
#5268=CARTESIAN_POINT('',(0.092464543541681,-0.0559395556654966,0.0015));
#5269=CARTESIAN_POINT('',(0.095744246257651,-0.0537503378364545,0.0015));
#5270=CARTESIAN_POINT('',(0.0979335571160396,-0.0504703146860695,0.0015));
#5271=CARTESIAN_POINT('',(0.0988422866261592,-0.0474864557588153,0.0015));
#5272=CARTESIAN_POINT('',(0.0989909911139488,-0.0459517988239023,0.0015));
#5273=CARTESIAN_POINT('',(0.0989909911139488,-0.0451673535443718,0.0015));
#5274=CARTESIAN_POINT('',(0.0989909911139488,-0.0451673535443718,0.0015));
#5275=CARTESIAN_POINT('',(0.0989909911139488,0.008343625,0.0015));
#5276=CARTESIAN_POINT('',(0.0989909911139488,0.0618546035443718,0.0015));
#5277=CARTESIAN_POINT('',(0.0989909911139488,0.0618546035443719,0.0015));
#5278=CARTESIAN_POINT('',(0.0989909911139488,0.0626388668998474,0.0015));
#5279=CARTESIAN_POINT('',(0.0988422886934783,0.064173294362373,0.0015));
#5280=CARTESIAN_POINT('',(0.0979335467794441,0.0671578024277323,0.0015));
#5281=CARTESIAN_POINT('',(0.0957443289504146,0.0704375051437021,0.0015));
#5282=CARTESIAN_POINT('',(0.0924643057999856,0.0726268160020908,0.0015));
#5283=CARTESIAN_POINT('',(0.0894804468728208,0.0735355455122104,0.0015));
#5284=CARTESIAN_POINT('',(0.0879457899378761,0.07368425,0.0015));
#5285=CARTESIAN_POINT('',(0.0871613446583206,0.07368425,0.0015));
#5286=CARTESIAN_POINT('',(0.0617140358517788,0.07068425,0.0015));
#5287=CARTESIAN_POINT('',(0.0632490358517788,0.07068425,0.0015));
#5288=CARTESIAN_POINT('',(0.0929909911139488,-0.012478,-0.00520155));
#5289=CARTESIAN_POINT('',(0.0929909911139488,-0.00859242,-0.00520155));
#5290=CARTESIAN_POINT('',(0.0929909911139488,-0.00859242,-0.00520155));
#5291=CARTESIAN_POINT('',(0.0954909911139488,-0.00859242,-0.00520155));
#5292=CARTESIAN_POINT('',(0.0954909911139488,-0.012478,-0.00520155));
#5293=CARTESIAN_POINT('',(0.0954909911139488,-0.01636358,-0.00520155));
#5294=CARTESIAN_POINT('',(0.0929909911139488,-0.01636358,-0.00520155));
#5295=CARTESIAN_POINT('',(0.0929909911139488,-0.01636358,-0.00520155));
#5296=CARTESIAN_POINT('',(0.0929909911139488,-0.012478,-0.00520155));
#5297=CARTESIAN_POINT('',(0.0929909911139488,-0.01636358,-0.00650155));
#5298=CARTESIAN_POINT('',(0.0954909911139488,-0.01636358,-0.00650155));
#5299=CARTESIAN_POINT('',(0.0954909911139488,-0.01766358,-0.00650155));
#5300=CARTESIAN_POINT('',(0.0929909911139488,-0.01766358,-0.00650155));
#5301=CARTESIAN_POINT('',(0.0929909911139488,-0.01766358,-0.00650155));
#5302=CARTESIAN_POINT('',(0.0929909911139488,-0.01636358,-0.00650155));
#5303=CARTESIAN_POINT('',(0.0929909911139488,-0.01766358,-0.00678155));
#5304=CARTESIAN_POINT('',(0.0954909911139488,-0.01766358,-0.00678155));
#5305=CARTESIAN_POINT('',(0.0954909911139488,-0.01766358,-0.00706155));
#5306=CARTESIAN_POINT('',(0.0929909911139488,-0.01766358,-0.00706155));
#5307=CARTESIAN_POINT('',(0.0929909911139488,-0.01766358,-0.00706155));
#5308=CARTESIAN_POINT('',(0.0929909911139488,-0.01766358,-0.00678155));
#5309=CARTESIAN_POINT('',(0.0929909911139488,-0.01636358,-0.00706155));
#5310=CARTESIAN_POINT('',(0.0954909911139488,-0.01636358,-0.00706155));
#5311=CARTESIAN_POINT('',(0.0954909911139488,-0.01636358,-0.00836155));
#5312=CARTESIAN_POINT('',(0.0929909911139488,-0.01636358,-0.00836155));
#5313=CARTESIAN_POINT('',(0.0929909911139488,-0.01636358,-0.00836155));
#5314=CARTESIAN_POINT('',(0.0929909911139488,-0.01636358,-0.00706155));
#5315=CARTESIAN_POINT('',(0.0929909911139488,-0.012478,-0.00836155));
#5316=CARTESIAN_POINT('',(0.0954909911139488,-0.012478,-0.00836155));
#5317=CARTESIAN_POINT('',(0.0954909911139488,-0.00859242,-0.00836155));
#5318=CARTESIAN_POINT('',(0.0929909911139488,-0.00859242,-0.00836155));
#5319=CARTESIAN_POINT('',(0.0929909911139488,-0.00859242,-0.00836155));
#5320=CARTESIAN_POINT('',(0.0929909911139488,-0.012478,-0.00836155));
#5321=CARTESIAN_POINT('',(0.0929909911139488,-0.00859242,-0.00706155));
#5322=CARTESIAN_POINT('',(0.0954909911139488,-0.00859242,-0.00706155));
#5323=CARTESIAN_POINT('',(0.0954909911139488,-0.00729242,-0.00706155));
#5324=CARTESIAN_POINT('',(0.0929909911139488,-0.00729242,-0.00706155));
#5325=CARTESIAN_POINT('',(0.0929909911139488,-0.00729242,-0.00706155));
#5326=CARTESIAN_POINT('',(0.0929909911139488,-0.00859242,-0.00706155));
#5327=CARTESIAN_POINT('',(0.0929909911139488,-0.00729242,-0.00678155));
#5328=CARTESIAN_POINT('',(0.0954909911139488,-0.00729242,-0.00678155));
#5329=CARTESIAN_POINT('',(0.0954909911139488,-0.00729242,-0.00650155));
#5330=CARTESIAN_POINT('',(0.0929909911139488,-0.00729242,-0.00650155));
#5331=CARTESIAN_POINT('',(0.0929909911139488,-0.00729242,-0.00650155));
#5332=CARTESIAN_POINT('',(0.0929909911139488,-0.00729242,-0.00678155));
#5333=CARTESIAN_POINT('',(0.0929909911139488,-0.00859242,-0.00650155));
#5334=CARTESIAN_POINT('',(0.0954909911139488,-0.00859242,-0.00650155));
#5335=CARTESIAN_POINT('',(0.0929909911139488,-0.00859242,-0.00650155));
#5336=CARTESIAN_POINT('',(0.0929909911139488,-0.024408,-0.00520155));
#5337=CARTESIAN_POINT('',(0.0929909911139488,-0.02052242,-0.00520155));
#5338=CARTESIAN_POINT('',(0.0929909911139488,-0.02052242,-0.00520155));
#5339=CARTESIAN_POINT('',(0.0954909911139488,-0.02052242,-0.00520155));
#5340=CARTESIAN_POINT('',(0.0954909911139488,-0.024408,-0.00520155));
#5341=CARTESIAN_POINT('',(0.0954909911139488,-0.02829358,-0.00520155));
#5342=CARTESIAN_POINT('',(0.0929909911139488,-0.02829358,-0.00520155));
#5343=CARTESIAN_POINT('',(0.0929909911139488,-0.02829358,-0.00520155));
#5344=CARTESIAN_POINT('',(0.0929909911139488,-0.024408,-0.00520155));
#5345=CARTESIAN_POINT('',(0.0929909911139488,-0.02829358,-0.00650155));
#5346=CARTESIAN_POINT('',(0.0954909911139488,-0.02829358,-0.00650155));
#5347=CARTESIAN_POINT('',(0.0954909911139488,-0.02959358,-0.00650155));
#5348=CARTESIAN_POINT('',(0.0929909911139488,-0.02959358,-0.00650155));
#5349=CARTESIAN_POINT('',(0.0929909911139488,-0.02959358,-0.00650155));
#5350=CARTESIAN_POINT('',(0.0929909911139488,-0.02829358,-0.00650155));
#5351=CARTESIAN_POINT('',(0.0929909911139488,-0.02959358,-0.00678155));
#5352=CARTESIAN_POINT('',(0.0954909911139488,-0.02959358,-0.00678155));
#5353=CARTESIAN_POINT('',(0.0954909911139488,-0.02959358,-0.00706155));
#5354=CARTESIAN_POINT('',(0.0929909911139488,-0.02959358,-0.00706155));
#5355=CARTESIAN_POINT('',(0.0929909911139488,-0.02959358,-0.00706155));
#5356=CARTESIAN_POINT('',(0.0929909911139488,-0.02959358,-0.00678155));
#5357=CARTESIAN_POINT('',(0.0929909911139488,-0.02829358,-0.00706155));
#5358=CARTESIAN_POINT('',(0.0954909911139488,-0.02829358,-0.00706155));
#5359=CARTESIAN_POINT('',(0.0954909911139488,-0.02829358,-0.00836155));
#5360=CARTESIAN_POINT('',(0.0929909911139488,-0.02829358,-0.00836155));
#5361=CARTESIAN_POINT('',(0.0929909911139488,-0.02829358,-0.00836155));
#5362=CARTESIAN_POINT('',(0.0929909911139488,-0.02829358,-0.00706155));
#5363=CARTESIAN_POINT('',(0.0929909911139488,-0.024408,-0.00836155));
#5364=CARTESIAN_POINT('',(0.0954909911139488,-0.024408,-0.00836155));
#5365=CARTESIAN_POINT('',(0.0954909911139488,-0.02052242,-0.00836155));
#5366=CARTESIAN_POINT('',(0.0929909911139488,-0.02052242,-0.00836155));
#5367=CARTESIAN_POINT('',(0.0929909911139488,-0.02052242,-0.00836155));
#5368=CARTESIAN_POINT('',(0.0929909911139488,-0.024408,-0.00836155));
#5369=CARTESIAN_POINT('',(0.0929909911139488,-0.02052242,-0.00706155));
#5370=CARTESIAN_POINT('',(0.0954909911139488,-0.02052242,-0.00706155));
#5371=CARTESIAN_POINT('',(0.0954909911139488,-0.01922242,-0.00706155));
#5372=CARTESIAN_POINT('',(0.0929909911139488,-0.01922242,-0.00706155));
#5373=CARTESIAN_POINT('',(0.0929909911139488,-0.01922242,-0.00706155));
#5374=CARTESIAN_POINT('',(0.0929909911139488,-0.02052242,-0.00706155));
#5375=CARTESIAN_POINT('',(0.0929909911139488,-0.01922242,-0.00678155));
#5376=CARTESIAN_POINT('',(0.0954909911139488,-0.01922242,-0.00678155));
#5377=CARTESIAN_POINT('',(0.0954909911139488,-0.01922242,-0.00650155));
#5378=CARTESIAN_POINT('',(0.0929909911139488,-0.01922242,-0.00650155));
#5379=CARTESIAN_POINT('',(0.0929909911139488,-0.01922242,-0.00650155));
#5380=CARTESIAN_POINT('',(0.0929909911139488,-0.01922242,-0.00678155));
#5381=CARTESIAN_POINT('',(0.0929909911139488,-0.02052242,-0.00650155));
#5382=CARTESIAN_POINT('',(0.0954909911139488,-0.02052242,-0.00650155));
#5383=CARTESIAN_POINT('',(0.0929909911139488,-0.02052242,-0.00650155));
#5384=CARTESIAN_POINT('',(0.0929909911139488,0.008343625,0.0015));
#5385=CARTESIAN_POINT('',(0.0929909911139488,0.01668425,-0.0059));
#5386=CARTESIAN_POINT('',(0.0929909911139488,0.02939425,-0.0059));
#5387=CARTESIAN_POINT('',(0.0929909911139488,0.00397425,-0.0059));
#5388=CARTESIAN_POINT('',(0.0929909911139488,0.00397425,-0.00795));
#5389=CARTESIAN_POINT('',(0.0929909911139488,0.00397425,-0.01));
#5390=CARTESIAN_POINT('',(0.0929909911139488,0.008343625,-0.01));
#5391=CARTESIAN_POINT('',(0.0929909911139488,-0.04472004473783,-0.01));
#5392=CARTESIAN_POINT('',(0.0929909911139488,-0.04472004473783,0.0015));
#5393=CARTESIAN_POINT('',(0.0929909911139488,0.06140729473783,0.0015));
#5394=CARTESIAN_POINT('',(0.0929909911139488,0.06140729473783,-0.01));
#5395=CARTESIAN_POINT('',(0.0929909911139488,0.008343625,-0.01));
#5396=CARTESIAN_POINT('',(0.0929909911139488,0.02939425,-0.01));
#5397=CARTESIAN_POINT('',(0.0929909911139488,0.02939425,-0.00795));
#5398=CARTESIAN_POINT('',(-0.000366425000000087,0.008343625,-0.01));
#5399=CARTESIAN_POINT('',(0.0969909911139488,0.008343625,-0.01));
#5400=CARTESIAN_POINT('',(0.0969909911139488,0.00723425,-0.01));
#5401=CARTESIAN_POINT('',(0.0969909911139488,0.00397425,-0.01));
#5402=CARTESIAN_POINT('',(0.0929909911139488,0.00723425,-0.01));
#5403=CARTESIAN_POINT('',(0.0989909911139488,0.00723425,-0.01));
#5404=CARTESIAN_POINT('',(0.0989909911139488,0.008343625,-0.01));
#5405=CARTESIAN_POINT('',(0.0989909911139488,-0.0451673535443718,-0.01));
#5406=CARTESIAN_POINT('',(0.0871613446583206,-0.056997,-0.01));
#5407=CARTESIAN_POINT('',(0.0879456080137962,-0.056997,-0.01));
#5408=CARTESIAN_POINT('',(0.0894800354763218,-0.0568482975795292,-0.01));
#5409=CARTESIAN_POINT('',(0.092464543541681,-0.0559395556654966,-0.01));
#5410=CARTESIAN_POINT('',(0.095744246257651,-0.0537503378364545,-0.01));
#5411=CARTESIAN_POINT('',(0.0979335571160396,-0.0504703146860695,-0.01));
#5412=CARTESIAN_POINT('',(0.0988422866261592,-0.0474864557588153,-0.01));
#5413=CARTESIAN_POINT('',(0.0989909911139488,-0.0459517988239023,-0.01));
#5414=CARTESIAN_POINT('',(0.0989909911139488,-0.0451673535443718,-0.01));
#5415=CARTESIAN_POINT('',(0.0871613446583207,-0.056997,-0.01));
#5416=CARTESIAN_POINT('',(-0.0532799044430256,-0.056997,-0.01));
#5417=CARTESIAN_POINT('',(-0.193721153544372,-0.056997,-0.01));
#5418=CARTESIAN_POINT('',(-0.2055508,-0.0451673535443718,-0.01));
#5419=CARTESIAN_POINT('',(-0.2055508,-0.0459516168998474,-0.01));
#5420=CARTESIAN_POINT('',(-0.205402097579529,-0.047486044362373,-0.01));
#5421=CARTESIAN_POINT('',(-0.204493355665498,-0.0504705524277322,-0.01));
#5422=CARTESIAN_POINT('',(-0.20230413783645,-0.0537502551437022,-0.01));
#5423=CARTESIAN_POINT('',(-0.199024114686083,-0.0559395660020908,-0.01));
#5424=CARTESIAN_POINT('',(-0.196040255758792,-0.0568482955122104,-0.01));
#5425=CARTESIAN_POINT('',(-0.194505598823892,-0.056997,-0.01));
#5426=CARTESIAN_POINT('',(-0.193721153544372,-0.056997,-0.01));
#5427=CARTESIAN_POINT('',(-0.2055508,-0.0451673535443719,-0.01));
#5428=CARTESIAN_POINT('',(-0.2055508,0.008343625,-0.01));
#5429=CARTESIAN_POINT('',(-0.2055508,0.0618546035443718,-0.01));
#5430=CARTESIAN_POINT('',(-0.193721153544372,0.07368425,-0.01));
#5431=CARTESIAN_POINT('',(-0.194505416899802,0.07368425,-0.01));
#5432=CARTESIAN_POINT('',(-0.19603984436227,0.0735355475795293,-0.01));
#5433=CARTESIAN_POINT('',(-0.199024352427792,0.0726268056654961,-0.01));
#5434=CARTESIAN_POINT('',(-0.202304055143682,0.0704375878364593,-0.01));
#5435=CARTESIAN_POINT('',(-0.204493366002094,0.067157564686056,-0.01));
#5436=CARTESIAN_POINT('',(-0.20540209551221,0.0641737057588389,-0.01));
#5437=CARTESIAN_POINT('',(-0.2055508,0.0626390488239127,-0.01));
#5438=CARTESIAN_POINT('',(-0.2055508,0.0618546035443719,-0.01));
#5439=CARTESIAN_POINT('',(-0.193721153544372,0.07368425,-0.01));
#5440=CARTESIAN_POINT('',(-0.0532799044430256,0.07368425,-0.01));
#5441=CARTESIAN_POINT('',(0.0871613446583207,0.07368425,-0.01));
#5442=CARTESIAN_POINT('',(0.0989909911139488,0.0618546035443719,-0.01));
#5443=CARTESIAN_POINT('',(0.0989909911139488,0.0626388668998474,-0.01));
#5444=CARTESIAN_POINT('',(0.0988422886934783,0.064173294362373,-0.01));
#5445=CARTESIAN_POINT('',(0.0979335467794441,0.0671578024277323,-0.01));
#5446=CARTESIAN_POINT('',(0.0957443289504146,0.0704375051437021,-0.01));
#5447=CARTESIAN_POINT('',(0.0924643057999856,0.0726268160020908,-0.01));
#5448=CARTESIAN_POINT('',(0.0894804468728208,0.0735355455122104,-0.01));
#5449=CARTESIAN_POINT('',(0.0879457899378761,0.07368425,-0.01));
#5450=CARTESIAN_POINT('',(0.0871613446583206,0.07368425,-0.01));
#5451=CARTESIAN_POINT('',(0.0989909911139488,0.0618546035443718,-0.01));
#5452=CARTESIAN_POINT('',(0.0989909911139488,0.008343625,-0.01));
#5453=CARTESIAN_POINT('',(0.0989909911139488,0.02613425,-0.01));
#5454=CARTESIAN_POINT('',(0.0929909911139488,0.02613425,-0.01));
#5455=CARTESIAN_POINT('',(0.0969909911139488,0.02613425,-0.01));
#5456=CARTESIAN_POINT('',(0.0969909911139488,0.008343625,-0.01));
#5457=CARTESIAN_POINT('',(0.0969909911139488,0.02939425,-0.01));
#5458=CARTESIAN_POINT('',(0.0969909911139488,0.02939425,-0.01));
#5459=CARTESIAN_POINT('',(0.0867140358517788,0.06140729473783,-0.01));
#5460=CARTESIAN_POINT('',(0.0867140358517788,0.06768425,-0.01));
#5461=CARTESIAN_POINT('',(-0.0532799044430256,0.06768425,-0.01));
#5462=CARTESIAN_POINT('',(-0.19327384473783,0.06768425,-0.01));
#5463=CARTESIAN_POINT('',(-0.19327384473783,0.06140729473783,-0.01));
#5464=CARTESIAN_POINT('',(-0.1995508,0.06140729473783,-0.01));
#5465=CARTESIAN_POINT('',(-0.1995508,0.008343625,-0.01));
#5466=CARTESIAN_POINT('',(-0.1995508,-0.04472004473783,-0.01));
#5467=CARTESIAN_POINT('',(-0.19327384473783,-0.04472004473783,-0.01));
#5468=CARTESIAN_POINT('',(-0.19327384473783,-0.050997,-0.01));
#5469=CARTESIAN_POINT('',(-0.0532799044430256,-0.050997,-0.01));
#5470=CARTESIAN_POINT('',(0.0867140358517788,-0.050997,-0.01));
#5471=CARTESIAN_POINT('',(0.0867140358517788,-0.04472004473783,-0.01));
#5472=CARTESIAN_POINT('',(0.0969909911139488,0.00397425,-0.01));
#5473=CARTESIAN_POINT('',(0.0929909911139488,0.00723425,-0.00795));
#5474=CARTESIAN_POINT('',(0.0969909911139488,0.00723425,-0.00795));
#5475=CARTESIAN_POINT('',(0.0969909911139488,0.00723425,-0.0059));
#5476=CARTESIAN_POINT('',(0.0929909911139488,0.00723425,-0.0059));
#5477=CARTESIAN_POINT('',(0.0989909911139488,0.00723425,-0.0059));
#5478=CARTESIAN_POINT('',(0.0989909911139488,0.00723425,-0.00795));
#5479=CARTESIAN_POINT('',(0.0929909911139488,0.02613425,-0.00795));
#5480=CARTESIAN_POINT('',(0.0969909911139488,0.02613425,-0.00795));
#5481=CARTESIAN_POINT('',(0.0969909911139488,0.02613425,-0.0059));
#5482=CARTESIAN_POINT('',(0.0989909911139488,0.02613425,-0.00795));
#5483=CARTESIAN_POINT('',(0.0989909911139488,0.02613425,-0.0059));
#5484=CARTESIAN_POINT('',(0.0929909911139488,0.02613425,-0.0059));
#5485=CARTESIAN_POINT('',(0.0409409911139488,0.06768425,-0.00520155));
#5486=CARTESIAN_POINT('',(0.0370554111139488,0.06768425,-0.00520155));
#5487=CARTESIAN_POINT('',(0.0370554111139488,0.06768425,-0.00520155));
#5488=CARTESIAN_POINT('',(0.0370554111139488,0.07018425,-0.00520155));
#5489=CARTESIAN_POINT('',(0.0409409911139488,0.07018425,-0.00520155));
#5490=CARTESIAN_POINT('',(0.0448265711139488,0.07018425,-0.00520155));
#5491=CARTESIAN_POINT('',(0.0448265711139488,0.06768425,-0.00520155));
#5492=CARTESIAN_POINT('',(0.0448265711139488,0.06768425,-0.00520155));
#5493=CARTESIAN_POINT('',(0.0409409911139488,0.06768425,-0.00520155));
#5494=CARTESIAN_POINT('',(0.0448265711139488,0.06768425,-0.00650155));
#5495=CARTESIAN_POINT('',(0.0448265711139488,0.07018425,-0.00650155));
#5496=CARTESIAN_POINT('',(0.0461265711139488,0.07018425,-0.00650155));
#5497=CARTESIAN_POINT('',(0.0461265711139488,0.06768425,-0.00650155));
#5498=CARTESIAN_POINT('',(0.0461265711139488,0.06768425,-0.00650155));
#5499=CARTESIAN_POINT('',(0.0448265711139488,0.06768425,-0.00650155));
#5500=CARTESIAN_POINT('',(0.0461265711139488,0.06768425,-0.00678155));
#5501=CARTESIAN_POINT('',(0.0461265711139488,0.07018425,-0.00678155));
#5502=CARTESIAN_POINT('',(0.0461265711139488,0.07018425,-0.00706155));
#5503=CARTESIAN_POINT('',(0.0461265711139488,0.06768425,-0.00706155));
#5504=CARTESIAN_POINT('',(0.0461265711139488,0.06768425,-0.00706155));
#5505=CARTESIAN_POINT('',(0.0461265711139488,0.06768425,-0.00678155));
#5506=CARTESIAN_POINT('',(0.0448265711139488,0.06768425,-0.00706155));
#5507=CARTESIAN_POINT('',(0.0448265711139488,0.07018425,-0.00706155));
#5508=CARTESIAN_POINT('',(0.0448265711139488,0.07018425,-0.00836155));
#5509=CARTESIAN_POINT('',(0.0448265711139488,0.06768425,-0.00836155));
#5510=CARTESIAN_POINT('',(0.0448265711139488,0.06768425,-0.00836155));
#5511=CARTESIAN_POINT('',(0.0448265711139488,0.06768425,-0.00706155));
#5512=CARTESIAN_POINT('',(0.0409409911139488,0.06768425,-0.00836155));
#5513=CARTESIAN_POINT('',(0.0409409911139488,0.07018425,-0.00836155));
#5514=CARTESIAN_POINT('',(0.0370554111139488,0.07018425,-0.00836155));
#5515=CARTESIAN_POINT('',(0.0370554111139488,0.06768425,-0.00836155));
#5516=CARTESIAN_POINT('',(0.0370554111139488,0.06768425,-0.00836155));
#5517=CARTESIAN_POINT('',(0.0409409911139488,0.06768425,-0.00836155));
#5518=CARTESIAN_POINT('',(0.0370554111139488,0.06768425,-0.00706155));
#5519=CARTESIAN_POINT('',(0.0370554111139488,0.07018425,-0.00706155));
#5520=CARTESIAN_POINT('',(0.0357554111139488,0.07018425,-0.00706155));
#5521=CARTESIAN_POINT('',(0.0357554111139488,0.06768425,-0.00706155));
#5522=CARTESIAN_POINT('',(0.0357554111139488,0.06768425,-0.00706155));
#5523=CARTESIAN_POINT('',(0.0370554111139488,0.06768425,-0.00706155));
#5524=CARTESIAN_POINT('',(0.0357554111139488,0.06768425,-0.00678155));
#5525=CARTESIAN_POINT('',(0.0357554111139488,0.07018425,-0.00678155));
#5526=CARTESIAN_POINT('',(0.0357554111139488,0.07018425,-0.00650155));
#5527=CARTESIAN_POINT('',(0.0357554111139488,0.06768425,-0.00650155));
#5528=CARTESIAN_POINT('',(0.0357554111139488,0.06768425,-0.00650155));
#5529=CARTESIAN_POINT('',(0.0357554111139488,0.06768425,-0.00678155));
#5530=CARTESIAN_POINT('',(0.0370554111139488,0.06768425,-0.00650155));
#5531=CARTESIAN_POINT('',(0.0370554111139488,0.07018425,-0.00650155));
#5532=CARTESIAN_POINT('',(0.0370554111139488,0.06768425,-0.00650155));
#5533=CARTESIAN_POINT('',(0.0591709911139488,0.06768425,-0.00520155));
#5534=CARTESIAN_POINT('',(0.0552854111139488,0.06768425,-0.00520155));
#5535=CARTESIAN_POINT('',(0.0552854111139488,0.06768425,-0.00520155));
#5536=CARTESIAN_POINT('',(0.0552854111139488,0.07018425,-0.00520155));
#5537=CARTESIAN_POINT('',(0.0591709911139488,0.07018425,-0.00520155));
#5538=CARTESIAN_POINT('',(0.0630565711139488,0.07018425,-0.00520155));
#5539=CARTESIAN_POINT('',(0.0630565711139488,0.06768425,-0.00520155));
#5540=CARTESIAN_POINT('',(0.0630565711139488,0.06768425,-0.00520155));
#5541=CARTESIAN_POINT('',(0.0591709911139488,0.06768425,-0.00520155));
#5542=CARTESIAN_POINT('',(0.0630565711139488,0.06768425,-0.00650155));
#5543=CARTESIAN_POINT('',(0.0630565711139488,0.07018425,-0.00650155));
#5544=CARTESIAN_POINT('',(0.0643565711139488,0.07018425,-0.00650155));
#5545=CARTESIAN_POINT('',(0.0643565711139488,0.06768425,-0.00650155));
#5546=CARTESIAN_POINT('',(0.0643565711139488,0.06768425,-0.00650155));
#5547=CARTESIAN_POINT('',(0.0630565711139488,0.06768425,-0.00650155));
#5548=CARTESIAN_POINT('',(0.0643565711139488,0.06768425,-0.00678155));
#5549=CARTESIAN_POINT('',(0.0643565711139488,0.07018425,-0.00678155));
#5550=CARTESIAN_POINT('',(0.0643565711139488,0.07018425,-0.00706155));
#5551=CARTESIAN_POINT('',(0.0643565711139488,0.06768425,-0.00706155));
#5552=CARTESIAN_POINT('',(0.0643565711139488,0.06768425,-0.00706155));
#5553=CARTESIAN_POINT('',(0.0643565711139488,0.06768425,-0.00678155));
#5554=CARTESIAN_POINT('',(0.0630565711139488,0.06768425,-0.00706155));
#5555=CARTESIAN_POINT('',(0.0630565711139488,0.07018425,-0.00706155));
#5556=CARTESIAN_POINT('',(0.0630565711139488,0.07018425,-0.00836155));
#5557=CARTESIAN_POINT('',(0.0630565711139488,0.06768425,-0.00836155));
#5558=CARTESIAN_POINT('',(0.0630565711139488,0.06768425,-0.00836155));
#5559=CARTESIAN_POINT('',(0.0630565711139488,0.06768425,-0.00706155));
#5560=CARTESIAN_POINT('',(0.0591709911139488,0.06768425,-0.00836155));
#5561=CARTESIAN_POINT('',(0.0591709911139488,0.07018425,-0.00836155));
#5562=CARTESIAN_POINT('',(0.0552854111139488,0.07018425,-0.00836155));
#5563=CARTESIAN_POINT('',(0.0552854111139488,0.06768425,-0.00836155));
#5564=CARTESIAN_POINT('',(0.0552854111139488,0.06768425,-0.00836155));
#5565=CARTESIAN_POINT('',(0.0591709911139488,0.06768425,-0.00836155));
#5566=CARTESIAN_POINT('',(0.0552854111139488,0.06768425,-0.00706155));
#5567=CARTESIAN_POINT('',(0.0552854111139488,0.07018425,-0.00706155));
#5568=CARTESIAN_POINT('',(0.0539854111139488,0.07018425,-0.00706155));
#5569=CARTESIAN_POINT('',(0.0539854111139488,0.06768425,-0.00706155));
#5570=CARTESIAN_POINT('',(0.0539854111139488,0.06768425,-0.00706155));
#5571=CARTESIAN_POINT('',(0.0552854111139488,0.06768425,-0.00706155));
#5572=CARTESIAN_POINT('',(0.0539854111139488,0.06768425,-0.00678155));
#5573=CARTESIAN_POINT('',(0.0539854111139488,0.07018425,-0.00678155));
#5574=CARTESIAN_POINT('',(0.0539854111139488,0.07018425,-0.00650155));
#5575=CARTESIAN_POINT('',(0.0539854111139488,0.06768425,-0.00650155));
#5576=CARTESIAN_POINT('',(0.0539854111139488,0.06768425,-0.00650155));
#5577=CARTESIAN_POINT('',(0.0539854111139488,0.06768425,-0.00678155));
#5578=CARTESIAN_POINT('',(0.0552854111139488,0.06768425,-0.00650155));
#5579=CARTESIAN_POINT('',(0.0552854111139488,0.07018425,-0.00650155));
#5580=CARTESIAN_POINT('',(0.0552854111139488,0.06768425,-0.00650155));
#5581=CARTESIAN_POINT('',(-0.0532799044430256,0.07368425,0.0015));
#5582=CARTESIAN_POINT('',(0.0591709911139488,0.07368425,-0.00388155));
#5583=CARTESIAN_POINT('',(0.0553679254557083,0.07368425,-0.00388155));
#5584=CARTESIAN_POINT('',(0.0629740567721893,0.07368425,-0.00388155));
#5585=CARTESIAN_POINT('',(0.0553679254557083,0.07368425,-0.00607848434175952));
#5586=CARTESIAN_POINT('',(0.0531709911139488,0.07368425,-0.00607848434175952));
#5587=CARTESIAN_POINT('',(0.0531709911139488,0.07368425,-0.00678155));
#5588=CARTESIAN_POINT('',(0.0531709911139488,0.07368425,-0.0074846156582405));
#5589=CARTESIAN_POINT('',(0.0553679254557083,0.07368425,-0.0074846156582405));
#5590=CARTESIAN_POINT('',(0.0553679254557083,0.07368425,-0.00968155));
#5591=CARTESIAN_POINT('',(0.0591709911139488,0.07368425,-0.00968155));
#5592=CARTESIAN_POINT('',(0.0629740567721893,0.07368425,-0.00968155));
#5593=CARTESIAN_POINT('',(0.0629740567721893,0.07368425,-0.0074846156582405));
#5594=CARTESIAN_POINT('',(0.0651709911139489,0.07368425,-0.0074846156582405));
#5595=CARTESIAN_POINT('',(0.0651709911139488,0.07368425,-0.00678155));
#5596=CARTESIAN_POINT('',(0.0651709911139488,0.07368425,-0.00607848434175952));
#5597=CARTESIAN_POINT('',(0.0629740567721893,0.07368425,-0.00607848434175952));
#5598=CARTESIAN_POINT('',(0.0409409911139488,0.07368425,-0.00388155));
#5599=CARTESIAN_POINT('',(0.0371379254557083,0.07368425,-0.00388155));
#5600=CARTESIAN_POINT('',(0.0447440567721893,0.07368425,-0.00388155));
#5601=CARTESIAN_POINT('',(0.0371379254557083,0.07368425,-0.00607848434175954));
#5602=CARTESIAN_POINT('',(0.0349409911139488,0.07368425,-0.00607848434175954));
#5603=CARTESIAN_POINT('',(0.0349409911139488,0.07368425,-0.00678155));
#5604=CARTESIAN_POINT('',(0.0349409911139488,0.07368425,-0.0074846156582405));
#5605=CARTESIAN_POINT('',(0.0371379254557083,0.07368425,-0.0074846156582405));
#5606=CARTESIAN_POINT('',(0.0371379254557083,0.07368425,-0.00968155));
#5607=CARTESIAN_POINT('',(0.0409409911139488,0.07368425,-0.00968155));
#5608=CARTESIAN_POINT('',(0.0447440567721893,0.07368425,-0.00968155));
#5609=CARTESIAN_POINT('',(0.0447440567721893,0.07368425,-0.00748461565824049));
#5610=CARTESIAN_POINT('',(0.0469409911139488,0.07368425,-0.0074846156582405));
#5611=CARTESIAN_POINT('',(0.0469409911139488,0.07368425,-0.00678155));
#5612=CARTESIAN_POINT('',(0.0469409911139488,0.07368425,-0.00607848434175954));
#5613=CARTESIAN_POINT('',(0.0447440567721893,0.07368425,-0.00607848434175954));
#5614=CARTESIAN_POINT('',(-0.193721153544372,0.07368425,0.0015));
#5615=CARTESIAN_POINT('',(0.0871613446583207,0.07368425,0.0015));
#5616=CARTESIAN_POINT('',(-0.193721153544372,0.07368425,0.0015));
#5617=CARTESIAN_POINT('',(-0.193721153544372,0.07368425,-0.01));
#5618=CARTESIAN_POINT('',(-0.194505416899802,0.07368425,0.0015));
#5619=CARTESIAN_POINT('',(-0.194505416899802,0.07368425,-0.01));
#5620=CARTESIAN_POINT('',(-0.19603984436227,0.0735355475795293,0.0015));
#5621=CARTESIAN_POINT('',(-0.19603984436227,0.0735355475795293,-0.01));
#5622=CARTESIAN_POINT('',(-0.199024352427792,0.0726268056654961,0.0015));
#5623=CARTESIAN_POINT('',(-0.199024352427792,0.0726268056654961,-0.01));
#5624=CARTESIAN_POINT('',(-0.202304055143682,0.0704375878364591,0.0015));
#5625=CARTESIAN_POINT('',(-0.202304055143682,0.0704375878364591,-0.01));
#5626=CARTESIAN_POINT('',(-0.204493366002093,0.0671575646860561,0.0015));
#5627=CARTESIAN_POINT('',(-0.204493366002093,0.0671575646860561,-0.01));
#5628=CARTESIAN_POINT('',(-0.20540209551221,0.0641737057588389,0.0015));
#5629=CARTESIAN_POINT('',(-0.20540209551221,0.0641737057588389,-0.01));
#5630=CARTESIAN_POINT('',(-0.2055508,0.0626390488239127,0.0015));
#5631=CARTESIAN_POINT('',(-0.2055508,0.0626390488239127,-0.01));
#5632=CARTESIAN_POINT('',(-0.2055508,0.0618546035443718,0.0015));
#5633=CARTESIAN_POINT('',(-0.2055508,0.0618546035443718,-0.01));
#5634=CARTESIAN_POINT('',(-0.2055508,0.0618546035443718,0.0015));
#5635=CARTESIAN_POINT('',(-0.2055508,0.008343625,0.0015));
#5636=CARTESIAN_POINT('',(-0.2055508,-0.0451673535443719,0.0015));
#5637=CARTESIAN_POINT('',(-0.2055508,-0.0451673535443719,0.0015));
#5638=CARTESIAN_POINT('',(-0.2055508,-0.0451673535443719,-0.01));
#5639=CARTESIAN_POINT('',(-0.2055508,-0.0459516168998474,0.0015));
#5640=CARTESIAN_POINT('',(-0.2055508,-0.0459516168998474,-0.01));
#5641=CARTESIAN_POINT('',(-0.205402097579529,-0.047486044362373,0.0015));
#5642=CARTESIAN_POINT('',(-0.205402097579529,-0.047486044362373,-0.01));
#5643=CARTESIAN_POINT('',(-0.204493355665497,-0.0504705524277323,0.0015));
#5644=CARTESIAN_POINT('',(-0.204493355665497,-0.0504705524277323,-0.01));
#5645=CARTESIAN_POINT('',(-0.20230413783645,-0.0537502551437021,0.0015));
#5646=CARTESIAN_POINT('',(-0.20230413783645,-0.0537502551437021,-0.01));
#5647=CARTESIAN_POINT('',(-0.199024114686083,-0.0559395660020908,0.0015));
#5648=CARTESIAN_POINT('',(-0.199024114686083,-0.0559395660020908,-0.01));
#5649=CARTESIAN_POINT('',(-0.196040255758792,-0.0568482955122104,0.0015));
#5650=CARTESIAN_POINT('',(-0.196040255758792,-0.0568482955122104,-0.01));
#5651=CARTESIAN_POINT('',(-0.194505598823892,-0.056997,0.0015));
#5652=CARTESIAN_POINT('',(-0.194505598823892,-0.056997,-0.01));
#5653=CARTESIAN_POINT('',(-0.193721153544372,-0.056997,0.0015));
#5654=CARTESIAN_POINT('',(-0.193721153544372,-0.056997,-0.01));
#5655=CARTESIAN_POINT('',(-0.193721153544372,-0.056997,0.0015));
#5656=CARTESIAN_POINT('',(-0.0532799044430256,-0.056997,0.0015));
#5657=CARTESIAN_POINT('',(0.0871613446583207,-0.056997,0.0015));
#5658=CARTESIAN_POINT('',(0.0871613446583206,-0.056997,0.0015));
#5659=CARTESIAN_POINT('',(0.0871613446583206,-0.056997,-0.01));
#5660=CARTESIAN_POINT('',(0.0879456080137962,-0.056997,0.0015));
#5661=CARTESIAN_POINT('',(0.0879456080137962,-0.056997,-0.01));
#5662=CARTESIAN_POINT('',(0.0894800354763218,-0.0568482975795292,0.0015));
#5663=CARTESIAN_POINT('',(0.0894800354763218,-0.0568482975795292,-0.01));
#5664=CARTESIAN_POINT('',(0.092464543541681,-0.0559395556654967,0.0015));
#5665=CARTESIAN_POINT('',(0.092464543541681,-0.0559395556654967,-0.01));
#5666=CARTESIAN_POINT('',(0.095744246257651,-0.0537503378364544,0.0015));
#5667=CARTESIAN_POINT('',(0.095744246257651,-0.0537503378364544,-0.01));
#5668=CARTESIAN_POINT('',(0.0979335571160396,-0.0504703146860695,0.0015));
#5669=CARTESIAN_POINT('',(0.0979335571160396,-0.0504703146860695,-0.01));
#5670=CARTESIAN_POINT('',(0.0988422866261592,-0.0474864557588153,0.0015));
#5671=CARTESIAN_POINT('',(0.0988422866261592,-0.0474864557588153,-0.01));
#5672=CARTESIAN_POINT('',(0.0989909911139488,-0.0459517988239023,0.0015));
#5673=CARTESIAN_POINT('',(0.0989909911139488,-0.0459517988239023,-0.01));
#5674=CARTESIAN_POINT('',(0.0989909911139488,-0.0451673535443718,0.0015));
#5675=CARTESIAN_POINT('',(0.0989909911139488,-0.0451673535443718,-0.01));
#5676=CARTESIAN_POINT('',(0.0989909911139488,-0.0451673535443718,0.0015));
#5677=CARTESIAN_POINT('',(0.0989909911139488,0.008343625,0.0015));
#5678=CARTESIAN_POINT('',(0.0989909911139488,-0.0421673535443718,-0.0025));
#5679=CARTESIAN_POINT('',(0.0989909911139488,-0.0421673535443718,-0.00405));
#5680=CARTESIAN_POINT('',(0.0989909911139488,0.01,-0.0015));
#5681=CARTESIAN_POINT('',(0.0989909911139488,0.01,-0.00305));
#5682=CARTESIAN_POINT('',(0.0989909911139488,0.0588546035443718,-0.0025));
#5683=CARTESIAN_POINT('',(0.0989909911139488,0.0588546035443718,-0.00405));
#5684=CARTESIAN_POINT('',(0.0989909911139488,-0.023383,-0.00388155));
#5685=CARTESIAN_POINT('',(0.0989909911139488,-0.008528,-0.00388155));
#5686=CARTESIAN_POINT('',(0.0989909911139488,-0.028358,-0.00388155));
#5687=CARTESIAN_POINT('',(0.0989909911139488,-0.008528,-0.00593155));
#5688=CARTESIAN_POINT('',(0.0989909911139488,-0.006478,-0.00593155));
#5689=CARTESIAN_POINT('',(0.0989909911139488,-0.006478,-0.00678155));
#5690=CARTESIAN_POINT('',(0.0989909911139488,-0.006478,-0.00763155));
#5691=CARTESIAN_POINT('',(0.0989909911139488,-0.008528,-0.00763155));
#5692=CARTESIAN_POINT('',(0.0989909911139488,-0.008528,-0.00968155));
#5693=CARTESIAN_POINT('',(0.0989909911139488,-0.023383,-0.00968155));
#5694=CARTESIAN_POINT('',(0.0989909911139488,-0.028358,-0.00968155));
#5695=CARTESIAN_POINT('',(0.0989909911139488,-0.028358,-0.00763155));
#5696=CARTESIAN_POINT('',(0.0989909911139488,-0.030408,-0.00763155));
#5697=CARTESIAN_POINT('',(0.0989909911139488,-0.030408,-0.00678155));
#5698=CARTESIAN_POINT('',(0.0989909911139488,-0.030408,-0.00593155));
#5699=CARTESIAN_POINT('',(0.0989909911139488,-0.028358,-0.00593155));
#5700=CARTESIAN_POINT('',(0.0989909911139488,0.01668425,-0.0059));
#5701=CARTESIAN_POINT('',(0.0989909911139488,0.0618546035443718,0.0015));
#5702=CARTESIAN_POINT('',(-0.19327384473783,0.06140729473783,0.0015));
#5703=CARTESIAN_POINT('',(-0.19327384473783,0.06768425,0.0015));
#5704=CARTESIAN_POINT('',(-0.1995508,0.06140729473783,0.0015));
#5705=CARTESIAN_POINT('',(-0.0532799044430256,0.06768425,0.0015));
#5706=CARTESIAN_POINT('',(0.0867140358517788,0.06768425,0.0015));
#5707=CARTESIAN_POINT('',(0.0867140358517788,0.06140729473783,0.0015));
#5708=CARTESIAN_POINT('',(0.0867140358517788,-0.04472004473783,0.0015));
#5709=CARTESIAN_POINT('',(0.0867140358517788,-0.050997,0.0015));
#5710=CARTESIAN_POINT('',(-0.0532799044430256,-0.050997,0.0015));
#5711=CARTESIAN_POINT('',(-0.19327384473783,-0.050997,0.0015));
#5712=CARTESIAN_POINT('',(-0.19327384473783,-0.04472004473783,0.0015));
#5713=CARTESIAN_POINT('',(-0.1995508,-0.04472004473783,0.0015));
#5714=CARTESIAN_POINT('',(-0.1995508,0.008343625,0.0015));
#5715=CARTESIAN_POINT('',(0.0989909911139488,0.0618546035443718,0.0015));
#5716=CARTESIAN_POINT('',(0.0989909911139488,0.0618546035443718,-0.01));
#5717=CARTESIAN_POINT('',(0.0989909911139488,0.0626388668998474,0.0015));
#5718=CARTESIAN_POINT('',(0.0989909911139488,0.0626388668998474,-0.01));
#5719=CARTESIAN_POINT('',(0.0988422886934783,0.064173294362373,0.0015));
#5720=CARTESIAN_POINT('',(0.0988422886934783,0.064173294362373,-0.01));
#5721=CARTESIAN_POINT('',(0.0979335467794441,0.0671578024277322,0.0015));
#5722=CARTESIAN_POINT('',(0.0979335467794441,0.0671578024277322,-0.01));
#5723=CARTESIAN_POINT('',(0.0957443289504146,0.0704375051437022,0.0015));
#5724=CARTESIAN_POINT('',(0.0957443289504146,0.0704375051437022,-0.01));
#5725=CARTESIAN_POINT('',(0.0924643057999857,0.0726268160020908,0.0015));
#5726=CARTESIAN_POINT('',(0.0924643057999857,0.0726268160020908,-0.01));
#5727=CARTESIAN_POINT('',(0.0894804468728208,0.0735355455122104,0.0015));
#5728=CARTESIAN_POINT('',(0.0894804468728208,0.0735355455122104,-0.01));
#5729=CARTESIAN_POINT('',(0.0879457899378762,0.07368425,0.0015));
#5730=CARTESIAN_POINT('',(0.0879457899378762,0.07368425,-0.01));
#5731=CARTESIAN_POINT('',(0.0871613446583207,0.07368425,0.0015));
#5732=CARTESIAN_POINT('',(0.0871613446583207,0.07368425,-0.01));
#5733=CARTESIAN_POINT('',(0.0591709911139488,0.07018425,-0.00388155));
#5734=CARTESIAN_POINT('',(0.0629740567721893,0.07018425,-0.00388155));
#5735=CARTESIAN_POINT('',(0.0629740567721893,0.07018425,-0.00388155));
#5736=CARTESIAN_POINT('',(0.0591709911139488,0.07018425,-0.00388155));
#5737=CARTESIAN_POINT('',(0.0553679254557083,0.07018425,-0.00388155));
#5738=CARTESIAN_POINT('',(0.0553679254557083,0.07018425,-0.00388155));
#5739=CARTESIAN_POINT('',(0.0629740567721893,0.07018425,-0.00607848434175952));
#5740=CARTESIAN_POINT('',(0.0651709911139488,0.07018425,-0.00607848434175952));
#5741=CARTESIAN_POINT('',(0.0651709911139488,0.07018425,-0.00607848434175952));
#5742=CARTESIAN_POINT('',(0.0629740567721893,0.07018425,-0.00607848434175952));
#5743=CARTESIAN_POINT('',(0.0651709911139488,0.07018425,-0.00678155));
#5744=CARTESIAN_POINT('',(0.0651709911139489,0.07018425,-0.0074846156582405));
#5745=CARTESIAN_POINT('',(0.0651709911139489,0.07018425,-0.0074846156582405));
#5746=CARTESIAN_POINT('',(0.0651709911139488,0.07018425,-0.00678155));
#5747=CARTESIAN_POINT('',(0.0629740567721893,0.07018425,-0.0074846156582405));
#5748=CARTESIAN_POINT('',(0.0629740567721893,0.07018425,-0.00968155));
#5749=CARTESIAN_POINT('',(0.0629740567721893,0.07018425,-0.00968155));
#5750=CARTESIAN_POINT('',(0.0629740567721893,0.07018425,-0.0074846156582405));
#5751=CARTESIAN_POINT('',(0.0591709911139488,0.07018425,-0.00968155));
#5752=CARTESIAN_POINT('',(0.0553679254557083,0.07018425,-0.00968155));
#5753=CARTESIAN_POINT('',(0.0553679254557083,0.07018425,-0.00968155));
#5754=CARTESIAN_POINT('',(0.0591709911139488,0.07018425,-0.00968155));
#5755=CARTESIAN_POINT('',(0.0553679254557083,0.07018425,-0.0074846156582405));
#5756=CARTESIAN_POINT('',(0.0531709911139488,0.07018425,-0.0074846156582405));
#5757=CARTESIAN_POINT('',(0.0531709911139488,0.07018425,-0.0074846156582405));
#5758=CARTESIAN_POINT('',(0.0553679254557083,0.07018425,-0.0074846156582405));
#5759=CARTESIAN_POINT('',(0.0531709911139488,0.07018425,-0.00678155));
#5760=CARTESIAN_POINT('',(0.0531709911139488,0.07018425,-0.00607848434175952));
#5761=CARTESIAN_POINT('',(0.0531709911139488,0.07018425,-0.00607848434175952));
#5762=CARTESIAN_POINT('',(0.0531709911139488,0.07018425,-0.00678155));
#5763=CARTESIAN_POINT('',(0.0553679254557083,0.07018425,-0.00607848434175952));
#5764=CARTESIAN_POINT('',(0.0553679254557083,0.07018425,-0.00607848434175952));
#5765=CARTESIAN_POINT('',(0.113989645556974,0.07018425,-0.00425));
#5766=CARTESIAN_POINT('',(0.0409409911139488,0.07018425,-0.00388155));
#5767=CARTESIAN_POINT('',(0.0447440567721893,0.07018425,-0.00388155));
#5768=CARTESIAN_POINT('',(0.0447440567721893,0.07018425,-0.00388155));
#5769=CARTESIAN_POINT('',(0.0409409911139488,0.07018425,-0.00388155));
#5770=CARTESIAN_POINT('',(0.0371379254557083,0.07018425,-0.00388155));
#5771=CARTESIAN_POINT('',(0.0371379254557083,0.07018425,-0.00388155));
#5772=CARTESIAN_POINT('',(0.0447440567721893,0.07018425,-0.00607848434175954));
#5773=CARTESIAN_POINT('',(0.0469409911139488,0.07018425,-0.00607848434175954));
#5774=CARTESIAN_POINT('',(0.0469409911139488,0.07018425,-0.00607848434175954));
#5775=CARTESIAN_POINT('',(0.0447440567721893,0.07018425,-0.00607848434175954));
#5776=CARTESIAN_POINT('',(0.0469409911139488,0.07018425,-0.00678155));
#5777=CARTESIAN_POINT('',(0.0469409911139488,0.07018425,-0.0074846156582405));
#5778=CARTESIAN_POINT('',(0.0469409911139488,0.07018425,-0.0074846156582405));
#5779=CARTESIAN_POINT('',(0.0469409911139488,0.07018425,-0.00678155));
#5780=CARTESIAN_POINT('',(0.0447440567721893,0.07018425,-0.00748461565824049));
#5781=CARTESIAN_POINT('',(0.0447440567721893,0.07018425,-0.00968155));
#5782=CARTESIAN_POINT('',(0.0447440567721893,0.07018425,-0.00968155));
#5783=CARTESIAN_POINT('',(0.0447440567721893,0.07018425,-0.00748461565824049));
#5784=CARTESIAN_POINT('',(0.0409409911139488,0.07018425,-0.00968155));
#5785=CARTESIAN_POINT('',(0.0371379254557083,0.07018425,-0.00968155));
#5786=CARTESIAN_POINT('',(0.0371379254557083,0.07018425,-0.00968155));
#5787=CARTESIAN_POINT('',(0.0409409911139488,0.07018425,-0.00968155));
#5788=CARTESIAN_POINT('',(0.0371379254557083,0.07018425,-0.0074846156582405));
#5789=CARTESIAN_POINT('',(0.0349409911139488,0.07018425,-0.0074846156582405));
#5790=CARTESIAN_POINT('',(0.0349409911139488,0.07018425,-0.0074846156582405));
#5791=CARTESIAN_POINT('',(0.0371379254557083,0.07018425,-0.0074846156582405));
#5792=CARTESIAN_POINT('',(0.0349409911139488,0.07018425,-0.00678155));
#5793=CARTESIAN_POINT('',(0.0349409911139488,0.07018425,-0.00607848434175954));
#5794=CARTESIAN_POINT('',(0.0349409911139488,0.07018425,-0.00607848434175954));
#5795=CARTESIAN_POINT('',(0.0349409911139488,0.07018425,-0.00678155));
#5796=CARTESIAN_POINT('',(0.0371379254557083,0.07018425,-0.00607848434175954));
#5797=CARTESIAN_POINT('',(0.0371379254557083,0.07018425,-0.00607848434175954));
#5798=CARTESIAN_POINT('',(0.113989645556974,0.07018425,-0.00425));
#5799=CARTESIAN_POINT('',(0.0929909911139488,0.01668425,-0.0059));
#5800=CARTESIAN_POINT('',(0.0969909911139488,0.00560425,-0.0059));
#5801=CARTESIAN_POINT('',(0.0969909911139488,0.00397425,-0.0059));
#5802=CARTESIAN_POINT('',(0.0969909911139488,0.00397425,-0.0059));
#5803=CARTESIAN_POINT('',(0.0969909911139488,0.02939425,-0.0059));
#5804=CARTESIAN_POINT('',(0.0969909911139488,0.02939425,-0.0059));
#5805=CARTESIAN_POINT('',(0.0969909911139488,0.02776425,-0.0059));
#5806=CARTESIAN_POINT('',(0.0969909911139488,0.02939425,-0.00795));
#5807=CARTESIAN_POINT('',(0.0969909911139488,0.02939425,-0.00795));
#5808=CARTESIAN_POINT('',(0.0969909911139488,0.008343625,-0.00913118175092697));
#5809=CARTESIAN_POINT('',(0.0969909911139488,0.00397425,-0.00795));
#5810=CARTESIAN_POINT('',(0.0969909911139488,0.00397425,-0.00795));
#5811=CARTESIAN_POINT('',(0.0969909911139488,0.008343625,-0.00913118175092697));
#5812=CARTESIAN_POINT('',(0.0954909911139488,-0.023383,-0.00388155));
#5813=CARTESIAN_POINT('',(0.0954909911139488,-0.028358,-0.00388155));
#5814=CARTESIAN_POINT('',(0.0954909911139488,-0.028358,-0.00388155));
#5815=CARTESIAN_POINT('',(0.0954909911139488,-0.023383,-0.00388155));
#5816=CARTESIAN_POINT('',(0.0954909911139488,-0.008528,-0.00388155));
#5817=CARTESIAN_POINT('',(0.0954909911139488,-0.008528,-0.00388155));
#5818=CARTESIAN_POINT('',(0.0954909911139488,-0.028358,-0.00593155));
#5819=CARTESIAN_POINT('',(0.0954909911139488,-0.030408,-0.00593155));
#5820=CARTESIAN_POINT('',(0.0954909911139488,-0.030408,-0.00593155));
#5821=CARTESIAN_POINT('',(0.0954909911139488,-0.028358,-0.00593155));
#5822=CARTESIAN_POINT('',(0.0954909911139488,-0.030408,-0.00678155));
#5823=CARTESIAN_POINT('',(0.0954909911139488,-0.030408,-0.00763155));
#5824=CARTESIAN_POINT('',(0.0954909911139488,-0.030408,-0.00763155));
#5825=CARTESIAN_POINT('',(0.0954909911139488,-0.030408,-0.00678155));
#5826=CARTESIAN_POINT('',(0.0954909911139488,-0.028358,-0.00763155));
#5827=CARTESIAN_POINT('',(0.0954909911139488,-0.028358,-0.00968155));
#5828=CARTESIAN_POINT('',(0.0954909911139488,-0.028358,-0.00968155));
#5829=CARTESIAN_POINT('',(0.0954909911139488,-0.028358,-0.00763155));
#5830=CARTESIAN_POINT('',(0.0954909911139488,-0.023383,-0.00968155));
#5831=CARTESIAN_POINT('',(0.0954909911139488,-0.008528,-0.00968155));
#5832=CARTESIAN_POINT('',(0.0954909911139488,-0.008528,-0.00968155));
#5833=CARTESIAN_POINT('',(0.0954909911139488,-0.023383,-0.00968155));
#5834=CARTESIAN_POINT('',(0.0954909911139488,-0.008528,-0.00763155));
#5835=CARTESIAN_POINT('',(0.0954909911139488,-0.006478,-0.00763155));
#5836=CARTESIAN_POINT('',(0.0954909911139488,-0.006478,-0.00763155));
#5837=CARTESIAN_POINT('',(0.0954909911139488,-0.008528,-0.00763155));
#5838=CARTESIAN_POINT('',(0.0954909911139488,-0.006478,-0.00678155));
#5839=CARTESIAN_POINT('',(0.0954909911139488,-0.006478,-0.00593155));
#5840=CARTESIAN_POINT('',(0.0954909911139488,-0.006478,-0.00593155));
#5841=CARTESIAN_POINT('',(0.0954909911139488,-0.006478,-0.00678155));
#5842=CARTESIAN_POINT('',(0.0954909911139488,-0.008528,-0.00593155));
#5843=CARTESIAN_POINT('',(0.0954909911139488,-0.008528,-0.00593155));
#5844=CARTESIAN_POINT('',(0.0954909911139488,0.008343625,-0.00913118175092697));
#5845=CARTESIAN_POINT('',(-0.16827384473783,0.07068425,0.004575));
#5846=CARTESIAN_POINT('',(-0.16827384473783,0.07068425,-0.001575));
#5847=CARTESIAN_POINT('',(-0.16673884473783,0.07068425,-0.001575));
#5848=CARTESIAN_POINT('',(-0.00107642500000007,0.008343625,-0.001575));
#5849=CARTESIAN_POINT('',(0.0959909911139488,-0.02,0.004575));
#5850=CARTESIAN_POINT('',(0.0959909911139488,-0.02,-0.001575));
#5851=CARTESIAN_POINT('',(0.0975259911139488,-0.02,-0.001575));
#5852=CARTESIAN_POINT('',(-0.00107642500000007,0.008343625,-0.001575));
#5853=CARTESIAN_POINT('',(-0.2025508,0.035,0.004575));
#5854=CARTESIAN_POINT('',(-0.2025508,0.035,-0.001575));
#5855=CARTESIAN_POINT('',(-0.2010158,0.035,-0.001575));
#5856=CARTESIAN_POINT('',(-0.00107642500000007,0.008343625,-0.001575));
#5857=CARTESIAN_POINT('',(-0.2025508,-0.02,0.004575));
#5858=CARTESIAN_POINT('',(-0.2025508,-0.02,-0.001575));
#5859=CARTESIAN_POINT('',(-0.2010158,-0.02,-0.001575));
#5860=CARTESIAN_POINT('',(-0.00107642500000007,0.008343625,-0.001575));
#5861=CARTESIAN_POINT('',(-0.168225,-0.053997,0.004575));
#5862=CARTESIAN_POINT('',(-0.168225,-0.053997,-0.001575));
#5863=CARTESIAN_POINT('',(-0.16669,-0.053997,-0.001575));
#5864=CARTESIAN_POINT('',(-0.00107642500000007,0.008343625,-0.001575));
#5865=CARTESIAN_POINT('',(-0.0149492941482212,0.0710620656609535,0.004575));
#5866=CARTESIAN_POINT('',(-0.0149492941482212,0.0710620656609535,-0.001575));
#5867=CARTESIAN_POINT('',(-0.0134142941482212,0.0710620656609535,-0.001575));
#5868=CARTESIAN_POINT('',(-0.00107642500000007,0.008343625,-0.001575));
#5869=CARTESIAN_POINT('',(-0.09160751173783,0.07068425,0.004575));
#5870=CARTESIAN_POINT('',(-0.09160751173783,0.07068425,-0.001575));
#5871=CARTESIAN_POINT('',(-0.09007251173783,0.07068425,-0.001575));
#5872=CARTESIAN_POINT('',(-0.00107642500000007,0.008343625,-0.001575));
#5873=CARTESIAN_POINT('',(0.0617140358517788,0.07068425,0.004575));
#5874=CARTESIAN_POINT('',(0.0617140358517788,0.07068425,-0.001575));
#5875=CARTESIAN_POINT('',(0.0632490358517788,0.07068425,-0.001575));
#5876=CARTESIAN_POINT('',(-0.00107642500000007,0.008343625,-0.001575));
#5877=CARTESIAN_POINT('',(-0.08964375,-0.053997,0.004575));
#5878=CARTESIAN_POINT('',(-0.08964375,-0.053997,-0.001575));
#5879=CARTESIAN_POINT('',(-0.08810875,-0.053997,-0.001575));
#5880=CARTESIAN_POINT('',(-0.00107642500000007,0.008343625,-0.001575));
#5881=CARTESIAN_POINT('',(-0.0149492941482212,-0.053997,0.004575));
#5882=CARTESIAN_POINT('',(-0.0149492941482212,-0.053997,-0.001575));
#5883=CARTESIAN_POINT('',(-0.0134142941482212,-0.053997,-0.001575));
#5884=CARTESIAN_POINT('',(-0.00107642500000007,0.008343625,-0.001575));
#5885=CARTESIAN_POINT('',(0.0617140358517788,-0.053997,0.004575));
#5886=CARTESIAN_POINT('',(0.0617140358517788,-0.053997,-0.001575));
#5887=CARTESIAN_POINT('',(0.0632490358517788,-0.053997,-0.001575));
#5888=CARTESIAN_POINT('',(-0.00107642500000007,0.008343625,-0.001575));
#5889=CARTESIAN_POINT('',(0.0959909911139488,0.035,0.004575));
#5890=CARTESIAN_POINT('',(0.0959909911139488,0.035,-0.001575));
#5891=CARTESIAN_POINT('',(0.0975259911139488,0.035,-0.001575));
#5892=CARTESIAN_POINT('',(-0.00107642500000007,0.008343625,-0.001575));
#5893=CARTESIAN_POINT('',(0.0958909911139488,0.0588546035443718,-0.0025));
#5894=CARTESIAN_POINT('',(0.0958909911139488,0.0588546035443718,-0.0025));
#5895=CARTESIAN_POINT('',(0.0958909911139488,0.0588546035443718,-0.00405));
#5896=CARTESIAN_POINT('',(0.0958909911139488,0.008343625,-0.00913118175092697));
#5897=CARTESIAN_POINT('',(0.0958909911139488,0.01,-0.0015));
#5898=CARTESIAN_POINT('',(0.0958909911139488,0.01,-0.0015));
#5899=CARTESIAN_POINT('',(0.0958909911139488,0.01,-0.00305));
#5900=CARTESIAN_POINT('',(0.0958909911139488,0.008343625,-0.00913118175092697));
#5901=CARTESIAN_POINT('',(0.0958909911139488,-0.0421673535443718,-0.0025));
#5902=CARTESIAN_POINT('',(0.0958909911139488,-0.0421673535443718,-0.0025));
#5903=CARTESIAN_POINT('',(0.0958909911139488,-0.0421673535443718,-0.00405));
#5904=CARTESIAN_POINT('',(0.0958909911139488,0.008343625,-0.00913118175092697));
#5905=MECHANICAL_DESIGN_GEOMETRIC_PRESENTATION_REPRESENTATION('',(#3374),
#5907);
#5906=MECHANICAL_DESIGN_GEOMETRIC_PRESENTATION_REPRESENTATION('',(#3375),
#5908);
#5907=(
GEOMETRIC_REPRESENTATION_CONTEXT(3)
GLOBAL_UNCERTAINTY_ASSIGNED_CONTEXT((#5909))
GLOBAL_UNIT_ASSIGNED_CONTEXT((#5915,#5913,#5911))
REPRESENTATION_CONTEXT('Part 3','TOP_LEVEL_ASSEMBLY_PART')
);
#5908=(
GEOMETRIC_REPRESENTATION_CONTEXT(3)
GLOBAL_UNCERTAINTY_ASSIGNED_CONTEXT((#5910))
GLOBAL_UNIT_ASSIGNED_CONTEXT((#5916,#5914,#5912))
REPRESENTATION_CONTEXT('Part 5','TOP_LEVEL_ASSEMBLY_PART')
);
#5909=UNCERTAINTY_MEASURE_WITH_UNIT(LENGTH_MEASURE(2.56079361576757E-5),
#5915,'DISTANCE_ACCURACY_VALUE','Maximum Tolerance applied to model');
#5910=UNCERTAINTY_MEASURE_WITH_UNIT(LENGTH_MEASURE(2.E-5),#5916,
'DISTANCE_ACCURACY_VALUE','Maximum Tolerance applied to model');
#5911=(
NAMED_UNIT(*)
SI_UNIT($,.STERADIAN.)
SOLID_ANGLE_UNIT()
);
#5912=(
NAMED_UNIT(*)
SI_UNIT($,.STERADIAN.)
SOLID_ANGLE_UNIT()
);
#5913=(
NAMED_UNIT(*)
PLANE_ANGLE_UNIT()
SI_UNIT($,.RADIAN.)
);
#5914=(
NAMED_UNIT(*)
PLANE_ANGLE_UNIT()
SI_UNIT($,.RADIAN.)
);
#5915=(
LENGTH_UNIT()
NAMED_UNIT(*)
SI_UNIT($,.METRE.)
);
#5916=(
LENGTH_UNIT()
NAMED_UNIT(*)
SI_UNIT($,.METRE.)
);
#5917=PRODUCT_DEFINITION_SHAPE('','',#5919);
#5918=PRODUCT_DEFINITION_SHAPE('','',#5920);
#5919=PRODUCT_DEFINITION('','',#5923,#5921);
#5920=PRODUCT_DEFINITION('','',#5924,#5922);
#5921=PRODUCT_DEFINITION_CONTEXT('',#5935,'design');
#5922=PRODUCT_DEFINITION_CONTEXT('',#5936,'design');
#5923=PRODUCT_DEFINITION_FORMATION_WITH_SPECIFIED_SOURCE('','',#5927,
 .NOT_KNOWN.);
#5924=PRODUCT_DEFINITION_FORMATION_WITH_SPECIFIED_SOURCE('','',#5928,
 .NOT_KNOWN.);
#5925=PRODUCT_RELATED_PRODUCT_CATEGORY('','',(#5927));
#5926=PRODUCT_RELATED_PRODUCT_CATEGORY('','',(#5928));
#5927=PRODUCT('Part 3','Part 3','Part 3',(#5931));
#5928=PRODUCT('Part 5','Part 5','Part 5',(#5932));
#5929=PRODUCT_CATEGORY('','');
#5930=PRODUCT_CATEGORY('','');
#5931=PRODUCT_CONTEXT('',#5935,'mechanical');
#5932=PRODUCT_CONTEXT('',#5936,'mechanical');
#5933=APPLICATION_PROTOCOL_DEFINITION('international standard',
'ap242_managed_model_based_3d_engineering',2020,#5935);
#5934=APPLICATION_PROTOCOL_DEFINITION('international standard',
'ap242_managed_model_based_3d_engineering',2020,#5936);
#5935=APPLICATION_CONTEXT('managed model based 3d engineering');
#5936=APPLICATION_CONTEXT('managed model based 3d engineering');
ENDSEC;
END-ISO-10303-21;
